# Resource object code (Python 3)
# Created by: object code
# Created by: The Resource Compiler for Qt version 6.10.0
# WARNING! All changes made in this file will be lost!

from PyQt6 import QtCore

qt_resource_data = b"\
\x00\x03\xa8@\
\x89\
PNG\x0d\x0a\x1a\x0a\x00\x00\x00\x0dIHDR\x00\
\x00\x02\x00\x00\x00\x02\x00\x08\x06\x00\x00\x00\xf4x\xd4\xfa\
\x00\x00 \x00IDATx^\xec}\x07`\x5cg\
\x95\xf5U\xef\xbd\xf7bK\xb2l\xb9\xf7\x96\xd8iN\
O \x0e)\x90\x00!t\x02d\x97\xb2\xec.,K\
~J\x80\xa5\x93P\x02\xa4\x10 \x95\x14\xd2\x13\x97\xb8\
\xf7\x22\x17Y\x96mu\xabY\xbd\xd7\xff\x9c\xef{o\
4\x92G\xd2H\x9aQq\xe6\x05\xe3\xa2\x99\xf7\xbew\
\xbfr\xdb\xb9\xe7\xba\xf5\x9c\x7f\xadO\x9ct\xf5\xf5\xf5\
JWo\xafl\xdbuL~\xfc\xebge\xeb\xcec\
\xd2\xd3\xd3'\xbd}}\xe2\xee\xee&\xc9\x11\xc1r\xd7\
\xf2,\xb9&3^\xfa\xfa\xdc\xc4\xd3\xcdM\x84\xbf\x5c\
\x97\xc3%\xd0\x07\x99{@\xb4u\xad\xed\xf2\xcf#g\
\xe5\x89\xddy\x98\x07\x81\xdc\xf5\xf4\xfby{\xc9\xdc\xe4\
\x18\xb9uq\xb6\xb8an\xf8\xcf\xe6L\xf03nV\
\xf3\xd2'}\x12\xe1\xe3-\xe9!\xde\xe2\xe3\xe5\x89o\
\xf7/!~\xce\xbc\xa7\xc3_\xc2u\xc3\xe9)\x01\xae\
\x1dc\x9daiIyS\xbb\x944wJg\x0f\xfe\
\xd9\x0dk\x0b\xcb\xa7\x17\x9f\xe1z\xe3\x9fO\x95\xd7\xc8\
\xa6\xe3g\xa5\xac\xaeIzp~p}\x99\xcb\xcfM\
\xdceez\x9c\xdc\xb3,S\xb2c\xc3\xf4\xba4~\
\xa8\xd6\xeb\xb4]\x7f\x1c=\xde\x13\xff\xdf\x83\x8d\xb9\xa7\
\xa8B\x1e\xd9rTJ\xea\x9a\xd5~2w\x18\xf7\xe9\
\xe2\xf4\x04\xd90/C<<(\xaf\x81\xe7e__\
\x8f\xcc\x08\xf5\x97\xd8\x00o%\x1b%[|\xbb\x0f\x82\
ww\xdaI?q\xcb\x92\xaf\xcbw\xe2:*\xado\
\x91\x9f\xbesP\x0e\x96TI/\x0f3\x5c\xd4+q\
\xb1\xe1\xf2\xf5/l\x94{?r\xa5\x84\x04\xf9sQ\
\xf4\x0f\x90_\x1e$\xb3\x89\x1b\xfd\xd4{\x92\x9b\xe3\x0d\
\x00N\x84\xa1\x04 \xecC\xb9g\xe4\xff\x1e}Q^\
}k\x8f\xb4\xb6ur)b\xe1zHJl\x84\xdc\
\xbe<[\xaeJ\x89\x10o\xb5\xf9\xad\x172>E\x05\
\xe42\x06\x1c\xb6bx\x88\xd44\xb7\xcbk\xc7\xce\xc9\
\xb3\x07NKsG\x97\xe5\xde\xfe>^2/9V\
\xd6\xcfN\x97`?\x1fu\xe0\x5c,{}@\x05z\
c\x83\xf9{K\xa4\xbf\x0f\x8ebs/\xf1\xe0r\x19\
n\x0e\x9b\xacK\xfcF<\x03j[\xbb\xa5\x0cF@\
sw\x8f\xda\xeb\xe6\xc1\xcee\xe4\x86s\xa3\xa6\xb1M\
\x0e\x9e+\x97\xa3\xc5\x15R\xd7\xd2\xae\x0c\x01\xae1~\
\xd7\xdb\xd3]2\xa2C\xe5\xa6\xb9i\xb2vf\xbc\x84\
\xf8\xfa@\xc9\xe9K\x9f\x1b\xd3[\x80\x1c~'\xe4r\
\xa8\xb4Z\xfe\xb6/_r\xcbj\xa4\x1b\xefO'\x89\
\xef\xe6\x0b\xa3{~J\x9c\x5c\x96\x9d*a\x01\xbe\x16\
c\x9d{\x96\xce\x95\xa7[\xaf$\x07\xfb)#\xc0\xdd\
\xcd\xdd\x90\xda\xf4\x96\xc9\xe0\xd1+\x87\x06\xca\xfe\xdc\x85\
&\xf9\xcb\xce\x93\xb2\xfb\xdcyi\xeb\xc4\x99\xa6\xd6\x8f\
\x9b\xa4\xc2\x99y\xe0\xfe[\xe4\xa3\xb7\xad\x97\x88\xd0\xa0\
K\xeb\xe5\x1d\xf86N1\x00\x94\xb1\x8fI8y\xba\
D~\xf5\x87\x97\xe4\xd9W\xb6ISs\xab\xb2\xd2<\
<\xdceFJ\xac\xdc\xb5f\x9e\xac\x8b\x0d\x11\x8fn\
N\x9a\xb2\xfd\xad^\x8b^\x016\xfb4\xdf\xc8\x0e\x9c\
\xa7q\xdd\x8a\x07j}k\x87\xbcq\xacD^<\x5c\
 UM-\xca\xfb\xe7\xe5\xeb\xe5%s\x92\xa2\xe5\x8a\
\xd9i8L\xfc\xf5,X\xe4\xae\x95>\xe7\xd3\x0b\x9b\
-&\xc0S\xa2\xf1\xcb\xcf\xc3\xcb8d\xb5\xb1\xa7\xdc\
\x13\xd7\x5c\x8dk\x8e>(_6\x15=\xd7Tkw\
\xb7\x946uJm{\x8fR\x5cz\x11io\x97\xbf\
\xdaq\xa0\x17V\xd5\xc9\x9e3\xa5RX]/]P\
\x8a\xea\x80\xc7\xcf\x18\xcd\x8a\x0c\xf4\x93\xf5Y\x89r#\
\x0c\x81\xc4\xb0\xa0!\x0c\xd7\xe9)Y*\xb8\xce\x9e\x1e\
\xc9\xaf\xac\x93\x7f\xec?-\xdb\x0a\xca-\xf2\xa1\x82\xf3\
\x83\x1103&\x5c\xae\x99?S\xa2\x83\x83\x06\x18H\
\x94\x9d\x17>\x93\x10\xe4%\xf1\x81>\xe2\x01\x89\xf5\xc2\
Z\xa7\xf3;\xed/\xab\xb3\xc6p5%\xaf\xa2N\xfe\
\xba\xf7\x94\xec+\xaa\x84\x11\xd0\xa3\xce&F\x02f\xa4\
\xc6\xc9\xe7>q\xa3\xdc\xf5\xe1u\x12\x15\x1e\xac\xacC\
\x97S9p\x058\xd6\x00P+\x8cV\xbaH1\xc2\
x\xbf\xfc\xfdK\xf2\xf8\xdf\xdf\x82\xf2o\x83\xf2\xd7\x96\
Y\x02\x16\xed\x1d\xeb\x16\xcaMY\x09\x22\x8d\x8d\xe2\x06\
\x83\xc0\xcd\xb2\xf9\x8d\x9d\xefR&\x0e\xdb\xa7\x9c\x8d\xb6\
\xaeny\xfbd\x09,\xe5\x13\xca\x10\xe81\xc2\xb1>\
^\x1e\x92\x9d\x18-7-\xcc\x16\x7fo\x86\xf2\xf5\x1c\
\xe9\x10\xbe6\xca\xf8\xe7`o\x91\xf4P_x\xff\x9e\
:Hi\xd9H\xda#q\x85\xfc\x1d6]\x97\xf4\x8d\
\x06\xa7\x87\xb8\xca\xba{{\xa4\xac\xa9C*[z\xa4\
\xdb\xca\x08\xa0 \xb4\xbe\xea\x93fD\x0e\xf7\x14\x94\xca\
\xbe\xb3e\xd2\xd4\xdea\xf9\x09#\x02\xfe>\x9e*%\
p\xe7\xe2L\xc9BT\x80\xe1s\xa6\xb0\xa6\xfb\xa5\xf6\
\x14\xf7\x22\x0e\xce\x8a\xc6V\xa4\xecN\xca\x1b\xc7\x8b,\
\xfb\x93o\xe8\xe9\xee.\x91A\x01r\xfb\xca\xb9\x92\x18\
N#\xc0Z\xc3#\xcd\x0a\xef?)\xc8S\x12\x02\xfc\
\xa0\x10\x91z5R\x02\x16#\xcc\xd8\xe5\xd3KV\x17\
{\x1b\x94\xd5\x11DI\xfe\x84\xf3\xed\x18~Wk\x00\
\xef\xea\x0e\xf9d\xcdH\x90\xaf|\xee\xc3\xf2\x91[\xd6\
J\x10\xa2\x9b\xda\x80\x9c\xfe\xeb\xc3Qs6F\x03`\
(\x97O{\x8bu\x8d-\xf2\xd7\xe77\xc9#\x7f~\
U\xce\x14\x9e\xd79,\xfc{\x98\xbf\xaf\x5c\x93\x93*\
w,\xcb\x92H?o,n\x9d\xf3\xb2u\xd9\x0eC\
;\xea\xb5?8\xf7\xa9o\xeb\x907O\x14\xc9s\x08\
\xfb_@(\xd5T\xd6\xbe\xc8%\xce\x8a\x8b\x94\xf5s\
\xd2%*(P\xf9]\xe6\x5c\x98aTo\xb8Y\xd1\
~^\xf0\xfc\xbd\xc4\x17aW7\x1c(.e\xff\xc1\
Y;\x8ezS[\x8a\xdfz\xdf3\xbc]\x81t@\
%\xd2\x02\x1d=\xccXk\xa3R{k\xfa\xaciA\
4 \xaf\xacJ\xf6\x9f-\x076\xa0QG\x03\x94\xc1\
*\x12\x88\x14\xd6\xd2\x94\x18\xb9m\xe1L\xc9\x89\x8fP\
\xde\x9fa\xe3:\xea\x15\x9c~\x9f\x8b\xb13\xe6\xbb\x03\
\x13\x00,UEC\x8b<w\xb0@\xde9Y,-\
H\xdf\xa9\xb4\x09F\xe5\x81=\x1a\x17\x1a\x0cL\xc0L\
I\x8f\xc1\xbb\xf7\x7fM\x8d\xd9\x13\x7f\x8f\xc6\xfeM\x08\
\xf4\x16o8[#\x87\xea\xa6z8\x8f/\xc8\x84\x8f\
\x8e\x10+\x9f\x13\xc2\xa0S\xb3\xb7\xb0B\xfe\x81s\xee\
xy\xadJ\xa1P\xa6\x1e0\x02\xe6\xe7\xa4\xc3\x08\xf8\
\x90\xdcz\xfd*8:\x88^:}6\xa7\xcf\x03\x1c\
h\x00h%O\xe9\xbe\xf6\xde~\xf9\xbf\xdf>/{\
\x0e\x9c\x92\xce.,V\xfcs\x106\xe9\xba\xccD\xb9\
sI\xa6$\x86\x06j+\xcc5\x13NY)\x9c\x07\
\x1e\x04\x04\xfc\xbd\x93W\x22/\x1f%\xa0\xaaY\x87Y\
\xf1?o\x84\x0f3\x80\xc1\xb8\x1c9\xc4\xf8\xb0`\xe4\
\xf2\x07\xce\x85\x076N\xa8\x8f\x87R\xfc\xc1\xf0\xfa\x99\
ks].\x098K\x02<\x0b\xba\xa1\xe4\xea\xda\xbb\
\xe4<q\x01\x9d\xbd\x96\x9c\xbe\xf9L\x9e!\x0c\x89\x9f\
\x070\xf0\x10\xb0\x01'`\x0c4\xb7wZRV~\
X\xa7\xb3b\xc2\xe4\xa6yi\xb2\x06^\x9f/\xa2[\
\xda\x08\xd0\x87\xd2t\x06\xa7\xf2\x0dza$1u\xf7\
\xd6\x89\x12y\xe1P\x814BV|A*A*\xb9\
x\xe4\xb9\xd7e\xa7INR\x8cR\x86\xca\x0e0\x14\
$~,!\xde\x1e\xca\x08\x08\x82\x9c\xdc-)\xd7\xfe\
\x88A\xbf\xdd0\xd9\x06\x80vEF}\xe2\xe0\x9d\xbb\
\xe1P\xee-\xac\x94\xe7\x0e\x9d\x96c\xe5\x17\xa0{t\
\xca\xc8\xd3\xd3C\xe6\x01\xdf\xf4\xc5\xfbo\x96\x0f\xdd\xb0\
\x0a\x91\x00\xdf\x81\xf7\xff\x00\x03\x03\xc7h\x00\x5c|\x14\
(\xcf\x10^\xe2\xfeC\xf9\xf2\x93\xdf</o\xbe\xb7\
O\x81\xfex\xf9`\x02V\xa6\xc7\xca\xc7\x96g\xca\x8c\
\xc8\x10\x15\x9ari\x7fg\x1d\xa7Z\xb2\x0c\xfb\xbf\x0b\
\xe5\xff\xcc\x81|)\x07Z\xb6\x0b\x9e\x15//\x000\
\xd3\xa3\x91;\x84\xc7\x10\x03C\x8c\xde\x92\x99\x1b$\xc8\
\x08\xe7\xa6$\xe2\xa0\x88\xf4\xf7\xc4\x9f\xdd\xb5q\xa0\x8c\
lW\xfe\xccy3\xe6\xba3%@\x03\xb5\x15\x876\
S\x02\xb5\x1d=Pd\x17\x9f\x12\x04\x03\xd6\xc3\xb0%\
@\xf0\x00~5\xe2\xcfJea\x99zcm\xa7F\
\x04\xc9-\xf3\xd3\xe5\xea\xec\x14\xe5\xf1^J9_\x1a\
\x01\x8d\xf0\xfe\xf7\x9c\xabP\xe1\xeeJ\xa4\x06\xcc\x88\x1c\
\x8d\x00\x02\x02\xaf\xc6\xbe\x9e\x97\x14k\x00\x06MoY\
;\x04\xbe\x90O\x22p\x01\x11\x88\xeai#\xc0\xda\xbc\
2\xff<j\xd5\xeb\xb8\xc5\xcb\x14\x86\xe1\x8b\xf4\x99\x95\
#\xa3Atb\xfd\xb4\xc3\xf3\xdfu\xf6<\x8c\x803\
\xc0\x06\xd4\xa2\xeaL\xe5\x9e\x95\xd3\xb3lQ\xa6|\xf9\
\xb3\xb7\xcauW.S:\x89\x86\x91\x094\x9b\xce\x06\
\xe2x&\xc0!\x06\x00m6n\xc2s%\x95\xf2\xf0\
\xaf\x9e\x95g\xfe\xb9UZ\xb01yqaf\xa3,\
\xe3\x8e%\x19\xb2\x22-\x16`2\xaa\x14\x97\xf7?\x9e\
I\x1b\xe9\xbbD\xc3n:U\xaa\xd0\xfe%\xf5,\xa5\
\xd2\xd1\x19\x96\xece`..\x87\xa7\x90@P\x8c\x95\
\xa5\xcd\x03\x22\x98^B\x90\xb7\xf2\xfa\x07\x1e\x10\xd6\xd8\
\x80\x91\x9e\xee\xfa\xb9K\x02c\x97\x00\xcf\x91\x0e\x1c\xe2\
\x15\xad]Rc\xa4\x04\x06\xdf\x8d\xa7M\x13\xb0,\x87\
\x90^$.\xa0\xb6\xa5\xcd0Pu^<\x19\xf9\xf0\
[\x16\xcc\x90\xebg\xc3\x08\x80S\xa2\xafITlc\
\x17\xc7E\xdf\xa4|Z\xb1\xbfw\x9f\xa9\x90'\xf7\xe6\
I\xd1\x85F\x03@\xa9\x81o\xe1\x00F\xb2DpV\
|\x14\x80\x92\x80\xff\xa9\xd76\xbd\xfa>\x18\x01\xa2\x80\
\x81\x91\xfe^\xea,\xb6}\x0d\xca#8p\xfcC\xde\
\xca\x88N\x0e6\xd8T\x84\x9f1\x01;\x0c\x01s\xd4\
<\xff6\xe7\x97\xa9H\xc9\xd9\x9a\x06\x0b& \x00)\
\xe8\x0d\xeb\x17\xc9\x83\x9f\xff\x90,_\x84rg\x95\xeb\
\xd4\xc6\xe3\x07\x15q\xee\x18\x03\x80\xe1;\xe4\xfd\x9fz\
n\x93<\xfa\xf8kR\x80Mi^\x09\xf02?4\
\x7f\x86\x5c=;\x19\xe5:@\x93\x19\x139Y\xdb\xf1\
R\xb6\xf4\xcc\xc3a\xd7\x99\xf3@\xfb\xc3\x02\xae\x84\x05\
\xac\x8a\xfdi\x01{\xc8\x0c\x000Wg&KjT\
\xa8\x02\xc8h\x94\x15\xbc~\xfc1\x12'C\x0c\xca\x86\
\x02\x0c0\xe0D\xecy\xd73\x5c\x12\xb0VO\xd6\xe5\
$\x9d\xf0v\xeb\xda\xbb\xa5\xba\xa5K\x9a\x10\x15\xb0T\
\x09\x18\x07\x07=_\xa6\x00\xf2\x006\xde\x8f\xf3\xa6\xbc\
\xb6I\x95\xca\xf1\x1e\x8c\x5c\xf1\xdc\xd9\x803g\xc3\x9c\
d\x89\x0a\xf4\x9fv\x98\x00\xeb\x9518(\xaf\xf69\
\x22\x01\xfb\xc0\x15\xf0\xf4\xde|9\x85J\x01\xf3\x22\x00\
\x92\xe9\x80\xf5\xb3g\xc8\xec\x84\xa8\x8bK\x22\xf1e/\
\x18EQ\xd8\xef,\x13d\xaad\xb2\xce\xe2\xfew\xd4\
\xa9I[\x81\x7f\xe5Z\xda\xa1\xfc\x07\xdc\x0b\x7fiF\
\x8ad\xf3\xe92y\xe9\xc8\x199W\x0d#\xc0\x88`\
F \xe5\xf9!`\x01\x1e@:`6\xce\xc2~\xec\
\xd3\xe4Ka2N\x83q\x18\x00\xda\xdebX\xaa\x07\
\x7f|w\xeb!\xf9\xf9\xa3/\xc8\xce}'\xa5\x1d\x1b\
\x93W\x10\xc8b\xae\x03\xe8o\xe3\xc2\x19\x00\x9a\xf9[\
y\x95\xd6Kz\xb2sN\x93!v\xe7<\x93\xe1\xd1\
\x03 \xc5\xa0\xe7\x7f\xb4\xb4F\xda\x99\x03\xc3\xc5(L\
zt\x98\xac\x9b\x93&I\x11!P\xf8p\x03\x8c\x8b\
@\xbfx\x1c\x04\x91~\x9e:d\xaal\x02\xbd\x19.\
ec\xc993\xe0\xba\xeb\xf8$`u\x16\xe0\x8f<\
\xb4\x99\x12\xa8D4\xe0\x02\x8c\x01\xe6x\x07+\xc6\xf6\
\xcen9[U\xabJ\x05\xcf\xe1w\x1d\xedB-<\
\xd6|lH\x80\x5c9+Qn\x99\x97\xaeJ\x06\xad\
\xd7\xf4tKi\x99\xc0\x5c\xf3\xfd\xa9\xb8\xda\x91\xe6;\
\x85\x12\xb8?n?.\xb9\xc8y\x9bQs\xee\xf7\xe8\
\xe0@\x18\x01i2'1R\xa7\x5c\x07)Q\x96\xf5\
\xd2\xe8\x8f\x0f\xf2Ad\x10F\x80\xa5\x02c|38\
\xa6o\x1b\xa8}[\xdf5|\x14\xbbok\xad\xd0\x99\
*z\xfbD\xa1\xbcr\xe4\x1c\x22\xa1-J\x06\x8c\x92\
D\xe1\x0c\xbc\xfd\xe6\xb5\xf2\xc0\xa7o\x91t\x94\xa43\
\x05\xfaA=\xeb\xc6l\x00\xa8\xec\x12\xad*\x08\xb4\x08\
\x80\x9c\x1f\xfd\xea9y\xf6\xa5\xf7\xa5\x01\x91\x00^^\
P,\x97g&\xc8]KgI:\x18\xff\xb8\xfe\xc6\
\x00\xed\xb0{\xe2\xed\xfb\xa0\xb64u\xce\xf0\xd2\xb2\xf8\
\x18\xc2\xcf\xaf\xaa\x97\xbf\x838d\xfb\x99ru8p\
O[\x94?\x0e\x83dx\xfe\x1e\x8a\x18D\x1bo~\
\xf0\x04\xe2\x91\xef\x8fB8\x90\xc0?\xd7\xe5\x92\xc0T\
\x90\x80\xf5a\xcc\x03\xbd\x13`\x80\xaaVV\x09t!\
=0\xd8\x08\xc0\xcf\x912(\x82\x97\xb7\xf3t\xb1\x14\
T\x5c0j\xe2\x19\x12w\x97\x98`\x7f\xb9zV\x92\
\xdc\xbe8C\x82\x19\x81\x9cn\x86\xed\xa0h\xbcyn\
\x99\xb9\xff\x0ep)\x9c8_+\x8f\xbe\x9f\x8bH@\
\xbd\xda\xd7\xbc\x98\xc2\x0bG\xe4\xe3\x8a\x9c\x192\x07\x91\
\x00\x95zU\xd5\x11\xfd7\xf4\xc4\xdfc\x01\xf4\xe5\x19\
@\xe3\x7f\xa2+'\x14H\xd1 x\x1a*E\xa3>\
c)M\xb6su\x1av\xa4\xbb\x97\xb74\xba\xfb\xaa\
(\xc0\x8b;\x0eIM=\xca\xcei\x04\xe0W\x22d\
\xf2\xc9\xbb\xaf\x91O\xdf{\x9d\xc4 \x1d:\xf9\xba\xc9\
\xcews\xf0\xc7\xc6l\x00p\x1c\x94ss[\xbb<\
\xf6\xd4\x9b*\xf4\x7f\x0e!)\xd2\xffR\xe9\xccF\xae\
\xf9\xce\xa5\x99*\xef\xcf\xbfO\xb6z\xa1\xb1ROP\
\x22~\x0f\xf2E\xfe\x8b<\x9a\xd3\xee\xea\x07\xf5\x0c\xde\
0\xa5@\xf9\x93\xe4\xe7\x1d\xd4\xfb7\x22\x02\xa3\xbc \
ljz\xfc\xab3S$\x1b\x0b\xde\xcc\xebs\x13\xf8\
C\xf9s\xf3\xd3\xf3\xa7\xb7\xa4/W4f\xda-\x89\
\x0f\xc8\x80Y\x1eX\xd3\xd6%UH\x09\xb4v\x9b\xbc\
\x7f\xfdk\x96 \xd7\x92\x0b\xf5\xb2\xefL\x99\x9c:_\
\xad\x0d`\xfc\x98\x86m4\xa2\x8f$\x0c\xba\x19\x91\x80\
\xf8\x90A\xd4\xb0\xd3P~Z!\xeaR8^4\x80\
\x88~'W\x00\x8d\x00\x12\x7f\xe9J \x94\x08\x82 \
i\xf9\xcc$\x00\x03\xa3\xc5\xc7\x1b\xa5\xd7F\x85\x80\xf9\
\xdat\xd4\x12\x02\xbd$\x1a\xcc\x9e\x8c\x0aL\xe85D\
\xde\xdfz\x0c\xb6S\x00C\x9fS\x0a\x0c\x1a\x18\x22\xa1\
\xc93$4)]\xbcC#$\x1f\xeb\xe1\x0f\x7f\x7f\
A^x\xfd\x1d8\xa8MJ6^\xc8{\xce\x85S\
\xf4\xc5O\xdd\x84h\xc0e\xe0\x93\x00u\xf2\x84\xbe\xfc\
\xd4x\xd8\x98\x0d\x00.$*\xd5\xb7\xb6\x1e\x90\x1f\xff\
\xea\x05\x94\xfc\xe5\xa16\xb7[)\x11n8\x22q\x19\
\xfe\x0f\x07\xf0b\xe2\x05;\xd0lf\x19[n\xd9\x05\
\x00\xe3J\x14:\xfe\x86\xb9\xa9\xaadHW#L\x9f\
\xcbR\xf7:h\xc85 Zz\xfdX!~\x15\x81\
4\x84,\x7f$\x01\x81u\x1f\x12(+2\x92Ti\
\x90\x1f\xca0\xcd\x9c\x7f\x80\x97\x0e\xfb\x87+\xe5OY\
M\xfc\x0cM\x1f\xa9\xbbF:\xb9\x12\xe8\x0f\xea\xb2\xaf\
H\x03R\x01\x950\x02\x1a\xc1\xf8\xd6\xaf\x02\xf5\x08i\
\x04\x94\xa3L\x90\x98\x80\xe3\xa5\x15`\x85\xe3yD`\
 \xc2\xddH\x01\x906\x98\xe7R2<\xbe\xc1<\x03\
\x93\xfb\x8e\xe3\x7f:\xcf5R\x06\xff\x19\xd5\x01'\x81\
~\xe7\x9e\xd6\xa9\x107\x89\x08\x0e\x90\x1c\x10~-I\
O\x92P(\xfa\xc1\xe7\x08\x9d\x81$\x80\x7f\xc3p\x1e\
0B8!\x97\x1d\xca_\xc3\xff\xf8*\xfd\xe7\x93\x1e\
\xbbm\x03\x80\xa4I\xfe\xe1\x91\x123g\x91\x84\xa7g\
\x89oP\x88\xb8yz)P\xe9\x91\xe3'\xe5\xd1'\
\xfe./\xbd\xb5I\x9aZt\x94:\x00\xb2X\xb5t\
\xb6|\xf5\xb3\x1f\x92k\x01\x0e$/\x8d\x22_\xfa\x00\
U<\x8d\xc9\x00\xd0\xcd)\xfa\xa4\x10\xa1\xff\x9f\xa2\xe4\
\xef\xf9WwH-6\x9e\x9a+\xfc\xb7\x1e,\x7fw\
\xc3\xfbO\x8f\x02\xd5\xefD-(\xabU\xdb\x9f/\xd3\
|\xd1y\x15\xf5\xaa\xf9\xcd\xd1\xb2j\xb5\x96\xbe\xb4n\
\xbe\xac\xcbHPeC\x03\x03\x8a\x13\xb2\xf4\xc7\xf5\x90\
\x01K\x1f/\xca\xc5\xbd)\xbfT#^\xab\x1b5\xe8\
\x0f\xef\x18\x84p\xe7\xb2\x19\x89\xca\x00\xb0\xb6n\xfda\
\xf9&!\xe4\x17\x86R \x1e\x0e\x83\xc3~\xa3\x0e\xb7\
\x8d\xebm\x5c_vI`t\x12\xe0\xfan\x01.\xa0\
\xa2\x85\x14\xc2\xc0\x05\xe8\xe5n\xb9\x08\x04\xaclh\x96\
\xdd\xa0!\xa7!`^\x8cBF\x04\xe0\xc0\x9f\x11/\
\xf7.\x9f%1pR\xf8\xd9\xe9\x9b\x0a\xd4'\x97I\
\x99\xce3\x99\x06P>\x22\x00\xbf}\xff\xa8\x9cDZ\
\x80\x9f\xd0\x9c\xf9\xee8\x03\xbc\x14\xf7\xc7e\xb3\xd2$\
\x0a\x06\x81\xb5\xb3\xcf3\x91x\x80\xc4 _\xf1g\x1d\
\xf0D\x5c\x88`\xb0\xb1\xd3p\x17\x5cLC\xf9\xeb\x19\
\x1eN1\xf7\x81Q\xd278T\x12\x96\xac\x95\xc8\x99\
\xd9\xe2\xe5\x0bZs#\xb2I9t\xa02`\xfb\xbe\
\x83\xf2\xcb\xc7\x9e\x94w\xb7\xef\x06G@\xb7\x8a\x94\x04\
\x82%\xf1\x9au\x8b\xe4?\xbez\x87,@\xba\x04\x07\
\xe8Ekb\x8c\xcc\x04\x13!\xc5q?c\xd4\x06\x80\
f\xf5\x83\xe2\x81\x00\x9fyy+\xe8~_\x96\x13\xf9\
\xc5\xaa\xde\x92\xd34\x13t\x9c\x1f\x85\xf2_\x8d\x8d\xe6\
\x8dZ\xcb\xc9\xbc\xe8\x09\x170/\xbe?_\xd5\xcer\
\x83,N\x89\x96O\xae\x9c-\x99\x18\xe7t\xdc\xfc\x03\
6\x01\xdeo\x7fq5\xb8\xc2\xf3\xe5\x08\x1a\x87t\x80\
(\x85W\x00B}\xf3\x01nY\x05\x94kD`\x00\
\xb7\x8e2|t\xd8_\xe7\xfcm)\xff\xc9\x9c+\xd7\
\xb3]\x12\xb0W\x024Z\x09\x0edJ\x80F@\x1b\
R\x02\x86:Tk\x9d`X\x1a\x01\x04\x06\x1eCi\
2#\x01\x1a\x0fC6R\x1f\xb9<#Q>\x0c`\
r\x12*\x05\xd4Em8\xdd<\x81\x8b\x84\xa5_\x80\
\x85\x10\xaa:\x00X\xa0\xe3\x00\x06Z7\x11b\xed;\
\xcb\x03\x97\xc21H\x0a\x0f\x01AN\x7fj\xd6\x17\xa9\
\x80\xe4`\x1fD\x05'\x02\x0fD \x16\xe9~\x863\
\x00Hr\xc4w\x1a\xf4\x19\xe5\x01\x0d\x8c\x00\xf0\x1c\xf7\
\x0d\x0d\x97\xb8y\xcb$*s\x8ex\xf91\xcd\xc3\xcb\
*r\x80\xbf\xd5!\xfc\xff\xd2\xdb\x9b\xe4\xd7\x7f\xfa\xab\
\xe4\xe6\xe5[8\x14\xa2\xc0Ms\xe7\x87\xd6\x81-\xf0\
VI\x06;\xaa\x8e\x89~0\xa2\xa2c2\x00\xb8a\
rO\x16\xca\x8f~\xf9\x8c\xbc\x01\xd6?r\xfds\x07\
E\x80\x88\xe2\xb6\x85\x19rCN\x0aBM\xbe\xf6\xee\
g\x87~\xce\x5c\x1a\xda\xf3\xaf\x93\xe7\xc1\x0a\xb5\xf3l\
\x85*\x9b\x99\x0b\x9a\xd0\x8d\x8bf\xcabt\x8a\x22\xf7\
\xfd\xb4\xdc\xf3Vk\x9fD\x17\xa4\x07\xdd\x85NX,\
{\xa1\x92g\xad\x7fv\x5c\x94R\xfe\x89\x00_\x9a\x9b\
\x80\x80\xbfX\xe4\xfa\xa2\xb0\xc1m\xd5\xff\xba\xb2\xff\x0e\
]\x86\xae\x9b9Y\x02T\xe8d\x06d*\x80\x15\x02\
\x8d \x0e\xea\xb2T\x090=)R\x85t\x18\xa3\x00\
G\x8b\xb0?:X\x99\xa4U\x0e\xc3\xe0+\xd0?\xe0\
\x16\xb0\x06\xce\x8a\x0d\xa5y<\xad\x0e|k'``\
\xc4N\xefbb\x02\x8e\x9f\xbf \xaf\xe6\x9e\x83\xe3S\
\x09\x1a\xe5Ne\x18\xf0gD\xfc'\x03\x174\x1f\xdd\
?\xb3`\x0c\x04\x9a\xc0H\xfc4\x0e\xe7\x83\xaa\x0a\xa0\
\xa5\xe4\xb4\xc3\xd1T\xfe\xc3\xa7\x1e\x07{\xff\x03\x97\x93\
\xd5i\x85\x85\xe0\x07\xe5\x1f;o)\x94\x7f\x8ex\x07\
\x0c\xd1\xf9\x0f_\xa1CXRY%O>\xf7\xb2<\
\xf6\xf43RZQ\xad\x8eG6\xa8\xcb\x04{\xe4\xe7\
\xef\xbbQ\xee\xd9x\x85\x04\xaa\xb4\xb5\xcb\x00\xb0\xb9\x85\
U\x97*,\xb0\x9f=\xf2\x82\xfc\xf1\xafoJ\x09\xea\
p\xf9o\xac\xbd]3#\x0e\xa8\xff,\xc9\x8c\x09\x9d\
<\x1b\x8a!/X\xb3e(\xfb\xf8\xcb\xae\x13h\x13\
Y!\x8d\x00\xff\x91~\xf8n\xf4 X\x8d\x8d\xcf\xa6\
\x10\xd3yz9\xf6\x92\xfafy\x1e\xca\x7fK~\x89\
j\xf0\xc3-\xc1P_jd\xa8\x02\xfd\xcdD\xb8\x8f\
s\xc2\x7f\xf7\x81<\x08\xf8c\x9d\xff\xd0\xe4\x1fN>\
\xb1]\xb7wI\xc0\x09\x12`\xa9`[W/\x22\x01\
]R\x8d\x88\x00\xa3\x01\xda\x7fsC\x19a\x8fT\x83\
>\xf7\x00\xfa\x07\xecE4@Q\xc3\xd2\x08\xc0\x06\x0a\
A/\x92\xc5\xc9\xd1r\x07\xaa\x03r`0w\xf6\x22\
$<\xcd\x22\x01\xb6\x94\xbf.\x05\xd4\xe9\x80\xd2\xba\x16\
y\x13\x0d\x84\xde\xce+\x02-x\x87\xea\xc6\xca\x83\x8f\
\x00hb\x22r\xc0\x18\xb8(-\x0e\xb2\x80\xc2c\xd5\
\x000\x00)\x88\x02\x04Xh\x94\x1d3a\x03\xa3\x96\
\x0c\xb1\xd3_\xd4,\x8d\xb6z\x8bh\xe0\xdf@\x0f~\
\xa8\x91\xb0?I\xfc\xa2\x95\x12\x97\xb3D|\x82\x91\xf3\
\xb7Q\xcdd\x1d4`)\xe9\xb1C\x07\xe5\x91\xdf\xff\
Q\x9e\xd9\xb2\x07\xb4\xd3\xc4\x89\xa0\xbb\x22\xd6\xc3\xca%\
\xb3\xe4k_\xda(\xd7\x5c\xb1T\xfa\xf8\xef\xc4\x1bL\
kM1\xf2\xfc\xd9\x11\x010MA=Y\xdc^\x9b\
\xb7\x1f\x96\xef\xfd\xf4o\xb2\xf7\xd0)\xe9V|\xcb\x08\
\x1f\x81}\x8b<\xff,\xfd\xd3d2\xce\x17\x1d\xc7\xa3\
\xba]\x0f\xd0\xe6}r\x1e\x8d3\x9eF{\xc8\xf7O\
\x83*\x14\x88\xf8PL\xee\x1d\xe8\x16v\x0d\x88A\xc2\
\x11\xa5P\x0b\xcf\xe2\x1b\x8f,\xa4\xa9\xf5\x89>i@\
\x83\x1f\x82\xfe^\xcd-T4\xbf\x0c\x80R\xda\xd1\xa8\
{^93YQ\x81*\xd0\x1f\xfe\x9du\xfe1\x08\
\xf9\xc7Q\xf9\xabf \xae\xcb%\x81KG\x02JY\
0\x1a\x80\x83\xbd\x1eQ\xbej\xb0\x076\xb1\x97\x80\x01\
n\xa1\x81P\x03#\x80\x8c\x81\x87\xc1\x1c\xc8H\xa0\x0e\
,#\xff\x8b=\xb2 1J>\xb6,[2\xd1\x9a\
\x5c\x83\x82\xa7\xef\xc9\xa0gu\xa0w\x5c\xd9\xd4\x86N\
\xa0\xc5\xea\xbc @\xd8\xc4\x08\x11$\x1c\x0cG\x88F\
\xc0\x92\xf4x\x18\x04\xfeH\x0dzKj\x88\x8f\xc2\x01\
\x0c\xc6\x069b\xc5(\xbd\xafr\xff#x\xff\x06\x08\
\xcfV;x\xeb\xd9\xe19\x1e\x99\x91#\x09K\xd7H\
@8I\x8f\x86s\xeb\xf47\xa93\xaaN\xe5\xca\xdb\
/='\x8fo\xde'\xbb\xceT\x02G\xa5\x8d\x80`\
\xe0B\xae\xbbj\x89|\xe7\xeb\xf7H\x06\x0c#\xc5\x0f\
\xe0\x88\x17\x9f\xc2\xf7\x18\xd6\x00\x18\xb8\x15tX\xad\xe4\
|\x8d\xfc\xe0\xe7\x7f\x97\x17\xff\xb5C\xea\x90g\xe3\xc5\
\xdc\xd2\xd5\xa0\xdd\xdc\x88n\x5c)0\x048\x11\xce\x14\
\xdcP[\x94\xcf\xa4\xf2\x7f\x09\xcdo\xde\xc0\x82\xa7\xe7\
\xcfE~=R\x127#\xdc\x17\x0b\xf0\xcbt\xcc\xfb\
[\xaf\x1f\xb6O}\x1f\x0cW\xf4\xfeY\xf2\xd3mt\
O\x0b\x05\x98e)6\xf2\xe2\xb4x\x09\xf1\xd7\xa4'\
\x0a\xfd\x0c\xab\x9e\x88\x7f\xb5\xa9\xa7\xf0Bt\x0d\xcd%\
\x81\xf1J\x80\xca\xbe\x09)\x81\x1a\xf0\x05\xd4u\xe8\xce\
\x82<\x89h\x0c\x5chi\x95\x83\x88\x04\x1c-\xae\x94\
:\x83:\x98\x0e?qJ\x8b\x10\x09 &`\x11J\
\xe5.\xa5\x92X\xe5y#*X\x8b\x14\xedN\xf0\xe3\
\xbf\x0bC \x0f\xac\x81f\x89$\x95|\xa0\xaf\x8f*\
\x11^\x02\x85\xb7$)RRB\xfc\x8c\xae\x81\xe3\x9d\
\x8d\xc1\xdf\xc7X,\x07\xd0\xd0\xdaAE\x044i\xcc\
\xd0\x17\x7f\x8c\xcf\x84$\xa6I\xe2\xd2\xcb$8.\x09\
\x9c\x0f\xc4\x9b\x8d|\xc2u67K\xd9\xe1\x9dR\xb0\
\x7f\x87\xc2\x85=\x0b\xfc\xd4I`%L\x831\x0e}\
R>q\xd75\xaa<0\x06\xd1Tg\xea1GK\
x,\xf7\xb3#\x02\xa0oK\xc6?6Zx\xf6\xa5\
\xad\x08\xff\xbf(\xa7\x0aJ\x14\xd8\x86\x22'\xd7\xff\xc7\
\x10^_\x9a\x1a\x03c\xc0sB\x846\xd8\x08 \xa2\
\x93\x0a\xff\xd9\x03\xba\x16\xbe\xaa\xa9U\xe5\xbb\xae\x04\x09\
\xc8m\xe0\x05OA\x93\x90\xc1e\x7f\xd3\xcd\xd6\xe7\xbe\
8\x8aR\x1f\x82\xfe\x0e\x14W\xc1\x9bA\xd8\x12\xf2\x0f\
@\x1e\x8f\xa0?\xd6\xfbF\xc2\x8a\xe5\xa1\xa7r\x9d\xbe\
\xe8\x05\xae:\x80\x91\x13\xfcR_\xcacY\xfe\xae\xef\
\x5cj\x12`\x90\xbf\x03Q\xc9\x0bL\x09\x80<\xa8M\
W\x02\xaa\x03\x9e=\x03ra\x000\x1aP\xd7\xdc\xaa\
\xfe]\xd5\x8d#$>\x0f\x8cyL\x07\x90\xb7\xc4\xec\
'\x7f\xa9\xc8\x86;\xbf\x19(x\x82\x02\xd9\x1a\x9c\x9c\
\x01M\x8a+D\xbf!\xab\x84f\xc5E\xc8\x87\xe7\xa7\
\xc9\xd2\xe4(\xf1C\xcb\x5c\xf3rXU\x90\x02\xfd)\
\x89\x0f+\xd6\x91\xa9\x7f\xf9\xfd^\x09\x88\x8c\x95\xc4%\
k$<5C<\xbc}F\x9c*\xfd\xae(#-\
+\x92\xe2=[\xa5\xbe\xb4P\xea!\x83w\xd13\xe5\
94L\xab\x82\xe3\xc8\x8b\x9d\x03g\xa1r\xea\xc1\xcf\
}Xn\xbf\xe52\xf1\x03\xa6\xeaR>;G6\x00\
T\x84M\xaf\x94S\xe8\xbe\xf5\xbd\x9f<\x8dN\x7f\xfb\
\xa5\x11\x0a\x96\xff\x1e\x0cR\x1d\x12\xfe\xdc\x90\x93\xa6\x80\
\x7f\x93\xa1f\xa8\xfc[\x90\xb3\xf9':@1,^\
\x8d\xb1q\xc3/I\x8d\x95{`\x98\xb0\xe6\x7f\xb2+\
\x12F\x5c\xa1#|@E7\xd8oaO\x9e%\xb5\
\xc1Y!\x83WV|\xa4\xe2\xf8O\x8a\x00\xc7\xbf\xa1\
\xe8Uc\x1f(\x7f\x1a\x01\x83\x1b\xfb\x8cw,\xae\xef\
\xbb$0\xd5%\xd0\x09\xef\x9f)\x81\x0ap\x06\xb0\xbd\
0\xf7\x0a\xcf\x84&\xa4\xcf\x8e\x81.{'*\x97\xea\
Z\xcd&B\xe8\x95\x01# '>\x5c>\xb36G\
f\xc7\x85k\x96\xd3I9\xcd\x9c'\xd9n\x80&\xcf\
\xa2y\x10\xd3\x01\x8c\x22\xd6\xb5\x00\x17\xc0S\x1c\xc2\x09\
@:dqR\x14\x9a\xb6e\xaa\xf7W\xe5\xdb\x8e<\
\xccG\x90'\x95,\x9dLep\x0c\x1b\xc9\x07\xde,\
 P\x92\x96^\x0e\xd0\xdflU\xee7\x98\xe6\xd8\x96\
\x04\xa9\xab\xba\xdaZ\xa5\xf2\xf8!9\x7f\x18e\x80\xad\
-\xea9\xe5H\x91\xbc@\xbd\x812j\x96\x06\xf2\x9d\
Y\x1ax\xf9\xaayH\x05|T\x16\xcf\x9d\xa9*\x16\
.\xd5k\xc4\x14\x80~y\xf4Z\xc6o\x7fx\xe2u\
\xf9\xd5\x1f_\x96s\xc5\x15\x0aP\xc2p\xd9\xca\xf4\x18\
\xb9w\xc5,\x94\xd5\x85\x8dh\xdd9N\x88\x03}w\
\x22|\xdf\x83%\xf7\x8f}\xa7T\x8bLn\xdet\xd0\
\xde\xde\xbb\x22[\x96!*\xe1\x0f+n\xba]*_\
f\x194\x1a\x9f\xe00\xe3\xc6}\x11\x8b\xb5\xdc\xb0V\
\xb9\xf0\x93@j\xb2&+E\x19\x01f\xf4\x85\xe5~\
D\xf42\xa7G&\xb4Kw\xf9N\xb7Yu\x8dw\
\x22%\xc0\x94@\x1d\x22\x01d\x0fl q\x90\xc1\x1c\
D\x1c\xc0aT\x06\x1c8W&\x15Hc*p\x1c\
\xbd?\x18\xd3\x8c\x00\xdc\xb7*[\xd2\x11\xfe\x9d\xee\x86\
\xf3Eu\xf3Ft\xbd\x18\xac\xa1\x9bA\x8aF\xca\xf0\
\x224QbJ\x80\x17\xbd\xddu\xc0pmD%W\
:\xdb\xb6;\x8a\x19\xd0P\xa0#\x19T#z\xff\xb8\
\x8f'J\xfcH\xf4\x13?\x7f\xb9\xf8\x04\x0e\x81\xf8\x1f\
b\x91\xd5\x97\x15J\xe9\xbem\xd2PrN3)\xf2\
l\x84\x0e\xcb\x03\x8d\xf4\x93 P\xda\x07yt\xc1H\
\x22\xb00&*L>y\xd7\xd5\xf2\xf5\x076J\x10\
R\xaa\x8e\xb4\x85&r\x0f\x8c\xf4,\xfb\x0c\x00,\x84\
\x83\xc7\xce\xc8\x7f\x7f\xffq\xd9\xb6\xeb\xb8\xb4wt(\
e\x9f\x0c\x9a\xc9\xbb\x97e\xcae\x19\xf1\x00\xfe1l\
4\xb1b\xe2\x02g\xb8\x8e\xado\xd9\xf7\xfel\x0d[\
c\xf6J\x1cr\xfdD\xfc\xaf\xcfJBC\xa2\xfep\
\xd6H\xc2\x98J?\xb76\x00\xb8X\xf7\x16V\xc9\xdf\
`\xe0\x90\xf7\x9b\xe4?\xbc\x98\xf7_\x89p\xd5\xc2\x14\
]\xd9\xc0\x8b\xf5\xbc\xd1D\xfcC\xf93:`\xb9\x06\
Z\x14S\xe9U]cqI\xc0i\x12\xd0\xb8\x00t\
\x15dC!\xe4\x03\xccV\x02mp\x1a\x8e\x95V\xc9\
n\xa42\xcf\x9b$f\xd8#\x04\xca^\x95\x9d\x8c\x94\
\xe6,I\x00\x93\xe6\xa5\x989\xa3aS\x0d\x5c\x00\xd3\
\x88[A\x22v\xa8\xa4Z9\x18\xaa%8\x00\xd3w\
.\xc9\x92\xeb\xe7\xa4*\xce\x04\x878\x0f\xf6\x90\xfe\xd0\
H\x18\xce\xe0\xc0\x8f\xbd\xfc\x03$*{\x9e\xc4\xcdY\
\xac\xea\xfe\xed\x0d\xcd\xd3\xf0\xe8hn\x92\xf2#{\xa4\
\xe2\xd8~\xe9\xee`\xd9\xba\x91\x90\xc03\xdb\xa1Cv\
\x15U\xc9S;\x8e\xcb\x19\x94Vs(\x9eH\x1fg\
g&\xc97\xbf|\xbbj\x1c\xe41\x02i\x91\xd3\x16\
\xb0\x93o<\xc8\x00\x18\x04\xfbS\x80\x0c\xf2\xfdw\xc8\
\xff\xfc\xe8Iy\xfa\xf9\xcdrAm\x16\xf4\x95F\xae\
\x7f\x03\x16\x89\x22\xd4\x08\x03\xb3\x14\x03fN\xd8-\xc3\
\xe5\xe9\xa9\xdf\xf6A1\xfe\x11\x13\x97\x0fp\x0b\x8d\x81\
\x00\x1fO\xd5~\xf86\x00\x12\xc3\x80\xf8\x9f\xee\x17\xf7\
\x04\x81\x8d\x8f\x83\xc9p[A\x99\xce\xddQ\xd1{y\
\x01\xbd\x9b +\x90\xf7g\x0fp^`\xf8Uu\xfe\
\xb1\x08\xfd\xb3\xee_O\xc7\xc4\x1ae\xd3]\xde\xae\xf1\
_z\x12`D\x90\xe5\x81\xd5`\x0f\xac\x82\x11\xc0\x8a\
\x01\x9ea\xad\xc8\x8b\x9f\x04\x81\xd6\xbbpn\x1a\xd09\
\xce\xdc.d\xd1d\xdf\x80{\x96\x83N\x96\x98&'\
\x9ckSA\xca\xad0\x8c\xce\xd54\xc8f\x18\x01\xbb\
\xc0\x95B\xdc\x14\xcb\x07\x95\x01\x04\xb6\xc44\xf0\x88\xd8\
*\xd3\xb3\x7f\xec\xda|\xd0\xe0\xbf\xa1\xcf!3\xc5<\
\x9c\xb5\xe5\x81\xf3.f\xee\x12\x89\xcdY$\xfe\xc1P\
\xfe\x00\xfd\xe9\xbb[\x9b(\xb6\xb4\x05\xcaA\xbb0\xef\
'\x8fJ\xd9\xa1\x1d\xd2\xde\xd0\xdf:\xd9\xf2\x1e8d\
k`\x00\xbdr\xb4P^\xd8s\x12\xfa\x0e\x9c\x11\x18\
\xae/\xd6\xc1\xda\x15s\xe4g\x0f}F\xe1\x02\xdc\xac\
[P\xd8/\x84)\xfd\xc9\x81\x06\x00g\xcaH\xc0\x98\
\x13\xcf\x1c\xd1\xd6\x9d\xb9\xf2\x95\xff\xfa\x9d\xe4\xa1\xe6\xdc\
\xec\xcb\x9d\x05\x02\x8d\x8f\xaf\x98\xadji}A/k\
\x0f\xc0c\xd4\x92\xc0M\x0d\x1bd\xc0W\xc9\x05\xcd\xa9\
.\xacm\x94G\xb7\xe6\xca\xde\xa2J\xa5\xfc=\xe1\xfd\
\xae\x00\x9a\xf5S\xab\xb3Q\x8d\x00\xa6+K\x93\x9bQ\
?yJ|\x812eK\xdfWP\xd5\xf0<rT\
,\xe3\xe1{\xf3\xbdf\xc4D\xc8\x15s\xd2U\xb3\x1f\
^\x9e\xac\xe3\x05\x9dg\x1c\x94\x7f \xdb{^\xa2\x87\
\xd6\x94\x98\x18\xd7 \xa6\xa5\x04\x189\xab\x000\xb0\x1a\
F\x80\xd9U\x90\x80\xc1\xdd\x05\xc5*\x12\xc0\xf6\xb1<\
\xff\xb8u\xa2`T\x7ff\xed\x1c\xb9|f\x82\x02\x13\
_\xaa\x864\x1d\x8c\x0a\xa4M\x09\x0c<\x86~)\x17\
 \x03VE\x5c\x89\xe8it\x90v,\xc6vQ\x97\
\x8c\xc4\xf6\xa7\xef<\xb0\xee\xdfT\xe8\x18\x98\x8aZ\xe2\
\x5c\xf7\xf6\x95\x080\xfc\xc5/Z-\x01\xa0\xfbUg\
\x9bA1o1\x1e\x06\x18\x03\xfd\xc6FoO\xb7\xd4\
\x97 \xf4\xbf\x1f\xa1\x7f\xa4\x00\x18\xde\xbf\xe8\xc2\xc7{\
q\xa6\xe6\x837\xe1\xcf\xa0Q\xde{\xba\xd40|P\
E\x05#\xe8+\x9f\xbdU\xbet\xff\xcd\xaabb\xa4\
4\xc6\xd8d5y\xdf\x1a`\x00h\x12\x09M$a\
NMu]\xa3\xfc\xf0\x17\xcf\xca__\xd8$u\xf0\
\xfe\xf9#Z\xc8d\xd4\xbbin\x1a\xa8f'\x9e5\
\x89\xa3\xabT^\xf1I \xfe\x8bP\x0a\xa7#\x15\xe4\
\x22\xf8\xf4\xea\x1cY\x966q\xd5\x08\xce\x9c:\xd2+\
\xef.\xac\x90\xa7\xe0\xfd\x9f\x06\xa51\x9b\xa1\xa8\xc3\x09\
)\x8e5\x99\xa9\xa8\xe1\x85\xf1\x85\xd4\x0b\xec\x1e\x09c\
oop\x9d\x07\xf9@\xf9[\x06\xe5\xf2\xfe\x9d9?\
\xae{O?\x09\x90.\x9be\x82U\xf8\xd5j\xe4\x03\
Z;;d[^1\xc8\x82\xca\x14O\x80y\xcd\x8c\
\x0e\x91\xfbW\xcf\x96\xa5\xa0\x0f\xf7\xf2\x98~8\x22{\
f\x87\x0a\x94\xd5Q\x9d\xa8\x85\xaf\x06 \xae\x1e\xd1^\
\x92\x04\x91\xd5\x95\xc4bc\xbe\xecD\xfdk\xf5\xaf\x0d\
\x05R\xff*\xe7N\x1d[\x9a\x93\xc1\xdb?P\x222\
\xe6H\xdc\xfc\xa5\xe2\x1f\x12a\xe1p\x19n\x5c&\xf6\
\x81\xa9\xd3\xe6\xaa\x0a)?\xbcKj\xcf\x9eB$\xa0\
\x7fn\x07\x7f\xdf\x0d\xe1d\xc6\x80\xdeGi\xe0\x1f\xdf\
;$\x95FZ\xc8\x07\x9c6K\x17f\xca\x0f\xbe}\
\x9f,_\x94\xa5Fu)\x9d\xaf\x17a\x00,\xca\x1f\
\x13\xd1\x8b\xb7}k\xd3A\xf9\xee\x8f\x9fR\xd4\xbf\x9d\
\x08\x19\x91b\x97<\xff\xf7\x00\xf87S5\xfb1\xc5\
\xe1<ec\x06v\x94Y\x82q\xb1\x1c\xf1\xb9\x83\xf9\
\xf2\xcc\xfe\x02iA.\x8f\xff\xee\x8f\x10\xd1\xc7W\xce\
R\xd5\x08\x81\xa8L\xe8'\x9bpH\x16k\xcc\xfb`\
l_\xd4v\xed9`\x1a\x1e\x07\x9b!\xf3\xffm\x08\
W\xf2\xdfX\xcd\xb0\x14\xb4\x95+3Hj\xe4\xa7\x80\
J\xa1J\xf9{K0\xd2\x1f\xd3\x1d\xb846y\xb9\
\xbe\xe5\x92\x80\xfd\x12\xa0!]\x07\xd6\xc0\xf3H\x094\
wi\x05t\x019\xf1\xcd\xc7\xcf*\xb2 \xa3)\x9c\
\xba\xe1\x22\x94\xc5}z\xcd\x1c\xc9b\xf7P'\xa59\
\xed\x1f\xb9\xf3>i9\xc5M'p\xcc\x8f\xa2\x07\xa9\
\xbf<\x92\xb7\xac\xcfs\x0d\xc6\xa3\x11\xa2u\x0f\x0d\x00\
\xba\xe4\xbd\xe2\x13\x12\x8a\x9c\xff|\x89\x99\xbd@\xfc\xe8\
\xf9\xe3?\xb3\x98p\xa4\xe11J\xd0\xde\xd4(\xe7\x8f\
\xee\x95\xaa\x13\x87\x14\xea\x7f\xd8\x0b\x8ftG\xba\xe7\x02\
\x22B,\xb3~\x11\xe7.\xab\x02\x18!\x89@\x94\xf5\
\x93\xe0\x06\xf8\xf6\xd7\xee6RB\xe6\x9d\x9c\xa7\xf3F\
z?G\xfd\xdc\xa6\x01\xa0j.\xa3\xb5\x00\x00 \x00\
IDAT\x22/(\x10\xa9EN\xe8;?|J\
\x9e\xf9\xe7\xfb \xfdiR\xd6W|h\x80|fM\
\x8eB\xcb\xfa2\xd4lL\xb5\xa3\x06d\xeb>\xd6\xed\
+\xb9H\x18\xf2\xff\xd5\xe6\xc3\x8a\xea\x92\x9b\x97!\xf1\
50J\xbez\xc5|\xa5\x14\xa7+\x9bW\x7f\xcd-\
\x80K@/\xb3\xc3\xdf\xbf\xc0\xe7]\x83r\x1d\xb6\xaa\
\xa4A\x9e\x06\xa2\x8a+f\xa3\xa5)\xaa\x1c<!|\
\x86\xfb\x13\xd8\xca\x13F\x8fK\xf9;s\x15\xba\xee}\
)I\x80\xe0\xc0Z\xc3\x080\x99\x03\xcbk\x1bP\x0e\
\x96/\xa5\x17\x1at\x19 \xce;\x82\x027\xccIQ\
`\xe7X\xb0\xe5\x8d\xcb+\x9e\x92\x02\x1c\x0ee5\x96\
\x01\x8f\x22\xf4\x0f\x8f\x9f\xe7\x1a\xc3\xf2\x03T)\xfe\xe2\
\x05N\x7fR\xfcF\xcf\x9a\xab;\xfb\x8d\xd2\xd1\xecD\
\xc9_u\xdeQ\xa9\xc8\xdd'mu\x17\xec*\x15T\
T\xd0\xa8\x84\xc8C\x95\xc4\xcf^\xdb#\xa7\x80\x0f\xe1\
\xf8\xbcp\xc6\xceF\xa5\xd5\xcf\x1e\xfa\xac\xac]\x99\xa3\
1\x0d\xc6\xfa\xd0\xbar\xfa^\x03\x0c\x80\x01\xde?\xde\
\xf2\x95\xd7w\xc9\xb7\x1f\xfe\xab\x9c\x06\x83\x16kH\xfd\
\x10\x0e\xb9\x0e\x9b\x81\xb4\xba1!$\x9c\x19\xd9\xcas\
\xa8h \xf4\x0a\xd0z\xfej\xd3Q\xd9\x01f+\x15\
\xbe\xc2(\xd2P\xb2\xf2\xa5us\x15\x93\xd7t\xcf}\
\x9bs\xf0~A\xb9\xfcuo\x1eZ\xfc6(\xb6?\
\xbe\x17C\xff\xeb\xe7\xcc\x90l4\xf1\xf0\xf5v\x97\x00\
\x96\xfb\x01\xf1O\xe5\x7f1\xdea\xba/M\x87\xae\x1c\
\xd7\xcd\x5c\x12\xb8H\x02\xc4\x0d\xd5\x83L\xab\x1c\x066\
\xb9\x02X\x0ex\xbc\xbcZ\xde>R\x80px\xb3\xc6\
\x1f1\xc2\x86\x0a\x9b;\x96\xa2\xc9\x19@\xcf!F\xb5\
\xcd\xa5#\xce1\x18\x00\xd6_\xb9\xe8\xeb&\xe3\x9f=\
\xde\xb1\x8etZGk\xdd\xc0\xc7\xe0\x17\x11\xa5\xd0\xfe\
\xb1s\x96\x00\x8d\xefm\xa7\x8a\xed\xc7\x0etw\xb4K\
\xf5\xe9cR~h\x8f\xb4\xd5\xb2\xe1\x8f=c\xd13\
\xcaT@#n\xf5\xd2\xd1s\xf2\xcc\xb6\x5ci\x22.\
\x04_\xf7G\xbf\x84\x1b6,\x97\x1f}\xe7>I\x8e\
\xd5\x1d\x03/\x85K\x19\x00*\xe7\xa2\x92\xff\x86\x10 \
\xb0bP\xfe~\xf5[\x8f\xc8\xbb\xdb\x0eK+\xf2B\
\xfc1\x9b\xfc\xdc\xb7j\xb6\x02\x89\xb0\xe6\x5c\x09l\x02\
\xa5\xd0\xd4\xde\x816\x97\xa7@\xf8s\x16i\x00\xd4\xae\
b\xe0D\xfd\x13\xb1z+P\xbb\xecy\xdd\x7f\x8da\
aO\xe0\xbb\x0c\xf5(\xca\xf3tM\xbd<\xb6\xfd\xb8\
\x1cD\xab_\xb3F7\x08\x00\x94\xe5hc\xba4=\
Q\x11.\x05\xc3\x00`w\xbfP\xbcs\x7f\x1af\x0a\
\xbc\x80k\x08.\x09L\x03\x09\x98\xe61\xc3\xfd\x0dH\
\xaf\x957uJ\x03:\x0a22\xb0\x1b`\xe7\xady\
gU\x14\xce4\xc8\x93\x80/\xfa\xf8\xaa9\xb2\x1a\x91\
O\xdd\xebd\xaa^V :g\x0cQ\x85\xe9\xadN\
}\x0bJ\x1b\xff\xa6@\xe4\xf6\x01\xffl\x0f\xadO\x82\
\x12R$n\xc1\x0a\x89H\x9d\x89\x90\xbc=%\xdc\xe6\
L\xeaq1\xcf_[x\x1ay\xff\xdd\xd2\x5cY\x06\
\x0f~\x94\xd0}\xdc\xae\x1bF\xc0\x99\xfa6\xf9\x03\xa2\
\xcc\xfbO\x97X\x8c\x14\x02\x02\xbf\xfe\x85\x8d\xf2\xd9O\
\xde\x00\xf6U\x02\x025Y\xd4%\x11\x01\xd0\x0b\x1d\xaf\
\x83\xdf\xbb1\x91O\xfc\xe3\x1d\xf9\x9f\x87\x9f\x92\xca\xea\
z\xc3\x12\x16\xb9\x13T\x99\x1f\x06\xf8/\x0a\xa1\xb0\x89\
T\xfc\xb4L:Q\xc6\xb3\x03\x91\x88\x9f\xbc}\x105\
\xab\xa4\xc0\xc5x\x11\xb2Y\x96\x12#\x0f^\xb9@\xd5\
\xfeOK\xef\x7f\xd0~\x22\x12\xf9O\xc8?m\xce+\
\x95&\xe2\x1b\xf0s\x12\x94d'D\xcb\xbaY\xa9\x12\
\x83\xae\x86A8\x80\x92\x10\xf6g\xef\xee\xfe\x06&\xce\
\xd8\xed\xae{\xba$p\xe9K\x80~hS{\x8f\x14\
7u(\xc2\xa06\x00\x01\xdf\xca=\x0d\xb2\xa0\x0a\xd5\
\xf9T5\x1d\x83S\x94\x85^\xf1\xf7\x01\x148/.\
\x0c\xe9O\x8d\xb7\x19_\x99\xdc\xf8e\xab\x80\xdbJ\xc7\
Y\x12\xef\xfa\xcf\xe8\xb6\xa7\x0fi\x9d\xca\xb0\xe0\xba\xc7\
\xf0H\x8bIa\xdc\xc4Vn_\x03\xef\xccOZ\xf3\
\x8fp,\x83\xb5\x85\xfe\xdc`\xe5\xe9\xe6\xde'3\xae\
\xbaU\xa2\xb2\xe6\xea\xb4\x80]\x9e\xbb6\x00\xf8\xffd\
\x12\xac+\x06Q\xda\xa1]\xd2X\x8e\x8a5T\x00\x8c\
\xe9\x22 \x10\xcf\x7f\x17\xcd\xe4\x1e}k\xaf4\xb3\xdb\
*\xde\xcf\x0bs\x9e3\x0b\xa9\x80\xef\x7fVV/\x99\
m8^\xd3\xd3\xd14\xe5\xa2#\x00\x96\x89\xd5\x98\xcc\
\xf3\xd5\xb5\xf2\xc0\xb7~'oo>(m\xf0\xba\xf9\
c\xb6\xcf\xfc\xef\xeb\x96\xca\x22(\xdc\x89n)\xdb\x83\
\x068\x85\x17\x9a\xe4\x91\xadGe?\xc8+\x8c\xfa\x10\
\x89\x81\xd2\x7f\xf0\xaa\x85\xb2\x12c\x1aM\x98gL\x8b\
\xc2\xe9_\xd2m\x96\xdfA\xc3\x0e\xd6\xfc\x13\x91k\xe6\
!\xe3B\x83T\xc9_\x06Z\xfc2\xf2\x12\x1b\x80\x06\
?\x81>\x00\xa4\x8c\x03\xa5\xeb\xf4\xf7q=\xc0%\x81\
i$\x01F\x02\xe0X\xd0\x08h\x02\x10\xac\x1c\x0cy\
\xff:\x94'E\xa8\x93g\xcf\x13*#\x1a\xdbW\xa2\
\xe9\x19\xb9O\xd2\xc3\x03\xb1\xffX\x1e8\xc9\x17\xb5\xbf\
*]\xb4V\xb2\x9a\xdeWa\xa7\xecR\xa2\xf6\xbc\x83\
\x8e\x10\x0f\x05\xec\xd3\xcczT\xc4#\xc9dp\x84B\
+p\xfe\xe7\x1b\x14,9\xb7}R|C\xc2\x94\xc2\
\x1dj\xec\x17\xf5'\xc0-Y\xeb\xdfx\xbeD\xca\x0e\
\xeeP\xe5~\xda\xf3\x1f\x9b\x9b\xaa\xe6\x1a\xca\xbe\x1a\xd5\
e\xbf\xdb|D6\x1d>\xad\x01\x81\x00a\x05\xa1:\
\xe2\xee\x8dW\xc8w\xbfy\x8fD\x90(\xca\x1e\xd1M\
\xe1\xcf\x5cd\x00\xb0\xee\xff\xf5\xf7\xf6\xc97\xff\xf7\xcf\
R\x00Dl\x0f-`\xbc\xc0\x12\x94\xc2|\xf9\x8a\x05\
\xa8\xaf\x0f\x9e\xb0\x976\x97J3\x98\x07\x9f\xd9\x7fZ\
q6+4<V\xb6/\xb8\xee\xefX\x92\xa1\x18\xbb\
|\x907\x1a\xfbtO\xe6\xec\xf4[\x8f\xee\xd8<\xc7\
\xcf\xd7\xc9\x1f\xb6\x1fS\xf5\xb8\x1d\xaa\xaf9\xbbuy\
\xc9e\xf0\xfc\x17\xa2\xcb_\x00\x9av\x04\x80s\x81=\
\xbb\xc3\x90\xfap\xdc\xe6\x9eL\x19\xb8\x9e\xed\x92\xc0\x14\
\x91\x00\xb6#Y\x03\x0b\x1ba\x04 \x12\xc0\x9e\x01o\
\x1c\xcdW\xdd\xf4L\x85\xc4f[7\xa1,\xec\xf2\x99\
q\x92\x80}\xe8\xad\xba\xd0\x19\xcav\xa2c\xc1F\xda\
v\xa8s@5oW\x06\xc08\xd5\x94\x1d%}&\
\x82\xdff\x9d\xbdz\xbe)\x1c\x1b)\x0a\x8c\xb1\xb7\xb7\
\x1b\xad}\xb3%k\xc3F;C\xff\x16\x1fV)\xff\
zz\xfe(\xf7k:_\x0a\xcf_\xb7\xa8\x1f\xcfE\
,\x80;\xc2\xfc\x05\x8d\xed\xf2\xe3\x97\xb7\xcbI\x00\xcf\
\x19a`\xb3\xa0\x14`\xcd~\x08,\xc0m\xd7\xafQ\
\x86\xc6\xf8\x9e4\x9eQ\x8e\xff\xbbn\xdd\xe5\xffR\xf1\
\x13\x9d\xbe\x01;\x16r\xeb\xdfC\xe8\xffO\x7f{[\
\xea\xc1\x93\xcd5\xc6p\xd7\xe7/\x9b+\x1b`\xfd\xfa\
C\xf1Ld\xd2\x83\xd6\xf7\xfe\x92J\xf9\xc5\xbb\x87\xc1\
\x81\x8f\x0e^\x18\x10C\xe2\x0b\xd0\xb8\xe2?6,V\
\xe9\x88\xe9z\x99\xbc\x0bf\x8a\xe3\x0f\xdb\x8e\xc9\x9b\x88\
\x00\x10\xeb@\xb9{a\xb1-L\x8d\x93u\xd9i`\
5d\xc9\x9f\xa8\x06?d\xfa\xf3\x1eO\x8d\xeet\x15\
\x98k\xdc.\x098K\x02\x16\x12\x14b\x02`\x044\
\x10\x18\x88\xd6\xdb\xa7\x0a\xc1\x11P\x88rc\x8d\x07\xf0\
\x00\xe9Fv|\xb4\xdc\xb4(S\xe6\xc7\x86\xa8~\x1b\
\x13\x1d\x11\xb5\x88@!\xe8\x87Q?\xeaP\xe7\xa7G\
h\xb0cS\xa6V\xd6\x8c2\x00\xec1$\x86\x0a\x87\
[\x19\x00\xa4\xd3S)\x01=n\xe5\xcd\xe3\xf7\x9e\xbe\
n\xc9\xbc\xe2F\x89\x99\xb7\x1c\xba\xc8\x1ew\x8e\xe9j\
6xb\xd8\xff4<\x7f(\xff\x0a\x84\xfdU_\x03\
\xeb\xe7\x8d]=3\x0a\xd0\x0d\xa7\xebu\x9c\xc9\x7f|\
c\xaf\xd4\xc3\x10\xe4\xc5\xaa\x80+\xd6\xcc\x97'~\xfb\
u\x89\x00\x1d~\x7f\x9bcg-N\xe7\xddW\x19\x00\
\xfd\x22\xea\x93|\xb4\xcb\xfc\xcc\x83\xbf\x90\xbd\x07OI\
\x87\xe2\x87v\x939\xf1\x11\xf2\xcd\x0dK\xc0\xfd\x1f\xe8\
\xbc\x91\xd8\xb83C\xe0d\xbf\xfb\xc5\xa6C\xe8\xdd\x5c\
\xa9\x17\x0c\xfe\x8b\x04\xf9\xd0\x17.\x9f\xab\xb8\xfeG\xaa\
5\x9d\xd0\x01\x8f\xf1a\x0c\x9f\xed\x00\x15\xe7/A@\
A\x8en\xb5\x8d w\xb2\xfc]\xb7 S\x12\xc3\xc0\
\xb7\x00\xed\xcf\x0e\x7fi!>\x12\x88\xdf\xcd\x0d4\xbd\
3Pc\x14\x98\xebk.\x098Q\x02\xf4\x9c\xd97\
\xa0\xa8\x81\xc0\xc0.y\xf5\xe0I9\x8e\x92\xb0\x0e\x18\
\x06\xd4-\xe4\xe2\xb8v~\x06\x1a\xa1\xc5KFd\x00\
\x188\x01\xc4U^\x94\x13\x075\xe8\xd6J\xc5\xd9\xc1\
\xb1\xafr\xe3F8}\xd8.{\xc6\xfd-6\x83\x8e\
\xf7\x1ba\x7f}\xf2\xdaw\x0ds\x22\x11\xaf`5f\
\xeb\xf2n\x0f\x1f\x1fYp\xe7\xfd\xe2\x1b\x1e\xad8\x00\
\x86\xba,w\xc7\x1f\xba\xe1\xf97W\x97K\xc9\x9e-\
\xd2T\x06\xe5\x8f(\x82\x1a'\xceN-\x1f\xe3\xd3\xf6\
\x0e\xdd\xf2P\xf3\xc5a\x9c\xe0\xac\xad\x05\x9e\xe2\x970\
\x00\xb6\xe7\x9eQ\xa4s\xb4\xb9|1\xde\x1f}\xe7\x93\
\xf2\xe9O\xdc \xde\xd4B\xe3\x8c8\xd8'[\xc7\x7f\
\xca\xad\x87\x11\x00CX\xeex\xd9\xbf<\xfd\xb6\xfc\xe7\
\x0f\x9e\x90j\xe4\xbe(@\x7f\xfc\xdb]K\xb3\x14\xbf\
~ @g\xc3\xe5\x81\x1c:<<\xbb\x01\xd5\x07/\
\x83\x06\xf7\xcf\xbbNj\xa0\x0b\x04O\xef\x9f\x8d*H\
\xd3\x19\x08\xeb\xcc\xb0#\xf5J\x9d\xa6W1(\x8d\x1f\
\x06\xb81\x0f\x8d~\xba\xb9\xf8\xf1RD\xfd_\x0e\xcf\
\x7fAJ\xac\xf8\x01\xe9O\x8f\x9f\xde\x7f\x0c\xca\xfe\xe8\
qX\x07\xd4F\xbd\xbe\xa7\xa9\x9c\x5c\xc3vI\xc0\xf9\
\x12\xd0J\x83g_\x15h\x83\xcb\xd0I\xf04\xfa\x8c\
\xbcy\xe4\xb4\x14\x01\x10\xad\xf6'\xaeX\x80qo]\
\x92-9q\x11\x92\x16J\xa3\x1c)9\xbb\x95\xa4\x03\
\xde\xc2\xc4m\xa9\xc8\xc5\x08\xf7\xc3gu `h#\
e\xa2\xbcX\xcd\xfag\x8c\xc3\x187\x0d\xae\xa0\xd8D\
\x99\xff\x91\xfbG\x0e\xdd\x1b:\x9d\xc4>D\xfb\x93\xe8\
\xa7\x15l\x7f*\x14o\xa5\x84\xcd\x18\x80=F\x8fM\
\xe9\xa9\xea\x06\x8c\x94\xe9e\xe8\x99\xed\xc0\x9e\xfd\xec\xa5\
\xedR\x0b\x87\x94\xeb\x83x\x80\xd9p@\x9fx\xe4k\
27+U\x95\xa3O\xc7\xab\xdf\x00\xc0\xe8\xd9!\xeb\
\xee\xcf\xfdX\xde\xd9rP\xda\x91k\xe7+\x91\xed\xef\
K\xeb\xe6\xa1Gt\x04,_'q\xfe\xdb\x90\x1cA\
\x17\xe4\xa7~\x149\xf1R\x1030&\xce\xf6\x94\xa4\
\xfb\xfd\xce\xf5\xcb\x854\x9d\xca&P\x8b{B\xb7\xde\
8\xe7\xd9*<\x85;\xb5\xa3l\xe5\xa9=\xa7\x14\xe9\
O\x1bB\x8e\xeam\xf0\x91\x05\xe8\xf0G\xc2\x9f\x08\xe4\
\x1cIP\xc1\x9c\x7fR\x10\x0e\x1a\xc5\xf3?\xce!\xb8\
\xbe\xee\x92\x80K\x02CH\xa0\xdf\x83\xe5^\xac\x81\x11\
\xc0H\xc0\x01T\x04\xbcu\xb4@j[Z\x159\x0c\
7\xe1\x959\xe9\x8a\x913#\xc2_\x19\xe7^\x06\x1e\
\xc0\x19\xa2\xed\x07\xc5\xe9\xb0\xbey\xe2\x99\x5c(\xc3\xdb\
\x00\xfa;F6@)0k}\xc5 \xbc\xd2w\x8e\
Rb\xea|\xb2uH1\xfco\xe3g\xf0\xee\xa2g\
\xcf\x97\xcc\xeb\xef@\x08\xbfs\x18oZ\x9f\xf4\x9d\xa8\
\xf3\xaf<yH*\x8e\xee\x93\x8ez4\xf7\x19\xe6\xe5\
-\x8fSv\x92\xaer\x1b\xd5\x85y\xf6\x80q\xd7\x08\
C\xe0\x11Dh\xff\x85\x0a-\xf3\xf2\x07'\xc4\x97>\
}\xb3\xfc\xd7\x83w\xa9V\xca4\x0a\xa6\xdb\xa5\x0c\x00\
\x15*\x01\xb8l\xcb\xb6Cr\xc7\xa7\x7f,\xb5\xe0\xff\
\xd7V\x8e\x1b\xa8uS\xd0\x15k\x96D\xb3\xf4o\x82\
4\x0f\x099\xca\x81?\xf8=r\xe2\xdb\xd0\xa3\xd9\x0c\
\xe5\x84A\xe0_\x841r=\xc6\xc4\xb2@]v2\
}\x84\xae\xe4\x87w\xa3U\xca\x91s\xf3\xe6\x96\xd5\xc8\
\xcf\xdf;,%\x88\x02t1\xbc\x84\xff\x82\x91W\xbc\
}\xf9\x5cICOj\xce\x01\x1b\xfd\xa4\x06{K\xa4\
?B\x8d\xd3p\x91M\xb7M\xe1\x1a\xafK\x02\xfd\x12\
@UTs\x17\x22\x01\x1d\xb2\xe9D\x91\xec\xca/V\
M\x83\x08\x08\x9b\x89\xaa\x9c\xeb\x17f\x01\x18\x1d$\x99\
a~\x8a\x8a\xdb\xd9\x97\x0a\xa1\x1b\xa8\x7f\x8b\x97\xcb\xf3\
\x1b\xe7\xc4`/\xde\x12\x06\xb7>\xb7\x0d\x87I[\x11\
\xfd\x86\x80\xf9]\x1d\x96\x1f\xe8\xa4\x0c\xf9N\xc3D\x14\
l}\xc7\x1c\xbb\xf9\xb3\xfe\x14@\x9f$,\x5c)i\
W\xdc\x04\x03\xa0M\x95\x00\xda2 \xe8\xe5w\x01\x10\
^\x9d\x07<\xd8\xc1\x9dh\xf1\x0b=\xc5r\xc1a\x0d\
\x80\x81\xef9b\xb4\x84O&.\xc1\xcaPp\xc3\x99\
\xeb\x09\xf4\xff\x19\xac\x81\x7f{\xec\x0d\xa9\xa9GO\x1c\
|\xce\x03FA\x16\x9aE=\xf6\xeb\x7f\x97\xc5\xb3\xd3\
\xd4\xd9\xccwB5\xa3=\x8fq\xf6R\xb1\xeb\xfe\xda\
\x00\xc0p\xdbP\xfa\xf2 :\xfe\xb1\xe5o{'\xda\
!\xe2%X\xfa\xf7U\xd4\xd8\xafJ\x07\xed\xaf]\xa4\
\x0cv=s\x84\x0fi\x1a\xdc7\x8e\x17\xca\x13\x08\xfd\
73\xef\x86\x11\xfa\xa1\xe9\xcd\x15Y\x89\xf2\x8dk\x16\
\xe9\xf2\x961\xc7v\x1c1\xc6\xd1\xdd\xc3\xaa\xc9\xa2R\
\xfb\x5c\xdc\xac\xb6`'\xb2\xdf\xa2\xb4\xf1\xed\x13\xc5\x16\
b#_X\x9b\xf4\xfc\x97ba\x11|\xc9\xd4G\x84\
\x1f\x90\xa7@\x1c\xfb_\xc2]\xc9F'Q\xd7\xa7]\
\x12\x98\x18\x09p\xefvc\x13\x965#\x1d\x80_\xef\
\xe7\x15\xc9\xc1s\xe5\xe8\x1d\xd0\xaa\x80\xb97/\x9e%\
\xa9\x91a\x92\x1d\x81\x06:H\x91:\xd7I\xa2\xa7N\
\xf6SFb\xb5\xd6\xa3\xcb`Q\xa40\x02\x88\xd9\xd2\
cP~\xbd:;-d8V\x8a\xb2\x0f`<V\
S\xf5\x1b\x09f\x04\xc0\x86\xe7nz\xf4\xe3\x8d<\x1a\
\xc6\x8b\xb5\xbe\xd6\xca\xb6W\xe2\xe7/\x93\xb4\xabn\x91\
\xbe\xee\x0e\xba\x9e\xc6\xe4jC\x84?\xefED\xba\xbd\
\xa9A!\xfdkN\xe5*\xc2\x1f\xdb\x15\x07\x03\xd7\x85\
\x92\x81\x03\x1cW\xa6\xc7=\x02\x02\xd0\x9b\xe5\xa4<\xf9\
\xee\x01\xc5\x15\xc1\xdbz!*\xfe\xc5\xfbn\x96\xef\xa3\
*\x80i\xda\xf1\x8ahbVu\xffS,U\x00\x87\
O\x14\xca\xc7>\xf7\xb0\x14\x80l\x87u\xf74\x80V\
\xce\x88\x93\x07\xd6\xcf\x93\x04\xd4;\xf67kp\xee\x10\
\xbbP\xc2q\x10\xf9\x16z\xc5\xe5\xe8\xf8\xc7\xcb\x0b\xc8\
\xdb\x19\xe0\xbe\xff*\xca\x10\xe7\xc4\x87\x1b\xa4\x16\xd3M\
\xd4\xfdr3\xfb\x17\xec\x04\xf0\xef\xa7\xef\x1cP\xc0?\
F=\xe8\xedg\x22\xd5r\xd3\xa2Y\xeap\xe1\xf6\xa4\
\xf7\xcf\x1cc\xa4\x22\xfd\x99\xbe\xef\xec\xdcU\xe3\xba\xbb\
K\x02\xce\x93\x00w\x1d\x1b\x08\x95\xc3\x00(ih\x97\
\xc3\x00J\x1fB\x89\xb4?\xfb\xc5\xcfJ\x06H7X\
f\x85\xfb\xa94\x9d#\x94\xcd\x90o\xa2\xca\xfe4w\
\xbe\xbe\x8c\xd68\xf8\xbb\x07\x1c$\xf2\xe7\xfb\xa0\x96\xde\
\xcb/@\xdc\xd1\xbd\x90D8]\xe0\xc4\xefjm\x96\
\xce\x96f\xe9A\xe8\x9c\x91\x0b\x8b{j\xc1\x06h%\
9\xc0\xa9\xb2>k\xec=vF\x0a\x1cp\xec\x96\x08\
\x84\xa9\xe3\x19\x0e\x05\x06 .I2\xaf\xbb]\xbc\xa1\
dM\xe2\xa2>\xe8\x82\x1etj\xech\xacCW\xbf\
\xf3r\xe1l\x1e\xca\xfc\x0c\xa4\xbf\xf1,k \xe1`\
\xb9\x99D\xc3\x0e\xd1\xca\xf4\xecAK|\x1ecz\xe8\
\xf9mr\x9c%\xf2\xaa\x0aC$&*\x5c^\xf8\xcb\
\x7f\xc9R\x18\x83\xee#Uf8o\x99\x8e\xe9\xcen\
\xbd\xa5\xaf\xf6\xb5\xf6t\xcaO\x7f\xf3\x82\xfc\xfc\xf7/\
I\x13,[z\x9dl\xf4\xf3\xcdk\x97\xa8&;\xde\
\x00\xde\x99\x90\xd0\xf1\xb2J\xd9\x1a\xa5\x19r!Z\xb5\
\x18\x04\x1c\x8fl\xcd\x95\xbd\xe7\xcek+\x16\x02\x0e\x02\
\xca\x96\xfd\x07\xeeZ\x9a\xa9\xd8\x97\x9cke\x8fI\x8e\
\xc3~\xc9\xdc\x17\xd6\x91\x00R\x19\xff\xe7K\xbb\xe4P\
I\xb5\x85h\x84\xc0\xbf\xeb\x16d\xc8\xec\xc4hK}\
1\xbd\xff\xd4\x10_\xf1\x03\xf2x\x94\xd9+\xc7\xbf\x88\
\xeb\x8e.\x09|@%\xc0=\xcc\xa8]5:\x08\x9e\
o\xe9\x96*`\x01\x98~\x0c\x80\xe2e'\xcex0\
s\xeas\xd2\x99\x97\xa1\xf05\xc3\x8f\xc2\x061\xef\xec\
\x17\x11-Q3\xb3%4y\xa6x\x07\x87\x00)\x8d\
H\x04\xf1\x08P\xf6}\xf0\x94\xbbZ\x1bA\x8b[.\
\xb5\xe7N)\xb2\x9c\xeevT\x1a!\xddh!\x80\xb3\
\x0ay\xeb\xf8$_\xcd^\xado\xef\xfb\x9a8\x03\x1a\
 \xfdr2\xcfr\xbeRH\x22\x98N\xb3r`\xc8\
\x00\xdf\xd5\xd5!-\xb55\xd2TU.-@\xfaw\
\xc1\x80\xe9eO\x94\x01\xe0\x05\xd3\x0a\xb8x\x0c\x0eU\
\xfe\xa6\xb9\x05G\xb4\x0f\xe8\xff\x97r\x0bUY`+\
\xa2\x12f\x99\xc4\xf5W,\x93\xa7\x00\x08\x0c\x0e\x82\x01\
\xc3\x7fUQj{e3y\x9fs\xeb*{\xb5o\
\xc7\xa1S\xf2\xc5\xaf\xfdZN\x15\x94*\xe2\x1fOL\
\xfeZ\xf0\xce3\xfc\x1f\xe6\xef\xc3\x95\xaf\x16\x9c\x81%\
U\xa3\xed\x81\x95\xc0\xbf{0\x1c\xe5\x00\xcf\x94\xf7\xaa\
\x07\xe5\xe2\xeb\xc7\x0a\xe5I0\xe1\xb5\xa9zNz\xff\
\xee\xaa\x0c\xf1\xdb\xd7/\x93\x98 ?\x1d\xf2\xb2\xabN\
t\xf2\x84j\xfb\xc9zk\x99 \xbf\xd7\x8f\x15\xc9\xcf\
\xde=\x84\xbc?Cqzc\xe7$\xc5\xca\xf5(\xfb\
\x0bA\xbe\x89\x7f\xe7<\xa4\x85x#\xb4\xe8\xed\xe2\xfb\
\x9fj\xd3\xe9\x1a\xcf\x07B\x02Z\xe5\xf47\xa1e~\
\xb7\x1d^`=\xfa\x06\xb4w#5\xe9\xc5v\xdc\x9e\
\x13\xc3\x05`\xa9\xc7\x87~F\xfe\xd9\x07\xca>2s\
\xae\xc4\xcd]\x22^\xaa].\x22\xb7J\xb1\x9bet\
Z\x89\xbb\xd3\x18@\xeb\xd0^\xa4V\x1bJ\xcf\x01@\
wXy\xd2]@\xd2+\xd2\x1c\xab\x8a\x02\xa7fV\
\xd5s\x06\x1a\x00j\x80\x1c&\xce\xf9>8ET\x9a\
n\x88^\xa8(4~\xf1G\x8cf\xa8Y\xb0\x06\xf0\
\x0d\xcc\xab\x0eX\x8b\xeas\xa3\xc4'\xd8\xb5\x98\xa9\xd4\
\x91\x96\xad\x84\x8c\xbf\xfb\xecV9\x0er \x0d\xce\xd4\
:\xf0\xe9\xdf\x7fCn\xbev\x85j\x19\xac/\x8b9\
e\xd7\xed'\xe3Cnug\x9f\xef\xfb\xdc\x83\xbf\x92\
\x17_\xdf!\xdd\x8a}\xaeObA\xb1\xfb\xd5+\x16\
\xca\xe2\x94(\xa5\x80\xfb\x11\xa7\xfa\xa5X\x0aS\xdb\xdc\
\xa1\xf2\xd6\xe1hL\x13\x882\xb5\xf1\x18\x01\x9c\xe4\x0e\
\x18\x1eG\x00\x88\xfb\x03:0\x9d\xaeB\xff\x01N<\
\x84\x1a\x87\xae\x83_\xc1XV\xa5\xc7\xa9\x90\xcb\xf4\xbc\
\xccq\xeb\xdc?i~\xbf\x87v\x93\xc7\xcbku\x8d\
.^\x8a\x18\x87\x8d\xcbr$\x03\xc6\x8e\xd9\xd9/\xd2\
\xcfS\x92\x01\xfe\xa3\xf7o\x1bU;=\xa5\xe1\x1a\xb5\
K\x02\xd3Y\x02\x16\x7f\xc7\xd8\xd6\x0a\xd0;\x11\x1e\x1f\
s\xe8P6\xee8\x0f\x82c\x93%a\xf1jx\xfd\
3\xb4\xb7nR\xdf\xdar\xdc18\x96\xda\xa9\xd4\x01\
\x06\xdf\xd5\xd1&M\xa5\x85R\x83\x8ey\x0d\xa5E\xca\
\x10\xd0J\xb3_o\x99^\xacC\xe7I\xc9\x8b\x06\x07\
\xefn5P\x15\x10\xd0\x91]\xf5\x11kE\xaf\x84k\
\x8c\xcd\xe6\xf1\xaf\xa3\x00Z\x11\x1b_u\x86\xf27\x04\
\xc14-r?\xf2F^\x99<\xfc\xfc\x16\x15\xbd5\
\xa3\xe37]\xb3B~\xf5\xa3\xcfK|t\x18\xec\x99\
\x91(\x91\x1d*\xd91\xdf\xcc\xed\xff}\xf3\xde\xbe\x1f\
\xfe\xfa9t\xfc#\xcb\x11J\x1e\x88\xfc\x9f\x93&\xf7\
\xad\xcc\x86'\xeasQ\xde\x99\x9e\xf9v \xf3\xdf:\
^$\x8dm\x9d\x8a\x17\xfb2\x00\xd6\x06v\xe2\xb3o\
<\xe6\xa6\xe1\x142\x0fN\x80\xc5\xeb\x00\xff\xa9\xf6\xb7\
\xf8\xb7`\xa0\xfeo\x9d\x9f&\x9fY\x93\x03 \xce\xf4\
*\xf6\xb3%\x01\x153\xc1\x22~\xe5\xc8\x19\xf9\xe3\x8e\
\xe3`\x17\xeb\xb6,\x5cv\xf9\xbbn\xfeLP\x1c\xb3\
\x03\x16\xfa\x90cS\x90\xf4'\x0c\xde?\x8cw\x97\x01\
`\xdf\x92r}\xca%\x81KF\x02\x83\x9d\x5c7\xe6\
\x97\xe1\x90\xf9G\xc7\xca\x8c\xf57JPT\xfc\xa8\xfd\
\x02S\xd13\xdf\xdf\x0dC\xa0\xae\xa8@*r\x0f \
\xc7\x8ej+E\xa1K%\xea<G\xab\x17/\xc5<\
\xf9\x80\x06A\x83\xd2\x0dJ\xa5\xdbr\xf6\xcc\x5c\xea\xa0\
\x19\xee\xa7!f\xca\xd8\xda\x02\x1a\xe2\x0b\xe3\x5c!\xee\
\x00jw\xfb\xf9\xc9\xd7\x9e~W\x0e\x9c\xd2\xdd\x02\x99\
\x8aa\xb7\xc0\xdf>\xfcE\xb9\xe1\xaa\xa5\xba[\xae\x03\
\x22\xe3\xe3\x1c\xea\x88_w\xf3\xf1\xf1\xec\xeb\x04\xd2^\
\xcd9&\x221$\x00\xac\x7f\x8b%;.\x1cyh\
\x862\xb4\x85\xc36\x99\x9dX \xaf!t\xfd\xc2\x01\
\xb4[\x04@\x8f\x00\xb5\x8f.\x07I\x10\x8c\x00\x96\xe8\
\x8dz5\x1a\xdf`$a[A\x19\x00q\x87U\xe8\
\x9f\x13J\x0c\xc2\xfc\xc4(\xf9\xfa\xd5\x8b$\x1a\xb5\xf0\
\x97\xc2E Q3\xb8\x16\xbe\xfb\xaf\xbdr\xa4\xf4\x02\
\x8cv\x84\xb8\xb0F\x83\xd1k\xfaS\xeb@k\x8c\xc8\
\x0b/\x9a?\xb1\xfe\xf4\xfe\xc15\xce\x86?\x97\x80\xf1\
s)\xcc\x9f\xeb\x1d\x5c\x12\x98h\x09\x98\xd1\x05\xa6\x1e\
h\x10\xf8\x85\x87\xcb\xcc+o\x95\xe0\xc44v\xc0\xd1\
\xd1Y\x9c\xdb\x04\xf7\x99Q\xd8\x8b\x9a\xe5X\x5cc\xad\
\xdc\xf5\xe7\x0c%\x0fE\xd5\xdd\xdc$\xe5G\xf6H\xd5\
\xc9\xa3\x00\x0b6i\xec\x80U\xf8z\xbc\x81\xec^\x0e\
q\x80M\x81\xbf(\x05o\xfe\xc0\x0a;1\x8a(\xaf\
i\xa8\xf4\xb1\x09\x91Q\xf90p~\x1cm\x00P\x17\
\xea(\x8a7\xd8h\xf7\xa2w\xcb\xd7\xfe\xf2\xa6P\x7f\
j\x1f\x0d\xfa\xf0\xb6\xf5\xf2\x7f\x0f\x7fN\xe9C\x0f\xb7\
\xa9\x1f\xb9\x05V\x04\xb8LC\xe8\x0c=\x7fvm\x8e\
\xdc<?\xdd*\x8fa,\x1a,\xb2-\xa7J\xe5\xe9\
\xbdyr\xb6\xa6I\xa5\x01\x22\x10!\xb8\x7f\xf5\x1cY\
\x9f\x99\xa0B\xd8c1\x00\xb8p\x8f\x81\x01\xef7[\
\x8e\xc8\xa9\x0a\x90:0\x94\x06A\xb2\xd3\xdf'`\x5c\
l\x98\x9d\xaa\xd39\x8655!\xa16'\xecr\x86\
\xfaY'\xfa\xfa\xb1s\xf2\x0bT8\xb4\xab6\xa3L\
}\xb9\xcbe\xd9)r\xf5\x9c\x19\xaa\x0a\x80K,\x00\
!\xbe\x99a>\xaa\xef\xb8\xb9W\x15\xa0\xc4Vx\xcf\
\x09cu\xdd\xd2%\x01\x97\x04\xa6\x8e\x04\x8cf\xb7\xe2\
\x03t\x7f\xc2\xa2U\x92\xb8\xec2\xe4\xcb\xb5\xb7n\xef\
e9>\xd4\x1f\xfa\x15\xa3\xc6$\xb9\x03\xfb\xd5%\xf5\
\x85\xf90\x04\xd0\xfe\xb6\xa2Lc\x03\x9cpY\x8c\x13\
\xa3\x8b\xa1J_\x98\xc6\x81]\x91\x07\xf3M\x0c\x10\xa3\
\xca&\x0cJ)8a\xdc\xd6\xb7T=\x08\xe8\x98\x01\
\x1f\xf7mT\x04lG4\x5c\xd3-\x8bDG\x86\xa0\
\x22\xe0;\xb2\x04\x0d\xa3\xe8 \x8f'5\xee\xe4\xd7P\
\xb7\xc7\xf8`\x00\x18\x82_\x9f\x99(_C\x9d}\x80\
\xb7\xb7\xa66\xc4\x9b\x9a%k\xf9\xc8\xcb\xff\x1a\xad\x11\
\x8f\x95\xd7H\x97\x22\xe1q\x93\xf9\x09\xba?v\x0e\xf2\
\xd6\xf6\x13\xd4\xf4O Wp%\xa8\x15\x9f9\x90/\
/\x1e>k\xa4~\x08\xac\xf1\x94\xb5H+<\xb0~\
\xbe\xea\x867\xfd\xaa+/\x9e:\xbe5Y\xff\xbe\xf2\
\xdc6e\xe8\x989\xab\xe8\xe0@\xd9\xb8<G\xe2\xd0\
T\x82\x98\x07_ Mg\x86jR\x11v\x08\xa4\x8c\
\x5c\xba\x7f\x22\xb6\x82\xeb\x19.\x09L]\x09\x10\xf4\x17\
\x92\x90,\xe9\x08\xfd\xfb\x05\x87\x0d\x08/\x0f\xf4\xf8\xfb\
\xbd\xe1\xa1C\xf9\xa6\x01`\x9c,\x8aXH\xa7'\xdb\
\xeaj\xa4\xfc\x10j\xed\xcf\x9cTe\x83Z7\xeb{\
\xda\xa5\x9f\x87\x15\xa1\xd5I\xc6\x9b\xa9L\x80&6\x1a\
h\xcdh\xa3\xc4\x0c\xed\x0f\x00'h\xb5e<\x85\xa4\
j\xa3\xb0\x82\x1c8\xbd\xcap\x82\xd3\xbb\xf9\x0cJ\xb9\
_\xdd%\xcdh\xe0f^\x9f\xba{\x83\xfc\xf8\xa1\xcf\
(:\xf7\xa9^\xba\xadV\x02\x1bY\xc4\xa3\xd1\xcf\x0f\
n]%I\xf8\x9d5\xff\xfa\xd2\xb6g+\x08k\x08\
Z\xdb\x07j\xdeN  \xa9\x98\xe8\x9d\xde\xb5$K\
n\x98\x9b\x8a\x9au\xdf\x11E{QX\x0a\x0b\xa0\x1d\
\xe1\xfe=\xa0\xd8\xfc\xfd\xb6\xe3RVo\x00Qp\xa7\
$0k}\xf7\xc6\xe5\x92\x15\x13\xa6k-G\xbc\xfb\
\xd4\xfe\x00+&\x18\xca\x7f\xf1\x10\xbc\xffw\x0f*/\
\x9f\x17\x17\x07\xf9\xfe\xaf\x00\xa5(\xab)\xdc\x11'K\
W5\xff\x03Q\xff\xc3\x00^\xa7\xf6\x8b\xbbF\xe7\x92\
\x80K\x02\xe3\x92\x80\x09\xff\xf1\xf4\xf5\x93\x84\x05+\x01\
\xfc[\x85s\x03%\xc1\x16\x1d\xc8\x90\xb4>Qt\xd9\
\x19HstV\xda.\xef\xd3\xfal1\xd3\x03\xe4\x0e\
(\x03\xd3^\xd5\x89\xc3\x8aG\xc0!\x07\xb0\xcaeX\
\xe5\x01\x8c\x07\x9b\xe0D\x82\xe9\xa8W\x149\x91\xfa\x19\
\xfb\x9d\xf0\xf3\xf8w\xb2\x9f\x0e*\x1d\xe4X\x9d\x86\xf6\
\x1fr\xc6\xb4\xe1d\x16\x19\x10\xcf\xd0\x08\xd1\x7f\xf3\xd9\
\xf7%\xaf\xac\xda\xf2z\xa4\x08~\xef\xc5\x1f\xca\xa2y\
\x19\x16@\xf7\xb8\x16\x81\x13\xbf\xac\x22\x00\xfeP\xe6\x9f\
B(\xff\xe6yij\xc0\xa6\xd5\xa2\xe7\xacO\xde\x02\
S\xdd_v\x9e\x80\xb7\xae\x17\x03\xffmiJ\x8c\xf2\
\xfe\xb3cAWKk\x8d\x0b\xd0\x8e\x81Z\xd3?\xb2\
\xe6\xff\xc9\xdd'e\x13R\x0b\xb0+\x94\xaf\x1b\x89R\
\xbf;\x97d\xca\xedh\xb7\xa9H+\x18F\xb1\xe3\xbe\
S\xe1#\xa6\xbcL\x96.\x9d\xe3r\x93j\xc8-\xb7\
\xfc\x82\x029\xf2\x9dM\x90*\x8d\x22\xd2\x89f\xe0W\
2:\xff-\x8a\x0f\x95\x94P\x7fT^0w\xa4-\
\xe4\x8bBH\xf6\x0az*\x08\xc45\x06\x97\x04\x5c\x12\
\x18\xbf\x04pN\xf8\x87\x86\xcb\x0cP\xe5\x86$\xa4\xea\
\xb3A\x9d\x8aV\x0aUY\x00P\x97p\xd6\xba\xba\xda\
U\xe9\x9c\x17\x22\xb9\xba\x88\x91\x97V\xaa\xba\xef\xbb\x8e\
\xee\xda\xba\xccT#Y\xf7\xca\x0e\xec\x90*\xb0\xeeu\
w\xb6k\xac\x81\xad\xcb\xc6m\xd4\xc8\x0ce\xdf\x8f9\
\xb0\xf94]\xb28\x00\x04\xa8\xa3\xce\x96\xe7)\xfc\x93\
6fL\xa5ob\x18\xd4\xa3M\x0bi\xfcR\x1e\xd3\
\x1d\xdc\x90\xae\xfd\xfb\x81\x02\xf9\xdd\xa6\x83\x16\xc3\x80\xe3\
\xfc\xda\x177\xca7\xbe\xfc\x11\x093x\x01\xc6t\xf3\
\x09\xf8\x92\x9a\xab\xf5\xa0\xd8}`\xdd|\x09\x87'o\
\x1d\xb2`^\xa3\xb2\xa9\x15\xc4<G\x95\xf7\xdfF\xb0\
 \xbe\x10\x02\x0b\xe7\xf3\x97\xe5\xa0\x1do\x22\xe8i\xbd\
\x06/\xc3\x11\x87\xcd%\xd9\x8a{\xbd\x9bW*\x8f\xed\
8&\xf5\xe8\xfaG\xcb\xcf\xdf\xc7CV\x83x\xe8\x8b\
\x97\xcf\x03\x88\x02\xb5\xf0SB\xf3\xdb\xd6\xb8\xa6\xb2W\
[K)j\xbd\x8e=\xb0\xf1|\xfc\xfdQ\xa3\x1b\x0a\
\xea\xc8P\xa9\x05\xd2\xff?\x7f\xf7W9\x0a\xfa\xd0&\
\xd0GR\xa6\xfd\x04\x1c:\x0a\xe0\x01d/+\x1ef\
F\x86\xca\xbc\xa4(\x94_\xc6H\x1a\x10\xa5\x01\xa4\xfe\
\xc5\xe7\x89\xb7\xd0\x5c\x01\x06u'\xf7\xef\xa0\xed?%\
D5\xe2\xcc\xbb>\xe0\x92\x80K\x02\xa3\x91\x80\x0a\x8e\
\xe3|\x08MJ\x97\x8c\xabn\x15/\x7f\x0d\x14\x1ex\
\xe93\xaa\x09lyU\xb9\xfbU\x18\x9f\x11\x83@\xb0\
\xeb\xb1L\xd0?2Z\xf3\xd4+\x87j8\xb2\x22\xeb\
\xd4\x80\xbb\xb4T\x9e\x97\xa2\xbd\x9bQ)\x90?\x10\xb5\
\xaf\x0e=\xe3\xe0\x1b\xcd\xcb\xd8\x1a\xb9Y\xe2GG\xcf\
\xb0M,\x86\x8dr\x0a\xadO6\xeb\xb3\xd8`\xa5\xb1\
\xe0\x19&\xe7\x04dp\xa2\x0c\xbd!\xbe\xf0\xc4{R\
g\xb6r\x87\x22X\x00:\xf7\xdf\xfd\xfc+2oV\
*\xe8\x82uI`\x7f\xe2b\x9cBs\xe0\xd7\xdd\x82\
}\xbd\xfa~~\xfbe\x92\x8e\xae\x7flz\xe0\xae,\
7\x80\xd1\x14h\xcdM^>rV\xfe\xba'O\x19\
\x02f\x04\x87 \xc1{\x96e\xa1F?@\x819\xcd\
\xde\x11\xc3O\xc1@E\x9a\x8b\x90\xc9o\xb7\xe4\xca\xc9\
\xcaZ5\xdf\x5c\xa0\xa9\x91A(?\x9c\xad\x8c\x80\xa9\
\x07\x9e0\xed\xe8~B$r$pn\xb9H{\xc4\
K\xba\xfc\x02\xa5\xcd7D\x1a\xfa|\xa4\xa0\xa2FN\
\x17\x97\xca\xa1\x93\xa7\xe4\xd4\x99B\x89\x8f\x89\x96;o\
\xb9\x1e`I_\x09\x0b\x0d\x11?\x84\xf9\xeb\xd0\xf0(\
\xffl\xa1\xec>tXN\x9e>\x87\x0d\xda\xad\xcaG\
\x02A1\x9a\x8e\xa8\xc0\x92\xd4\x18Y\x08\xea\xe3\x940\
\x7f\x85\x8b\xe8A\x98\x84\xbc\xe4j1\xd9\x8a\x0e8p\
a\xb8n\xe5\x92\x80K\x02\x93/\x01\x9e6\x1e^>\
\x12;o\x89\xa4\xae\xba\xca\x88\xc0\xf27\xdd\x0f\xa0\x97\
\xe4?8\x12\xaa\xf3\x8eH\xc9\xbem\xd2\xd9\xdc\x8c\x90\
\xb9\x11m\xc7\xf9\xed\xe3\x1f$\x11\x99s@\x16\xb4L\
\xbc\x83\x82\x0cG\xc2|\xaf\xa1\xc3\x89\xda\x8b\x87r;\
\xbc\x1b\x8dwvH\x07\x98\xf8\xccs\xc7\xd1R\xb1E\
>\xa4\x8c\x81>VI\x99\xf5\xf4\x17G<\xfa#\x00\
\x8e\x1e\x91\xfd\xf7c\x04\xc3\x1bx\xad\x9fm>,\xff\
\xdcW`\xe1\x05\x08\x81\xe7\xff\xd0\x7f\xdc#\xf7\xdc~\
\xa5\x04\x92\xd8\xcd\xda\x9b\x9dB9]\xb7olX\xd2\
w#\xba\xebQ\x91\x9b\xde?sH\xfc\xf3y\x94\xfa\
\xfd\xf4\x9d\x83(Y\xabA\xf7=]\xb2\x96\x12\x1e\xac\
\xc0y\x0b\xe1\xa92]0\x9awQ\x8d,p\x93*\
\x10\xe1<\x8f\xf6\xb7\xcf!t\xd2\x83I\xe6D\x06\xa1\
\xe7\xf2\x95\xb3\x92\x90\x8a\x98-\xc1P\x80S+\xf0\xdf\
\xcf\x81H9\x91\xbd\xaf\x0e\xac\x85e\xe8\x0a\xc5r\xc8\
\xca\xe6v\xc5\x13^\xd9\x0a$-\xfe\xdc\x09\xb0\x9f/\
\xde'\x00\xbc\xd6q1Q\xb2b\xd1|\xd9p\xd9\x1a\
\x99\xbb`\x9e\xb0\xb0RE\x0b \x0b\x96\xfb\xf1^M\
\x0d\xf5r\xe4\xf8)\xf9\xd7{\x9bd\xd7\xfe\xc3RV\
\x81h\x0b\xacJ\x85\xb5\xc0}R\xc3\x03d\x01\xe4=\
?1RR\x19\x19@\xcaFG\xcd\x9cM=j\xff\
Fp}\xd2%\x01\x97\x04\x9c!\x81>p\xfb\xfbI\
\xf2\x8a+%n\xde2hE\xa2\xf3\x99\x87e\xcd;\
\xf2\xfd@\xebW\x1c\xda#\xa5P\xd2\xe4\xcd\xe7eM\
\xf1\xab\xf3\x88\xe0\x0e\x00]p\xec\x9c\xc5\x12\x96\x9e)\
\xde\xfe\x816\x1d,\xa5\xa4\x18\xa1\xd47\x81W\xe6)\
\xb5\x00\x03\x96\xec\xde\xac\xb8\xf8\xd5\xc1e8\x88\x8ez\
S\x0b\xfe\xcfL%\x98\xcf0*\xd3\x86r\x04\x1d\xd5\
\xe4\xc7\x11\xef\xe1\x01\xe0vqc\x9b<\xf0\xb7M \
\xc8kU\x9cL\x1c\xf7-`\x05|\x18`\xc0\x94\xb8\
H\xad+\xcd\x87\x8dFi:b\x80\xc3\xdc\xc3\xed\xed\
\xaf\xdc\xda\xe7\xc3\x9c\xb3U\xae\x9d\xc2e\x04\xe0\x8f\xdb\
\x8f+j\xde\x06\x10\xfep!\xf9\x22\xdc\x7f\x0bp\x02\
\x1b\x17\xcd\x1c[m>&\x99\x5c\x02{\x90Nx|\
\xf7\x09) \xe3\x9f\xf2\xfe\xdd$#:T\xbe\xb4n\
\x81\xccM\x087\x0459!\x9d\x81\xb22\xaaa1\
\x14\x82\x11i\x10\xe5\x96]@%\xc4\x059\x87RH\
\x92\x17\xb5A\xd938Oe\x1f\x15\x11)I\xf1q\
235YrfgJFz\x9a\xa4\xc6\xc5JP\
H\x10\xd2\x1b\xbe\xea=\x07 %\x8cE\xcfM@\xf2\
\xa3&\xd4\xe3\x16\x96\x96\xcb\xd1\x13yr\xe0\xe819\
\x91_ \x05E%\xd2\xd0\xd0\x80\x9aRt\x05\x84%\
9\x13\x91\x9aE\xc9Q\xb2()Z\xe2P*\xc9\xd2\
\xc1\x0193'/\x18\xd7\xed]\x12pI`\x02%\
\x80\x03\xd2;0P\xd2/\xbfN\xa2@\xfb\xab\xc9z\
\xf4\xd9\xc8f?\x95'\x0fI\xc9\xce-\x8a\xd4\xa7?\
\x1d?\xd8\xb3\xd7%j^\x88P\x06\xc5%Kd\x06\
\x9c,`\x09\xbc\x94!\xa0\x0d\x86\x8bN[\xfe\x1bz\
\x0a\xd4\x14\x9c\x90\x92]\x9b\xc0\xc7_a\x18\x00\x8e}\
w\x95\xd7g+\xe3\x01\xb7U\xee\xbf\x8ar\x5c|\xe9\
w\x9bJ\x06\x00\xc7\xea\x096\xdc\xef\xbf\xb1_\xde9\
vV\xb5\xaag\x14&6:\x5c\x1e\xfd\xe9\x03r\xe5\
e\x0bUgW\xfd\x8eSA\xaf\xf5K\xd5m\xf3\x83\
\x1b\xfbt\x0f\x0b\x1db\xa1x\xa9Tv\x9e9\x8f\x10\
\xfd\x11x\xb8\xe8\x22\xa5\x18\x82\xfb$\x03\xa8|\xb2\xf2\
-\x80'\xeam\xa1\xa75C\xe3#\xbc\x9a\x9a\xb7>\
u\xbf\xe7\x0f\x9eQ\x86\x05[\x10s\x01D\x06\xfa)\
F\xc1;\x00\xfe\x9b*\xb5\x93j\xb8j\xae\xfa\xe0\xe9\
7\xcb\xb6\xd3\xe5\xb2\xfbl\xa5\x94\xa3l\xb1\x91\x98\x05\
\xccpld\x94\xcc\x9b\x9d%\x8b\xe7\xce\x91Y3f\
H\x5c|\xacD\x84\x87\x81A\x11!{4\x8d\xf0B\
\x99\x88\xb7a\x5c\x8d4\xf5\xe6\xb2f\xa4\xa5\x13dA\
\xcd@\xdf^hl\x92\xe2\x12\xa4\x11rO\xc8\xfb\xbb\
\xf7\xcb\xd1\x93y\xd2\xd2\xd2\xa2\x9a#e\xa0;\xe25\
\xb3\x93dyj,\xa2\x04^\x86\xd5\xe9\xd8\xcd\xe9\xba\
\x9bK\x02.\x09L\xb2\x04\xa8\x5c\x18\x01X\xbeN\x12\
\x16\xaeRiB\xe2\xa5\x18\xf7o(;'\x05\xef\xbe\
\xac\xc2\xfe\xd6\xc4=\x17\x07\xcb\xfb\x9dw\x05\x0e\x04F\
) *N\xc2\xd3\xb2$,9\x0d\xa9\x01\xf4\x11P\
ew\xe4\xe97R\x8c\xa0\xb2\xedjo\x97\xd2\xfd\xdb\
\xa42w\x1f\x1a\x08\xb5;\x5cy\xa9H\xc5\xe0\xa6C\
<\x08\xa9\xfc\x87\x01\x80i\xe5?\xd2\x89\xea\x9cy\xbb\
\xa8\x9a\xcdx\x8c;\x94\xe8\xf6\xc2*\xf9\xd9[\xfb\xa4\
\x06\x11n\xca\xd2\x03g\xff\xa7\xee\xbeZ\xbe\xfb\xdf\x9f\
\x94\xa8 \x18[vC\xe5\x9d3v[wu\xdb\xfa\
\xef\x1bu\x0a\xdf\xb2j\xfa\xe4BK\xbb\xfc|\xd3a\
t\xe4\xabP=\xeb\xf9\xd2\xec\xc2\xf7\x09\xe4\xe7o\x9a\
\x87\xb2?p!\x9bV\x98\xdd\xf6\x8c\x01f\xdb\x0b\xef\
\xffO\xa8(\xae\x87.\xc5\x00\x00 \x00IDAT\
8S\xdd\xa0\xbc\x7fo\x00\xdd\x96!\xd7\xfd\x95u\xf3\
\x0c&\xbc\xc9\xa5\xfc\xb5\xd4\xce\xe2\xc5\xc8\xd9\xbf\xf3\xec\
y\xd9\x92_\x0a\x8f\xbf\x11\xfd\x0az%,,T\x96\
-\x9c'\xd7]\xb1N\x16\xe6\xcc\x96\x18\xe4\xf6\xfd!\
\x0f\x1f\xa3!\x04q\x14\x1e\xe4\xebV\xbc\xdbj5\x1b\
r\xb7-)\x8d\xd25\x8c(c\xe1\x9bhW\x05\xfe\
\x83\xc5\xdf\xc1\x94\x03\xa2\x00G\x8e\x9d\x90\xe7\xfe\xf5\xa6\
l\xdb\xbb_E\x05\xfc!;\xe2%n\x9c\x9b&i\
\xc0O0\xc2\xa0s\x83\xae\xcb%\x01\x97\x04.\x15\x09\
\x90\xfb?4>UR\x11\x05\xf0\x0d\x8fd8R\xda\
j\xab\xa4h\xd7\xbbRWx\xc6\xc6k\xe2\xdc\xe0y\
\xd4\x1f\x12P\x9f1\xff\xca4\xac\xc2{!\xa2\xeb\x17\
\x1a!!\x00\x18\x86\x81Y\xd0/,B\xb5\xbce\x13\
\x9e\xf6\xfaZT\x00\x1c\x95\x0bg\xf2``\x80\x1dp\
\xd0\xbd\x1c!\xdb^\xf66\xa0\xabl}Y\xb7\xd3\xb5\
\x0a\x95[\xaa\x09\x0c\xbe\x82\xc9A\x88\xf7\x9bV&\xf0\
\xdb\x1c:\xc7\xd7\x00]\xf9\x837\xf6\xc9\x81\xc2\x0ap\
\xe5\xe8\x94y\x02\xc2\xff\xcf>\xf6-Y<\x1f\x9dl\
U\x1a\xc0\x96y\xe6\x08i\x8e\xed\x1en[\xff\xed\xc3\
\xe0R\xd0e|\x0c\xfbs\xa6_C\xbb\xc3\xa7\x00\xfc\
\xd3}\xea\xb5\xf5H%\xfd\xd9\xb5s%=2xL\
\xe4\x06\x9c\xe6Rx\xff\xcf\xec?-o\x809\x89\xcd\
\x7f(\x8aD\x10\xe0\xdc\xb94Cn\xccI\x1d\x80C\
\x18\xdb\xeb\x0c\xf5-\x86\x94\xf04S3ZrY\x17\
\x7f\x9e9yz\xfc\x07J\xaa`\x00U\xaa\xc6D\xed\
\x98\xd8\xe8\xd0 Y\xb1`\x8e\x5cw\xcd\xd5\xb2t\xc9\
\x12\x89Fn\xdf\x1f\x9b\x855\xaa:\xb81P\x89\xf7\
\xdfyp8\xae\xff'CY\x93\xd6\x8bJ\xfd\xd9(\
\x81\xe9@\xba\xa1\xba\xe6\x82\xec8pH^y\xfb=\
\x15\x15\xe8@#\x8f\xec\xd8P\xb9\x02\x15\x19\xcb\x10\x0d\
`%\xc7\xd4\xc2O8v&]wsI\xe0\x83%\
\x01}~xy\xfbHp|\xb2B\xf6\xf3Pn\xac\
(Fk\xdfR\xd5Ao\xcc\xdc\xfd\xca\x03\x87\xc3\x82\
s\x8c\xb8\x00\xa6\x1a<\xf0\x1c\xa6\x16:\x9b\x9a\xa4\xa3\
\xb9\x01%\x80\xc0\x15P\x078A\xe8\xa4\xf0\xb5`\x0a\
tPCq\x00\x0c\x0e\xfd\x9b*\xd3\xfc\xdd\xa9\x1d\x0b\
\xc7\xf8\x9ej\x0e\x10\x05x\xee\xf0\x19yb\xfb1\x10\
\x031m\xae{\xeb|\xeb\xabw\xc8\x97>}\x8bD\
 \x15\xec\x0c9\x8eq\xc8Z\xb5\xbc\xcf\x08\x00FE\
\xae\x7fZ\x86\x85\x17\x1a\xe5\xe7\xef\x1dB\xa7\xba\x0b\x00\
\xa8i\x83\x80\xdd\x01\xbf\xbc~.j\xffc\x11\xfa7\
[\x1d\xda\xffX\xde\x9f\x0a\xff\xbd\xbc\x12\xf9\x0bj\xe1\
+\x91K\xe7\x9d\xfd\x11\x22_\x99\x1e+\xf7\xad\x9a\xad\
\x0c\x01\xe7\x09g\xa0\x17n[%\xf7\x01\xd8\xd7\xae\xc2\
\xfc\xdb\x91\xfe(\xa8\xae\x97\x06LbBt\xa4\x5c\xb9\
t\x81\x5c\xbet\x91\xcc\xc9\xc9\x91\x84\xe4\x14\x95\xefg\
\xc8g\x5cV\xb1\xcaq\x11\xc83\xb2\x1c\xad78\xc7\
\xde\xdc\xda&\x85ee\xf2\xce\xe6\xad\xf2\xdc\xcb\xaf\xc9\
\xe9\xc2\x22\x85\x0fX\x92\x12\xad\x80\x94$P\xd2\xcc\x8c\
C\x99\x02C\x1b%#\x8f\xc6\xf5\x09\x97\x04\x5c\x12\x18\
\x9b\x04\x86\x8f\x06\xda\xba\xa7\xb9SyL\x90\x0d\xd0\x1d\
\x0a\x9aWO\x07\xd2\x90F/\x91qS\xa5)w\x16\
\xde)#\x88\xaa\xb3 b\x9202\xb4Ch\x042\
\xc7\xf6\xc2v}K\x93\x01\xd1\x00\xb0\x8f:\xd7\x9e3\
\xd3\xae\x07;\xf8C\x0c\xfa\x9ekh\x93\xffz\xe1}\
)\xafk6J\xbeE\x16/\xc8\x90G\x7f\xfc\x80\xcc\
\x9f\x0d\x9e\x1d\x9do\x9f2\x972\x008\x1a\x82.\x89\
f\xfc\x05\x94\xff\xdb'\x8a\xd0\xa9N\x83\xdb\xbc\xa0H\
\xd8\xec\xe7.x\xe9l\xfdk\x8f-8X\xddrr\
\xf3*\xeaA\xfa\x93\xa7B\xea\xe6\xc2\x22\xeb \xf3\xfe\
\xd7\xceNQm\x87\xf5\xe5l\xe540\x04\xd3\xabB\
N\x02@b\x83\xbcr\xf4\xac\xecE\x8f\xe7z \xfc\
###\xe4\xa6+/\x93\x0f]{\xb5d\x02\xcc\x17\
\x1c\x10(>\xc8\xeb{\x10\xcca\xe4\xa7F\xf2\xe0\x07\
\xcf\xb2=\x9f7\xa3^\x03\x91\xbc\xfd\xc8^\xf3\x9e]\
\xb0\xfc\x9b`\xb0\xec\xdf\xbdC\xfe\xf2\xcc\xf3\xb2\xe5@\
.\xf8\xbc\xbbU\x13\xa7[\xe7\xcf\x90e\xe0\x12\xe0|\
*#\xc0xe\x17Xp\xca\xec;\xd7@>\xa0\x12\
\xb0\x90\xd8\x8c3\xa4\xae*\xaa\xe82\xa9z\xe0\xf1+\
\x15K\x88\x9dJ\x7f\x9cc\x1b\xed\xd4\x9a\x01\xd9\xe1\xce\
G\x93\xbbh\xaa*\x7f\xcb;C?\xb0r\xee\xed\xdc\
\xb3H\x9fw\xab\xf37,4P~\xfc\xbf\x9f\x96\x0f\
_\xbf\x0a\xf80\xbf\xd1\x8a\xc7\xa9\x9fW\x06\x80\xa6T\
\x14\xd9z\xba\x0c\xc0\xbf\xa3*\xf4\xcf\x06A\x9c\x90\xec\
\xb80\xf9\x1c\x1a\x04\xcd\x8eC\x9fzX\xa0v8\xac\
\x96\x01\x9b\xaa\xbc\x01\xa09\x82\xfe\x9e=X \xb5\xc0\
\x17\xf0yDE\xaeL\x8f\x97\xcf\xac\x9d#\xf1\xa1\x01\
\x17\xe7\xab\x8c\xb5\xed\xac\xb77\x02\xf6\xa09\xee\x96\xc3\
\xc55`;,\x92C%\xd5\xe2\x1b\x18$k\x97-\
\x96\x9b\xae^/\xab\x97,\x94\xb8h\x94;\x02\x0dk\
\xd4\xc6\x8c\x9d\x9f\xc0\x10\x86\xb2\xd6\x99\xfbR\x08W-\
w{\x8d\x9e\x81\xa1>\xbd\xf1\xdb\x91\x028u\xe6\x9c\
\xbc\xfc\xeeV\xa4\x056IqY\xa9\xa4\xc1\xb0\xba\x0e\
)\x95\x95\xe9q\x12\x02\xc0 \xaf\xd1\xcc\x9b\xb3d\xee\
\xba\xafK\x02\x1f\x5c\x09hl\x15\xd3\x8b\x01\x88|&\
B)\xf8\x90\xe8k\xd4;\xd3\xa8\xfa\xb1F\xee\x0f\xae\
.\xb2[\xc8V\xce\x96:\x10\x9d\xa7\xfc\xb5\x811\xf4\
I4<c\xa0\x01O\x1f\x06\x18h\xf7+;\xed\x83\
\x9a\x95\xc1\x1bs\xbb\x17\x9d^\x1fzi\x87\x5c@I\
 //\xe8\x8f\xfb?\xbaA\xbe\xfe\xc0FI\x04\xbf\
\x8b\xa26\x9e\x22\x976\x000t\x82\xdc~\x092\x83\
c(sc\x1e\x9cC\xf4E\xbd\xf9'\x01\xfc\xbbv\
N\x8a\xaa\xcd\xb7.\x15\xb4g\xfc\x5cS\xa4\xf3=Z\
V#\x7f\xdb\x97/\x07\x8a\xaa\x14\xab\x1d\x0d\x8b\x19@\
\xb1\xdf\xbbb\x16\x9a\xfe\xc4+ h?e\xe5\xe8\xb7\
\xc4Hc\x19lY\x9a\x06n\x15\xc8\x8d\xde\x87\xd1\xb3\
9\xbf\x0c\xf8\x84V\x99\x99\x96\x86\xda\xcd\xab\xe5\xea\xcb\
VI\x06J\xf9\x02\x80\x96\xb5(Nc\xf1\xda\xa3H\
\xcd\xc5\xae\x9ek\xdc\xa1\x1f4B\x03@\xef{\xed\xed\
\xebMG\xd4\xe8p\x1bDmO#$gy_c\
L,!\xac\xaa\xa9\x91\xed{\x0f\xc83\xaf\xbc.\xbb\
\x81\x11\x08\x05\xab\xe2Z4wZ\x87N\x8d\xa4\x17\xe6\
\x03-1\x96\x11P\xb6#\xc9\xd3\xf5s\x97\x04\x5c\x12\
\x18\x9d\x04\xd8\xe6\xfc\x9d\x93\xc5\xf2\x1e\xfa\xc7G\xa1\xea\
\xe9z\x18\xe8\xf3\xd0L\xcds\x18\xe5=T,T\xfd\
\xbbr\x22\xf4i\xa4r\xb8\xc6\x19:\xbaQY}\xda\
\xc9\x9e\xbf\x0e\xf3\xf3\xec3NP\xbbk\xe15\xf7\xbe\
:\x1c\xed9|\xc7,\x00\xc7|\x91)\x94.(\xf8\
\xff|a\xbb\x1c\x04\x18\xb0\x93\xba\x14c_\xb54[\
~\x84(\xc0\xc2\xecT\xf1a\x97\xd7)\xf22(\x03\
\xbc\xad\x8f\x0a\xffO;\x8f\x03\xfc\x87\xd0?@\x1fF\
@@\xd6#\x9f|\xdf\xaalI\x80\xb5\xaa\x1b2\x8c\
<\x07\xd6\xe1\x7f\xceW-\xc2\xd4d\x13|\x09\xdd\xfe\
\xea\x10\x09\xe0\xcd\xc3\xd0F\x91\x1e\xea\xc7Vd\x03H\
g\xd6G:f\x02F\xba\x0b\xd3\x0f\x9c\x90\x12\xe4h\
\x08F\xdcVP&\x0d\x9d\xbd\xb2v\xc5R\xf9\xd8\xc6\
[d\xf9\x82\xf9\x12\x09\xa6>/\x03\xeb0\xb8\x1cE\
E\xd3m\xecL\xd3\x82\xb5(}\xa2U\x09\xd0\xe9\x82\
<YB\xc3\xdf;a\x11R\x8e\x04\xbb\x80\x17@<\
Ax\x84_\xeeh\xf3\xc9?\xf3\x07\x8a\xaes\x90\x82\
\x1eh\x1d\xdb>\x16\xf8^\x8d(\x07:|<O\x1e\
\x7f\xf6Eyc\xd3\xfb\xe2\xe5\xd6\x03Z\xe1X\xd5\xe3\
a\x1e\x2294\xbex\xf1\xfd\x07\xdb\x12#\xc9\xcd\xf5\
s\x97\x04\x5c\x12\x18\x9b\x04xf\xb4\x80\xfa\xfc\x1f\xe8\
z\xfaO\x10\xa0q\xef\x91F\xfd#\x8b3@\xf2\x15\
\xac\xf0W\xc3]\x17y\xc7\x86\xb7\xae\x0dz\xb6\x10\xd7\
\xdd\xf3\xc6\xa5S\xac\x0c\x00g$aM\xa7H;B\
\x86\xe1b\x8f#B\xf7t\x9a(\x7fN\x00\x1d9?\
\xe8\xb7'\xf7\x9c\x92'\xb6\xe5\x82\xfe\xbdS9\xb81\
Q\xe1\xf2\x93\xff\xbd_n\xbcj\x99\x04\x22\x95>U\
\x98n\xdd\xb6}\xed\xb6\xbe\xf7\xc0\xc9\xff\xfbm\xc7@\
\xf7\x0b\xd4\xbf\xb2,E-\xcc\x07\xaf\x5c\xa8Z\xfd\x12\
\xb80\x9aEam\x04\xecGN\xfd\x094\xfcad\
\x81\x0b\x9d\xfc\x01\xf3\x13#\xe0\xfdg\x83O J\xf7\
Q\x1e\xd7\xca\xb5\xbdu4\xe8\xdf\xf0\xb6\xcd\xa4\x16\x06\
\xc6\xcdR\x04\xa0\xe3\xab\xb9\xe7\xa0\xfc\xcb\xa5\xc7\xc3[\
\xae]\x7f\x99||\xe3\xad\xb2\x08\xf5\xfc\x01\xfe~\x96\
\xd1\x0c_\x8bj\xee7\x9d`\xef\x03r\xb6\xaf\x13\xa9\
\x93\xd6&\xe9\x03\x17wO\xc3\x05\xe9\xad\xaf\x92\xde&\
\xfc\x8e\x9a~\xb7\x0e0D\xa1I\x87\x9b\xea\xdc\x85\xec\
\x1d\x01=>\xc1\xd2\x0b\xf4\xad{ \x1a*\x85\xc5\x8a\
Gd\xac\xb8\x87F\x8a\xbb\x7f\xb0\x22\xe10\xd1\xff\x17\
\x8f\xc3Z\xc2\xfa\xfd\xf5\x99\xc0\x0e\x8b]r\xe2\xf4\x19\
y\xe6\xa5\xd7\xe4eT\x0a4\xd4\xd7\xc9\x1c(\xff+\
g%\xab\x86CL\xe3\x04#:\x10\x02+\x94\x08U\
\xeb\xbe .\x8c\xc0\xd8\x0e\xf8\xa9\xfb\xad\xd1\xec\xda\xa9\
\xfb\x16\xd3{dF\xb2\x11\xbf\xedC\xe7\xd3\xbf\xee=\
\xa5\xce\xc2\xc8 \x7f\xb9\x05\x94\xea7\xa3\x9bj0\xda\
\xc6\x0eo\x02\x0c\x92\x00?l(O\xe3\xf4\xd18\x80\
\xf1x\xc8\xc6=\xc7&\xeb\x8b\xcf#\xeb\xfb\x98cT\
\x8a\xdc\x04\x16\xda9Xu\xe7\xf1\xbc\xd7\xd8^h\xd4\
\xdf\xb2\x0eh\xb0\xb7Kne\xbd\xfc\xe8\xf5=Rr\
\xa1I\xe9T\xf6\x03\xf8\xf2\xa7o\x95\x07\xbf\xb4Qb\
\xa1[G7\xe1\xa3\x1e\x8e\xdd_p\xfb\xddG\xd7\xf7\
=\xba5W\x8e\x9f\xbf\x006:\x9d\xf7\x0fEc\x9a\
\xbb\x97f\xcaM\xa8/\xf7\x07\xc9\xccX.\xceu\x05\
\xba\xe0=w\xe0\xb4\xca\xff\x13TH\x85\x16\x1b\xec\x0f\
.\x814a?\x81 \xe4KF\x0a{\x8f\xe5\xd9\x16\
\x858`\xed\x80G\x1f\xefw\xa2\xa2V\x8dg\x1f\xd2\
\x11\xc1\xa8{\xbd\xe5\xba\xabe\xe3\x0d\x1bd\xf6\xcc\x19\
 \xef\xa1\x17\xae/{,4z\xeb}\xedP\xecP\
\xf4=U%\xf8U$=\xb5\x150\x00\xa0\xf4[\x1a\
\xa5\xb7\xbd\x05\xd4\x87\xf0\xfa\x11aq#\x81\x87J\x08\
\x80\xfc\x08/\xadBx\x1e(\xb9\xf1\x80|\xc1\xf5\xed\
\xee\x8b\xca\x82\xa0\x08\xf1\x08\x8f\x15\xcf\xd4\xd9\xe25k\
1\x0c\x83P\x1d\xfa\x1a\xc5\xc5\x0d\xd3\x0d\xee\x80\xa2\x92\
rys\xcb6y\xfe\xf5\xb7$/?_\xe2\x83\xfd\
daj\xbcd\x00\xcb\xc1\xf9\x0d\x87\x01\x10\xee\xe7\xa1\
\xb8\x04\xc8\xf1`\xd9h\xa3:\x89F10\xd7G'\
U\x02*2eD\x97\x94\xd1\xc75\x08\xb2\x17ed\
b\xbdh\x12\x18c\xdd\x8fr\xcdM\xea\x8bM\x83\x87\
s\xdfw\x03SU\x0bp\xf1\x1b8{\xfe\x05\x80\xd8\
\x05P\x86\x93\xfd\x94\xac\xaa\x97\xcdLP\x98({/\
\x9d\x020O9+\xf7i0\xa9\x8e\xbd74?7\
f#\xc0\xfa\xd0\xb0}^\x99\xe4=\x16\xde\x13\xb3'\
\xba\xd5Ykb\xd1\x8c|\xc6hG?e>\xcfw\
mD\xd5\xdbO\xde: {QQ\xc6\xb6\xf7\xdco\
k\x97\xcf\x91_\x83\x19p\xce\x8c\x04\xc3\xa6\x19\xdd\xd9\
\xee\x8c\x17t[\x95\x1e\xd7w\xa0\xb8JQ\xf4\xf2\xf2\
\xc2\xa1p\xe5\xacD\xf9\xd8\xf2,\x84\xfe\x83\xc6T\xf3\
Ou\xc2\xfb\xb1\xdb\xdf\xdf\xf6\x9d\x92bXA\x5c\x22\
D\xfa/\x01:\xfd\xe3+g\xc9\xacXR\xfe:\xd6\
\xf7\xef\xcf\xf5\x0f\xf4|Lj\xe3\x03E\xd5\xf2\xafc\
\xe7\xe4H\xc9\x05\x89\x89\x8b\x93\xbbo\xbbYn\xbd\xf6\
JIKLT-x9\x1djD6\xe7\xc5\xe4\xda\
\xd2\x9d6\xfa\xa0\xe0\xbb\xcb\xceHW\xd1I\xe99\x7f\
Vz\xeb*\xa0\xf4Am\xdc\x8e(@7\x8c\x1d\x94\
\xe8(kW\xf5\xb7\xd6\x9b\xd5(\xfc3\x8c?\x8d\x0e\
\xd0)1=^77/\xf1\x0c\x8f\x13\x9fU7\x8a\
\xd7\x82\xb5\xe2\x1e\x102\xd0\x00P\xa1{\xec\x1c\xce\x15\
\xef\xcfC\x9c\x06\x84\xa5\xfb\x87\xb1D\xf0\x5cV7T\
\xd7\xd5\xc9\xa6]{\xe5\xcf\xffx^\xf6\xec?(\xf1\
\xb0<\x97\xceH\x94\xb9I1\xe2\x87\xb9\x08\xf4\xf6\x90\
\x08_O\x89\xf4\xf3\xd2\xd1\x00g\xac0\xd7='U\
\x02:e\xc5<*\x98\xc9@\xfc\xe2\x1b\x12&\x01\x88\
4\x91\x16\xd6\xc3\x17\xdd?\xb1\xdf\xbba\xc4va\xdd\
v67\x82`\xa6\x06\x8d_\x1a\x95\xb1@\x03A{\
o\xaek<\x12`\x1e\xb8\xa6\xadK\x1a:zT\x99\
\xf5{'\xce\xca\x91\xe2J\x15\x1a^\x0cJoVB\
\xcd\x05\x1e\xc0\xba\x13\xebH\xcf\xb3\x8e\xdc)\xa5\xca\xf9\
rD\x89\xd9\x98\xb0\x00<\xdb\xccH\xee\xf0\x06\x80\xe5\
p\xb5e3\x5c\x22\x01+\xd5\xf1\x15\x15XO\x82K\
\xe7E8\xc0\x8d\xad\x9aJ?\x0c<\x00\x8f\xfe\xe4K\
r\xfd5\xcb\xe0X\xc3\xd9\xb4\x95K\x1ei\xe2\x1d\xfc\
s7\x1fO\x8f>S\xf9s\xa7gD\x87\xc9\x17\xd6\
\xcdE\xe8?\x1c4\xb6\xf6[\xa5\x1c\x97%\x1c\x85?\
s\xa1\x13\xf8\xb7\xf9T\xa9j$\xc4\xb9e\xf7@R\
\xfe\xde</]u\xb7s\xf4e\xeb\xb0\xe2s9!\
LE\xfc\xf3\xd0\x199^Q\x07\xca\xdex\xb9\xef\x8e\
\x8dr\xebuWI\x02\x98\xfcTm\xa6\xe1\x02\x0f\xe7\
\xfc\xb0\xee\xb6\xaf\x15\xd4\xc8\xe5g\xa5\xfb\xf4!\xe9.\
<\x05\x8f\x1fe\x8d\xed`\xca\x82\xd2\xef\xb7`\xd5\xa9\
\xabk[\xd9\x83{\xd8#T\xef\x04\x95\xe6\xf2\x0f\x11\
\xdf\xc5W\x89\xf7\xb2k\xc4#\x22N5\xe3P\x17\x17\
\x14\xa2\x09=\xb5\x95\xd2[S.\xbd\x0d5\xc0\x16`\
Q\x01\xa7\xe0\x11\x0cTiT\x82\x8a\x1c\xb8!\x8a\xd0\
_\x12\xc4~\x0e\x82\xe6D\xcd\xb2e\xf7^\xf9\xe3S\
\xff\x90=\x07\x0fK,\xe6`uV\xb2d\x81\xa1\x8a\
\x9e\xbf/\x16jL\x80\xb7\xc4\xf8{+@\x92\xeb\xb0\
w\xf4\xaa\x9c\xec\xfb\xa1\x9b\x1cj\xc7\x03\xa3\xe3TK\
\xd9\xc0\xe8x\xb4\xaa\x06O\x04\xa2NT\x18\xcah\x86\
A\xc9\x12R\xf2\xc9\xb77\xd4\xa2\xf1K\xb94\x96\x17\
Kk\x0dRX$\x821#D\x93\xfd*\xd3\xee\xf9\
:\xa2\xda\x88\x96\xe0%M\x9dR\x8f\xdfy\x16\x1e\x03\
\xc9\xd8\xb6S\x85\xe0CiFi\xb5\x0f(\xbdS\xe4\
6\x9c\x8b\xd1A~\x9a\xe6w,\x97\xb1qU\x1d\xbf\
\xd5eO\xe9\xf1\x80/\x8c)\x0a\xa0\x0d\x00\xed>i\
7\xea\xe23\x8f\xb9|SK\xd8~A\xbbq\x81c\
\x91\x8f\x93\xbfcm\x90\xa9G\xe1\xd8\xdf\x05\xd6\xdb\xdf\
\x80Q\xb7\xbc\xaeE\xa7\xd6\xb1\x16>}\xcfu\xf2M\
\x10\x03%\xe3\xfc\xd5\xe4qc\x9co\x07\xbd\x0f\xc6\x84\
a\xa8<\xbcH4\xc2\xc4\xa4\xfb\xbd\x22+\x09!)\
]\xa22\xfa\xe11\x0f\xdd-\x9b@\x9f\xfb\xec\xfe\x02\
)\xac\x01\xe5/\xee\xc4\xdc\xffj \xfe?\x0e\xe4\x7f\
\x1a\xd8\x04\xfbc\xce\x0ez\x93!n\xd3\x8e\x0d\xb7\x1f\
\xe1\xfe\x97\x8f\x9c\x91\xd3\x88Dded\xc8Go\xbd\
In\xb8j=J\xfc\x06Z\xdd\x1a\xa0b\xe3F\xf4\
\xa8\xdb\xa0\xf8+\x8b\xa4\xfb\xccQ\xfc:&\xdd\xe7\xcf\
\x89\xb4!\xb2\xc1\xee\x5c\x06\xbau\xb4\xca\xd3\x8c\x00p\
!0\xe7\xef\xb5`\x9d\xf8\xae\xb9E<b\x93ux\
\x16W/<\xb3\x9e\x8aB\xe9>wLz\x8b\xd1=\
\xb1\x16\x06@k\xa3b\x03\xebc\xd4\x02\x18\x02\x8f\xc8\
D\xf1L\xc9\x16\xaf\xf4\xb9\xe2\x11\x95\x88PK\x7f*\
\x83ck\x02q\xd0\xe6\x9d{\xe4\xd1'\xff&\x07\x0e\
\x1fEd'@\xd6\x01\x8d\x9a\x18\x8e\x16\xd0\x18\x04\xd3\
\x00\x89\x81\xde\x12\xa1\x22\x01\xe4\x04\x1f\xed\x9b8w\x0e\
]w\x1f\xbd\x04\xd41\x0c\x03\xd2?*\x06|\xef3\
\xd0\x17>]\x02\x22b\xd0\xb4\x04u\xc8\xe6\x227\xe7\
\xd9\xb2\xe8\x89e\xe9Q\xd1\x80\x16P\xcd6\x94\x16J\
c\xc9Yi\x81!\xd0C\x83\xd3u\x8dZ\x02\x9c\x87\
\xc6\xce\x1et\x8b\xeb@\x04\x80i@R\x8c\xb7\xc8\xce\
\xfc\x129Rt\x1e\x15W=\x92\x86\x0e\x9f\xb7-\x9a\
!W\x03\xa7\xc3\xde!c\xde}\x16j\xdd\xd1\x9f\xda\
\x03\x8d\x00F.G\xf3\xaa\x83\x0d\x80\x8b\xbf\xab\xaa\x9d\
\xc6\xa0MF3\x8a\xc9\xfc\xec\xe0\xb7S)p\x94}\
>\x0cj\xe0\xa3V\xddtge$\xc9/\x7f\xf8y\
Y\xb3,\x07\xad\xdf\xcdV\xc7\x937r\xad\x83\xf0\xff\
\xe4\xf7\xff\x08\xf2Q\xe4\x95\x0fF\x8e\x98\xd7X@a\
4@\xe9\xfd\xff\x03\x94\xbf\x9b\xe0\xfd\xb7vv\xa9i\
\xa7\xd2\xbfsI\x96\x5c\x95\x9ddp\xd6\xf3\x09\xe3\x5c\
\xa8\xc3\xc8\x8d\xde/\xad.\xf6\x1ex\x01\xf4\x8c\xf9\xd5\
\x8d\xb2\x04\x08\xff{\x81\xf4\xbfj\xcd*\x89\x0c\x0b\x1b\
6\xbdn\xa2U\xfb\xba;\xa5\xa7\x06\x1b\xb5\x00\x1e\xff\
\xe9\xc3P\xc6\xe7\xa4\xb7\xb1\x0eax\xbd\x99M\x9fy\
H6.\x8bYk{\x03\xa8\xefc\x02<\xd3r\xc4\
\xff\xea\x8f\x89Gr\x16<{\x8d\x8d\xe8\x05\x15g\xd7\
\xa9\xfd\xd2ub\x8fJ7\xf4\xe1\xb9\x1c\x8fJ\x03\xa8\
\x89\xc3\xff\x91_\xda\x0b\xa1\xdc\xe0H\xf1\x9a1W\xbc\
\xe7]&\x9e\xc9\x99\xea\xdf\xf4\xa5\xef_\x87\xc6B\xaf\
\xbf\xb7U\x1ey\xe2i\xc9/(@\x1a Z\xd6d\
\xa5H(\x88)\x18\xa3\x08\x06& 1\xc8[B\x91\
\x12p\xe9\xff\xc9\xdb\x90\x0ey2&\xd0\xc3\xdb[\xc2\
R3\xd1\xf9m\x8e\x04\xc7!\xc5\xc5\xceof\xfb\xee\
!Owc\x8d\x1ax\x81NpL\xb0\x0dl]\xd1\
i\xa9/<\xad\xf8\xe1U\xba\xc9u\x8d(\x01\xb3\xb7\
\x0a\xb7(S\x00l\x17^\x85v\xe1]8\x98\xba`\
\xbc\xe7\x03s\xb5\xedd!\xd2\xa3\xf5\xca9\x9a\x07\xb0\
\xf5\x9dK2T\x8at\xac\xb8(]\x0f\xc0\xed\x0e#\
\xc2\x1e\x84\xfdPo1\xca(\x80%\xf2\xa9\x1c\xa1\x8b\
Ou\xeb4\xe7\x88\x82\xbb\x84>\xc0\xd9\xf83\x98o\
\xff\x09\xfe\x9b&\xb0\xca2\x02\xe0\x87r\xfa\xef|\xed\
n\xf9\xc4\x9dWK\x14\x1c\xb0\xc9\xbe\x181\xea\xf3A\
(\xf9z\xa0Q?\x0a\x05\x1d\x11\xc8\x12\x851*g\
c\xd1\xb1\xd6\x95\xbd\x04\xc8-@#\xc2\x1f\xca\x85(\
\xf4\xbb\x97fI<B\xd0\x8e\xb0\x05m-p\xf3\xbe\
\xcap\xc1K\xe4W\xd6)\xf6\xc1\x03 \xf8\xc9\xc9\xce\
\x96\xaf~\xea^\xb9b\xcd\x0a\x09\x09\x1a\x88m\xb0\x1d\
z\x82`\x10\x12\xed*\xc9\x97\xce#\xdb\xe1\xf5\x1f\x91\
\xbe\x86j(`\x96I\x0e~\x033\xfc\xd5o8\x9b\
\xf7\xec\x97\xe5\xc5o\xad\xde\x01\xffL\xe4\xbf\xdf\x0d\x9f\
\x10\xef\xec\x15(\x0f\xd4\x1eZ/R\x0d\x9dG\xb6J\
\xe7\xfewat\x94\xa8\x0a\x02\xb3S\x97Z4\x03\x1a\
\x0d\x11\x01\x0cC\x00\x98\x01\xaf\xec\xe5\xe2\xbb\xfcZ\xf1\
\x8cOW\x07\xbei\xc83\x0dRQU#O\xbe\xf0\
\x92\xfc\xf2OO\x88\x17\x8c\x88\xb5\xb3R\x140\x90\xcf\
\xf3\xc2\xaf0_\x0fI\x0d\xf1AZ`\x1c^\xc8d\
\xaf\xe8I|\xfeH\xebz4\xe1\xd8\xb1\x1f\xe0(s\
\xc5~\x8e\x9e5_b\xe6,R}\xe0=XQ2\
\xc6\x8b\xfd\xe6;\x9a\x1a\xa4\xbe\xf4\x9cT\x1e;(M\
Ue6\xe2\x82\xd6o\xeeB\x0d\x18f\xb7\xc5\xbd\xe1\
y\xd4\xd0\xde-\xa5H\x034 \x1a\xc0\xab\x19\xe5a\
\xbb\x0bJ\x10\x09(\x96v\x00\xa4\xd9\xd1s\x0d\x22\xa4\
\x1f[6K\x92\xc3\x83\xc68[\xb4\xf7\x19j\xe6y\
0N\xe7j\x14X\x80\xc1\x06\x80u\x19\xf3X3\x1a\
c\x17\xc0\xd4\xf9&qUG@\xa9\xff\xfd\xd7\xf7J\
9\x08\xa04\xceK\xe4\xa6\x0d+\xe4;_\xbf[r\
\xb2R\x87\xe5\x81\x98\x887\x81\x01\xe0\xd6\xb7\x02|\xfc\
\xf7\xaf\x9e#\xe9(\x133sH#e\xae\x07\x0f\x8e\
G\x00\xbd\xff\x0a\xf0\xfc?\x85R\x17\xd2\x09\xb3\x89\x0e\
\x85\x90\x1e\x19\x22w,\xceT\xb5\xaf\xfc\xfbh\xc0.\
\xa3\x11\x82\xe9\x91\xf3\xf7\x0b-\x1d\xf2\xf4\xde<\x15\x85\
\x88\x8bO\x90\xaf\xdcw\xaf|\x089\xff\xd0`\xa4\x1f\
\x86\xbc\x8c; \xd7O/\xbf\xfbl\xaet\xe4\xeeD\
\xf8\xfd\x84*\xefc\xa3\x0a\xad\xfc\xe9\x81\xf7\xa7G,\
\xd12\xe3\xec3\xb8\xba\xf4\x1e\x845\xae\xbc&\xfc\x85\
\x1bSY\xe9\x0a \xc8\xbdJ\xe0\x8e\xa7x/\xbeR\
\xfc\xae\xbd\x07\xe5\x7f\x06\xe8\x0f\xd1\x85\x8e\xe3\xbb\xa5\xfd\
\xfd\x97\xa4\x07\x9e\xbf\x19m\xd0\xcf\xb5\xbaTI!7\
=\x14=\xef\x8f\xff\xdc\x81\x05\xf0]\xbeA|\x80%\
pG\x9bO\xebp~\x0f\xbc\x8f\xdcS\xf9\xf2\xd3\xdf\
\xfdI\xde\xdc\xb4U\x1d4W\xe5\xcc\x90X\xf4a\xe0\
x\x88\x01\x88\xf5g$\xc0W\xcd\x93\xeb\x1a\xaf\x04\x8c\
P\xaa\x9a{\xa2\xeeuz\xc5D\xe3k\x0d1\x84\x9c\
G\xb2&\x86\x18\x9a'=\xff\xb4LI\x5c\xb4\x1a`\
\xbf\x98\xf1+\x02\xe39\xddH\x01\xd4\x15\x9f\x95*\xf4\
\x9fo,E\xb5K\xa7u{X\xb5\xfb\xb9\x10\x1db\
\xdc\x8fW\xeaS\xf1\xfb\xe4\xe08\xdf\xdc%\xe7[\xba\
\xa4\x93\xfb\x1e\x83\xa4\xf7\xbf\xf9\xf899]Q\xa3p\
J\xc4H\xdd\x02|\x14\xa3\xb0A$^\x1b\xcb\xa5B\
\x97\x9cv\x07Dj\xec4\x024\xc2\xdfj\x1d\x1bQ\
\x80\x0f\xb2\xf27\xa7\x8es\xfd\x837\xf7\xcb\xce3\xe5\
\xba\x1a\x00\xff\xcdL\x8b\x97\xef\xfd\xe7\xc7\xe5\xbau\x8b\
$\x88\xf4\xfa\xa6\xec&\xc1vv\x9b\x13\x17\xd1\xf7\xa9\
\xd5\xa8\xc9O\x8a\xd2\xed\x0a\x8d0\xceHk\xcf\xd6\xf9\
\xd4\x0d\xc5\xf6\xd6\x89b\xf9;\xc0\x7f\xc5\xb5\x00\xc6\xe1\
\xa2\xf7\x7f9\x18\xe9\x18\xdeJE\xaekl\xb8\x82\x91\
F3\xf0\xe7\x8d\x08\xb7\xbc\x04\xf2!r\xfb\x07\x02\xf5\
\xfc\xd9\x8f\xdf-w\xdfr\xa3D\x87\xa3\xf2`\x04\xbd\
\xc6z\xfe\x9e\xaaR\x84\xdd\xf7J'B\xef=\x15E\
\x1ap\xa75\xad\xd5\xaf\x8b\xc7\xa4n\xad\xea\xfb\xe1\xc5\
\x83\xdc\x87\xf5\xfcD\xf2\xf7\xe1\xef\x8a\xf0\x87\x09\x03\x1a\
\x11\xe0\x04`\xb5\x00q\x05n\x00h\xf9\xae\xbf]\xbc\
g.R\xdd\xa4(\x9f\xae\xe2<i{\xef\x19D\x1d\
r\x11?D\xc4a\xc0\xb3m\xc9\xc2|)\xfc\x0eo\
\xcf{\xe6<\xf1\xbd|\xa3x\xa6\xe7\x18\xe3\xed\x1f}\
{g\xa7l\x01\x1e\xe0{?\xff\x8d\x9c>sV\x96\
\xa6'\xc8\xba\xd9\xe9F\xee\xb1O|\xa0\xf8\x19\x05\x88\
\xf4\xa7\xd7\xd8/\xac1\xea\xa3\xd1M\xdc%\xf3i-\
-\x86\xe1\xbd\x03\x82\xc4\x07\xbf<}\xfd\xf0w_@\
7\x90coiBu(\x22<\xf0\xac\xbb\xd1\xd4E\
]#-L{d\x03\xef/|&\x88\xbb\xd07>\
\x08`?F\x02\x1cw\xc1t\xc5\xde`\x04\xa0\xea\xf8\
!\xb9p6O\xba\xdb\xda\xd4\xb8]k\xc3\x1e)\xf7\
I3\xbc\x7fF\x01. \x1a\xc0\x8b\x0a\x818\x80\xf7\
\xf3\x0a\xa5\x0e\xf9bVI\xcdA/\x8f;Q\x15\xb0\
\x22\x0d\xa0\xde\xf1Db-\x06\xfc8\x0cy;S\x01\
\xea|\x1a\xc7c\xec\x91\xdet\xfc\x0c\xe5\xc29}\xe3\
d\x91<\xb6\xfd\xb8r\x8e\xb9[\xc85\xf3\xc5\xfbo\
\x96\xcf}\xe2\x06I\x8c\x81NR\x1bhr\x04\xe8\xf6\
\xf0\xad\xab\xfa\x96\xa0\xd5/\x91\xf0\xda\xa75\xfd\xd9\xd1\
\x0dHY\xb4P\xfa\x8f\xef>![@\xadKzZ\
^\xc9\x11A\x8a\xf1\xea\xaa\xecd\xf1\xc5\x814\xba\xbb\
\x8ef\xda\xb5\xf7A/\xf7\x9d\xbcbx\xff\xf9\xd2\x8c\
}\xf6\xf1\x8f|X>{\xcf\x9d\x92\x12\x1f\xa7\xd8\x0c\
\x87{\xbeBC\x97\x9f\x93\xceC[\xa4+o\x9f\xf4\
\xd4U*P\x94^\xdd\xa6\x5cL#\xc0\x1c\x9b.\x7f\
q\xf3\xc6\x01\x1f\x1a-\xee\xb1\xc08\x00\x95\xef\x16\x02\
\x80aP8\x0c\x00\x18=\x00\xe5)b\x1f\x03*\xaa\
\xf2\xf8 \x07\xeaET\x81\xd1\x01/\xd4\xfd\x9b%\x7f\
4\x0a\xda\xde\xfd\x9bt\x1c\xdc\xac*\x0e\xfa\xd3\xb5\x83\
\x9fk>_\x85\x19\x06\x08\xca#,J|\xd7\xde\x8a\
j\x82\x0d\x18\x17\x9em\x0c]oT7\xa4\x02\xaa\xe5\
\xb1\xbf\xfeC~\xfd\xf8\xd3\xe0%\xf7\x90k\xe7gH\
fL\x84\x8a/\xd0\x04!\x0e \x8d\xa9\x00+\x90\xca\
E(\xd7\xd1L\xcd%\xffY+\x15\x08\xaf\xc9\xcb\xcf\
_\x02c\x12\xf0+^\xfc\xd0\xbf\xdd\x07k\xc0\x13\x86\
\x1e\xfb\xaf\xd3\xfb'\xc8\xae\x0bs\xdbZ[-M\x15\
e\xd2t\xbe\x04\xca\x14dQL\xbd\x8c\x0a\x80\xd1\x1f\
a`\xe87(6Q\x12\x97\xaf\x93\xd0\x84T\x84\xfd\
\xa1\xfcu\x08J\x1d:\x96(\xd5x\xe6BE\xadz\
\x00\x10\xac\x96\xf3\xb9\xfb\xa5\xf2\xf8A\xa3\x94\x897u\
\x99\x01#\x89\x96s[\xd5\xd2\xa9\x8c\x806\x82\x94p\
\x9d\xafk\x92m0\x00\x8e\x97j\x9a\xf4@\xa4\x02H\
\x8f~\xcf\xf2Y\x92\x14\x1e\xa8\xcayG\xad]\xcd\xfc\
\xffX\x0d\x08\xeb\x17\x19!\x0a`YW\xce;\xd8G\
\x12\xeb\x94\xfe9\xc5R\x09\xe3\xee\xff\xd0 \xe8\x10J\
?;\xbaA\x0d\x0c\xe3l\xfd\xeay\xf2\x83\xff\xb9_\
\x16\xceN\xd5\xfd\x9c&\xcb\x00\xd8\xf6o\xb7\xa9\xca\x93\
~>\xbe\xb1,8T\xc1a\xf1\xbe\x8bv\xbf\xff\xd8\
\x9f/\xe7\x00\x02\xe4\x1d=\xa1\xdc.\x07\x17\xfd=D\
\xfe\xd3\xfbwbL\xc8\xc4\xa1\x9e\xadn\x90G\xb6\x1e\
\x95c\xe7\xeb\x00\xf6[)\xdf\xfa\xf2\xe7e\xde\xacL\
4i\x80\x22\x1ca\xa9P!w\x1f\xdd)\x9d\xfb\xde\
\x91n \xfe\x15\x8d/\x0eV\x0b\xc0O\xdd@\x13\xa6\
(]Jo\x1f\xf5\xd4\xee\xa8\xdd\xf7H\x98)\xdeI\
Y\xe2\x16\x9f&\xee!\x11\x22\xf4\xfa\x11\xdeg(N\
c\x12xV\x1a\x1d\x0f\xf4_\xb4q\xc1\x0dF4\xbf\
\xf1o]\xe7r\xa5\xf5\xe5\xdfK7\x88\x85T\x1d\x9f\
e\x87\x0d\x0a\xff[\xdee\xb0\x01\x80g\xa1\xc4\xcbg\
\xf1z\xf1\xbd\xe2\x0e0\x0cF\x1b\xe5&|\x94\xbeY\
\x07\xbc\xce\x1d{\xf6\xc8\x7f=\xfcs\xc9;[,s\
\x93c\xe4\xba\x05\x99@\xa5j\x8f\xd1\x0b\x0b4)\xd8\
G\xe2P\x1e\xe8\xba\xec\x93\x00Sg\x9e\xbe\xfe\xe2\x1f\
\x1e-!I\xa9@\xdd\xcf\xc0\x9f\xd1H\x0as\xa1\x15\
\xb1\xd2\x9e\xc6\xc2\xd1e\xa7=`ml\xad\xab\x867\
}R\xea\xce\x9c\x92\xb6\xfa\x0b\x86\xc1iN\xbb\xe6}\
\x18\xfap\xe87\x00|\x83C%e\xd5U\x12\x8e\xf0\
?\xfb\xbb\x0f4\xe4\x1d\xa2\xfe-\x82`\xa30V\x09\
\x14n\x7f[\xea\x8b\xcfY=K\xaf\xb1\xc9:\xcc\xec\
\x9b\xa9\xc9\xfb\x14WA\x0b\xa2\x00%M\x1d*\x0a\xc0\
\xed\xd8\x865p\x14\x8a\x81F\x00\x9b\xc7p\xa9D\x1b\
,\x81\xb7\x01\x94\xed\x8f=9\xea\xd9\xb3\x18\x00#\x9d\
xv\xc8B\xf9\x1dC\x8f\xe0\xa2\xf0\xbf\x1d\xb7\xfc \
}D\xe3#\xdc\x95c\xccJ\xb4:\xa4\xa6y\xc5\xa0\
\x17\xce\xff=\xf4\x19\x85\x07\x08\xb0\x22\xa0\x9bh\xd9\xb8\
m\xfd\xf7\xdb\x94Z\x1a\xcfE\x0b\xa6\x1c5\xad\x7f\x87\
\xf2\x7f\x0f9w\x22\x1ey\xb1\xdd\xef\x9d`\x14\xdc\xa0\
\xda\xfd\x8e\xae\x93\xa0=\xe3\xa1pM^{\xda\x16d\
\x1bd\xde\xff5\xb0mEGE\xcb\xff\xfc\xfb\x03r\
\xdd\x15\x97K\x80\x1f\x94\xb1\x1d\x16V_[\x8bt\x97\
\x9e\x91\x9e\xc2\x13\xd2]\x8e\x92;\x94\xfa\xf56\xd6j\
N\x7f5 \xfe\xbf\x06\xd9\xb8\xf9\x07\x89GL2\x10\
\xf7\xb3\xc4\x03%x\x9eq\xe9@\xe2#\x9c\x03/O\
\x7fX\x1f\xce\xe6\xf74\x00\x8c\xba\x808\x02C\x0f\x0c\
\x18\x13\xfe\x1d\xe1\xfe\xf6\x1d/\xab\xdc?A\x80c\xf1\
\xfeyg\xce\xa6W\xf6\x12\xf1\xbd\xe6\xa3\xe2\x95\x98\xa1\
\xb1\x06\xe6\xb3\xa8xP\xbax\x16\xe1\xff_<\xfa\x07\
y\xfa\x8dM\x12\x1e\xe0+7.\xca\x92\x94\xc80\xf5\
HF\x0fC\x10\x19\xc8\x0c\xf3\xb3\xb4i6q\x0d\xf6\
\xcc\xcb\x07\xea3\x5c\x83\x98s*\xfb\x10(\xfd\xf0\x94\
\x99\xca\xf3g\xed=K5-d\x1fj\x8b\x19\xc6\xb5\
\xd5\xfc\x13\xbb\xd1\x05\x8e\x87\xfa\xa23R\x9d\x97+\x8d\
\xe7\x8b\xd1\xeb\x1d\x1d3\xed\x14\x22o\xeb\x89\x88C\xec\
\xbce\x127o\xa9x\xe3\xcf\x13q\x11\x1cX\x8b\xca\
\x80s\xdb\xde\x92\x8e\xc6zsA\x0f\xab,&b\x5c\
S\xfd\x19d\x04\xac\x021\x0c\xab\x02:\xba\xb5\xdbr\
\xbe\xbeI\xb6\xc2\x008\x06C\x80\x7f\xe7\x99F\x96\xc0\
\xfbV\xcd\x91e\x88\xce\x8e\x1a3\xc5s\x86X#\x15\
\xf1\x1c\xdf\xd9\xae\x8f=kGd\xa0\x84\xd5:u\xc0\
#\xa6\xfa\xbc\x8dg|\x14\xcf\x0e4\x06z\x0ct\xfb\
\x04\xc6\x13\xefA\x8c\xd5\xe7\x91\x02\xf8\xea\x17>,)\
\x09t\xd2\xc6\xf3\x84\xb1\x7f\x17\x06\xc0F\xe8N\xe3`\
2\x8e({\xe6\xb4\xff\x1b\xfa`\xdb\x01\xca\xc3\xa7\x01\
\xfe\xcb\x03\xf2\x9e\xd1\x00\xd68^\x85fBD\xfe'\
\x01lf`S\xc6>\xd2!\xbf\xa9\x8b\x15y\xbd\x8d\
\x5c\xcb\x93(\xbbh\xeb\xf3\x90\x07\x81\xf8\xff\xc4]\xb7\
Kd8\xca\xfd\x86{\xaa\xd5\x8b(\x80\x16\x09}\x10\
\x86'\xe1N\xf7\xb9\xe3(\xc3;\xa0j\xfe\xfbp(\
+9\x91|'2^\xbcf.\x10\xcf\x8c\xf9\xe2A\
\xc5\x1f\x84g\x90\x91o\xa4c\xdb\x88\x00\x0c\x15\x08\xe9\
E\xff\x80\xd6\xd7\xfe$\x9d'\xf7(c\xa0?bB\
\xcfq\xa0\xc4\x8d\x13\xd7\xf6\xeec\x18\x1a\xf9\x7f\xbfk\
\xeeFi\xe0|\x9b\xe3j\xa8\xab\x95W^yE\xbe\
\xf7\xc8\x9f\xa5\x0e\x9e\xc7*\x90\x03\xad\xc9LU\xe1)\
\xa5T\xe0\xa4\xa6\x87\xf8J4\xa2\x00\xa3\x8aJ;a\
\x86\x1duK\x05\xbe\xa4\xc4\xc6\x80\x92\xb6%}\x15\xe5\
B\xa4'8!\x05\xe5v9\x12\x82\xdf\xbd\x03Pn\
g\x87\xb1\xd9\xffNzu\x12\x1b\xd0\x5cY&\x95'\
\x0f\xc3\x108*\xbdH\x13\xe9\x84\xcc\xd0\xc1u3j\
\x14\x99=O\x92\x16\xaf\x15\xbfP\xacC\x83?\xc2\xb6\
\xcc\x06\xbd\x85\x91\x22\xd0\x96\xeaP'\x90u\xfa\xcb\xea\
\xae\xf8|\x07\xca\x04K\xf6\xbd/\x15\xb9\xfb\x94\xa2Q\
\xb1\xb2I:\xc8\x1c\xb5F\x9c}\x1f\x8a\xa7\x09\x8d\x81\
J\x11\x05\xa8o\xd7\x04i\x9a\x1c\xa8R6\x1d?\x83\
v\xe9\xc0U\xe0\x0a\x84WxYF\x82\xe2M\x89\x0d\
\x06\xc1\x97\xddW\x7f\xb4I\xafC\xfc\x1aq=\xda^\
\xdd\x96G^d\x00X\xdc\x1a\x97\xf2\xb7s^\xce\xa3\
\xf3\xeco6\x1f\x95}(K\xef\x80C\xc9=\xb7 \
']~\x8a\x0e\x81kW\xe4\x80\x94\xcd\x01\xa0M;\
\xc7b\xfd1\xb7\x9d\xdf\xfa\x18po\x08u\xabNq\
\xa6\xaa\x1cb\xd3\x0f\xf1\x00v<\x22\xf0\xef54\xd8\
\xa9g\xc7?\xdc\x87\xf9+\x96\xb4\xd0\x08\xa0\xb5\xe3\x10\
Kt\x88\xe7S\xa1\x16T\xd5#\xcfrH\x8a\xc0\xba\
t\xe3U\xeb\xe4\x07\xff\xf1o\x92\x00\xba\xdf\x91\xc1\xec\
\xe6;\x1byR\xe3 \xe4A\xd6\xdb\x5c/]\xa7\x0f\
J\xc7\x81M\xd2S\x9c\xaf\xb4\xa2\x0a\xf5\xcf]-\xde\
\x99\x8b\x91\xe7\x8fPa\xfeq_\xc6\xfe\xa3\xa1\xd1\xfa\
\xcfG\xa4\xab\xb4@1\x0b\x1a\x09\x03C\x05\xd8:Y\
\x07\x87\xff\xf5H\xd8g\xc0+u\x0e\x0c\x80\x8f\x8ag\
\xe6\x02\x9b\x87;\xc3\xcf\xc7\x8f\x1e\x96\x87~\xf6+y\
s_\xaed\xc6G\xca\x0d\x0bgI\x88\xc1\x01\xc1\xa5\
\x10\x8e\xa6A\xb3\xc2\x19=\x99\x9c\xc59n\xb9\x1a7\
\xa0\x94\xdc\xe1\x91\x9b\xca\xb9\xab\x05\x91\x1e\xa0\xd85\x9f\
\x82}\xee\xcb`\x0c\x04\xbf\xe5\x01`_XZ\x86\xc4\
\xe6,\x91\xe0\xe8\x04\x851\x19O\x96\x8b\xe3iE\xad\
}\xc9\xde\xf7\xe5B\xc11\xa4\x038\xe7dP\xc3J\
\xb0\x9a~\xbd\x5ct\xd2. &VR\xd7l@\xad\
\x7f\x92\xa2\xf5\xb5\xf7\xe2~'\x00\x91\xc0>wD\xe7\
X*\xe8\x06\xa3]W\xaaX\xa3\x06\xf4Y`\xabT\
\xb6\x0f\x8a\xab\xae\xec\x9c\x14\xbc\xfb\x12@\x8d\xe8{\xe1\
R\xfe\xc3\x88\xdf\x14\x8e\x9b\xea\x0bP\x09,\x80\x8a\x02\
\xe0\xcf\x94wmK\xab\xec<U$\xfb\xce\x96)\x1a\
u*\x84d\x9c\xa1\x04O_\x9d\x9d\xa2\xd2\xa9\xa3\xbb\
\xcc\xde\x0e#\x94\x04\xf6\x87#\x87\xbe\xbd\x0d\x03@\x87\
\xfeG;\xa6\xd1\xbd\xc1\xa5\xf0is'\xb1\xe3\xee\x13\
\xbbO\x01\x98~F\xea\xd1\x13\x82\x97?X \x1f\xfe\
\xf6}\xf2\xd1\x8dWHH\xa0\xbfM\x17\xcf\xd92p\
;\xf3\xb7_\xf4\xb5\x80\xfa\xb3\xb9\xa6\x02@$lb\
;\x0fD\x0e\xcc\x0cW\xedc\xc7?x\xde\xc7P\xf3\
H\xd0\x0a\x89-\xd6\xc0zeC\xa1\x0c\xe4:F\xb0\
/\xc7\xf5\x8e\xbcw\x03\x04\xfa\xd8\x8e\xe3\x00\xff\x95\xca\
\xac\xcc\x99\xf2\xd07\xbe\x22\x97/[\x22>\xcc\x85\x0e\
:\xdf-\x5c\xfa$\xf2\xc1/\xe5\xd5\xbbC\x89\x13\xa4\
\xa7r\xf6V_\xa0\x11\xd0\x022\x9e\x93\xfb\xa4\xf3\xd8\
.\x84\xfd\x03\xc4{\xfe\x1a4\xeb\xc9Q\xcd{\xccr\
\xc0q\xbd\x80yjb3u\x15\x1c\x91\xd6\x97~'\
\xdd5e\xaa\x81\x90\xbe\xb4\x12\xb0}\x0de\x00 \x02\
\x90\xb9P\x19\x00LO\x0cE\xf0\xdbp\xa1F\xfe\xfe\
\x8f\xbf\xcb\xb7\x1fy\x5c|\x81\x91\xb8nA\x96\xccN\
\x88\xc2\xa3u\xc3\x22o\xfc\x9a\x13\xe1\x07odz\x93\
\x03\xf9\x06\x85HX:\x8c\x1bx\xe8\xc4m\xb4T\x96\
K\x0dP\xecm\x00\xb3\xe9\xa8\x80\x1dF\xc0 \x9b\xd8\
\x86c\x96a\x00\x00 \x00IDAT\x1bk!,\
%Cb\xe6.V\x88\xfbq\xb7cU\x13\xac\x8f\x8b\
64\x93*\xdc\xf5\xae4 -@C\xed\xa2\x8b\x07\
2,[_P\xfa2\xef\x1f\xa1\xf2\xfe\x00\x18\xda\x11\
\xaa\xa1\xb2\xe9\xc1\xba\xe7~o\x00\xcb_'*\x12\xbc\
\x80]\xf0\x81\x8c|P1C,\x817q-4l\
G\x12\x8b\x8a\x024\xcb\xd9-\xafKU\xfe1@Y\
\xc6o\x0c\xf3\xfd\x09\xe4U\x06\x96\xb2\xde\xf5 \xfa\xd5\
\xe7\xf8v\xdbT\xf9v\x0bJ\xa4\x89\x05\xa8mc\x14\
\x80\xb4\xdd}r\xae\xaaN\xde\xce-\x90\xd2\xda\x06u\
\x8e\xfa\xa3Y\xda\x8a\xb4\x18\xb9\x7f\xcd\x1c\xa4S\x19E\
\x1d\xcdI\xaa\xa3:\xea<\x1bIQ[\xd6\x0d?k\
CB6R\x00\xda\x00\xd0k\xd6u\x8d,\x01wX\
\xd0\xdb\x11%\xff\xed\x96\x5c)U\x9c\x00\xfa\xfa\xd4\xc7\
\xae\x95\x7f\xff\xe2\x87%#\x05g\xc8\xc8\xb7q\xf8'\
\xdc\xba\xcf\x1e\xeak\xae\xae\x90\xea\x82\xe3`\xfb\xca\x97\
v4\x90Q\x005;\x1fE\xef\x9f\xa4?o\x1c/\
\x92F\xc3\xfbg\xc7?v\xb9\xda0'E\x82\x80j\
u\x86\xf7\xaf\xd4\xa2\x1ad\x9f\xaa\xf5\xff=z/w\
\xb9{\xc97\xbep\xbf\xdc{\xfb\x87$\x9cd?\x03\
\xacfl24=\xe9CN\xbf\xb7\x1e\xedz\x9b\xc0\
\xaa\x87r<\xe6i\xdd}@~DN\xfd\xf0\x18\xc5\
\xad\xef\x86r-K\xd8\x0c\x0f\xe9mD+\xe3\xear\
p\xed\xfb\x83\xa6\x17Jd\x1c\xc4*\xb6\xc4\xaa\xb0\x0c\
\xf0\xde:Pv\xd8\xfa\xaf\xc7\xa4\x97\x1d\x05-\x06\x80\
\xbd\xe0\xbf\xfe;3\x0c\xec=w\xa5\xf8^}\x17p\
\x0a\x18\xef\x10\x8a\xa1\x17\xa1\xa8#\x87\x0f\xca\xbf\xfd\xef\
\x0f\xe4\xe0\xe9b\x94\x04&\x22\x0a\x90\x85\xc3\x88\x87\x92\
\x9e\xb5t\x80\x01\xe3\x83F\xd9\xae\xd4\xce\xb53\x11\x1f\
c)^\xfc\xe2\xd5\x12?o9\x14\x9b\xafz\xaf^\
\x94_U\xe5\x1f\x85\xa7\x0d\xa2\xa5FPU\xdb\xa18\
-c\x85P|\x02C$\x22=K\xa2@\xb6\x13\x88\
Z{\x1a\x15\x8e\xb9L+\xc3M\x9a\x01\xb2+\xde\xf9\
\x9e\xd4\x9d\xcb\xbfh|\xfc\x94Oh8\xdei\x99\xc4\
\xcc^\xa0\xf1\x06C^\xd6JC7\x8di\x04\xb1T\
\x05P\xfcd\xf8cE\x02#\x004\x02\xfc\xd0\x1d3\
\x00\xc6LPL\x22\x8c\x1a4\xa5\x0a&/\x08\xdem\
\x18\xf9\xd0\x98\xa88\xbaW\x0a6\xbf\xa6\x00\x8f\xa3\x92\
\xa5\xd5\x98\xcd\x13\xa7\x1a-\xc9\xc9$J\x85H\x0c\x11\
\x01q\xc4\x0f]j\x06\x00\xe5\xc4\x06A\xa5\xcd\x1d\xd2\
\xda\xa5\xdf\xae\xa9\xad]\xf6\x22\x02\xb0\x0b4\xc1-\xaa\
\x8f<\xfat\xa8\xb3t\x06z\xa8\xcc\x14O\x05(\x1e\
\xc5\xa5\xe6\x8dF\x80\xd9*x(\x15CO\xc7\xb8\xaf\
\xad\x90\xa9M\x0c\x801c#\xa6\x17F1\xdeK\xec\
\xa3\xd6;Oq\xe4\xa0;\xee\x0f\xde\xd8/G\xcb\xa0\
\x7f\x0c\x99\xae\x5c\x96-\xff\xfb\x1f\xf7\xc8\xdaes\xd4\
:\x9f\xe8\xcb\xad\xb7(W\xad\xa9Nx\xffu%\x00\
\x22\x9d<*\xcd\xe7K\x11\x225\xea\x93G\x18\x11\x9b\
\xec\xfcy\xe7\x099q\x1e`9|\x96K\x8c\xc0\x15\
v\x13\xccAXY\x11\xa08\xe1\xadL\x03\xa0\x09a\
\xcc\x1f\xbfuPQ\xfenX\xbfV~\xf4\xdf_\x97\
\xb4\x044\xc71\x94\xbfz\xb9\x9e.(\xd5J\xe9.\
B\xedr\xe1I \xec\x8b\xa5\x8f\x06\x80\xca\xb3b\xe5\
#\x7f\xcf<\xbeg\xfc\x0c\xe4\xf6\x17\x82W?\x0b\xad\
x\xc3\xfaiOY\x09\xa0\xba\xa3i\xc6=G_\x0a\
\x1f\x81{w\x9e\xdc\x0b\x03\xe0\x8f\xc0\x1f\xc0\x00P)\
\x19^\xa37\x00\xdc\x01\x04\xf3Yv\xad\xf8\xae\xbb\x0d\
\xef\x01r\xa1\xa1\x0epLL\xed\x85\x0b\xf2\xa7\xc7\x9f\
\x90\x1f>\xf67\x09\x05)\xc5\xed\xc8G\xb1a\x90Z\
\xa0\xc8AG\xa3ep\x06\xc0\x80\xa3\xcbk;ZB\
c\xbb\x1f\xc7L@^\xe6\x8dw\x88\x1f\xbcZU\xb3\
N\xaf\x08\xffu\x81\xe5\xf1\xf4{/k/\xdb\xc8\xc9\
\xd9\xe3\xcdx!\xc7\x1f3{\xa1\xc4d/\x10?x\
\xcc#\xe7WG3v\xab0\x03\xc6\xd9\x80\xf2@\x22\
\xed\x9b*J\xd5\xceR\x85\x22X\x17\xde\x98\xd3\xf8E\
\xab$\x06\x06\x88\x17z\xc9\xeb</\x9f3\xcc\x01\xcf\
\x9faJY\xc2W\xba\xff}\xa9-@\x17K\xa3\x03\
\xa8\xf5\x08\xc9\x1d\xc0\x88IHb\xaa\x22\x14\xa2A@\
`a\xbf!\xa0\x15\x8a\xa9\xe8I\xb7]{\xf6\x94\x9c\
x\xf5i\x18\xb1cg\x1c\xe4\xfd\xc8#\xf2\xf6\x89\x12\
y\x03$b\xa4\x10_\x98\x18\x85\xf0w\xb2\xcc\x00\x91\
\x98\xa7Q\x92\xea\x8c\xb3d43\xe4\xa8\xcf\xf2=:\
 \xffr\x18\x00\x15-\xe0\x1e\xc1\xdc\xf4`n\x8bj\
H\x0etV\xce\x22\x1a@\x15\xcb\xd0\x7fvl\x98<\
\xb0~\x01:\xa8\x86\xa9\xc2\xa0Q\xc9\xc0\xac\x22\xb1\xe0\
=\xcc7\x18\x14\xd22\x95\xbc\x8a\x18\x0czK\x9b\x06\
\x80\x8e\x00\xf7\xaf=GI\xe6\xd2\xbd\x0f\xa5\xf5(*\
\xd4\x94\xb3l\x00\xe5\x13\xa1#\xff\x1b\xac\x80\xb7]\xbf\
Z\xc2\x82F\x83\xf5p\x8c\x9c\xdcz`\x00XB\xc4\
\x08\x993<Z~h\x176u>\xbc\x03x\xc8V\
\xcac0\x95i3^\x82\xed~_?V$u\xca\
\xfb'x\xc5K\xf5\x14\xf8\x10,\xd6`?\xb6<t\
\xcc@\x07\xdf\x85\x80#\x96\xab\xbd_P.?y\xfb\
 \x90\xd0\x01\xf2\xd8O\xfe\x9f\xac_\xbbJ\xbc\xcdz\
\x7fl(\xd5\xc4\x87\xb5\xfd\xc7v\x02\xd0w\x10\xb5\xfd\
\xd5\xd0\xa9\x00a\xb8S\xb1Z\x81\xeb\x18U\x85\xe7\xef\
\x91\x88\x92\xc1\x85\xeb\xc4;k\xa9.\xe73\x15\xbe\xd2\
\xd2Co\xbd\x11~<\xac\x10\xb4\x01\x00#\xec\xec1\
i}\xf5\x0f\xd2\x0b$\xb8\xe6\x1f\x18*\xfc\xdf\x1f\x1a\
\x1d|c\x15:\x8dN\x14\x1f(\x7f\x9f\x85\xeb\x87\xf7\
N\xf1\xe0.`\x0d\x0e\x1c<$\x0f|\xe7\xfbr\xba\
\xb8TVd$\xcb\xd5\x00\xa7hu\xe2\x862$w\
\x99\x1d\xe9'>\xd3\x91\x1e\x18\xeb \x16t\xb8\xe9\xeb\
\xae\xd3Hjvf4\xd8\x1c\xa9H\xcfl}]j\
N\xe5\xda\x0e\xb3\x0f\x12\xac\x92+\x22E\x11\x19\xb3%\
~\x01Jw\xc2\x22\xf5'\x9c\xe4\x01\xe9\xe3\x19\xb9a\
 \xedK\xf6nA\x89 x\xf81_\x1e>>\x12\
\x9d\xbdP\xe2\xe7/\x17/\x8cG\x1d\xd6v\x904P\
\xc12\xdc\x7f\x1e\x80\xbd\xca\x13\x07AFd;\xdd\xa7\
\xf7\xb8\xde\x17\xbe\xa1\x11\x121#\x1b\xd5\x0d\xe9H\x11\
 5\x80\xfd\xc1\x8a\x07E-l\x18\xd8\xdd \x96\xaa\
\x02\x1f@\xc1\xe6W\xf1\xef\x04\x8c\x8em\xc3\xf3{$\
\xc6y|\xf7Iy\x0b\x07$\xcf\x93@\x84\xc0\xc9\x1f\
r\xeb\xfc\x19\x92\x02 1\x01\xaa\xd3\xfe\xb2\xd6\xbb\x10\
U=*\x97\xd8)\x90\x0d\x83\xf8\xa3\xe6\xf6.9X\
X&[\xd1'\xa0\x15\xb2\xe5\x15\x04@\xe0\xb5\x88\xa6\
~r\xd5l\x95\x16\x18\x9d\x14\x0c`\xa6R\xec#|\
s\xc8C\x8c\xe9\x04\xe38\x1a0\x01\xae(\xc0p\xeb\
\xd1t\x88M\xbd\xe9\x0d\xae\x9d-h\x92\xf7;T\x03\
\x14\xd5\xa2T\x1e\xd3\x11\x18\xe0/\x9fE5\xc0\xe7\xee\
\xbd^Ra\xf0:\xc7]\x1ez\x94\x96\x08\x80:\xcb\
\xb8\x00\x10\xf2ko\xaa\x97\xe2\xdd[\xa4\x0a\x87#\xf3\
\xe4\x17_\xba\x94-\x179\xff'\xb1a\x0f\x97\xd4(\
zK\xfa\xc6\x0b\xc1(x\xef\x0a\xcd,\xa8\x95\x883\
.3`\xd8'\x0f\xbd\xb6_\x19\x01\xb7\xdd\xb0A~\
\xf9\xd0w\x14\x98\xc2\xcc}\x11U\xdf\x09\x14\x7f'H\
u\xba\xcb\x0a\x14\x92\xbf\x7fP\xd6\x06@\xffH\x19\xde\
g$\xc0g\xd9u\xe25g\x85b\xf3\x1b\xf9\xd2\xde\
\xf2X\xac\x1d\xbdH\xf4\x06\xeb\xaeF\xf3\xa4W\xc0\x01\
@\xeaa\x95\xfb\xb5\xdf\x000\xe5\xec\x06#N\x95\x00\
^~\x9bx$e\x1ajd8\xc3\xa5OJ++\
\xe5g\xbf\xfd\xbd\xfc\xe5\xf9W$\x0c\xcd\x81\xeeZ=\
W\x22\x09J\xc1\xe3iLe\x86\xfbJ\x08p\x00\xd3\
\xedbh>\x159\xf2\x84\x85\xe8\xb1`x\xff|\x07\
*\x1bz\xaeg\x10\xb6\xbe\x80\xdc\xb5\xcd<\xfb\xa0\x97\
\xa5\xb2\x0dK\xcbB\xb9\xddR\x15\x1eW\xd1 \xcbb\
\xb2W\xe9\x0d\xf2\xba\x86\x11\xa89^z\xdb\xcc\xd7\x9f\
?v@u\xe4#\xc9O$\x942S\x1b\xb6/\xcb\
\xb1c\xb5\x1e\x91\xf7\x07\xa7E\xd5\xa9\xa3r\xfe\xf0\xff\
g\xef*\x00\xa3\xb8\xb6\xe8\x8d\x10\x81\x00\x01\x82K\xb0\
\xe0\xee\xc5\xdd\x9d\x0aU\xda\xfe\xba\xdb/uww\x17\
*Pj\xd0\x96\x96\x02\xc5\xdd\xdd\x83C\xf0\x10\x82\xc5\
\x93\x7f\xce}3\x9b\xcdFv7\x06\xfcf\xda\x00I\
fG\x9e^9\xf7\x9c\xa5\x8a1\xc8q\x9f\xb6\x1fS\
\xd5\xe5\xfc$\xa8t\xa8\x14\x0f\xab,%\xcaW\x96\xe2\
H\x13\x04\x95.\x0bq!\x8c\x0f\xcc\xf9\xb3\xd1\xc7\xe4\
\xe0\xaa\x85\x1a=\xf4e%L.\x0d\x00\xbe\x0b\x95\xf1\
&C\xb8k\x12d\xbb\x19.\xe5\xf8gTjx\xf3\
\xda2\x08Z%\xe59\xb7\xff\xcf\x0e\x0a\x05\x11\x10H\
\x8a\xe0d\x84\x01\xb8*\x1d<yJfm\xd8)[\
\x0fA\xf6\x9bF\x1f\x0c\x1f\xf2\xa8\xdc\xda\xb5)\xa2\xab\
`\x08\xf4\xa2\x0d\xb4FJ\xa3^\x5ch\xf2\xa0\x11P\
\x94\x06\xf0\xa2\xd5\xb3>\x95D\xafG\x91\xe2\xa2\xc3\xba\
\x12%\x9fI\xe8o\xa6\xa9\x07\xf6j#\x8f>0Z\
\xda4\xab\xabl\xb1\x85\x19m\xcd`\x00\xe8c\xb3T\
\x0d\x03\xeed\xd4\x1e\xd9\xf2\xf7\xcf\x92|6\x1d\xb0`\
\xbf\x16\x07%\xc3W\x9c\xa8\xbf\x83r\xd7LVX\xaa\
\xe0\xaf\xbe\xba]}\x19\xda\xac\x16\x18\xe6r\x1f\x0e\xcc\
\xae\xa5\xedE\x91\x83\x9a!\xfem\x87\xa3\xe5\xe1IK\
\xb0K\x05\xca\x87/?-\x83{\xf6\x90bD2\xf3\
5\x10\xbd\x88_9[I}R\x18\xf2\xcfd\xc8\xd8\
\x9b\xab\xb5x[0k\xf5\xadq\xbdbu[\x83M\
o\x04T\xfa\x1ay\x18\xf6\xf7|qO\x7f?z\xa5\
\xd6\xfd\xb9)\xc5\x9f\x96\xb8\x19\xdfK\xe2\xaa\xb9(\x03\
\x8c\xcb\xe0Meds\xcb\x1c\x010\x13\x9cZ\x00\x15\
%\xa8\xe3 \xe8\x0b\xf4\xf4\xd0xA\xee\x11\xde\xe0_\
3g\xcb\xa3\xaf\xbc%\xb1\xb1\xa7\x01\x06\x8c\x90V\x14\
\x09\xc2\xe1\x87k\xd6,\x15 \x95Br\xca3\xe7y\
n\xe4|\x01\xb4\x8d\x06\xee\xbdX\xf98V|a\x0c\
\xd5\x1fx\x99\x94Cm\xbe\xb3gJ\x07\x978\x87\x9d\
s\xfe\x94\xe8\xc8Mn\x0d\x00\xb2\xf8\x95\xab\xd7X\xeb\
\xecK\x80\xe8'}\xf3\xf7\xfc\xbd\xd5d\xc5}]\xf5\
\xda=\xb9\x02\xdf%\x11\xb4\xbb4Z\x02\x90\xab\xa7#\
\xec\xde\xe4\xb0\xc7\xa399\x06R\xd2\x0c\xfd\x9fBZ\
\x81D>\xde\x1d\xe6|_\xd2L\x83\xd68\x18\xe2U\
\x81\xa1\xa1\x0aT\xa5qr\x16\x8a\x81\xaaw\xae\xa7\xe5\
f\x1e\x98\xa7a\x1fm\x82J\x1eS\x8a\xcc\x93\x129\
\xcd\xeb\x85\x03\x0dO\xa7\xa2+\x18\xf2\x02\xf2\x95\xde\xd8\
\xbbV(\x88\xb39\xfdY\x16\xc8(@\x0c\xca\x02\xc9\
\x13\x92\x88\xb5j3\x04\xcc\xfe^\xb7\x1d\xa1b\x96\x03\
C\xad\x13k+\x95T\xff\x03n\x80\x92A\x19i\xba\
\xdd?\x17\x1d\x0c\x1b\x10\xc8\x8a\x12R\x92\xbb\xff\x94\xe3\
\x0c]*\xb3\x1e3Ei\x00/\xdaQ\xf1\x18\x22\x9f\
\x83\x16\xf8OT\xcc\x9d\x80\xe1\xc7\xef\xeb\xd7\xa9*\xcf\
<6F\x06\xf7j+\xc1\xc5l\x06Oo\xae\x9b\xfb\
s3\x1b\x00\xd6F\x92\x84\xb2\x9e\xf5\x93\xc6I\x1c,\
|\xd7\x83\x0fM\xa0\xceg\x08e,\xdfsT\x07,\
C\xac\xf4\xfa\xff\xd3\xa9\x894\xab\x1a\xa6\xf9,o\xc6\
\x987\xaf`\xabO1\x9f\xf2+\x8c\x90\x8e@\xfc\x7f\
\xf2\xc6\xf3R\x03\xe4?\xc5\xc8\x9c\x05\xfc\x02y\xfc\xe3\
\xfe\x99\x88|z\x94\x15\xd2t\xbdCf\xef\xda\xa4B\
Lt\xc3\x0f\xf2\xba\x81\x1d\x07\xe3k \xd8\xfe\xf2\xa0\
\xce\xe5\xe6\xc5h\x9d\x13q\xaf\xef\x84E4q\xed<\
\x18\x01\x13\x00T<\xea(\xcd4%X\xdc=\xecP\
\x5cfK^7<\x84h\xfd\x1b\xb5U\x1a`\x7f\x94\
+\x1a\x81 \xf7G2\xfao\xd3\xb6H\xb9\x1fi\x80\
\x15\x1b6KK\xf0\x90\x0fj^_\xe9\xa1\x15\x88\x04\
\x81\xa0\xda\xa1\xd078\x0fG\x02J\xcdN\x9c\x89\x93\
x\xfc]\x1e\x800\xa6\x98<9\xd8\x1e\x01@\xb47\
\x1dy\x9d\x22\xdbM\xd72\x0cj\x16C\xa6>v\xfe\
\xf3\xbb\xc4\x00\xf8\x9a\x82\x7fg\x17\xab\x22\xba\x9e\xfc\xfa\
\xd5\xdatA\xd8\x9fQ-\xef6O\x829\x13\x01\xb4\
\x8b\xa7\xb8\x14\xe8~\xe9=\xb3^\xdf\x97\x95'x\x96\
\xac\x95(3\xbf\xa1\x8e\x13kn:\xff\xd6\xf6\xf7\xb3\
k\x13\x0e\xabxV\x15,\x9e)'vo\xb3\xe6\x82\
'\xa3\x22\xeb+r\xee\x93\x04\xc8\xc1\xa9\xa0,\x96\xe9\
\xe0%\xcd\xb4x\xd7DN7\xc2\xe6\x87~\x9e\xb8j\
\xbb\xfc\xb1n\xb7\x1cC\xbf\xf3`I\x1cC\xe0W\x82\
#\x9f\xc0@\xaf,AO\x06\xcby>\x87x\x1bF\
\x01\xf6\x9dJ\x10p\x03\xa9\x81w\x02\xdc\x1c3\xd7\xef\
\x90u\xfb\x8f\xeaZJ\x87\xa7VXI\xb9\xa3[3\
i\x07\xc9`%\x09\xc5y\xaa/\xe2I\x83kx\xdf\
\xa4\xf5\xbcn\xbf,\xbd\x7f\xd3h\x8e\xae\xce\xfd\x90:\
\xcf\xad_\xb0\xb7w\x8d<\x16\xf3\xf3Q\xc6\xdc\xafQ\
5\xb7'\x9az9\xa8\xf6@\xe9\xf5\x7f\xef\xbc\x14\x9a\
5\x83\xa4\x02\x04\xf9t\x02y\xe3\xed\xe4\xe1\x15|\x12\
\xb6,K+\x06\xa6<U\xad\xb3T\xee\xb8q\x9cD\
\x89P\xe4\xb4_\xc0Y~6\xc3\xda\xc9{1\xf89\
\x19\x9e?\x99\xff\x0e\x9e<\xab\xe9@Z\xa8#Z\xd4\
\x91!\xf0\xfe\xc3Bp\xbd\x5c/\x029\xbf\x8d\xd6\xe7\
c\xb0\xedC\x0e\xe5\xd1\xc9K@\xa9\x99(\x0f\xdd\xf6\
\x1f\xb9\xf7\xa6\xeb$\x84`%4\x1e\xa5{\xe3\xa6\x7f\
\x07V\xbf]\x5c\xad\xb2y\x94\xcc\x06\x80\xf3\x9d\x89\xca\
\xf7G\x0a \xa8\xd7h)\x06i\xdd\x828\xb2\xa2M\
M\x89>\x22\xf1\xff\x8c\x07 p\x85\xe2\x17\xd2\xa7\x99\
\xd5\xa0\xba\xe2g\x8c\x00\xe8w\xf0v\xfdk\xd4\x97\xc0\
K\x06J\xb1\x06\xad\x11\x151\x1b\xb6\xbbyio@\
\xd4\x07x\xf5\x83O\xe5\xd3\x1f~\x96\xba\x95\xca\xc9\xa5\
m\x91oD\x9f\xf2\xf3\x0c\xff7\x04\x1f\x80\x0d\xac,\
\x88\xb6p\xbd&_\x91!\xd1H\xf0;L\x03(\x8c\
\xf2\xa9\xbd\xeaW\x97\xf6*\x92\xe2\x99aS\xbaz\xb8\
4\x1ar\x15<\xd7\x8c4\xd0>X=\xe3\xc1\xbe\xb7\
m\xeaO \xdf9\xa8\x1b\x9a\xeb\xa1%\xae\xd8\xa4\xcb\
\xd6\xae'UQEP\x12!p\x03\x02\xf5\xfc\xedS\
aX\x90\xef\xff\xf8\xce\xadr\x1c\x91\x06\xe6\xe0Y\xaf\
_\xbdmW\x80\x13\xa1\x8c\xe9\xa4\xb5\xe0\xfe\xaa\xf6\x84\
\xf2\xe4\x01l/<\x15\x86\xc7)\x89\x02\xa6\x87,\x83\
\xc90D\xbcy\xfe\x9c\x9e\xc9\x0eSf\x88\xac\xe8x\
sg\x92\xe4\xfc\xa6\xdc\xfc\x98\x1f\xfd\x0c^\xd2\xb2\xdd\
$M1}S\x17\xe5\xc4\xd7\x02X\xdc\xb1veG\
\x94\xcf}\x9b]<g\x90\x22x\xdf\xa9x\x89N0\
\x8aq$\x8b\xd9|\xe0\x98\x96\x05\xc6\x82K\x9e\xe3\x91\
\xc6/\xa3\x00\xf7to\xa1\x0c\x9d^/\xb1\x8c\xd2p\
\xf5V\xf2y/\xc0\xcc9\x18\x00laS\x12\xe8\xc9\
\xb8\xbcx\xfa\xa3 \x9ft\xf7\xf1X\xf9t\xe1FY\
\xb5\xef\x98$\xa2\x1c\x94sr\x00\xd2\x00O>|\x8d\
\xb4\x85.\x0b#k\x85\x95\x06\xf0\xd9=\xf1\xbd\xb40\
\x847\x03\xe1%\xf9#\xc4\xc7\xfa\xd3x\x10\xe0\xec_\
6\x0f\xe1Q\x92\x91\x10ngmCxP\x06\xd8\x0f\
A\xd5\xe8\xfd\xb9ke)&h\xa2\x8a\x1b\x884\x82\
\x8a\x15\x91\xffm\xc0+\x9f\xdf\xb4\xbf\xf6F\xc9q\x9b\
\x82{\xa5\xe0\x99~Y\xbdC\xbeB\xed\x7f5 \xfe\
\xbfz\xf3%\xe4O\x1a\xc3c\xf5\xd3\x12\xbf\xf8\xe9\xdf\
J\xd2\xa6\xc5\xa0T5\xa4D\x99\x8f\x9c7\x7f\xdd8\
1\xe8\xfd\x91C\x0f\xeau\x05r\xea\xed\xbd\x0a\xfbz\
\xc2\x87n/\x9c\xc6\x22wzB\x12\xb4\x00\x0c\x187\
\x7f\x92\xc1\x028\x08kL/\x18\x92\x16\xf3\x01\xfd\x93\
\x9b!B\xd4~\xa0\xfc\x0dl\xd7\x17\x9b\x7f\x1b\xf1!\
\xe2\xdd\xccL\x0d)fj\x03\xf5\x84\xad\x13\xac+\x9d\
\x82\xa17\xe1\xd7\xdf\xe5\xfeg_\x96jeK\xcb(\
\x94\xa5\x84\xa1\x04\x89\xa7\x05\xfa\x83\x0f\xa0l\x09)^\
,\xbd\x1c\xab '\x88}m\x86?),E\xd4,\
U%{BNz\x00<A\xa5\x95\xb2\x16\x1cW`\
\xaa\xa3]`\xccV\x86$n\xed.\xfd5\xb2\xe2|\
\xd0\x00\x88\x83\xee\xc3\xb6\xa9\x13\xe5\xcc1DZ\x9c\x0c\
\x00\xbb\xb5x\xddR\xc8\xb7Wo\xdfMJW\xae\xe6\
\x86a\xcf\xe9\xea\xea\x8d\xa1\xd4\x10\x0b8\xcb\xed\x0e\xad\
[\xa6\xe1w\x96\x1e\xb21\x89\xb2/]\xad\x96To\
\xd3\x15\xd7\xaf\x91\x17w9\xc7.`\xbf1\xf2p\x04\
\xca}\x04\xfe%\x82\xae\xd7\xeb\x0d\xa30:\xd9\x0cS\
K\x11\x8d\xdf`t\xc3\x0a\x98\x0a:\xef\x09`\x16\xdd\
\x07\xb1\x1c\x8e\xf7R\x00\xc2\x0doQ[\x86\x01\x0fP\
\x9e\x0e\xc6\xff\xd9\xc1\x14\xca1P\x04\xef9\x95(I\
\xca \x0d\xca\xe0Sgd\xd6\xc6]\xb29\xea\xa8\xae\
\xcb\x8c\xc6U-SB\xee\xef\xd5R\xda#\x0a`*\
u\xbc\xd8x\xadH\x81Q%uYwrj\xcf\x22\
\x03 W\xa3\xcd\x9eo\x86\xae\xde|\xc7\xbf\xcf\xa2\xc2\
\x85\xd8\xb9iP\xce\x8d\x8d3@\xcfJP\x05|\xf1\
\xf11r\xc5\xb0\xae\xe0d\xb1\xe9\xe4su[\xaf>\
\xe43\xff\xfe\xe1i!UjJ\xb9\xba\x8d\x94\xd0$\
\x09\xe5\x80GAE\x1a\x0b\xefY9\xf0]\xc3K\xd8\
P\xa6\xac\xdf\xad\xe8\x7fz\xff\x1c\x80\x01@\x8a\x0f\x82\
\x865k\xff\xab\xa2\x84,\x83\x7ff\x85\x9e\xbc\x1a\xa8\
.\xaf\xe0\xbc\xa1&c\xa2\x9c\x84\xa0\xc2\x8bSW\xc8\
\x1aX\xc8cP\xf3\xff\xc6\x93c%\x04\x12\x8bd\xc0\
\x8b_;_\x12f|')'I\xf2bJ\xbe2\
/|9\x1b\x00\xba\xb7\xe0\xb3~\xe5\xab)\x98.\xa0\
U\x0f\xa3\xe8\xe7U\xd3\x9a\xce\xd6\xc3\xde\xac\xcc\x100\
\xf9\xec\x1c\xaeE\xbcB\xd2\xf65\x12\xbfd*\x18\x08\
\xb7*_\x81\x0f\x0c\x03G\xbeM\x8d\x06~!D\x0f\
B\x22\xe2\x14\x02\xda\xf6\x82\xfco3\x95\x22\xd6\xbbr\
S#\xee\x01\x91\x0ce+\xcc\xe9\x86\xb8V<\x06\xe5\
\x8c\xb9\x0bd\xf4\xed\xf7I\x85\xd2!2\xbcM#\x18\
\x02%\x8d\xb7\x8d\xcf\xd6/\x13$\xe5\x11\xaaJ7\x07\
\xbdl\x0c/O\xe7;\xecE\x9a\x89\x1b\xc1\x1a\xe4C\
\xcb\x97\x0c\x96\xfeP\xce\xea\x1aQ\xc5\xb4\xab\x86=2\
2\xe4\xd9\xb7\xb0~%\xf5\x06^.\xe5\xeb5E(\
\x01\xe3\x98\xcd\x85\x8f\xe9\xdf\x96\x01\xb0u\xea\x8fr\xee\
\xd8\x91L\x11\x00z\xfa!\x15+\x83a\xaf\xaf\x94\x82\
\xba\xa3aBLo\xfdl_\xc5\x0e\xd2\xa0\xedc\x8f\
\x1c\x90\xa8\xd5\x8b\xc0\xad\x11i>\xe9\x94t%\x92\xbe\
,\x88\x89jw\x1b\x00\xf8\x0a\xa3o\xbc<=\xb3\xec\
J>=k<\x93!2#\x9ez\x0f\x9c\xc7Q\xab\
\x17\x83\xf0\xe8\xb8\xb5\xcbzv\x1do\xce\xf2\xa0\x00\xc1\
\xb3\xcbY{\x99\xe1\xc4\xf0\xc1\xdar\x06Q\x80\x8dJ\
1\x1e\x0f/\x89c\x90\x00\xb8\x1b:6\x94&\x95\xa1\
\x5c\xe9\xed\xe6\xe7\xd9S\x9c\xb7\xb38\x04\x88\x05\xd8\x1d\
\x9b\x80\x8a\x00S\x85\xc1RH\xca\x05\xcf\xdc\xb8S\xe2\
\xf0;\xb6M\x10\x8c\xf0Nu\xaa\xc8#}[\x83\xe8\
\xccK`\xae\x8eO\x93\x8768\x00kQ\xc8q1\
\xe2\xa0\xca\xd9\xd0(\x8a\x00x7l\xd8^3\xb6\xec\
\x93\xef\xc1\x0c\xb8_\x0d\x5c\xb3\x9c\xdf~\xc3 \xb9\xff\
\xf6Q\xa8\x06(<m\x00\x9f\x05\x0f]\x86t\x9e\x11\
\xbb\xf1\x07\xb2\x98\xf4\x9e\x0c\x89\x92\x1c\xc4u\xe3\xe48\
9v.^\xde\x9f\xb3N\x96\xec<\xa8yY\x9eT\
\x19\x9b\xfeM\x9d\x1a\xab\xf2\x1fQ\xe3\xea\xa7Z\x83*\
?\xbd\x0ek\xfc\x82Q\xe9\xa0\xbc2}\x95\x82\x92~\
\xf9\xec}\xe9\xdc\xa1\x8d\xe6\xc2\xe4\x5c\xac\x9c\x05\x91N\
\xe2\x86\x05\x80\x14\x93\xdeX\xb7\x02\xeb\xcb\xee$\x0f\xbc\
\x7f5\x00\x10\xd9([I\x81\x80\x81\x90\xd5%\xd0\xd0\
\xbd\x01@\xfc\x80\x99,\xae!\x1c\xb3\xed\xdb\x0b\xb4\xd3\
\x80\xc9fn\xa5\x01\xf1\x9d\xbco\x9b\x96/\xf2\xef\xb4\
\xd3(\x03\x03\xb6A\xaf\xcf\xbc+B\xfc\xbe(E\xf3\
\xaf\xd3L#\x14\xfe\x10&\x22\x9f\x81\x1e0\x84R\xc0\
{\x90\x1as\x14\xefPA\xfc\xcbUv;B\x93\xd1\
\xe7\x8bV\xae\x96\x117\xde.\xc1\x08M\x0fi\xddP\
\x22\x90\x0a\xe0\xbb\x10\x9b\x5c-$@\xea\x86\x96@\x8e\
2o\x9b\x94\xdb\x071k\x14\xbc\xa0\x14\xad.\x99\xb2\
a\x17\x84\xa6\xceJ\xb5\xd0\x92H1\xd5\x96\xe6(\x95\
1\xd4\xb89\x8d,#\xd0\xd3l\xc4\x0dR\xb2ju\
\x0b\x00\x9a\xde{j\x00 \xbd\xb2\xfdOD\x00\x00b\
Kub]$*\xb7\x04P\xfe\xd5\xdb\xf7\x00s`\
MD\x95\x80)q\xdf\xf1\x8e\xd7\xe2\xdc9\xed(\xa5\
\xdd\xaa\x8b\xa7=\xe2\x9c/C\xc5\xbe\xb0\x06M\x11\x09\
\xe8\x06b!\xe8\x07\xd8\xa1Y\x8f\x1a\xc8\xf5${\xf7\
4?O\xc6\xd8gm\xfe\xfe\x15\xc0\x93\x9c\x88v\x18\
\xa0^\xfa\x8b9>IV\x91\x97\x5c=\xba\xf5!c\
\xd4Y\x861\xd3x\x18g\x93\xac\x8a\x00F\x1cy\x90\
`\xecF\x94\xc2\x91\x1b\xc0\xd7\x9b\x10v^\x1e\xac\x10\
?K`u\x14\xc0\x80\x87Q\x11\xc0\xbe\xa2\x91\x13\x15\
sJ\xfe\x5c\x83\xbe\x04?\x80\x9d\x1a&9\xd0c\xfd\
\xdbH+l\x14\x9e\xcc\xc6\x0c8\x13mf3w\xd4\
\x08\xe0\xdf\xf4P\xb3\x1c\xe3jQ\xbaM\xe7\x16\x19\x00\
\xde\x0d\x12F\x04v\xa1?\xdf\x836\xc0Z8\xb1d\
\xbe\xe4\x7f\xed[7\x90\xa7\xff{\x8d\xf4\xee\x02\x8d\x19\
\x974\xafww\xf0\xfcl\x9fy\x90\x03v \x93-\
\xedi~\x9f\x1d\xb0d\xc9\xaeC\xf2\xe5\xa2\xcd\xb2\x13\
y\x0c\x86\xa0\xb8\xdd\xf7k\x5c\x03\xe8\xff\x06\x12N\xba\
J\xcf\xef\xed\xf5\x99FE\xc9\x17\x9b\xff\x0a\xe8\x0e\xec\
\x91!\xe0\xfc\xff\xf6\x837\x11\x1e\x86w\x8e\x05\x81\xa1\
\xf33\x93\xdf\x93TH\xe9\xa6\xefS|\x22c\x94x\
4\x9auBp\xf6\xc1\x00\xc0\xc6\x19\xd4e\xa4\x04\xb6\
\xed\x83\x08\x00\x0c\x80\x1c7\x02\xe77\xcf|\xa2\xbd\xc0\
ea\x02h;d\xb58\xf33iH\xc7\xa4\x1c\xd9\
\xa7\xe2D\xa9\x16y\x91\x0f8\xe8\xfd\xca@%\xac\x02\
\xf8\xdfa\xa4\xd0\xebg4@\xf7D\xbc8\xd3 \x09\
(}L=\xb6\x1f\xb2\xc0=U\xb8\xc8\xae\xdb6\x8d\
n?\x9f1X\xec\xda\xef\xf5\x9b\xb7\xc9\xb0\xff\xdc!\
\xe7P\xf9AF\xc0\xa6\xd5+a\x81!d\xdeGB\
\x83\xfc\xa4Y\x18\xf4\xc9\x0b\xb4\x87\xd3\x87\x04Y%\xe7\
EF\x81\xdey?$S\x93\x95\x0c\xe6\x8a\xd6\xf5\x00\
\x84\xca\xb9,\xd3nG\x02\xffZ^};\x8cZ\x9b\
\x9d\xce\xee\xff\xf4\x08\xc0\xb6\xbf~\x94\xb3\xce\x06\x00N\
a\x14\x8c9\xfa\xd2\xd5!\xf2D~|\xe7\xe6\xcav\
\xc4\x9a\xbb\xa6\xc0 >\x0d\x12\xad\x83k\x17\x03\x5c\x08\
\xcf\x9fdN\xd9\x0d\x1a\xdaqHk\x84\xd5o.U\
A\xea\xa3\xa4BN\x86\xb3w\x93\xc3\x8e(\x01\xdc\x88\
\x94\xd1\xf1\xc8-\xc8\xfb\xc3\xf3\x8f\xb1<\x7f\x0e\x0b+\
\x02\xe2\xddu\xcf\xc7\xd9\xf6<\xf2A\x8e\x14\x14\xe3K\
\xb7\xca\xc6(0q\xea\xdc\xf7\x91AM\xc2\xb5\xd2\xa8\
\x0a\xa2T\xde\x143\x18\xe7\x81\x80[\x1a\xe2\xea.\x5c\
@\x87\x19?\xd4\x08 ; \xc1\x80I\x966\x0b\xa3\
\x00\xcbw\x1e\x90\x99(\x0b\xe4F\xc1#\x04U\x00C\
\x9b\xd5Tc\xa8\x18\xe9\xcb\xbd~\x93t\x03\xc0\xf1\xd1\
L\xe3\xd4\xda\xf9=\xb0~\x8b\x0c\x00\xef:\xc0`<\
R\xc0\x07\xb0A\xa6+\xbe\x09\x06\x1f\xc6f\x85\xb0P\
\x19{\xef\x152\xe6\x8a^ \x05b\xc9\xab\xf7=\xeb\
\xdd\x93\xe0\x0e\xf3\xa1\x06\xe8\xc9\x87\xb4\xf4\x0f\x0f=\x1e\
\xa1\xff?\x91\x02\x88\x060\x85\x8fW\xb6D\xa0\xdc\x06\
dj\x0f\xe4g\x8b1\xdc\xec\xc9\xc5\xbc<\x87\x1b\x14\
sdl\x90\xe3@\x06\xdf>~\x8e\xc4bb\x8c\x7f\
\xffu\x19\xdc\xbf/\xd1b\x88X\xf8J\xdc\xec\x89\x12\
7g\x22`\xcf\x14zq~\x12\x1b\xf0\xe2\x819k\
?\x1b\x17\x1c\xd0\xe8\x06\xf7\xb8\x5c\x02Zt\xb1\x08u\
\x5c\xdf.\xe3\xb6\xed\xd8L\xad\xae\xd3\x00\x04\x0e_\xab\
\x85=\xc1\x0687\x8d\xf3\xe6L0\xa3\xe6G\x95\x0a\
\x0c\xef\xc3\x08\x8dMxd/n\xdc\xfcAt\x94\xb0\
f\xae$\xa0\xfc\xd1\x07\xb5\xeb\xc1\xdd/\x93\x80f\x9d\
\xf5|\x1e9\x81K\xb6\xef\xda##n\xbeS\x0e\x1f\
>\x22\xfd\x9b\xd7\x93\xd6\xb5\xaaX\xa1V\xf2\x01\xf8H\
\xcb\x0a%\x1c\xf2\xc0^v\xa1\x17\xa73\xd7)r \
\xe6\x8c\xfc\x01#o\xe5\xde\xa3\x1a\x83h\x0c\xc6\xac+\
\xa1-Q\x09\x13\xc3u\xc0\xa6on\xa6?\xd8\xec\xa1\
5#\xa4\xf1\xf0k\xd1^\x99A\xa0\x0e\x0c\x00\x0c\x80\
s\x00]r\xe3\xd6\x85\xb5B%\xa9\x05\xcc\x00\x81z\
\xd9\x97\xfa\xa5\x1b\x12\x19\xfa\x8aa\xff\x83\xfb%\x0a5\
\xf1'Q\x13oG\x82\xdc\xbd8#\x01eP\xa6X\
\x03X\x83`\x94p\x12\xda\x95>t3\xdf\xcb\xd5\xf3\
6c\x04w\xc1\xab\xd3k>\x0e5\xc1\xa8\xd5K%\
>\x16\xcc\x9c\x0e6IwOqa\xfd\xde\xee\xcf\xe3\
@\xc2\xd3\x00\x98\x05\x8d\x0f\x82@y\xd0\x00\xbc\xe1\x92\
F\xd2\xbd^\xb5\x1c\x1f\xda\xb5\xe5\x08\xaa\xdb\x8f1\xc5\
6\xaa\x0d\xa45IY\x0ac\x81\xf5\xb4e\x15\xdc\x8c\
\x93c\x01\x02\xdc\x0b\x03\xe0\x0c\xc1a\xea\x803\x0ap\
Z~]\xbeQ\x0e[\x1c\xf2\x01\xc5|\xa51\xd2 \
\xff\xed\xd3\x0a\x911\xe2}r\xbf\xeaz\xa2\xde\xe8\xc0\
+9\xa52\x9d\xe7`\x91\x01\xe0i/\x9b\xf3\xd8^\
\xfe$\xb1\x8b<\xa8\x1a6;\x8f\xc5\xea\xba\x1c\x0c\xd0\
\xf5\xb5\xd8\xfc\xef\xbde\xb8\xd4\xabU5\x0f\xbd\xea\xf9\
\xf3xl\x00\xf0\xb1\x99\xf3\xffh\xfe\x06,\xcaG\xd4\
+\xe3R\xdb\xb1N%\xb9\xb9s\x13xh\xa1F\xc4\
#\xf7c1\xc7\xa7\xd6\x10:\xae\xfd\xe7\xba=\xf2\xfa\
\xcc\xd5\xd2\xa2Q\x03\x996\xfeK\x10\xff |\xca\x1d\
\x03\x9e\xcf\xd9\x9f\xde\x94\xa4\xcdKLN\x979U\xb3\
\xe59M\x10/\x0c\x00vR\xcdF\x12\xdc\xebJ\x09\
\x88h\x95C\x98,\xf3c\xab\xc1b{\x7f\x0e\x0f\xdb\
\xaa\xc3\xf5\xbco\xac\xc1\xc2\x11c\xde\xdd9\xea\x9da\
#\xa7g\x03\xbac\x86\xfd\x13\xd6\xce\x05\xf1\xd1lI\
\x03\xfa\xdc\x0f\x11\x8c\xc0.\xc3$\xa0M\x1fT\x09@\
\xef \x8b\xd9\xee\xbc\xa1\xec\xd9\x7f@\xae\x00\x06`\xfb\
\xae\xdd\xd2\xbbI]\xe9\x88E6\x05H|\xbd\x17\xfe\
oZ\xbe\xb8\x94\x06@\xc5\xa3\xb2#/\xdf\xd3\xf9t\
v\xe7\xfa\xa8c\xf2\xd3\xaaHT{\x9cQ\xd4w\x9b\
\x1a\x15T\x19-\x148\x04\x1b\x04\x99\xfe\x99\xf4\x88\x86\
\xed\xb1Wj\xdcF\xea\x0c\x18)>\x88$hz]\
\x19\x00\xcdyv\x0a@#\x00\xd0\xc1`\xd4$\x00T\
\xd0u\xba\x0f\x92\xd0j\x00\x19z\xc9\xc9\xcd\x8d\xf6\x0c\
j\xe1\xa3V-B\xe8\x1d\x98\x0d\x1df\xce\x1by\x0e\
\x8da\x85\xaaJT\xac*\x11\xbd\x87\xa1L\x10\x9a\x14\
,\xbf\xd4TZVq!\xfe\xd8v\xe7\xb9C A\
C\xe0(\x00\x7fQk\x97\x01\xf4\xb7Z\xcb\x0d\x0bl\
\x22\xe6\xa1_\xbd\xf9\xa8F\xbf\xf0\xf5\x07R@?\xae\
\x8c\xd44\x90\xdd\x1c\xac6\xba\xae}\x03)\x07\xd2\xaa\
\xf4\x8d\xc8D\xfa\xcc<q\xd9\x9e\xf0\xed\xd6\xc31\xf2\
\xca\x8cU\xba\xf0\xde\xd3\xa3\xb9\xb4\x0e\xaf\x80RP\x13\
@/,\xc4\xb5'\xef\x7fNE\x82\x12\x11\x090\xa0\
Q\xbet\x1c\x9c\x9d\x85[\xf7\xc9\xdc-\xbb\xb5\xaf\x19\
B.\x1b\x12$\xb7ui\x22\x03\x9a\xd4\x04\xc4\xc5\xfc\
\xcc#O\xce\xf9!\xd8N\xf4'\xb2Y\xb4\xd3\xa3\x96\
f<;R4./\xa2\xf7-\xa0u\xdf\x936\xbb\
\x18\xcfa\x93\x9f\x80\x13\xfd\xe6\xcc5\xb2\x18Qu\xee\
\x9d\xc4\xbe\xf4\xe8\xd4\x5c\x1e\xbd\xef\x0a\xe9\xdc\xbe\xb1\xa6\
\x01\x0azl\xe6h\x0086\x07t~1\x00\xfd\xe6\
@t\xe7\x0b\x84\xffm\xb1\x8e\x12(Kai\x0e\x01\
\x80\xa5\x95\x93<\xff\x0f\xdb\x92g\xe8\x99@\xb5\xc7\xfe\
X\x8a\xcd\xe1\x84\xdcv\xf5\x15\xf2\xcaS\x8f\x88\x1f'\
\x04\xbda\xd4\xcd\x9f\x9e\xf02@s\xdb\x14\xc0\x97\xbe\
I8\x97\xbbxj\x00\xe0\xd3\xb8f@\x13\x84fa\
\x00\xf8U\xae\x95q\xf7uzMw^\xbd\x9d\x7fs\
w^v-\xe7\xf6s\xc0oP\xb68\x19r\xc5\x09\
\xeb\x17H\x12J \xd3Pn\xc6\x99\xedW:L\x82\
P\x16\x18p\xc9 D\x03\x80\xe8\xb7&z6\xdb\x8a\
\xec?tXn\xb8\xef\x11Y\xb9~\x83toT[\
\xba7\xc4\xe2\x02cJ\x0d\x1a\x5c\x8f\xd2\xc0\x15!a\
i\x00X\x05s\xf0\x11Y\x0b>oG\x94\x12M\x91\
n:\x08`\xa7\xce \x81\xb9\x0c S%\xca\xc8\xb4\
\xda\x987\xd2\xbah\xaeS\xd8@\xab\xb5\xed&\xe1\x9d\
z+'\x84\x95\xd3\xd1\x0dB\x0f\x8c\x99D\xfc<r\
\xc6$x\xeb\xbbU\x04\xa7\x1a*\x06\xa8\xaa\xe7k\xa5\
\x93\xcc\x89\xf6\xe8\xcb\xae\xc5h;\xa4\x22\xe7\x1f\x05\xaf\
\x1b\xf4\xd9{\x80\xd5 \x9e \xfb\xd3\xb3n4\xeb6\
\x14\xdf\xa9\x08ia\x0a\x0d\x15\x07_\x80);\xe4\x8e\
f}\xcc:\xcf\xfcEa\x9fdI\x00h76j\
\xaf\xd2\xf1\x9e>\xb8\xd7\xe0\x19\x5c\x16t\xb7c\xa8`\
\xba2\xcfW\xa5!\xb8\xe3\xd8I\xf9\x18N\xc7\x0a\xf0\
\x8d\x180\xa5H\x93\xaa\xe5\xd4\x00h\x17\xce\x92P\xda\
CY\x83j\x15P\x88\xdf\x91Ph\xd1\xae\x83\xf2\xec\
_\xcbAP\xe6\x0fa\x9d:r+6\xcf\x04\x14\xdd\
_h\xfb\x16\xd3\x00\x87,N\x006 \xbb\x9e\xd1\xcf\
\xbd(\x87\x9d\xb4r\xb3rb\xf0\xbd\x08\x00\xec\x09\x03\
\x9dX\x80<\xcdF\xcbX\xcd\xd6\x08\xb0\xa7\x81\xdd\x9b\
j\x08d\xd7\xb5\x17Zk\xe6y\x08\x16\xd8\x05\xd8\x87\
\xd4y\x18\xb7t\xb3\xaes\x1aQ\xc7X%)\xd0\xd8\
\xfbF\xcb\x88\x81\x1d\x91\xeaaj\xbb`\xdb4g\x03\
\xc0\x1a\x80\xf4\x90\xfcQ\xbe\xf4\xf1\xfc\xf5Z\x01@=\
c>X\xdd\xf2\xa5\xd5\xfb\xa75\xed_\xc0\xd6\x0a7\
\xa0]\x08\x95\xdc\xf5\xe3\x5c\x09\x02\xf2\xfd\xbdg\x1f\x97\
K\x07\xf77k\x1dR\x0f\xa9G\xf6\xca\xe9\xef\x9f\x97\
4,\xc6\x96ak-\xe0\xe9\xdea\xfaJ\x9au\xbf\
:\x16J.\x1c%JIPgxd \xd5\xa1\x0a\
\xa0\xfe\xce\xcdp\xc8j\xdd7\xa1\xbd\xdcy\xff9\xed\
$\x06\xcd\x9e*I{\xb7\x80<h\xbe$G\xae\x83\
\xce\x01K\xda\x08 2K\x82/\xf8\xdb\x83\x80_\x08\
\xea\x8cw\x00\xa5qV\xb5\xdb\xce\x03,\xea\xe8Q\xb9\
\xf3\xe1'd\xf6\x92\x15\xd2\xb9A\xb8\xf4\x055e\xb2\
\xc5\xc6\xc6\xeb\xd5,\x19 \xd5KQQ\xaf\xe0\x0e.\
\xd8\xc7\xa1\x8d>\x05LY\xb3\x11\xfa\xa5eLC\x93\
%\x80#[\xd4\xcd\x94\x82\xc8js#Mn\xbd\xbe\
#$\x0c\x15\x00\xa9\x00Sf\x9aD\xb8&}\xbf\xfd\
K\xe7\xa0N\xff\xa8Ti\x89:\xffJU\xd5\xf3\xd6\
\xc3\xb9#m\xf7\xc6\x8a\x9e\xe8\xaf,\x07\x9c\xe3\x8cB\
=\x04\xdb\xc5\xec\xd9a}\xd46\x1ar\xd3F\x18w\
0<\xc9\xc1_\xb6v#\x09\x05\x07\x7f0T\xff\x02\
 @dn\x8a/\x18dI\x90\xe0=\x07m\x00n\
\xfc\xa7\xf6\xed\x02\x8e\x01i\x0cD\xc0\xf8\xfb\x82\x8e\xce\
\xe4\xe6\xadr\xf3\x19\xe3\xfcR H4\xed8i\xed\
\x0e\xf5\x98\xd8\x97ea\x842\x0a@\x8a`\xd5\x1bq\
33\x931O(Y\xfe\xec\x9fK\xf5z\xed \xb1\
\xfb\xdc\xe0vHY\x02\xe0\x99\x9b\x87+\xa0\xcf\xd8\x91\
\xc3h\xe8\x01\xecB5\x00K\xac\xd5\x09\xc3\xfdN\x9e\
\x8b\x93\xe9\xeb\x22e\xfd>\x08\x85\xe1\x07\x9c'U\x00\
\xca}exGMi\x103\x90\xa7\xcd\x22}\xd1\xd4\
\xb73Q\xbf\x8c\xfc\xa3\xe9\xaf\xedl\x91\xda?\xf5\xd6\
\xea-\xa0F\xbcH.\xabF\x1c\x22\x9b\xb3\xa1\x0d\xf0\
\xa5S\x1a\xa0\x0c\xfa\xf4\xde\x9b\x87\xcb-\xd7\x0d\x00)\
\x10\x08\xcc\x0a\xf8p\x9b\x02\xb0\xad\xe8\x18\x80S\x9e\xff\
k\x19J\xef\x0c3\x15Q\xb8\xb4@\xafnWOj\
\xc2\x10\xd0Ac\xe5_\x0b\xe2\x999\xc0g\xa2t\xe2\
\xb5\x19k\xa5^\xedp\xf9\xf6\xa37\xa5I\xed\x9a\x00\
\x06\xc1\xfb\xc7@M9\xb8G\xceLx\x11\xc0\xb7\x83\
NT\xa7\xb9\xf1\xfe\xcdr\xe2\x1f\xde\x00r\xbaWK\
\xb1\xfa \xd5q\x9e\x5c.h\xaa\xf4\x10\xba\x99\x00\xae\
\xccn\xb9\xf1\xbe\x0c\xe6\x81\xdeNN\x86\x03\xce\x01\xdd\
q\xc2\xec\x09\x92\xb8\xf8oP\x1f\xc7K*\xc1\x9b\xfc\
\xcf\xaa\xfd\xf7-\x01\x8d\xf7V=%\xb8\xdb\x08\x18\x03\
e3u\x8bc\xb3\xb0<\xa8C\xc7\x8f\xcbC\x8f?\
+S\xe6.B\xf8?\x5c\x06\xb6\x8c@\xaa'Ie\
H\x99\xd1\xa8\x14\xe2/\x11\xa1\x00\xa7d\xc5-\x90O\
\x9d\xce\xb0W$\xbc\xbe\x9f\xc1\xf3\xc04\x00#\xe4\xa5\
\x11\xf6\x1f\x88P'\xf9\xe0U\xd4'\xf3\x9bd\xa07\
\xf5\x03#b\xfd\xfe# d\xd3(\x13\x05tz\x7f\
\xd1\x83\x06v\x049\xf8\xb4\xd4$\x18S.Hh\xab\
\x9fMQ]\xd6\xdbD\x1c\xa4\x84\x0f \xb4M\xa7\x96\
\x00\x00 \x00IDAT\xec\x7f|\xeb:\xd4\xfd\x13\
\xc8C:\x5c\xf74\xab:\xa7\xac\x88\x85\x1d]I\xcf\
\xce\x98>OB\x84\xc2\x0f\x1bT\xb1\x92\xa5\xa4\x0c\x01\
\x89\xd68O\x86\x9e\xc5)\x8c\xf5$Dy\xc8_\xa0\
$G\xf0$\xfe_6~\xd7\xaee\xc8~\xeb\x91\x13\
\x90\xfb\x06\xeb(xG\xb8)\xd1s\xeaX\xa7\xb2\x5c\
\x030`\x83\x0a\x04O\x9a\xac\x88\xebaz\x0d\xbd\x87\
1\xb4\xfe\xe01yz\xcar9\x09\xc9\xdd\x1aeK\
\xc9\xcb\xc3:HM,\xb0\x04\x17^8mg\x8c\xc7\
\xb3H\xaf\xee\x81\x01`\xa8\x81\xcd[\xc5c\x1e\xb2$\
p\xfa\xfa\x9d*\x9a\xc4!\x19\x8ch\xc6\x95\xed\xea\xca\
-\x1d\x9b\x82\x9a\xdd\x93z\x80|\x9a\xa4E\x97\xc9s\
\x0b\x98h\xa5\x8f\xecF5\x00\xc5\x81V\x00\xebDC\
\x95s\xff\xea\x11]e\xec\xfdWJC\xac\xc14\xf8\
\xf3\xe2R\xb8{\xd0\x1c\x0d\x00{\xaf#\xeb\xd4,\xa0\
\xb1?A(.\x8a\xb5\xffx\x22*u]\x85\xcd\xbf\
?P\xb9eK \xbf\xec\x01Z\xd4\xdd\xc3\xe4\xf4\xfb\
s\xa8\x83\xfd|\xd1F\xf9}\xed.\xe4I\xda\xcb\xf7\
\x1f\xbc%\xa1!\xe0\x1c\xa0\x95\xca\x0d\x13\x9e\xff\xd9\x1f\
^\x95\x94(\x00\xb0\xac\xff\x88\xf6\xb5\x8b\xef\xdcy\xff\
j\xc0X\xd6\xb6o\xf1\x92\xa8\xab\xef\xab\x11\x00\xdfR\
\xe5\x94_\xc05\xac\xea\xfc\xac9m\xf2\xb91\x00r\
\xfa\x8c\xcdk\xa0\xef\x88r\xaf\x84\xb9\xbfH\xe2\xa2)\
\x92z\xf6\x14\xda!c\xe9\xa6O\xf1\x12\xc6\x00\x00\x10\
\xd0\x07\x06\x80.&6\x9d\xb0\xf5\x02\x0ec\x03\xdf\x1f\
\x8d>!\x8f>\xf5\x9c\xfc<s\x9et\xa8[C\x06\
\xb7\xaa\xa7\xe1S\xbd'\x16\x9c2A>\xd2\xb0\x5c\x09\
k\x13.\x18\x8b\x9f\x8f\xb8\x1au\xff?\x82e\x92$\
0$@!\x07\xc0(x\xff=Pf\xea\xa8]v\
\xee\x00\x86\x81\x9d\x22\x93T\xcc\xab\xdfo$\xb8-\x1a\
#\x02\x80\xcd=\xd3\xe6\x90\xfe\xec,'LUr4\
\xe7\x932O9\xcb\xbc\xd3\x05Z\x17dl\xc0T\xcd\
<\xbay\x8da\xd8s\xf1B\xdd\xa1\xee][\xcf\xb5\
\xcfmo.\x95 F\xa5*6\x07\x7f\xee\x83rO\
S\xb9cR3\xc6x(\x98\xfe\xc8\xcb\x9c\xf5\xf6\xb3\
\xcex\x14\xc7g5\x0a\x90\xaa\xac\xa3\xa4\xfd\xb6\xa3\x00\
\x14\xc7!\xf1\x18#C61\x94i\xf3\xcc\xed\xc0\xb9\
\xb2\xe9\xe0\x09M\x01\x1c\x83\x18\x0b\x81\xcb7wn(\
C\x9a\xd6Q\xe4\xfd\x85t\xb0W\xe9\xecP&x\x1f\
\xb0\x00vr\x83\xe0\xc5\x03\xd1\xb1\xf2\xfb\xca-r\x04\
x\x08\x8e\x17VE\xd4\x01(\xf2\x9d\xcb\xbb\xa9\x0eK\
\x01f\xe6.\xa4&\xfa\xbfy\x16\xf6\xe1iD{\x98\
\x06\xf8g\xcb\x01\xa3\xfb\x80\xa3S\xdb\x86\xf2\xd4#\xd7\
J\xaf.\xa8\xde\xb2q*\x8e\x95'\x7f_\xdfm\x04\
\x80\xb7\xa37\xfa\xf6\xac5\xcaa\xcc\x8d\x98\x0f^\x15\
\xe8\xd3\xdb\xbb5\x95\x0e \xe7 \x11\x90\xbb0\x5cn\
\x1e\xdb\xf6\xbe\x18\x06\x8e>\x1b'/M[\x09\x05\xc2\
\x13r\xf7\xf5W\xcbK\x8f>h\x8ayt\xdd\xc6B\
\x88:\xf9\xd3\xbf\xbc#)\xdb\xd7\xaa\xd5d\xbc6;\
\x02\xe0\x99u\xac\x8b+\xbc\x0b\x12\xeb\x04u\xbbT\xcb\
\xe7\xd2X\xd9\xa0\xfb\x81}\xaf\xac\x16\x98\xfc{{g\
o$\xab\x90\x9e\x83\xd8\x88\xa06ln\x09`\x0cL\
X\xf8\xbb\xa4\x9c\x8e\xc5#f\xa4\xf7\xf4\x0552\xa5\
\x8d\x83\xbb_*\xbe\xa1\xa8\x9f\xcf!\xa2\xc0\x8d\xf5\xd8\
\x89\x18y\xe2\xe9\xe7\xe5\x87\xe9\xb3\xa5]\x9d\xea2\xac\
M\x03\x84!\x0d\xd8\x93\x00\xba\xd2\x01\x94\x06.\xae\x0b\
OAm8\xccw\xb2\xfc\xef\xa7U;4\xd5\xc4\xc5\
\xbf*\xc2b\xd7\xa0\xcc\xb4]M\xc3\x81\xee\xee \xb2\
>\xa2\xcf\x08)\x8f:\xfb\xac\x0d\x80\x9c\xae\x90\xf5F\
\xeah;\xb4q\xfc\xa9\x13\x0a\xf8#\xd1N\x0a1\x06\
n\x93C\xee\x9e8\xe7\xdf;\x8f\x83\x0b\xc7[\xcd\xdb\
;y\xfai\x8d\x96`\xbc-\xd9}X\xbe\x05\x7f\xfa\
f\x88\x05\xa5b,\x06\x07\xf8\xc9`D\x84\xaeBe\
\x08\x99\x01\x0d\xf4!\xebq\xc9\x1e\xdd\x04\xe5\xd2g\x11\
\xc1\xa4\x1a[0\xc8t\xba\x80P\xea\xe1>\xad\x95\xb5\
\xf4B;\xf8\xce1\xf1\xc9\xb2\xe3d<TV\xad\xd4\
#^-\x16\xf3a&\xa8\x81W\xee\x8ar\x18\xb5%\
\xc0\x90\xf8\xf4\xa0v\xd2\x09\x14\xc9\x17\x9a1s\xa1\xb5\
\xeb\x85\xf6<\xdc\xa3Hw\xfe\xeb\xdaH\x87\x02&G\
p\x95Je\xe5\xb9\x87\xaf\x95\xeb.\xefS\xe0\x12\xd8\
n\x0d\x00\x86\x5c\x0f\xc5\x9e\x91\xa7\xa6,E(\xee\xa4\
.v\x1c\xa0\x97\xd4\xae(7!\xff\x1f\x01\x8e\xee\x82\
;\x0c\x98\x8f\xa00\x12'\x90\xfd\x8f\xa2\x19_\xbd\xfd\
\xb2\x5c6x\x80a\xbb\xb3\x0e\xb2\xe7\x9d\x03\xff\x7f\xe2\
\x12\x86\xc3a!;6CN\x7f\xf7\xbb\x86.\x1e\xd8\
||\x01\x9c\x0b\xec4\x04\xb5\xff}3\xe4\xcdy\x9b\
\xec|\xac\xfc\xf6\xbd\xecE>\xc7\x9c\x1e\x1f\x17\xab^\
\xfc\xbc\xc9\x92\xb0`\xb2\xa4\x00\x08\xe8\xba\x11\x91%0\
\xa0\x15\x0c\x80\x1e\x97\xe1\xbd\xca\xe9&\x9eU%\x80\xdd\
B\xc7cN\xc8\x93\xcf\xbc(\x13\xa6\xd1\x00\xa8&\xc3\
@\x06\x94@\xa1'\xcb\x00\x08\xc1\xa2\xdb\xb4<8\x08\
,\x97:7\xd1\x8d\x9c\xc6\x0a\x07\x7f\x22\xfa\x94\xdc\xff\
\xbf\xae\xde)\x09\x08u\xd2\x1b\x22\xd6\xe4F\xa8\xa05\
\xc4\xc40\xf4\xa7n6Ll\x18UZ\x80\x06\xb8\xe7\
\x00I\x05\x1d\xb4;\xf0\xa3\xbb\xeb9\xc6\x18\xde\x9bR\
\xd9\x07@\x93}|\xbb\xad\x22\xe8\xfey<\xbd~\xd1\
y\xd9\xb5\x00J\xe1P\x02\xf7\xfd\xb2m2\x07\xd4\xd0\
\xac\x8d\xe7\xc1\xc8\xd0\xe5\xad#\x80\x0d\xa9\x03'\x04\xd1\
/\x8d\xe2\xb8\xf6\x87q\x056\x018\xfc\xdcTTI\
\x9c>\xa7\x5c\x22\x11\x18SO\x0dn\xaf\xc6\xa5WL\
O\x85\xd0I\xb4\xafY\x0d\x10\x19\x13\x87rg#\xaa\
fG\x066\x00\x03\xf0\xd3\xd2\x8d\xf8\x81\xceJ\xc5\xc4\
\x10\x0bA\x91\xa0\xac\xd3c\x85\xf0\xc0E\xb7\xf0\xba\x05\
\xec\x08!G'\xcb\x01\xbf_\xb6\x15\xa9O8qj\
\xf0\xfa\xca\x03\xb7\x0c\x93\x87 \x10\x14\x86\xea:\x02\x8d\
\xf3\x84\xef\xc8\xe1\xe9\xdc\x1a\x00\x5c\xeb\x17\xee8(\x1f\
\xcc]\x8fR\x1c\x88\xd3\xe8n\xe7#\xd7v\xa8/\xa3\
Z\xd6\x952\xd0\xeb\xf6`\x7f\xf5\xba\x81\x9c?@\xfe\
\x819\x00K\xbc?{\xad\xf8\xa1\xb6}\xe9\x94\x9f\xa4\
Nx\x0dG\x9d\xb3nD\xf0\xd4\x13\xb7@\xeb\x1cL\
\x80) wI\x97<\xcd\xde\x00p\xe4\xeb\xd5\xb9\xc7\
5t\xc3\xec\x099\xdd!\xe2\x17V5S\xd8?\xbf\
7z\xd7F\xb17\xd4l7V+\xccm\xf2\xfcx\
h\x8d\x00\xc0\x00X\xf4\x07\x22\x00`\x0as\x89u\xfb\
\x16\x0fI\x8f\x00\xc0\x00\xc8\x11T\x88k\x1e;qB\
\x1e\x7f\xf6%\x99\x08\x03\xa0=\x0c\x80\xa1\xad`\x00\x00\
i\xce\xa5\x86^Wh 4\x01\xc2\xec\x14@\x9e\xba\
4\xcb\x0fs\x91#)\xc6\x1f\xebw\xe1\x0b%O\xf8\
\x9e\x1a\xf1\x8d*\x97\x91[;7E\xce\xb6\x94\x83\x0c\
%\xfb\xbb\x9b^*\x13^\x07<\x00\xd7\xa9Q\x97\xd7\
\xc3\x84a\xb9\xf9\xc7\x82`g\x11\x84u\xd6K\x92\x86\
\xfd\x8b\x8e\x82o\x01\x93\xdf9\x87\xb1>\x19\xcc\x80\xfc\
b\x18\x9f\x07\x87{8\xf2\xf9\xa4 \xef\xd3\xa0\x86V\
\x8bd\x1d\x8cI\x93\x9dGc\xe5\xb9\xbfWh\x05\x13\
\xc7se`Y\xee\xed\xd9B:@\x5c\xca\x03\x9b\xb2\
\xe0_\xd3\xba\x83\x0d\xf0\xe3\xb8\xdf\x7f:\x01\x15\x01\x86\
\x15\x90\x07\xff>\x86\xf0\xff\xf8\x85k\x11\xc90\xec\x88\
T\xeclD\x8fqH\x07M\xc5\x16\x1d\x17W\x0bp\
\x0co?\x12\xa3@@r\x9e\x18\x02(\x91A\x10\x07\
z\xfc\xc1\xab\xa4]\xab\x06\xea\xe8\x9d7\x03\x80\x0f\xf4\
\x0dBo\x5c\x94\x19\x92\xe5\x04+\x03P\xd6\x03\x10\xa4\
\xe8T\xb7\xaa\xd6\xd5\x16\x5c\xfa\x91\x00\x1d\xe4[a\x00\
\x900\xe1wl\x0a\x1d[\xb5\x90\xa9\xdf\x7f\xa1@ \
;\x0ef\xe2\x04\xbe\x92r*Z\x12\xa0\xa4\x17\xbfn\
\x91\x08\xf8\xf3\x09\xcarg\x9d\xa8G\xcc\x8d5$T\
\x09s\x82@\xfb\xebW)\x9c\xaa-\xd6H\xb2s\xc3\
\xd9{z\xf9e\x18(\xee\x0f\xb7\xcbY\xa7\xcbz\x0e\
\xe2\x15@\x8e\x12?\xe7gIX\x0c\x0c\x00\x90\xe1\xae\
\x06\x80\x1f\xb1\x0c`\x02\x0c\xea>J\xdf/\xa7A\xc4\
\xab\x1e\x05m\xecX`\x00~\xfdg\xbe\xb4\xaf[]\
\x86\x80\x0d0\x91@95\x00D\xc2\x82\xfd\xa4\x010\
\x00\xe9\xd9r\xbbM\xd2\x7f\x92\x97\xe9\xc7\xc9\xc0T\xcf\
$x\xff\x14\xca\xb0K\xb8\x9a\xa1\xec\x8b\xe9\xa6\xaa`\
\x7f\xcb:\x02\x90\xb1\x07\xf8\x9eL\x03\x90\x08\xa8T\x15\
P\x01\x93D)\xd7az\x0e\x0e?\x84\xfdO\x22\xe7\
\x8f\xcd\x7f\xdb\x06\xe8e\x14m\xfey\xe9\xe7\xdc|\x96\
i\xc8\xf9(\x0d\x1d\x8f(\xc0\xf6\xa31\x8eiM\x0f\
\xb8\x11Hq\x18\x09\xe8P\xbb\x92C\xb1\xd2yD\xf2\
\xdf\xe4\x11x\xfd\x9f\xd5\xb2r\x1f\x88\xa5t\x0d\x0b\xd0\
\xb4\xd2H81j\xdee\x09.\xcd\xcd\x93\xe6\xcfg\
\x98\xf6<\x0e\xa1\x98=\xb1\xa0\x04\xb7p\x0d\x5c\xab\xa8\
\x09@V\xc0E\xdb\xf7\xea\x8d\xfc\xf0\xfe\x95\x10\x09\x19\
\xdb\xaf\x8d\xb4\xac\x16fa\x9e\xf2\xe7\x19\x8a\xaeR\x90\
-`\xd6,:\x9e1\xe0*\xf9\x02\xea\x97L\xb1\x93\
_\x87G\xdd\x9a\x95\xe5\x09\x00\x01G\x8f\xec\xae}\x9c\
\xb3zL\xee\x9f3\xc7\x08\x00\x01F\xacO|\x7f\xf6\
:Y\xb6\xe7\xb0\x0e>\xce\x96\xb6P\xa2\xba\x13!\xa7\
:\x08\xa3)1]\xee\xef\x9f\xe3'\xd9D\x04\x81\x91\
\x05\xec\xa9)\xcbd+\xac\xf8\xa7\xef\xf8\x8f<\xf4\xe0\
=P\xfa3\xe5]\x19\xbce\x96\xc5\xed\x5c/\xe7f\
M\x94\xd4\xbd\xdbP\x13\xcd\xc6\xcc\xe8\x01\xda\xe5|\x9a\
\xef\xa7'\xcd\xb0\x7fh\x05x\xca=\x140\xe7[\x1e\
\x0cL\x88&8\x8c\x0b\xfb\xfd\xb2y\xc9\xac6\xff\xdc\
\x84\xc6\xf9\x19\x13\x5c\xf1\xb0\xab\xf9\xee\x00\xa2\xc5\xcf\xfa\
I\x12\x96O\xb7\xd2\x1e\x19\xc9@|An\x13\xd4\xae\
\x8f\x04\x02\xcc\xe8\x17R:K\xb4\xb3s\xd4\xe10\xaa\
\x00\xee\x7f\xf4)\x99\xba`)\xaa\x00jH\xff\x16\x11\
\x0a\x024\x06@\x9aTC\x19`\xcd\xd2\x10]*\xa0\
\xfe\xe6\x1aL\xdew\x12\x00\x91s\x82X\x03\xe65[\
T//wtm*\x95\xc1\x81\x8e\x94\x99g\x07\x16\
K\x82\x00\xeb\xf5\x1b\xa5\xd7!U\xb4\xb7\xf9s\x02\xca\
\xc8\xb6x6\xfa\xa8\x1cX9_bvo\x97\xe4D\
0\xd2y\xfa\x0c\x9e=i\xd1Y\x1e\xb4\x00\xc7\x5c$\
\xd2\x80_/\xde,\x8bv\x1crpQp\xcc\xb0\x9c\
\xea\x92Z\x95e\xcc%\x0d\xa5^\x85PxQN%\
\xbb\xe8+\xfa\x0a\x04\x0f~\xb2`\x93L\xdd\xb4\x07W\
Bi)\xb4\x22\xfaAY\xf2\xf6\xaeMP\x0eh\x13\
/y\xf0 \x85q\x8a\xe5S\x9d\xd2r@\x10\x9c%\
\xa5\xbf\x0f\x0d\x83\xed\x87\xa3e\xe2bD\xa1\xb8\xbe\xe1\
\xfd\x8aC\xae\x9b\xec\x88\xa3A\x95\x9d\xc2J\x94\xffC\
\x9d\x84\xc2h\xf6\xc2\xbe\x87\xc9X\x91\xc8+M~\x01\
\xc0\xf5\x97\xd5\x91r\xe4\x94!\xf1*\x81R\xd7{o\
\x1e&\xf7\x80\x150\x0cQ.O\x18\x1bs\xf3\xfcn\
S\x00k\xa0Y\xfc\x11\xea\xffY\x83\xcfh\x00\xf3\xbf\
c\xc0A=\xb2y\x1d)U\xdc O\x0bjCP\
\x03\x00\x7f\xb0T\xe2\xbf\x93\x16\x8a\x0fJ\x9e\xa6\x8d\xfb\
DZ\xb4l\x09\xfaV\x80\xd3\xb2\xb8qZB\x9c$\
m[#\x09K\xfe\x92\xe4\xfd fIt\xf2\xd6\xec\
\x0f\xd8\x165\xf8\xfd}\xa1\x84\x18\xd8\x12|\xf9\x0d\xdb\
\x1a\xc4\xbfSd\x81\x0d\x9a\xdb\xcd\xdc\x1b\x8f\xc2m\xe8\
\xdf\xeeYgh9\xde%\xe5T\x8c\xc4\xcf\xf8\xc10\
\xffQ6\xd8\xa5=\x98\xf7\x0f\xea0@1\x0d\xe42\
p\xd7O\x07\x0e\x1f\x96\x9b\xef\x1f+\x8b\xd6\xac\x97n\
\x0dkK\xef\xc6\xb55'o\xe4,\x91\x8b/\x13,\
\x95C\xc8\xad\x9f\x9b\xa1\xe6\xfe3|\xbe=\xd1\xa7e\
\xe2\xaa\xed\xb2\x18\x82O\x8c\xf2\x10\x04\xd8\xaaFy\xb9\
\x13\x06@\xc5R%\xdc\x1a\x00\x0e\xc5?<\xb3?\xfa\
\xb7V\xf7\xfeR\xa1A\xf3L\xe5\x99Y=M\x86\xbe\
\xc6;\x92\xca\x99\xe4:\x07V.@\xcd=\xf4\x18\x10\
\x86\xce\xafh\x8f\xfb\xd6(:\x83-`\xfa\xd30a\
\x121\xfd\xd5bD\x02\xd7\xedV\xc3\xd4>\xf8;2\
D\x0emZ[\xaeFe\x80\xa6\x02\xd4\x98\xb6\xe6/\
\xfe}\x1a\x0e\xc3\xaf(-\x1d\x07\x056\x961SU\
\x8fDB\x0f\xf6i\x09\x12\xb3\x00\x8by\xf1Bjs\
\xa4=\x10\xf9$-p4\xcb\x01\xad9\xc71\x1a\x0b\
\x8f\xf1\xbb\x05k\xe5 \x84\x82x\x10\xc8\xd8\xa3~U\
y\xb4_k]\x9f\x89\x7fr7\xd7/\xa47\xfd\xb7\
?\x0b\x1d\x14\xf2T|\x8e(\xc0&\x80\x5c\xd9{\xfe\
0jG\x0e\xe9,\x0f\xdf}\x994\x05!\x9bF\xa9\
\x0a`\xdd\xcd\xd6\x00\xb0\x85w&,\xdf*?a\xe2\
\x90\x81\x8a3\x8a\x8a\x5c\xf7\xf6j!m@\xfecs\
\xff\xe7f\x93\xf4\xac\xd3)kJT\xb8Q\xffk\xda\
\xa0\x81\xcc\xfe\xe9\x1b\x09 [[\xb6\x17\x80\xd7\x06v\
\xb4d\x94\x03&o_\x05\x86\xbc\xad\x86 \x075\xf3\
j\xaaP<\x03\xa48\x14\xfa\xf1\xaf\xd1\x00\x12\xbaM\
\xc4\x1f\x92\xaf\x04\xcc)\xc7~\x1e\x0ew\x08\xfe\xec.\
m0\x0c\xf0P\xad\xfc\x8f{\xe3\xc1\xb85\xc9G\x10\
2\x9a\xf6\x9d$mZ\x9a\x89\xf7\x9d\xed\xe3\x07n\xf9\
\xc0.C\x15\xd0h\xc4\x8c\x9c\x89b\xd2\x15\x1b\xd5\xd0\
\xe1\xe6\xbbo?\xe4\x80\xef\x95m\xd0\x04\xe8\xdd\xa4\x8e\
t\xa9\x07&@\xdd\xed\xcd\xc8kZ\x0eT\xc0\xc1 \
O\xc9\x87\x81\x98\xd5FJ\xd6\xbf\xf9\xd8\xf8\xa95\xa1\
\x0apx\x09\x86\xfc\xdb\xd6`\xc4\xa9\xa9\x84\x85\x14w\
x~Yy\xf3\xae\xedF\xc3%\xb0ti\xa9\xde\xae\
\x87\x94\x8bh\x8cIE\x1ac\xd2D\xbb\x8e\x1e;\xad\
\xc2!\x0eR)\xa4\x0c\xe2\xcf\x9c\x92\xe8\x9d[\x90\xef\
_'q\xd1\xc72I\x06\xe7a\x98\x14}\xd4\xeb\x16\
\xb0GK\x9a\xa6\x86\x08\x98\xda\x7f\xc2\xc8\xa8\xda\x07\xfb\
\xba.\xbc\xff\xab\xdaF\xa0\x5c\x14\xa5\x81\xdc\x04\xd5x\
0g0\xb4:?\xf2\x80\xbc\x0b\x05\xb6\xb3\xc0\x99p\
\xd1%\xb8tl_PFW\x80\xc0T\x01\x971{\
\xfd\xca\xf8@\x22\x8c\x9cCg\x12\xe5\x00\xbe\xec\x83q\
\xc2D\x00\x04\xa9\x10\xb8j78O\xb4\x1c\xd0Wj\
\x86\x95\x94\xd7Ft\x92\x0a\x98#\xda.E\x96jn\
\x9a\xfc\xbc|F\xc9\xcf\xa0{\xf1!pv\xc4\xbaq\
\xcd\xe3Z\xd6\xbeU}\x19{\xcf\xe52\xa0g\x1b\xa4\
\x01\x0aHg'+1 {b\x9dC\xb8\xf3\xe5i\
\xabd\xf9\x9e#\x0eM\xeeK\x00\x9a!\x8df\x0d\x0c\
8\x04\xcet#.H\x03\x80Q\x87\xef\x96mG\x1d\
p\xa4\x8c\x1a\xd8\x07\x04@\xef\x80\x04\xe5\xac6H\xb6\
\x07w(\xd4N\xa7\x9e\x8d\x852\xdeQI\x850\x0a\
\xff\xcd\x5c\xb0\xca\xe8\x96*\xabh\x7f\x86\xc8\xe9\x19c\
g\xc8\xc7\x1c\x8bw3\xcfLVK\x91\x0f\xff\xf4\xc8\
r\xe7\x87\xb0\x80%\xedX/q\xffL\x90$\xa8 \
\xba\x1ej\x00\x00\xcb\x10\xdcm\xa4\x044\xef\x22i4\
|\x5cB&\xce\xd5\x06\xfc\xf7\x96\xed\x912\xe2\xa6;\
%\x1a\xe5\x80\xfd\x9bGHK\x08R(\xbe\x02\xf7#\
\xd3c\x8b\x0a\xc5\xe191\x94\xee\xd1S\xe68\x99\xb2\
j%\xe6vI\x8b\xb9\x1ayZzx4B\x99\x86\
\xea\x80\xf0\xee\x9d\xdd\x9b!o\x0b\x16B\x86\xe5s\xb0\
@\xb22\x02\x8a\x95(\x09q\xa0\xba\xa0\xd9m-!\
\xe5\x91'\x861\xa4-\x0d\x80\xa3Z3V\xca\x87)\
\xa3\xf8\xd8\x93`\xf5\xdb.'\x11\xee\xa7Tp\x12x\
\xf5/VQ\x9d\xf3\xb2\x9a\x15\xd8MM\xdd\xfb\xae\xe3\
\xa7\xe4K\xa4\x01\xe6a\xa1t\x1e\x06L\x9c\xb14\x90\
\x94\xd17 \x15P\x8d\xca\xa4NU\x01\xac$\xa2\xf4\
\xea[(g>|\x8au\xf4>Z>x/t\x01\
z5\xac\x86M\x95\xa1L\xef\xe6n\x81\xbd\xaaua\
n\x04\xd1 `\xdbu2\xc1\x8a|\x99\x95\x99Q\xb9\
U(\x05\x9c\x06f@\x8d\x84\xe0<\xb2e>5\xa8\
\xadt\x01\x95\xac\xfe\xec\x02\xc34\x14t[]\xec\xd7\
g\xf2v\x02\x18/\x7f\x81\xb3}\xfc\x8ca\xbc\x0c\xaf\
^Q\xee\xb9u8\xca\x01{Ii\xe8^\xb8w\x0c\
\xbdo\x05\x8d\x00\xb8n\xe0\x5ct\xa9\x96\xb5d\xd7a\
\xad\xffW\xf2\x1f\x1c\xe4a\xbf\x02\x82,C\x9b\xd5\x86\
\x10G:\xe2\xd4\xd9\x12\xcf\xfb\xd6\x90\xfe\x12\xbc.q\
\x07\xaf\xfe\xb3R\x96\xee9.\xf7\xdcx\xad\xbc\xfc\xe4\
XI8s&[\x03\xc0\xf9]t\xa3\xd0<\x19\xde\
\x88\xb9\x04k\xa3\xc5J\xa2\xc0.\xd7p\xbf\xf7\xcd\x97\
\xb7O(\x09\x0fK<\x0c\x1a\xc1m\x07+:\xc0\x0a\
\x89\x92\x05.i\xdd|\x89\x03\x11P\xf2\xe1\xbd\x99L\
\x07\x9e[\xacz=\x09\xeey\xb9\xf87\x00\x9b!-\
\xc8\x0c\x11\x00\xe7g'_z\x8a,Y\xb9JF\xdc\
x\x9b\x96T\x0d\x01\xfa\xb4^\xa50=\x89\x00\xcb \
DU[V\x08\xb1B\x8cy{\xef\xac>\xcdE\x8b\
dSf\x02\x18\xbes\xf3\x9fHG\xd48\xd3\x00 \
#\xa0\x02%\xbd0\x00\xf4\xf9\x89\xab\x80\xf7\xef\x0f\xbd\
\x8a\x92\x15\xaaI\x19\x18\x03\xc5P!\x11\x5c&\x0c\x01\
\xa1b\x12\x17\x0b\xf0(\xd2)\xa7\x0e\xed\x87\x9c\xef>\
I<\x03\x02\x22l\x18*\xe8\x94\x1f\xe1\x8e\xfco\xae\
\x7f\xe5\x15\xb9\xb6p\x9c\x90%\xf2\x87\x95\xdb\x0c(\xd9\
\xe9\xe0\x9eW\x1d\x1b?\xd7\xa8\x81\x8d\xc9\x12j\xc0S\
\x1c/\xc90\xfew \x8d\xf9\xf6\xac\xb5(g\x8e\xd1\
\x9f\x91F\xf8\xca6\xf5\xe4\xa6N\x8dPZh\xb3\xee\
\xe5\xe7\x0a\x96\xb7n\xe2\xd0;\x83\xf5o'\xf8\x00\xce\
\x10\x07`\xc5\x80I\x0a\xb4\x0f\xda\x00\xbf\xae\xd8,1\
\x00\xcdrQ`\xba\x8c@H\x1a4q\x88\x10\x14\xc4\
f\x91\xb7\xb7)\xfatv-\xc0\xb1H\xad\x9d%\x10\
\x05\xfa\x0a\xc6\xedfp\xdd\xd0\x80+\x0d\xe5\xd3\xeb\xaf\
\xec#\xf7\x01\x07P\xbdJ\xf9\x02i\xc0L)\x00{\
3W\xf2\x1f\xa8\xee)\xf9\x8f\xa5\xfcG\xf2\x9f\xdb\x90\
\x8bm[\xb3\x026\x84\xdc\xe8P{\xf7\x0e\x5c\xfe\x09\
\xde\x19;y\xb1\x1c9\x97$/?\xf2\x80\xdcv\xdd\
U\xa0I\xcd\x82\xdf\xdd\xc3K\x9b\x8a\x81\xfc\x99\xe4Y\
\xfb\x0b\x1a\x13\xf1\xf0i2nfn'\xad\xd3\xa5\x99\
\xd2\x88\x03\x03 \xb1\x0ei \xa6qU*\xe0\xb5\x02\
@d\x14\xd4\xe7J\xa55\xd6g\xcd\xc2+\xb0\xa0\x87\
0\xb4\x12\xe5\xaf\x7ff\xcb\x98\xfb\xc6JE\xa0\xedG\
\xb4i(U\x08>\xb1\xda*\x049\xd3\xe6\x15\x82q\
\x95\xbc\xa5I2,\xd8\x961\xc3\x10\xd8nxvL\
5-\xd9\x0de,,\xf2\x5c\xfcH\x0a\xc4g\xeeT\
\xa7\x8a\xd69\x97\xc6\x82\xed\x8d\x01\xe0\xdc?\xc6\xf8\xc1\
\xf5\xe0\xed\xfb\x07\x00\xfb\x01#\xc7\x8f\xb8\x08T{\xa4\
\xa0b\x84\x5c\xfa\xc9\xa8/\xd7(\x11\x9f\xcb\xe3\x1e,\
:\xb1\xb0Z\x80c\x95UG$\x05\xfaz1I\x81\
0\xeem\x03\x0ds\x83\xd3\x83\x9ep\xf7\x88\xaa\x10\x0b\
j(\x95J#\xadg\x1d\x5c\xcf\xc8%@a\xa1E\
;\x0f\xe9O\x89\x03\xe8\x16QM\x9e\x19\xdc\x16\x5c#\
\x17^\x8fs\xccr3\xdf{*^\x8e\x9eC9\xae\
\xb5l\xf1]N d<\x09\x06\xc0nVD\xe0\xe7\
\x9cC\x0d*\x96\x91\x0fFw\xd3\xd4\xec\x85\xf76\x85\
5J.\x8e\xfb\xb8:c\xec[:\xdavt\x8b\xe9\
\x1f\xa2\xff\x19\xfe\x7f\xf4\x81+5\x1d\x90\x06\xa7\xc4\xed\
\x1e\xe1\xe5\xebg0\x00\xd4#\xc5\xe0\xe2\xc3\x90\xf4\xe7\
\xa5\xbf\x97C\x8e\x15\xde\x90\xba\x9d\x22]P\xf6w#\
\xac\xe5\x9a\xd8\x18\x0a\x9at\x82\x03\x98\x13\x9eu\xbb\x0f\
\xfe\xb2P\x02CJ\xca\xc7/<%\x83z\xf7\xc0\x06\
\x91uC\xe8b\xc0\x92/e\xef3\xde\xb2:\xcd\xf4\
\xfc\xd90\xe9\x7fd\x9d\x22\xcbk\x04\x90QDn4\
^L?\xe70\xbc\xa7}\xc7\xc7L\x8d9&q3\
\xa1\x03\xb0v\x01\x18\x01\x1122J\xf2\x8eKp\xa3\
\x0bh\xd6I\x82\xfb^-\xbeaU\xdc\x9a<'N\
\x9d\x96O\xbf\xfbA\x9e\x7f\xe7#\xa9\x05r\xa7\x91\xed\
\x1aIip<\xd8\xcc\x83e\x03\xfd\xa41\xe4\x80\xf3\
#\xfc\xef\xfa\x9e\x8c>\xcc\xd8\xbc\x1fT\xaf\xf0\xfe\xd5\
\xa31}\xa6\x12\x99h\xcf.\x08\xeb\xde\xd1\xbd\xa9\x94\
\x82\x07\xef\xa9\x01\xa0\xedJ\xcf\xdf\xf5f\x19\xe2\xc6\xdc\
58@,@\x99\xb1\x92\xacO\xa4\x0f\x86\xfc4\x1a\
=\xed\xe3\xa2\xf3\xb2n\x01v\x0f\xd7\xa4\x09+\xb6\xab\
s\xc2|\xb8\xf3\xb8g\x9a \x02X\x801\x1d\x1aH\
7`\x01\x92\xa8\xf8\xa7K\x01\xc2\xe9\x08\xad\xf2s\xbf\
\xaf\x03>\x08c\x8b\x80\xb9z\x95\xca\xc8\xdb\x97v\x96\
\xe2*s]\x90\xe9\xcc\xdc\xf5(\x9f\x93\xe4g\xbbQ\
\x0ehG\x0082\xcf\x01\xd48s\xe3NY\xb6\xe3\
\x80Y)\xf1\xc3\x920~\xde\x1f\xdd]\xb1\x0dZ\x9d\
\xa5\x06v\xee\xee[\xf4\xa9\xc2m\x01\xf6)\xf5\x1e\xc8\
\x80\xfa\xdb\xba]\xea\xf8\xf2 \x00\xf0\xf1\x87\xae\x92Q\
\x83;#\xad]@\x06\x80\xb35\xc2\xcd\x9e\xeb\xe17\
\xcb\xb6\xa0\x1e{\x87\x22o\xcd\xf4\x11\xb9\x0ba\xd8\x01\
(\x9d)Y@\xd2\xbf\xaeMN\x00\xe0jT!<\
\xf6\xfb\x12\xa9S\xab\xa6|\xfe\xe6\xcb\xd2\xbaa=\x13\
\xd2u\xf1f\xd5x\x01\xf8/\xe5\xe0.\xf1\xa1\xa6z\
\x99\x0a\x88\xf2#n\xad\x1b\x81\x85U\xb0&\x0aK\x03\
\xcd\xbc\xc8\xfd\xec\xc8/\xdc\x83\xebu\xb2\x0f\xd3\x9b\xd6\
\xb1\x8d\x99$\xc8\x1e\x9f\x9b\xfe\xad$\xef\xdc\xe0\x08s\
:\xda\x8f\x06O0t\x00\xda\xf77,\x80\x08wg\
wh\xcf\xe2\xff}\x07\x0f\xc9\xe3\xaf\xbc)\xbfM\x9f\
%\xcd\xaaW\x92!`\x01d\x8d5\x17\x1dn\xfa\x95\
J\xf8I=p\x00d\xc4\xd0y\x17\xed\xc8\xea\x19h\
l\xee:\x1e\xab\x5c\xefL9\xf1\xa0\x11\xca\xf74\xc6\
\xa8\x8ft\x85G\xc7\x14@I\xd0\x9e\xba\x1a\x00\xae\xed\
\xe5\xfc}\xba\x0d\xe8y?\x17-\x9a\x85\xbb\xf0yr\
7\xdb\xac\xb5G\xdbYl~T\x8b\xb4\xf3\xa5\xae)\
!\xa6\x8a\x06A\xa3\xe4\x16`\x95(Zf\x1fg\xc0\
\xb5>c\xcb^\x9547\x94\xe6d\x13,.\xcf\x0d\
\xed\xa05\xf4\xf1\x17`\xe8\x9c\xcfx*!Y\xb6\x9c\
8\x07\xa3%\x9d\xc9\x93\xd51k\x00\x02\xfc}\xd5V\
\x93*\xb3\xe6\x0a\xc9\x8dFA\xee\xb8H\x1b\xc8\x93\x91\
u>\xcfq\xf16\xad\xf5n\xd6\xb6\xfdP\xbf\xdc\x8e\
\xaa\xbbS\xba\xf6\x96+SJ\xfe{\xd7\xa5r7J\
\x02\x03\x11u\xcf\xef#\x8b\x14@\x9a\x1cD(\xe2\x0d\
\x84\xff7DE\xc3\x826t\xbb\xb5\xc2J\xcbC}\
[*\xeb\x94\xf3\xa4\xf2\xf6\x81\x9c'\xb3\xbb\xcf\x92\x86\
\xf6\xef\x8d{\xe5\xfdy\x1b\xa4C\xcb\x16\xf2\xe9\x9b/\
I\xcd\x8a\xe5\x0d\x22\xd2\xc9\x00\xd0\xc1\x0f\x8f7\xe9\xe8\
~\x89\x9f\xf9\x83\xaa\xf7\xf9UF\x0e\x90\x9eo06\
?\x82\xbch\x0c\xc0S\xe6\xfd\xfd*\x86\x8b/\x89q\
X\xf2w\x9e\x8e\xdc\x18\x10\x8e\x85\x0e\x00\xc7\xc4\xf5\x0b\
%~\xee\xcf\x92rd\x9f\xe2\x19\xec\x8d\x5c\xcd\x1ar\
\x1b\x94\xab\xa4\x04@\x81\xad\xfb\x88\x0fj\x9e\xed\xc3r\
\x8c\xd3\xbf\xc7'\x13\xb1\x18\xae\xda\xb4Y\xee{\xf2\x05\
\x89\xdc\xb9S\xba7\xaa-\x9d\xeb\x87\x1b\x83\xc3\x8a\x95\
\xd4,UL\xc2\xb5\x0e\x1f?\xa1\xe3\x9cO1Fj\
\x0dp\xd0O\x82\xc8\x13\x91\xff~T\x1e\xc4\xf3s\x81\
\xe3\xb3\xd2KS\x03\x00\xb9M\x0aP\xe5\x94\xff\xd7w\
\xcf\x02\xe7\x90\xdfa\xb3\xf34d\x8an\xab\x03\x92\x91\
!QR\xa0\xefQ\xa1\xc4\xbc\xbe\xeb\x98\xe0\x98iR\
5L\xc1\xca\xcd\xf17#I\xb4\xf5\x09\x04d\xb9\xd5\
\x9b3\xd7(\xbf\x09?\x17\x80\xb5\xa4M\x8d\x0a2\xbc\
emiY\xbd\x82\x04\x12\x5cl\xd9\x8b\x99\xc7y^\
C\x84\xb9\xebB\x12\xa1Q\x17\xe0\xa4\x93: \x8d\xe3\
\x03\x88\x8e~=o\xb5$8\xc4\xa2|P\x0eXM\
\x1e\x03)P \xd2\x1b\xce\xc1\xae\xdc\xdd\xb9\xe8S\x85\
\xdd\x02\xeb\xa3\x8e\x03\xf4\xbeUV\x01\x08\xcdrU\xee\
uc.\xef-O<x\xa5\xd4\xa8V\xc1\xd4\xc5\xe7\
\xe3\x91\xc1\x00\xb0\x17\xfb\x19(\xb5a\xbd-I\x09x\
;\xe6\xdd\xaeiO\xd6\xacZ\xc8\xc3\x92\xfa\xd7s\x8f\
\xca\xf5Y\xbd1\x00N\xa3\x5c\xe7\x9b\xa5[\xc0\x00\xb8\
G\x06\xf6\xec*\x1f\xbe\xf2\xac\x84\x16\x87\x18M\x16\x06\
\x00s\xb9I\xa8\xfb?\xf7\xcb\xfb\x92\x1a}H|@\
\x19\xecS\x029l\x96\xf7\xd1\x00\xe0\xacN\x06/<\
\xd0\xffA]\x86\x8b\x7f\xf5\x08C\xf8s\xd1\x1d\xf0\x8c\
A\xfbK\xfa\xdf\x84\x153\xf5\xdf\xaeCB9\xc2k\
6\x96\xa0\xde\xa3\xc5?\xa2E\x16\xe8\xff\xf4H7?\
{\x0a\xa0\xca?f\xce\x91\xc7_~\x0b\x04\x8ag\xe5\
\xf2K\x9aH\xed\xf2e\xad\x92;\x83\xbe\x8e\x08\x0d\x92\
\xf2\xf0\xac4BdZ3\x1f\x0e,b1g@\x82\
\xb1C\x16`A\xa7\xf0U\x09\xf4/7\xffX<\x93\
-/\xdd\x0d*\x80w\x01\x03\x10\x82\x10\xa7\xbbE\xad\
\xc8\x00\xc8\x87n\xb9\xd0/\x81A\xb0\x09\xf9\x7f\x1a\x00\
\xcb\x80\x07\xe0\x06\xef<\x0786\x99\xbe\xea\xdf(\x1c\
\x1a\x12\x0d\x15\xbc\xcc\xdfs\xd3\x8cD\xce\xfc\xb5\x19\xab\
\xf17\xb53\xcc8&o@D\xc5P\xa8\x03\xd6R\
\x89s\xd5\x15\xc8\xb2\x0d\xf2o\xe4{\xda\xc4|>[\
\x1dp\xffiDc\x9d\xac\x92S\x906\x1e\xbfh\xbd\
\xec\x03O\x8a\xf1\x87\x80\x1c/\x8br\xc0\x91\x1dQ\xae\
\x9d\x1e\xf5+\xfc\xa7\xf6\xf4\xed\x8a\xcesm\x81\x83\xd4\
\xbcX\xbeMf\x83\x08\xcd\xb0\x02\xa6I\xd7K\x9a\xc2\
\x00\xb8JzB\x1d0\xbfq\x00\x19\x0c\x00\x86\xdc\xc9\
\xbb\xff\x1e\x98\xff\xe6\xd9\xa2\x1b\x18X\xe4`\x1f\xdb\xb7\
\xb54@\xbe,/\xde?_\xd6s\x03\x00\xdc\xf4\xb0\
\xd2\xdf\x9d\xb5NVA\xc8\xe3\xbaQC\xe5\xd5\xc7\x1f\
BX\xda_I;\x5c#\x00\x0c\xf7\xb3\x1c\xee\xdc\xaf\
\xefI\xca\xd1(#\xa0\xc0\xf3,\x1du\xbd3~\xe6\
_\xa1\xba\x04\x0f\xbc\xdel\x8cZJ\xe8\xbc\x95\xe5n\
\xaa\xe4\xc6\x9b\xf7f\xe8\xbb^?\xf9@\xa4\xc4\xcf\xfe\
I\x92\xb6\xaf\x019\x0d\x90\xd0.\xab\x95/\x90\xed\x01\
\xcd\xbb\xc2\x00\xb8B\xfc\xcaUqj\xf5\xf4\xbb\xda\x91\
\x00n\xe8\x87\x8fE\xcb{_\x8c\x93O\xbe\x9b\x88\x85\
\x03\xca{\x9d\x9b#'\x8ap\xbbu\xe1 ?\x1f\xa8\
\x00\x06Kq\xb4q\x1el\xbf\x8c\xafLO\x0e\xe3m\
1\xc2\xfe\x0c\xe5\xee\x82\xd4i0\xd4\x0b\xabT\xaa(\
g\xb1\xb0\xed\xdeO&@S\xfb\xda\xa3^\x15M?\
\x95\xb0\xf2\xb49\xb5]\x91\x01\xe0\xcd\xc8\xba8\xcf\xe5\
\x98`)\xdf\x0f\x08\x95N\xdd\xb4\x17k\x96\x09\xe7;\
\x1fT\x10lT\xa9\x9c\xdc\xc6(@uP\xe4\xea\xef\
\xd3\xc0\xa1\x8fz\xeby\x1b\xc14\xb9\xdf\x11-\xe2\xe6\
I2\x9d\x1a\xc06\xf5\x83\xd10\xaaEmEe\xab\
x\x96\x1d\xf1\xca\xb6\x82\xa6`\xdb\x90\x8f\xcdy\x18K\
u\xc0\x98xhs\xa4\xc3}\x93\x81\x9d\x99\xb5y\xb7\
\xcc\xdd\x84\xb4\xa7\x95\x1f)\x05#\xfd\xa9\x81\xed\x94\xa7\
\xc5\xe0\x91\xf2\xcbX/\xd8\xf7,\xba\xbai\x01rT\
\xfc\x04\x224\xd2\xde\xc7h\x95K\x9a\x84\xc3\xf3'!\
\xd0\xcd\xd7\x0c\xb0H\xd9\xdcW\x8cy\xda\x9eV\x19\xa0\
\x99\x1c\x9c4\x1b!\x9b\xf9*Hw\xf6C\x8b\x9d\x96\
5\xcbK\x065\xab\xa9\xb5\xb5e)\xfc\x93O\xbe\x9f\
\xbb\x07d\x188\x0a!\xe1W\xa6\xad\x86(F\xbc\xdc\
\x7f\xf3\x18\x19{\xfbM\xd6\xc6\x9f\x11\x03\xa0!@l\
N\xc9;\xd6\xc2\x00\xf8\xc0\x88\x01Y\xc0.\x9d\x176\
 \x0c\x7f\xfb\x85U\x96\xe2\x83n\x94b,\x8d\x03\xb3\
`~\x1c\x05i\x00d\xba6@\x8e\x89k\xe6H\xfc\
\xfc\xdf\x94\x08(S\x8d:\xdf\x11<\x07A\x9dA\x00\
\xd4q0\x22 Y\x8b5\x996A\x95$\xfa8r\
\xef>y\xf8\xd9\x97e\xc1\xb2\x15\xd2\x01\x1a\x00\xfd\x9a\
E\x182\x0a\xab\xb7C\x01\x00\xac_\x8e*\x80\xf9\x97\
2\xe1\xb5\x09t\x99\xb4v\x07\xf2\xb2\xfb@\xf7\x9c,\
\x95+W\x90\xfauk\xcb\xc1#\xc7d\xdd\xe6H\x08\
\x9d\x00\xa9\x8fq\xd9\x83\x11\x00\x18\x00\xc5\x03\xdc\x93\x10\
\x15\x19\x00\xf91\xa2/\xeckp\xec\xc4\xa98\xd0.\
5\x02N\x82\x19/\xab#\x0cu\xfeC\x9b\xd5\x92\xd1\
(\xf5#\xe2\x9f\x11%\xd2\x8as\xcc}\xbep\xb3\x01\
\x07:\x19\x0e\x14\xd6!\x91\x0e\xc5\x85\x067\x0bG\xa5\
\x93\x9d:s\xdeF\x0b\x7fK\xe5\x1d\x99\x06\xd8\x8d4\
@LB\xba\x02*\xd7\xecH\xd0\x02\x7f\x0bV\xc0d\
K0\x86\xe5\xdb\xff\xe9\xd4X.\x85\xc6\x01\xdf\xc7\xac\
\xd7\xf9\x1b6\xbe\xb0G\xc7\xc5\xfdt,=\xa6\x1a*\
\xc7\xf5>DG\xd9wA\xc0>\xdd~\xc3`M\x03\
\x94\xc6\xf8\xcc\xcf\xeetD\x00L\xa8_\xc0\x97\xbdQ\
&C\x8c\xe5\x0c%71v8!(\xc4r\x09\x84\
6\x18J\xcb\xaf\x12:w\xdd\xc4ZW\x96\x86\xbd\xf4\
\xf7J\x89M\xf1\x91g\x1e\xb8[n\xb9\xeaR\xa5\xf6\
\xd7(\x98kI\x1b1\x00\x910\x00&}(\xa9\xc7\
\x0dCV\xa6\xd087\xb5\xd2e\xa5\xf8\x801\x12\xd0\
\xa4\x93\xa6\x09.\xaa\x83\xf9\xf1\xd8\xe3\xf0\xfe\x7f\x94\x84\
\xb5\xf3\xc1xh\xd4\x19]\xc3\x9f~\xa8\xff/\x8e\xfa\
\xffb\x8d\xdb\xe5`\xb0\x99\x85,\x11\x0b\xe9|l\xfc\
w<\xfa\x8c\x9c9\x15+\xa3\xda5\x91:\x15!\xbb\
k\xb1\x12\xc2\xf9\x97\xaa!\xc5\xa4:\x04G\xf2\xd3\xf6\
#\xb8o%\xf2\xb1\x04\xffmE8\x96\x1c\xff\xcd\x1b\
\xd5\x93\x16\x8d\xeb\xcb\xea\x8d\xdbd\xc5\xbaM\x1a\x01\xa0\
\x01\xd0\x13yMO\x0d\x80\xac\xfa\xb3\x08\x03pQ\x8d\
r\x0f\x1e\xd6\x80\xde\x16@\xa5t\x1c\x84\xca\x88\x03\xc8\
\xea\x08B(\x9f4\xd2\x94-\xafk\xc9\x96\xd3k^\
\xb2\xe7\x90<\xfb\xe7re\xda\xd3\xc3\x9a@j\xf0\xe2\
\x8f\x1a\xe0\x12\xb8\x1aBA\xdd\x1bT\x97\x00\xd5\x910\
Q\xc2\xc2\xdf\xfa\xd3\x1f\x8fi\xb1\xc3`\x04\xdc\x7f\x06\
\xa5\xaaj\xb5\x98\xa79\x05\xc1\xa0/\xe6\xac\x90\xe3\x88\
l\xd8\xceB\xbf\x865\xe4>\xb0\xb5\xeaz\xed\xbaN\
z\xd0\xbaE\xa7\x9c\xbf\x16 (\x9a\xaa\x80\x1c\xd7\xeb\
\xa2\x8ei\x1f\xb3\x0b/\x1f\xd6M\x9ey\xe4Z\x15\x09\
\xf2\xc9G\x1c\x80\xc3\x00\xe0\x82|\x04\x12\x93\x8f\x03q\
\xbf\x03\xa2;\xb6\x07\xd8^\x99\xff\x9aJ\xf5\xb2!\x1a\
\x0d\xc8\x9f\xdc\xaf\xfb\x06N\x82\xa7\xbb\x0d\x84\x1d/\xfd\
\xbdJR\x8a\x05\xc9\x1bO=\x22\x97\x0e\x04\xa5\xade\
\xb2gi\x00\xecX'g'}\x04\x03 J\xc3\xfd\
\x99\xed^\x83\x8e\x0f\xeeu\x85\x04\xb6\xe9\x0dt<(\
@/\xd0#\xeb\xa8\x02\x00{\x9b\x97I\x1c\xc2\xff\xc9\
\x07v\xea;:\x1f\xda7P\xc1\xa3\xaaap\xf7K\
\xc1\x04X#\xa3\x8b\xe38\xd9^\xf1|%\xe6\xf4i\
\xf9j\xfc\x8f\xf2\xc2{\x9f(\x89\xcaU\x1d\x9bK1\
xKlg\xb6q1\x5c4\xa2L\x90\x84\x069\x03\
\x09\xf3\x16\x82\xe2X;\x0dD\xf6\xcf\x90v\x9d\xb6\x05\
\xe4;\xf0\xfeiX\xf6\xed\x0a4v\x93\xfa\xf2\xd7\xec\
E\xb2|\xcdF@7|\xd5\x00\xe8U\xbfz\x91\x01\
p\x81\x8e\xd3\xc2z,\xd7\xd4!\x17J\xca\xa8\x8e\x03\
F\x88z\xeaf=\xb0\xc6%\xb3}\x16*\xbeZh\
\x09\xb9\x1c\x11\x00F\x02lo\x7f'\xaaN\x9e\xf8m\
\x89\x1c\xc2\xa6\xe9\xb0\xa0\xad\x10?\xaf\xe2\x07\xab7\xa2\
|\x19\xb9\x1e\xf8\x012\x9f\x9a\xa3\xb0V\xbe\xac[\x94\
\xef\xc3j\x80\x9d\xb1\x09\x12Go\xdf2\xfc\xf9\xf3\x9f\
\x97n\x94\xf5\xfb\x0e\x99\x82'\xbc\x07\x81\xdaO\x0fi\
/\x15\xc0\x1e\xc7\xa8n\xd1q\xf1\xb4\x00\xbb\x8be\xae\
\xd4\x05 -\xb0\xbd\xcf\xf5@Z\xf6I\x94\x03vm\
\xdf\xd8iM\xcf{\xdf:\x0c\x00zz\xbfA\xf2\xf7\
\x93\xf9\x1b5L\xc6\x01\xcf20\xaaL\x0d\xc6\xe4)\
\x05\xc1\x8c\xbc\xdf\xce\xf3\x8e\xa0u\xbe\xf1\xe0qyu\
\xc6*\xf1\x05\x92\xff#\x00\x00\xfbu\x85\xd7nY?\
\xae\x18\x002\xdd\xa5\xec\xdd*g\x01\x02Lah\x9c\
\x0c\x80YY\xbf8/\x18\xe1\xf1 \x08\xe4\xf8\x86z\
\xc7\xaeT\x90\xa1~\xe7\x96\xd1\x85\x8aQ\x0e\x97\xe6J\
\x05\xe1O\xfc\x1c\xa8\xff\xad\x9e\x8b\x92G\x03\x92s5\
rT\x00\x08\xef\x16\xd8\xbe\x9fV@\xb8^#\x9dw\
\x80\xf7\xf0\x95]\xc8\xb5?\xf4\xecK2g!\x14\x00\
#\xa0\x00\x08\x0a`V_(\x00\x0f\xed\x17\xe2\x0f\x82\
\x11\x84\xff\x89\x96\xce\xaf\x83\xdd\xb2\xe6`\x8c\x8c\x07\xbd\
\xf3f\x88_\xa4\xc2++Y\xa2\xb8\x5c3b\x90\xd4\
\xab]C\xbe\xfey\x8a,_\x8b\x08\x80\x1a\x00>0\
\x00\xaa\xc9\xdd=\x9a\xc1\xa3\xc9\x1d\xb2\xb9\xc8\x0b\xca\xaf\
\x9e;\xbf\xd7q\xf6\xc0\xb9P\x9e8\x87\xba~\x00\xa6\
\x88!a\xbd\xbc\xe6\xf2Q*\xc5\xc8Q<\x88\xad8\
\xd6\x996\x22\x91\xd4\xdd\xe0\x91(\xa3)L\x91c\xe0\
\x03x\xf1\xef\x15\xb2z\xffQkk\xc78\xa7\xce\x04\
\xd6\x1c\xe2O\xf89\x86\xcf\x95\x12a\xed\x00\x00 \x00\
IDAT\xeb\x03\x18\xf8`\xefVR\x17\x15PY\
\xae%\x85\xda\x1ci\x98\x97i \x05JT^\x00\xa3\
\xc2n\x18*\x16m\xdd#\xd3\xd7Gj:\x8fc\x9d\
,\xad\xcf\xc0\x00hZ\xb9\xac>waEm\x0b\xb5\
9\xfeOo\xc6\x15\xfd\x0cp\x00_#\x02@>\x00\
[\xf4\xaaq\x83p\x19{\xf7\xe5\x88\x04t1\xea\xa6\
\xf9\xb4\x1b\xfb\xcc{`T\x1a\x07\x13o\xfa\x02\xc2\xed\
\xcb!\xfbk\x97`U\x01\xf3\xdf\xd8~\xad\xa4I\x95\
05\x06\xf23\xf7\xe0\xae\xff\x08F\xdc\x00\x03\x80\x88\
]\x7f\xe8\xda\x7f\xf6\xc6\x0b\xd2\xabc\x07\x87\xd7\xeb\xba\
\xa8\xf3%R\xa2\xf6\xa0\x0a\xe0=I>\xb8\x13\x06\x80\
s\xae,\xfdn\xdc\x10I\x90\x13D\x8a\xdcJ\xb5\x8c\
V\xa8\xcb\x8be\x1f\xea3\xbf)\xe8\x8c\xa0\xab\xb7\xc3\
\xa7OC\xa9O\xd2\xd6\xe5\x08\xff\xff\x0c\xa1\xa3]\xa6\
\x1cD\x17\x01\xa7w\xc3\xbb\xf8\xd5\xa8\x0f\xef\x7f\x94\x14\
\xab\x0f\x8c\x83M\x88\xe4\xd2\xd8\xb6!\xc3p\xe8\xc2\x15\
\xab\xe5?\x0f<*\xf1\xe7\xce\xc8\xc0\x16\xf5\xa4\x098\
\x00X\xfai\xa3\x8a\xab\x94\xf0\x87\x040**4\xff\
\x9f\xf7\x5c\x22\xdb\xff\x1c\x02\x17\x937\xee\x87\xe8\xcf.\
\x899\x03\xee\x06\x18\x1c\x0d\xeb\xd6\x92\xdb\xaf\xbdL\x8a\
\x03\xb3\xf0\xc17?\x22\x05\xb0Y#\x00\xd4 P\x03\
\x00\x18\x80\x22\x03\xc0\xdd\xac\xf9w\xfd\x9e \xd2\xbf\xc0\
\x07@\xfaT\x03\x98\x82\x8c*@p\xc5\x8b\x07\xa3\xb2\
\xe5\x9c$P2\x1c?\xad\x01d\xfc\x7f\xe0\xc8\xf4l\
PM#\x03Lo~\x8eT'KOy\xd0\xd0\xac\
Q\xa5\x92\xd4\xacV\x05\xf3\x81\xf9t{\xedH\x93~\
\x0d\xc3\xe5Z\x90\x0a\x91\x05\xb5\xa0\xc9\xcfr\xee=\xf2\
b\x08\x94\x01\x0d\x18\xd0Dh\xcd\xcfv\x1e9!?\
-\xdd\xa0k8\xc3\x004^\xee\xeb\xd9\x5c\x865\xaf\
m-\x13\x85\xe9\xba\xfd\xbb\xc6`A\xbc-\xcd\xba\xdf\
06\xc7C\x1b\xe0\x98F\xa9\x90\x86\xad\x1c&w\xfc\
g\xa8\xdc6f\xa0\x94\x82\x81g\xc7\xe2\xf3\xba\x22k\
\x04\x80\x8b=\xeb\x0f\x99o?\x0c\xe0\x9d\x12\xb1\xe0\xa6\
\x03\x9b\xd6\x04Ovc\xb5(\xf3\xcb\xe2\xf0\xb4\xc1h\
\x00( Q\x0d\x80\x90t\x03\x80\xc9b\x95\x07u\x19\
\xd4\xf8>\xf9\xd8!\xad\x02H\xde\xb3\xc5D\x00\xf4p\
\xdaNi\x0dc\xd1\xf0\xab\x06\x8e|P\xe4\x16\x8b\x80\
L\xac?\x85a26cV\x1b\xb0\xa7\xcf\x9d\xef\xe7\
\xa9\xb5\x01\xc4<p\x0dq\xf3\x7f\x95\xa4\xf5\x8b%\x15\
\x9b\xb5k|\x80\xadAa\xa3b\x10\xfe\x09\xea2\x0c\
\xd5\x0e\xd52\x9d\x93\xe1\xd9\xd0\x16'O\x9f\x91\xf1\xbf\
\xfe!\x8f\xbd\xfc\x86T\xc5\x229\x14\xfc\xffa\xa8\x02\
0\xc1TS\x83\xdf\x00\xe1\xff\xb2\xc1(\xbf\xcb'0\
\x11\xaf\xbd\x03^\xcc\xf7+w\xc8J\x08\x9a$%\xd1\
\x9b\xf1\x91\xa1}\xba\xca\xadW\x8f\x92\xa8\xc3\xc7\xe4\xdd\
\xaf~\x90\x95\xeb7i\xb5\x07\xd3N4\x00\xee\x02\x0e\
\xc5\x13\x10`V\xed_\x14\x01\xc8\xf7Qy\xde/h\
\x8f\xcf\xa5\xa0\x8e\xfe|\xd1&M\x07\xf0(]2D\
*U\x08\x93\xd30\x00\xa2\x0e\x1fUC\x96,\x7f\x14\
\xc9\xb9\x07Q$\xf2\xff\xc7\xa3\xbc\xea\xaf\x8d{\xe4\xbd\
9\xeb\xd4k.\x06\xac@x\xd5*r\xfdeCP\
\x0e;\x0f\xd1'\x03\x10\xe4,\x08\x01\x00kD\x8b:\
2\x0c\xfa'a!4\x84\xcf\xeff\x1a\x0f\xe3d7\
\xc4\x81\xa2A\xd0\xc6'Q\xa3\x00\xef\xfa\xe3\x92\x8d\x0e\
y`>\xf9\x90\xa6\xe1\xf2P\x9f\xd6\x96\xb3r~\x9f\
\xf9\xbc\x0f\x96\x8b\xec\x01\xe8\xe1/Ey\xeb\xb8%\x9b\
u\x0f\xe4\x90\x0bEY\xe7U\x97\xf5\x92\xfbo\x1f!\
\xe10\x06\xf2k?\xd6\x08\x00\x07\xfaD\x84cI@\
p\x96\xe0?\x1c\xc1 \x8fyt@\x1b\x05\xff\x05X\
\xf5\xf2\x85\xb91\x92\xb4\x83\xb5\xbe\x94\x01\xf6E\xde\xfe\
\xc3\x97\x9f\x91\x01\xddA\x87\x98E\x0a\xc0\xee\xdf\x14\xd4\
\xc4\xc7\x01\x03\x90\x04\x19\xe0Tl,\x99\x0e\xdd\xd9P\
\xed@\x94<\x18\xf2\x02[vs\x8b\x03p\xc7\xcc\xe7\
\xcd\xd8r\xbe\x96\xb6\xa5\x95g\xcf\xf9\x1a0\xc6\xe0\xfd\
'\xac\x99+\xf1\x8b~\x97\x94\xc3\xa0\xfet\xc9\xfd\xeb\
\xe7A\xd1\xe7\xc7\x12\xc7.#$\xa0EW\xa3r\x98\
\xc3\xc1\xfb\xef\x89:(/\xbe\xfb\xb1\xfc\xf4\xfb\x9f\xd2\
\x14\x92\xbb\x03\x9a\x03-\x0d\xe4\xb3\x0d\xf6/\x09\xe5\xbf\
&a\xe0]`\x94\xc4\xca\x91z\xf3\xbe\xae\xe7\xf2\x9e\
\x8c.\xcd\xdcu\x5c&C\xf5o\x7f4\xc0\x7f0\xd4\
\xaa`\xc1\xe6\xe6?\xbc_\x0fl\xfc\x9b\xe5\xbd\xaf'\
f0\x00z7\x04\x06\x00\x1a\x14E\x11\x80\xbc\xb4\xfe\
\xff\xd7g5L\x8fqI\x05\xc9\xaf\xb0P.\x04 \
\x90Gh\xa9\x92\x88&\xd5\xd6\xdc7\xbdy\xce9N\
\xfbp\x942\xdf\x09.\x89\x0e\xb5**\xf8o\xcd\xfe\
c\xf2\xec_\xcb\x94\xe9\x94\xe7\x96/[F\x9e\xba\xf7\
f)\x0e\x9e\x93\xc7^\xfbPKcU\xa8\x0b\x9f\xaf\
\x0c\xa3\x98\xde\xf4\x08\x94\x07\x923\xe0\xfc\x1c\xc6,\xe7\
{S!0\x12\x15\x01\xf4\x85\x98.\xa4\x8e\xc7o+\
\xb6\xc8&\x80\xc6T\xef\x02\xcf\xcc\xf4\xc5;\x97uU\
\xe3\xa7\xe8\xb8\x98Z\xc0PT\xb3\x02\x80\x91\xad\xd9(\
W\xa5C\x1e\x08Ct`\xef6*\x0f\xdc\xba)8\
l\xf2\xe9\x95\xd4\x00`\xe8\xe8\xf5\x7fVA$\x03\xf2\
\xa7\xca\xb3/\xd2\xb8J9\xc8K\xb6\x97\x8aD\x7f[\
\xf6Fa\x1a\x00$\xbf\x88\x84\x1e\xc1\x8b\xd3VH\xa2\
_\x80\xbc\xfa\xd8\xc3r\xe5\xb0\x81\x19@m\xae\xd6x\
j|\x9c\xc4\xfd\xf5\x15\xf8\xf1\xe7Ij\x82\xe1\x94\xcf\
t\xe0\xdd\xb4N\xbem\x1f\xcd\x95\x93-\xd0\xb1\xe3\xe5\
S\xa3\xba\xbbL\xf6)\x86,>\x89\x09\x9d\x84\x90\x7f\
\x1cr\xff\xc9\x91k$-\xdepDg:\xb0\x18\x06\
4\xb9\xc4\x80\xff\xaa\xd6q\xeb\xa9$\xa1vz\xf9\xda\
\xf5\xf2\xe0s\xaf\xc8\xce\x9d\xbb\xa4c\xfdp\xe9\x5c\xaf\
\x86\xc5\xf3`(x\xab\x95\x0c\xd0\xf0?\x17\x9a\xfc:\
\x8e\xa2\xf4o\xe2\x9a\xdd\xca3AjV\xd2]vk\
\xd7Jn\xbb\xf6Ri\xde B\x16\xae\x5c\xa7)\x80\
\xe5\xeb\x00\x02\xb4\x22\x00}\x10\x86\xbd\x1b\x11\x80 \xad\
\xcd\xf6\xfeI\xce\xb7\xd7\xe6\xfd\x13\x17}\xc2m\x0b`\
\x1c0uy\x04!RV\x92\xfc\xben\xb7\x1a\x97%\
\xb0\x81\xb7i\xdeXjU\xaf,\xbfL\x9d-g \
\x1d\xce\x83:\x12\x83\x9a\xa0\x9c\x19\xc0>\xa63\xf7\x9e\
8#O\xff\xb5\x5c\xf6\x02\x10\xc8#\x04\x80\xb9\x07o\
\xbeF\xc6 \x0a\xf0\xf6g\xe3\xe5\x9b_\xffT\x82,\
3\xde0\x17\x00&\xbc\xb9sc8D\x95\x0b\xdd\x08\
pT!X\x83\x9f\xd1\xd1m'\xe2\xe4t\xa2\x01:\
s\xcd\x9e\xb3y\x97,\xd8\xba\xd7A\xa3\xcd\xc8\xc5{\
Wt\x05\x9814\x1f\x12wn{\xa3\xe8\x84|k\
\x01\xb3;\x90\xaaz\x22\xc65\xf5Q\x88\xc9c\x0a\xb6\
m\x8b\x08y\x18\x06\xc0\xe0~\x1d\xc4\xcf#\xe7\xd1\xfd\
Ci\x0a\x80h{\x82b\xf6\xa1\xf6?\x95!1L\
\x90\xd1m\xeb\xcb\xb5\xed\xeak\xfd\xac\xa9\xbbs\x7f\xb1\
\xfc<\x83e\x80d\x89{i\xdaJ(\x01\xa6\xc8\xd8\
;n\x92\xfbo\x1a\x93\xe1\x16\x99p\x00\xf0\x94\xb9Q\
&,\xfe\xcb\x84\xc9\xb3\xd9-\xf89\xff:\xf0(\x91\
+\xf7\xaf\xd5\x18T\xb9L\x03d}x\xb5Y;]\
\xc2\xbeuV\x11C\xcf\xaeiv\xba\x94\x93\xd1\x12\x0f\
\xc5\xbf\x845\xb3$-\x162\x91Y0\xf1\xb0k|\
\xcbaaB\xe8?\xa0Uw\x8d\x98\xb8\x9b\xf5\xb1@\
\xff\xff:m\xa6<\xfd\xfa\xbb\xe2\x9b\x9c(\x03\x90\xff\
\x8f\x00q\x8a90\x06\xb0\xba6(\x1b,\xa5\xc9\xbe\
\x97O\x1d\xcb@\xc2\xb2\xbd\xc7\x01\xfe\xdb!\xdb\x0e\x9f\
@\xf85EC[\xd7\x8c\x18(W\x0c\xee'\xe5B\
K\xc9\x925\x1b\xe4\xfdq0\x00\xd6n\x84]\x86~\
\xc2W\x1f\x94c\x19\x0c\x80{\x1e\x80\xac\x1e\xb5\xc8\x00\
\xc8\xa7\x0e\xbc\x00/\xc3\xc5q\x0aHSX7\x1d\x1b\
\x9f\xa8\xf9\xfc6\xcd\x1aI\x9f\xce\xede\xee\xd2U\xb2\
`\xf9\x1auh\x08bmQ\xad\xbc\xdc\x854\x001\
\x01\xd1\xa8\xa7\x7f}\xee\x16Y\xbai\xbb\x8e\xf7@\x10\
_];r\xa0<\x89(\xc0\x8e\xdd\x07\xe4\xb5O\xc6\
\xc9\x9c%+Q&K\x92!3\x03\x9a\x02\x0bus\
\xe7Fp\x8e,LT!\xb5G\xc6(\xa4\xa1B\xde\
w:A\x0e\xa1,\x90OF\x0fq\xc3\xbe#2\x19\
\xea\x80\x89\x8a_0+\xcc\xc3}[A\x16\x19\xb4\xe7\
\xd8<\xf2k\x0e\x17\xd2+\xff\xebo\xc317\x1d|\
\x00\xdf-\xdb\xa6\xfb \xd3\xc0$\x04\xba\xeb\xe6\xe1r\
\xeb\xf5\x83$\x18i+\x03\xf0\xf4l7\xc9\xaeA}\
\x96\x8e\xbd\x22\xedg0\x0f\xb1\xfe\x9f,D\x1cl\xcc\
u=\x04\xf4+9\xb2\x09(\xd1 Z!\x1b\x00D\
!\x1c\x83.\xfc\xbb\xb3\xd7\xca\x9a\xa8\x93r\xdd\xa5\xc3\
\xe4\x95\xc7\x1e\x02Mgzm\xabk%\x00Y\xbb\xe2\
W\xce@\x99\xdcDI;\x09\xcd\xef\xacB\xe5:5\
\xb0a\x96)/\x81$\xcbi\x81\x0d\xb3d\xa8\xd9\xf6\
\xb2\xb0\xaa\xb4y\xed\xa4\xb8\x17\xc3\xd21\xe1\xb8x\xd8\
\xa0\x22\x92\x13\x11\xc1\x09\xdab\xf7\xa8b\x00| n\
\xc4z\xff\x84\xc5\x7f\x02\x03\xb0\x1f\xd7\xc9\xd8\xd9\xa6\xec\
\x07\xd9y\xc8\xdb\x06\x82\xd7 \x90\x14\xc7U\x00lt\
X\x1dY?8\x17\x8c=\x07\x0e\xca;_|#\xdf\
\xff\xf2\x9b\x96\xff\x0do\xdb\x10\xf9\xd1tC\xa88\xbc\
\xed\xc6`\xffKG\xff\xe7q\xa0\xa1\xed\x12\xd0\x0e\xe3\
W\xedR\xf6\xb6X \xb8\xa9:\xd5\xb4A]\x0d\xff\
wi\xdbR\x89\x7f\x96\xa1\xfe\xff\xfdq\x13e\x19\xca\
\x00\xd9\xbf\xacN\xe9\x05\x03\x80\xf9[O\x98\x00\x8b\x0c\
\x00/\x06\xe9\xff\xc1\xa9L\x15\xce\xd9\xbe\x1f\x94\xe1[\
U\xee\x97\x07S\x00\xd7_:X\x11\xfd\xaf~\xfc\x8d\
$$&hD\x8b\xe3\xfcz\x10\x9a\xf5@Y\xe99\
`\x7f\xc6m\x8e\x91\x9f\xfe\x9a\xa6\x8e\x02\xab\x07zw\
n'\x1f<?V7\xfd\xa5\xab\xd7\xcbs\xef~.\
{\x0f\x1c\xb2(\xb1\x0d%z\xbfF5\x94#\xa02\
\xa4\x86\xcf\x17(\x90NZ4\xd6\xea]\xc0\x02\xb0\xfa\
\x81\xff\x1dD\xe9\xd8\xb7\x0b\xd6 \xa5\xc1\xd4\xa7Q\x07\
\x1c\x04\x0c\x17\xc5\x81(\xdd^t\x5c\x5c-\xc0\xe8\x16\
\xf5\x00\xbe\xc5\xb8f\xba\x8a}\x5c\x02U,W\x8e\xec\
.O\x82\x16\xb8j%\xb2[\xba\x8a\xc0{\xff\x8e>\
K\x1e\xbe<\xed\xc9?\x96\xc8\x5c\x84d\x19B\xe3\xa2\
\xdb\x02\xd4\x994\x00\xaaX\x83\xfc|yP\xb4\xee\xc9\
\xf7\xfd\xeb\xda=\xd2\xa7kG\xf9\xf8\xb5\xe7%\xacd\
I\x0d\x0d\xf3\xc8d\x00p\x93A\x98<n\xea\x97\x92\
J:`,\x0e\xd9\x09\xd7\xf8\xb0^\xbeQ\x07\x09\xea\
\x8aM\xb3jm\x93\x06\xf0\x00\xe0\xe3lI\xd3\xe0\xd0\
\xdc\xb8eTXV\x84.(\xa9\xd0\x97\x973'\x85\
\xa5{)gO!\xf9\x0dl\x05\xac6j\x13\xf8\x96\
\x0a\x13\x96\xeb\xf9\x92\x88(\xc3f\x9d\xde\x81i\xa0\xf8\
M\x8a\x5c\x07\xe0\xdfdI\x86\xc6\x01u\x0c\x8c\xf7\x9f\
\xd1\x12\xe3\xc7\xfd\x00\xf8\xa3\xbeA\x00\x00\x80>\x81N\
\xb9\x7f\x97=\xdbfDL\x00\xcec\xf1\xea\xb5\xf2\xe4\
\xabo\xcb\xb6\xed\x91\xd2\xb1^\xb8tC\x98\xdd>x\
\x07\xb2\xff5D\xf9\x9fA\xff\xe7\xe50\x8b\x117\xf2\
u(\xfd\xfbz\xf9v`;\xa2\x15\xc7\xc0E\x97\xe0\
\xbf\x1b.\x1f\x0a\x04vU54\x97!\xf4\xff\xfe\xb8\
\x1fd\xc9\xaa\x0d\x9a\x9be>\x8cD@\xf7P\x0c\xc8\
\x03-\x80\x22\x03 /}u\xf1}\x96y\xfae\xa8\
\x5c\x22q\x0a%\xccyT\xaf\x5cQn\xbej\x844\
\xa9_W\xfe\xfb\xd2;\xb2s\xcf\x01],C\x8b\x07\
\xca`\xa6\x01\x00lN-QZ\xa6\xc7 L\x0e\x0a\
\xec$\xe4\xd0\x199hR\xbf\x8e\x8c\x7f\xf7\x05D\x03\
\x02\x01NE\xa5\xc0\x0f\x93\xf0\xf5\x9b\x9c9\x17g9\
\x07\xa2l\xa8\xd7\xb4\xaf/\xfd\x1b\xd7T\x83\xf4|\x1c\
\x9c\xd6ga\xa4D\xa2\x1a\xe0l\x22<~\xcc\x11*\
$~\x03a\xa0\x03'\xa8\x22g\x82\x9fu*\x94\x92\
WGtV2\xb7\xa2\xe3\xe2k\x01\xb2\xf12\x0d0\
\x0b\xb2\xd7q\xaaT\x99&\x9d\xdb5\x96\xa7\xfe{\x8d\
\xf4\xe8\x0a]\x80|P\xaf\xf4\x99t\xdb\xa0\xb4\xbb'\
\xceW%6\x02H\xe8\xf1\x0fk^G\xf5\xb4Y\xfb\
\xef\xba\xd1\x16f32\x9c5/2\x0a\xa5\x80k\xa4\
1&\xf3go\xbc(M\xea\xd4\xce\xa0\xe2\xe7j\x04\
P\x1d\xef\xec\x9f_H\xca\xee\x8dh \xbb\x12 \xf3\
Ss\x93\xf3C\xd8<\xb0\xd3`\xe5\xcd\xf7\x0d\xc9M\
\xad\xaf\xd3\x0e\xcb\x7f\xb2z\x22\xf1\x1c\xc4\x88PJ\x09\
Y\xe2\x14\xe4\xeeS\x8e\x1d@:\xe24\x12u\xd8\xc0\
\x11f\xf4\x85@\x91oXU\x88\x115\x10\xff\x1a\x90\
6\x868\x91/\x8c\x91\x8cG\x9a$\x1f\xde\x0b\xb5\xbf\
_%\x01\xa5\x7f\x12\x8f<\xa6^_{\xc3\xe9T\xe4\
\xeaaP\x044EY#\xde\xc3\xb72\xbd\x7f\x1b\xb1\
a\x9e\xc7\xea@\xfd\xcb\x8ep\x1c:\x1e-_L\xf8\
Y>\xf8\xfa;)\x13\x88M\x18\xd2\xbf\x95Q\xe6\xc4\
\xd2\x22\x1e\xdct+\x04\xfbK\xdd\xb2A\xf8L^C\
?\xe6\x9a\x04\x97~\xbf\x22R\xa6o=`\xbc\x14x\
.U*\x80\xa5\xed\xaa\xe12\xb4w7X\xb7\x06k\
\xb2b\xfdF\x05\x01.\x06\x16\xc0\x8e\x00\xd0\x00\xb8\xb7\
G\x0b\x09\x01\x19Q\x11\x06\xa00g\xe0\x85\x7f/z\
F\x1bP\xc1DOi%<&\x8e\xd7\xb2\xa1%5\
\xadt\xd9\xa0\xde\xf2\xfag\xdf\xc9\x9f3\x17(\xa0/\
\xd0b\x06|\xa0O+)W\xb1\x92\xac\xf1\xab\x22\xcf\
\xbd\xf5\xbe\x9c:\x05\x03\x1dGe\x80Q'\xbc\xf7\x82\
\xd4@E\x00\xe7\xca\xd1\xe8\x13\xf2\xcc[\x9f\xca\xbce\
\xab$>!\xc11\xf6\x1a\xa1\xbe\x9ex\x80fP\x1a\
\xa4\x86\xc0\xf98\xb86\xee\x8a\x8d\x07 \xd0\x94,2\
*\xf0\xdb\xca\xcd\xb2\x02\x955\xba&\xe2\xf9C\x82\xfc\
\xe5\xd5\x91]\xa41\x88\x81\xce\x97\x13w>\xda\xe6\xff\
\xe2\x9e\xe8?\x8a\xe1\xfd\x892W\xe2\x00\xc8]\xc1\x0d\
\x80\x9e\xff]\x90\x06\xbe\xf7\x16\xa4{\x1dT\xcf\xb9\x7f\
c\x1f \xfd\xd3\xde\xfag\x8d\x22c\xe9\xcb\x12<r\
7\xbc\xadn\x11\xf0*\x99\xff?\x8f\x07C\xd5d\xed\
\x1a;y\x91\x04\xa0\x14\xf0\x9d\xa7\x1f\x95\x11\x03\xfbI\
\x0a\x00l\xf6\x80\xce\x04\x04<\x13+\xe7fN\x90\xc4\
U\xb3%-!\x1b\xc0\x9c\xbd\x8d\xc2\x03-V\xb79\
6\xcf\xa1\x06\x0b\x00\xcb?\xd7\x07\x16\x98\x9431\x92\
\xbc{\x93$m[\x09\xaf\x1d\x5c\x04'\x8f\xc3 \x80\
\xf7\xc0\x22:[\x9b\x80J\x86\xf4\xd2\xcb\xa0\xba\xa2^\
+\xdd\xbc\xc9\xd8\xe7\xe3\xcc;\x0e\xaf\x9b\x8c\x7f\xe7\xa6\
\x7f\x07a\xa3=\x98\xdd\xb0\xfe\xb0\xb0\xa5\xa5e\xf4\xc6\
\xd5\x88\x01\xe0Os\xff\x0d\xdb)\xcba\xb6\x07\x8d\x13\
,\x0cI@\xdd/\x5c\xbeZ\x1e\x7f\xe5-\xd9\x01\xe9\
_r\xffwkX+C \x82\xb5\xf7\xe1%\x03\xa5\
R\x08\x05\x81\xf2#\xfb\x93\x06Z\xcbh\xf9\x12^\xda\
\x16zix\x96\x14,`\xdd;\xb4\x96;\xae\xbd\x5c\
Z\x80\x02X\xf3Yx!V\x01\xbc\x0f\x03`\x01\x10\
\xdc4fH\x04\xd4\xa3~U\xb9\x0f\x06\x00K\xb8r\
\xc3\x82Y\xb4\xf8\xe5zT_\x14\x1f\xdc\x095<b\
\x00\xc8\x9c\x96\x8c4Y0\x00\x7f\x8c,\xdd{\xe3\x95\
\xf2\xe7\xac\x85\xf2!@\xa5\xb1`9\xe5\xf8\xaa^&\
\x048\x80\xe6rI\xa3\xba\x12\x19RS\x9ex\xf73\
9|\xf8\xb0\x1a\x08! \xa3\xfa\xf8\xc5G\xa5[\xfb\
6H\x1b0*\x80\x94\x14R\x01/~\xf8\xb5l\xd9\
\xb1K\x92-~\x0c\x7fTEu\xae[Y\xae\x83B\
j-T\x17\xd8\x11\xc9\xc2l,r D\x01\x07\xb0\
\xef\x14\xd3\xb6&\x90\xb8|g\x94LZ\xbeI\xbfa\
\xd6\x9f\xce\x1c#\xb9\xbd\x91Bcz\xad\xe8\xb8\xb8Z\
\x80t\xec\x8bv\x1eRu@\xe2\xf4x\x90\xa5u\xe4\
\xa0\xce\xf2\xe2cc\xa4&R\xf4fA\xcc\xbd\x93\xe6\
\xd3\xb9n\x95\xb4\xc5\xb8\x89\xf2\xca \xc4@E\xac'\
\x07\xb6U\xf6\xab\xf31\xb03v\x11U\xb0\x12\x15\xa0\
\xb8\xe1p\xac\xdcs\xfd5\xf2\xc2\x13\xff\x95$\x84\xe4\
l`\x8c\x96\xf98\xc2\xe8,\x99K\x96\x84\x953%\
\xfe\x9f\x09\x92\x8a\x10|f\x8f1\xbd\xc1h\xf0P2\
\x988\x00V\x05\xf8U\xac\x0e\x85\xc0\x5c\xe4\xcb\xb0A\
\xa7 \xd4\xcfM;\x01B=\xa9\x87\xf6 \xfa\x80\x89\
\xc9MW_\xc8\xe1\xbe+\x98\xc3\x07\x1b9\x8a=\xc4\
\xbfT\x19\x0d\xdb\x07t\xe8\xaf\xd1\x08\x07)\x11\x0c\x00\
r\x19\x9c\x9d\xf6\x0d\x0c\x89\xcd&}\xa0\x9b?\x8d\x00\
\xe6}L\x87\xfb\xc2(\x0al\xdb[\x02\xda\x0f\x10\xbf\
\xb2\x952DF\xb2\x1c\xeah\xa7\xfd\x87\x0ec\x83\xfd\
N>\x83\xf2\x9f\xaa\x9f\x81\xf9\xaf2<&\x07C \
\xae\x1d\x8c\xf2?\xca\xff\x86\x04\xe4\xc7\xa2\x91\xa6\xb2\x96\
\x93\xd6\xec\x92)\x9b\xf6\xc9qT\x010\xf7\x1f\x0c\xc2\
\x9f[\xae\x1c.W\x0d\x1f\xa0\xa5[V6\x05:\x00\
[\x14\x048o\xe9j\xb3\x90\xe1\x17]!\x06t?\
\xb8\xcd\xcbP\x8e8\x17h\xa6\x22\x03\xe0\xe2Z\xf8\xbc\
}\xda\x83\x88^\xd2K\xa2\xb7\xc4\x1a\x7f\x96\xadv\xbb\
\xa4\x8d<y\xcfM\xb2g\xffAy\xe9\xc3\xaf$r\
7\xd8A1\x96J\xc3\x88\x1c\x8a\x92\xbe[z\xb4\x94\
\xfd\x81\x15\xe4\xe9\xef\xfe\x90\x9d\xbb1_\xf1\xbb\x00\x84\
\xf4\x1f\xb9\xe3z\x8c\xcbQ\x12\x87\x0a\x15\x1e)\xd8\xf4\
\xbf\xfdm\x9a|\x81t\xc0\xf1\x131\x0a\x5c\xe5\xfcc\
4\x81\xa2A#p-\x8a\x0e\x15\xe6\x18\xe3\xbd(\x96\
v\x1c:\x00\xdbN\xa0\x92\x86+\x03\xfe8\x88\x90\xf1\
\xc73\x97\x9bJ.\xfcG\x8c\xc2\x15\xad\xeb\xcau\x88\
\xe6\x9ar\xc0\xdco\x14\xde\xf6I\xd1\xf9yk\x01\xbb\
\xa7\xa8\x92\xca\xe8\xd6\x1c\xc8\x03\xdbK_k\xac\xd9\x8f\
?0Z\x06\xf7m\xaf{L^8\x01|\xca\x96\x08\
J3,Z&DL\xc0\x15\x81#\xa1\x98(\xe7{\
\xc0p\xfb$.\xe1W\x88\x13}\xb5d\xabtB\xb9\
\xd8\xe4q\x9f\x08I\x89\x9d\x0d\x00>\xbbs\xa9L2\
(\x81\xcfM\xf9LC\xf0\x99\x81\x80.\x16\x136d\
\xbf\x8a5\xa0\x0d\xd0\xd7x\xe3\xa1a\x1ea\x01\x1c\xdd\
\x8b\x89\x98\x0at~\xe2\xa6\xa5\x12\xbf|\x1a\x14\xfa\xf6\
*O\xb7c\xdfw\xfc\x83\xbc\xfdv\xb7\x1a9cF\
\x05|C+HP\xb7\x91R\xacu\x0f`\x02\xe0\xc1\
[\xb8\xbd\xd4\xd31rn\xd6\x0f\x92\xb8n\xae\x11\xfd\
\x81\xc1\xe0|Mb\x18\x8aA\xd2XI\x7f\xc2\x1b\xa5\
\x1b.9\xccq\x82\x9bf.Z\x22\x8f\xc1\xfb?\x14\
\x15%\x97DTG\xfe\x1f\xa5\x7fN\x1a\x0f\x5c4\xca\
\x05\xf9Im\x18\x00\x8c\x04x\x82\x8b\xc8i\xa8\xf3\x12\
\xbb\x11\xc5\xf9\x1a\x83x\xf5~T4`A\xa5\xb7E\
\xaf\xff~xh\x97\xb4i\xe6\xa05\xe0\xbd\xd7m\xd9\
\xae \xc0\xd9\x8bW:.\xdb\x19T\xae\x0f\xf6n\x01\
B\xaa`\x07 \xcb\x9b\xe9U\x98\x8b\xb37\xcfUt\
n\xfe\xb4\x00)\x81\xff\x00\xab\xe4\xcf\xa0\x04>\x03\x87\
\x81\xc6d[\x94\x02>}\xdf\xcd\x12\x00>\x93\xd7?\
\xfdVf-Z\xae\xeb\x1b\xb9\x03\x9a\x22t\xff\xf4\xd0\
K$1(D^\xfcs\x99\xac\xdd\xbaC\xe7\xa3?\
6\xf5Q\xfd{\xc8\x1b\x8f\xdf\x0f*a\x03\x88\xe6\x1a\
\x14\x0d5\xd27>\xfb^\xfe\x9a1K\xe2\xe2\xec\xf2\
b\xa4\xb0\x906\xbb\xb1c#\xe9\x88\xd2\xc0\xf3\x81\x07\
8\x8dR\xb1\x8d\xd1 nK5\xf34\x11\xce\xcf\x87\
3\x96\xca\xb1S\x96\xc6\x01\x16\x93\xceu*\xab\xf1\x8c\
u>\xcfR\xee\xf9\xd3[EW\xf1\xb4\x05\xb8v\x12\
\x98\xff\xf3\xeaH\xe5\xe99\xa7\x1c=\xe0\xa5\x80X\xdb\
-\xd7\x0d\x90\x07n\x1b\xa1\xbc\x15y1\xeb|\x10&\
J#\x1b\x16\x0f\x22\x0f\x1f\xe8\xddR\x06@\x13\xfbB\
\x08\x19q\xf21\x0d\xb0\xed\xf0Iyb\xcaR\xa4\x01\
J\xc8\x1f_~$\xcd\x9b\x02\xc4\x83\xc1n\x1f\xe9\x0b\
\xbc\xd9=S\xe0\xf9\xc7!\x0d\x90\xb4f\x1e6O\xa8\
d\xb9iqn\xa6\xfe5\x1a\xc0\x08\xe8%\xfe\xd8T\
}CB\xdd{\xd3\xc6b\x92\xd4\xb3\xb1\x92\xb4i\x99\
\xc4\x03\xa9\xcf\xcd\x9f\xde\xad\x09\xf9;\x87\xeb\x9dE{\
\xb8\xf1ca\xb1\xf6V]xj6\x96\xc0A7H\
1\xd6\xef#\xbc\xa8Q\x0b\x94\xe6%,\x9b*q\x0b\
\x7f\x93T\xa4\x12L\x0a\xc0\xbc\x88\x0f)\x7f\x91\xefg\
\x15C@\xa3\xf6\xa6\xec\xcf\x05\x1b\x90\xd5+\x1f<z\
\x1c\x9e\xcc\xcf\xf2\xce\xe7\xe3\xa4B\xc9 \xe9\x07B\x89\
\x1a\x88\xf4\xd8@I^\xbe\x18\xd0z\xb5P\xff_\xa1\
\x04\xcc,.\x80\xee\x1a\xcf]\xdb\xe2=)\xf7;q\
\x15\x88\x7fNr\xb1JUy\xcb\xab\x86\xf5\x971\x97\
\x0e\x92J\xe5\xc3\x0c\xe1\x0a\xff\xc3\x00\xdc\xb4m\xa7F\
\x00f,X\xea0\xf2HF\xf5`\xaf\x96xf\xf0\
\xb5\xe7\xe2\x81\x8a\x0c\x00O\x97\x9c\x8b\xf3<\x82\x85\xff\
Fe\xc9\xf7(\x99:\x09\xe4?\x8f\xc6\x11u\xe4\xe1\
\xdb\xaeS \xe08hK|:a\x92*_r}\
\xa8X\xaa8\xd4\xf2ZJ#\x94U\xbd=\x17\xa2+\
\xeb\xb7\xebX\xa3!\xdc\x02\xa9\x81\x89\x1f\xbc\xea\x14\xfd\
D\x89 \xf0Akv\x1d\x96\xc7\x9fyQ\xb6l\xdb\
\x0a\x80 \xb52L\x88\xbdmxEM\x05\xd4\xabX\
F\x8d\x8b\xc2<\xc8\x07\xb09\xfa\x9c\x9cM\xb6\xd6o\
\xdc\xff\xc7\xc5\xebd\xdd>\xa64\x8cgHB\xa0G\
\xfa\xb7\x96p\x94>R#\xa1\xe8\xb8\xd0[\xc05\xa4\
\x9f&\x8b0\xf6\x08re\xe94\x8d\x82\xe2\x00\xa2\x0e\
\x1b\xd0Q\x9e\x828P\xddp\xa8\x03\xe6\xe1\x95\xb0\xe6\
*\x96]'\x06)\x7f\xdf\x18\xd5YjaS0\x17\
\xcd\xcb\xa5\xf3\xf0T\xd6G\xf9\x5c\x5c\xf0\x09\x1a{\x0e\
\xa4\x1d\x9b\x90?~\xec\xae[\xe5\xd1{\xef\x00(\x9e\
$2|l\xee\xa4\xd6\xc6h\xf1\xd5\xa7!L\x97\xb0\
i\x89\xc4\xcf\xf8AR\x01\xc2\xd3(\x80\x0d\x8d\xcd\xe6\
\xb1|\xc1\x9cGP^@\xcb\x1e\xf0\xac[\xaa\x11`\
\xef\xe1Y\x86X\xf0p\xa9\xc8\xef'C\x810~\xee\
$I\xde\xb7\x15J\xc5\xdc\xe8M\x07r\xc3N?2\
\x1a\x00\x0e7_\xa7(&j`\xb0\x04B\xa10\x08\
\xa1|\xb3\x99\xe3\x1ax\xefD\x00\x00\xe3\x88\x038\x8c\
\x12@-\xf71\x07+\x08\xa8f\xc8\xf0\xbfo\x99\x8a\
n\xc3\x8f\xf4|h\xe4\xad\xde\xb4E^\xf9\xe0S\x99\
\xbbh\xb14\xad^Q\xfa6\xad\x9b\x89\xd4$$\xc0\
\x17\xf4\xbf\xc1(\x1d\x82!\xc2(\x05\xef\x9b\xeba\x80\
\xb2L,\x96\x9f\x81\xaau\xf6\xf6\x83 \xb4\x80\xd1\x86\
g\xa9]\x03\xb4\xac7\x5c)\xbd:\xb5U\xaf\xcbl\
\xd0&\xaa\xb3u\xe7n\xf9\x00\x06\xc0\xd49\x8b\xac.\
K\x93\xf65+\xa9\x17S\xb5t:P\xd1\x9b\xd1U\
d\x00x\xd3Z\x17\xdf\xb9\x09p\x06f\x02\x5cJ\xe6\
4r\xa7s8\x91\xd7\x9f\xda\x12#\xfau\x97\xe9\xf3\
\x96\xc83\xef|&\xd11\xac\x12\x80^\x00\x04\x82H\
s>\x06\xfa\x00\xe3\xd7\xee\x93\x09(\x9f\xd3\x88\x1c~\
\x1b\x16VF\xfe\xfa\xea=)W\x06\x86\xb1\xae\x8c(\
\x11\xc4\xdaP\xb2z}\xf9\xfe\x87\x9f\xe4\xf5\xb7\xde\x95\
\xa8\x83\x07\x15\xc3\xc2\xfb\x90\x9bb\x08\xc4\xd2.k\x15\
\xa1\x06ja\x1e\xcc\x11\xefD)\xe0\x91sF\x1c\x88\
\x98\x85\x85 \x03\xfak\xcdV\x9d\xef\xac\xff/\x0fC\
\xffa\x80\x1e\xc9\x81@\xcac]\xd5\xd5\xb0\xcf\xa3e\
_\x98/\xfa\xaf\xbd\x97a\x05\x8cBD\xe7;\xe0\x00\
\xa6\x82\xef\x82\xa9\x1f\x7f`\xd7.A\xd9\xf6\xe3\xf7\x8d\
\x96\x9eP\x094) k\xc7\xf6\xb2o3\x8c\x05\x02\
\xff\x1e\x07\xfd/\x17\x7f\xb3\xa9\xe6z\xe5\xcf\xb7.\xa3\
?Mq\x9aq\x08!S\xf5\xabU\xf3&2\xfd\xbb\
/\x95\x1aQ\xddS+ylB\xea\xe9\x95r)1\
\xc7$\xee\xef\xef$i\xcb2I\x8d7\x82\x0aY\x1d\
\xf6\x1b\xaa\xd7\x0e \x9e\x7f\xcd\x86\x12\xd8\xaa\xa7\xf8\xd7\
n\x22>%\x81\x9e%5\xae\xb5A\x99\xcf[\xe6\x12\
\x16\x80\x94c\xfb%~\xfeo\x92\x88H\x03\x92\x85\x92\
\xeaco\xf4\x08\xf1;\xe6\x97S\xfe\xdfl\xdf\xd6c\
\xf0\x5c\xeb\xdf,\x89k\xd0ZJ\x0c\xbd\xd50\x13Z\
\x12\x9e\xc9\x07\xb6\xcb\xb9?\xbf\x94\xe4\xbd\xdbU\xdb@\
;\x1a@\xc5b\x8d\xdb\xa3za\x08\xca\x17\xebz\x84\
Y\xe0d?\x0d\xdc\xc4\x94Ys\xe5\xa5w?\x92\xd8\
\x13\xc7\xa5g\xe3:\xd2\x22\xbcR\x06\x0f\x1f\xa5\xffR\
5\xa4\x98T\x07\x0f\x84\x0aD\xe4\xe1`{\x92\xd3z\
c\xd4\x09pLl\x90\xadGOid\x84\x8bR\xdf\
\xae\xed\xb5\xf6\xbf~\x9d\x9a\xda\x9c\xce\x83w\xc7\x9e}\
\xca\x04\xf8\xc7?\xf3\x1d\x06\x00\xbd,\x82\x00I\xe0b\
W*x\xf3hE\x06\x807\xadu\xf1\x9d\xcb\x8dp\
\xc1\xce\x83\xf2\xc5\xa2\xcd\x90RE\x19\x1c\xfe+_\xae\
\x8c\x12\xfb\xdcu\xdd\x15\xb2\x19\x00\xbe\x17\xde\xfbB\x96\
\xac\xde\xa0/G\xcf\xbd1\x90\xfc\x8f\x0e\xbeD\xd6\x9e\
L\x95W&\xfe\xa5%\xa7i\xd84\x89\x03\xf8\xfd\x8b\
\xb7tl\xd2\x8b\xe6\xe1\x874B\x85\xbaM$\xcd/\
P\xeey\xe0\xbf2\xf9\xb7)r\xf2$\xf0E\xd6Z\
@\x5c\xc1-\xa8\x0a\xe8\x86\x94\x1a+U\xf26s<\
k\x7f\xbe#\x1d\x8eC\x00\x02\xee\x8c\x85\x01\xc0\xf5\x0b\
\xef\xb0\xfb\xe8I\xf9n!J\xa1\xadp1\xb1\x0aw\
\x80Es \xca\x16\x03,\x03\xc0\xb3;\x14\x9du!\
\xb4\x00\x97a\xa6\xc1\xa7l\xd8#_c|\x9f\x8c3\
\xe9\xfa\x88\xda\x00F\xdf6\x5c\xc6\x5c\xd9W\x02\x99\xc2\
\xcd\xe5z\xcdh\xb2:\xc8,g\xb9\x17\x0aR\xb4f\
\xf3\x02*\xc8\xefF\xe3$c\xc9\xcb\xa2\x1d\x87\xe4\x1d\
\x90\x02\x89\x7f\x80\xcc\x9c8N\x9a5\xaa\x8fM\xd1\xd9\
\xb3\xb67\x12\x93\x06`\x14 q%rv\x0b\x10B\
?vP\xbfww0\x16\xe2\x8b\x05\xc0\xafr\xb8\x14\
k\xd8A\xfc\x81\xd2\xe7\x86L\x0f\x9d\xcaz\xce\x07K\
\xfb\x127.\xd2R\xbd\xd4\xe8Cjy\xa4Z\xbb\xbe\
\xf1\xfe\xedPN\xc6gL7\x00\x9cB=\xb8\xaf_\
\x99rR\xe2\xd2\xfb`x4\x85\xd1a\x80\x88)\xc7\
\xa3`\x00|\x01\x0a\xe0u\x06T\x88T\x85_x\x03\
-\xf9\xf3\xaf\xd3\x1c%\x80\x1ez\x1c\x18\x1c\xe4\xfd\xff\
\xf0\xeb\xf12\xee\xc7_\x95\xd6tH\xab\xfa\x12\x8a\x9c\
\xba.bx^F\x22J\xa1\xf6\xbf^\x19\x90\x0aa\
\x814\x14\x13\xde.e\xa6\xe6\xdf\x19\x8f\xc1\xb0\xec\x1f\
\x1bw\xcbIK\xbc\x84\x80\xbf\x1b\xaf\x18*#\xfb\xf7\
\x942\xa5\x11ir\x1a\xb8\xc4\x00\xec\xdaw\x00\xa8\xed\
\x9fd\xd2\xf49\x8e\xa0M\xeb\x1a\xe5\xe5\x9e\xee\xcd\xa5\
6\x22SE\x06\x80\xbbQ\xfc\xef\xfb=\xc70IS\
\xbe\xc4\x02\xb9\xe9\xa0\x09\x93\x12\xd1?\xbcowy\x0a\
@@R\xfa~\x0bj\xdf\x0f\xbe\xfdY\xd3M\x1cg\
U\x10M\xba\x1bb9\x9c\xdf\x0f~\xfc\x83\x8e\x7f\x8e\
w?\x80\x80\xc7\xbd\xf9\xb4tj\xd3\x02^4RS\
\xf8\xb1\x1f6\xce\xf2u\x90\xa6+]V\x16-^&\
\xcf<\xf7\xbc,[\xb6\x02@AS\x9a\xc5\xa3\x11J\
\xed\xaem\xdfPZa\xac\x16\x9e^@\x9a\xce\xabM\
\xd1&\xed\xc1'9\x8d\x0db\xdc\xfc\xd5r\x84\xe96\
K\x17`T\xab:0P\x9ad \x04*,i\xf3\
\x7f\xdfh\xcc\xdf7\xe6\xd8fji)\xb8.\xa8`\
iW\x03T\x08\x0b\xd5\xcd\xff\xa1\xbb.\x95\xb2\xe0y\
\xc8\xb5\x01\xc0q\xc3e\xbeR\xe9\xe2\xf2\xd2\xb0\x8e\xba\
\xc8r\x06y\xbb\xf4\xe7\xefkg\xbc\x1aK\x14\xf7F\
\x9f\xd2j\x80\x03\x08\x87\xbc\xf3\xec\x13r\x13\x90\xba\xd4\
\xefv}N\xe7\x86`-}\xdc\x9c_$\x19\xa1\xf4\
T`\x01\xb2:\x9c\x89\x82\x888\xd7\x85\x00\x1b\xb0o\
hy\x94\x066\x11\xff\xfa0\x02\x80\x0f\xf0C\xbd\xbe\
A\xe9\x9b\xa9F\xbe\x01\xd2\x0e'\xad_\xa4\x95\x07\x8a\
\xd0\xd7\xc6d\xfe\xdf]\xf8?\xf3\x93\xf8\xa0\xbc\xa3\xf8\
\xf0;%\xb0\x19\xc9|\xe0\x81\xd3\x00\x88=.\xf1\x88\
\x00$m\x01\x17\x00\xde\xd5\xafZ\x84\x04v\x1c\x04\xa9\
\xdfV(\xf9\x0bA7y&\xd1K\xd3g\xee\xd2\x15\
\xf2$\xc0\x7f;w\xed\x04\xe7\x7f\xb8t\x02\xf8\xcf\x19\
\x96\xc8\xdc\x7f5\x94\xfdUC\xf9_n\x90\xf6\xaeo\
\xc4E\x96\xcclo\xcfZ#\xebA\x00\xc4\x9e\xa2\xf0\
\x0f\x99\xff\xee\xb9a\xb4\x5c\xd2\xaa)JZ2\x22\x93\
\xf9\x99\xbdQ\x87\xe4#,\xd4?\xfd\xf5\x8fe\x80\xa4\
!|\x89\xdaWx1\xf5\xb1\xc8\xdax\x15o\xc6[\
n'\x877\xf7(:\xf7\xfc\xb5\x007\xfc\xcd\x10\x0e\
\xfb\x1a\xa2@Kw\x1dQ\x03\x80\xe1\xee\xde\xa0\x03~\
\xf9\x91\xbb$80P\x16\xafX'\xff}\xf9=9\
\xaei\x00\x10]\xa1\xa2\xe4R0\xfa\xb5l\xdeL\xee\
\xfc\xf0\x07\x15\xdc\xe28a\x18\xfd\x9d\xa7\x1e\x94\xc1\xbd\
\xba\xa8\x01\xc0\xb9N\xa3\xa0|\xedF\x12\x84\xaa\x9d8\
\x00\xef~\xf8\xf1'y\xf5\xb57e\xcf\xde\xbd\x9a\x0a\
\xe0\xc1\xf9\xd3\xbd^5\xb9\xb2M=\xa9\x89\xd2@\x15\
\xd0*\xd0\xc3\x18,\x09\xc9\xa9\xb2\xee\xe8YI\xd4h\
(3\x85\xa9\xf2\xc3\x12D\xdc\x0e\x1c\x83\xb1Lb7\
\x916\x88\xa0=3\xb8\x9d\x94D;\x14\x1d\x17_\x0b\
0\x92\x1a\x89\xc8\xce7K\xb7\xc8|\xf0\xe20-\x1e\
\x8c\xf1;\xa4o\x07y\xfe\x91\xeb\xa4NMT\x90\xe5\
2\xa5\xa3\xae*\x17\xde\x8eu*\xc9c\x00\x8b\x94@\
\x88\xd9\xa4\xcbM]\xf6\x85pp \xc7\x22\xcf\xf5:\
\xf8\x0a\x96\xed=\x22cF\x0d\x95\xf7\x9e{R\xf5\xe2\
\xb3\xa3\xe3\xd4\xdc\x06x\x00\x126\xc0K_0\x19\xcc\
\x80(\x03\xd2\xc9\x9a\x91\xb9\xcfL#n\xda\xd6\xdf\xd6\
\x0bk\xfe\x1b$;~\xc4\x05\xb4\xeb\x8b\x10}[D\
\x07\xc0\xdc\xc7\x03\xa4>\x89\xd8\x94\xe3f\xb0N\x1f\x8c\
\x83\x8e\xb0\xbekke\x17\xfe\xcf\xdc\xaal\xea\xa0\x81\
c\x80\x03\xe8\x0f\x1c@\x881&PZxn\xea8\
I\xde\xbc\x1c\x84A\xc8\xfb\x93\xb4\x08\x95\x0a,]\xe4\
\xe1Q\xf7p#>rT>\xfev\x82\xbc\xff\xd5\xb7\
X\x9cJ\xcb\xc0\x96\xf5\x90\x1b,\xa1\x03\xc9\x94\x0bA\
,\x05y\xd1\xda\xa1\x81\xca1\x9d\x1f9B\x8e\x9d\x99\
\x00\xff\x11\xbcr\xe4,\xf1\x1a\xbeH\xe5$\xcb\xe5\x83\
{\xcb\xcdW\x8e\x84\xfc*\x06\xad\xcb\xa1F\x03\x9e\xf5\
\xa3\xef~\x96\xf1\x93\xffvX\xb5M\xaa\x94\x95\xdb\xa1\
\x06H\xe2\x15\x1a\x00\xdez/E\x06\xc0\x850\x8b\x0b\
\xee\x19\xd4p\x84\x83\xf0-\xd4Lg\x80?]'\x06\
&P\xc76\xcd\xe5\xb5\xc7\xee\x95*\x15\xcbk9\xe0\
\x93o~,\x8b@0\xc5\x83\xb9\xfb.M\x22\xe4\xb2\
\x11C\xe5\xd6\xe7\xdf\x96\x14\xd2\x05#\xc8\xe7\xeb\xe3'\
/<t\x87\x8c\x1e\xd2\xd726\x99\xca\xf2\x97\x0a\x88\
\x00\x04\x95\x06e8\xc6\xf1\xa93g\xe5\x89\xa7\x9e\x93\
\x9f~\xfeE\x8eG\xdb\xaa\x81\xa0\xf6\x008\xebr`\
\x01\xfa\x83\x7f\x9f\xa8\xfb\x82:\xe8_\xa8\xe9\xcf\x0d\x1f\
\xf3a\xfd\xf1sr\x86\xa4g\xf8\x9e?\x9f\xba~\x87\
,\xde\xbe\x17\x9c\x08\x86\xd9\xb5\x12@\x8fo\x8c\xea$\
\xd5@\x85|a\xb9v\x05\xd5B\xffg\xd7E\x7f\x13\
\xdb2\x19\xa5\xd4\x93\xd7\xedT\xa1 \xae\xaf\x1dZ7\
\x90\xe7\x1f\x1d#=\xba\xb4\x80\xfam:7\x8e7o\
\xafS\x85\xe2?\xd7!|uU\xbb\x08\x88\xc0\x18\x91\
\x81\x0b\xe9`\x18\x84\x96\xeex\x00!H\x8a\xd0\xbee\
S\x99\xf0\xe1\xdbR\xb1\x5c\xd9\x9c\x0d\x00\x82\xdfb\x8e\
\xc0\x00\xf8]\x92\xd7/\x04/@l: \xd0\xf1\x82\
&\x84G\x03\xc0\x96\xcc\xe0\x04\xd3\x9f\xe2o\xd2\xec\x06\
v\x02\xcdn+\x94\xe9Y\x06@\xca\xc9\xa3\x92\xb8h\
\x8ar\xf4\xa7\x820$-[\xba\x5cw\x06\x801?\
t\x83B\x8a\x22\xb8\xefU\x9a\xdb\xf7\x09.\xa9}\x90\
Fycp\x01\xa4\x1e\xd8#\xc5\x9aw\xc23@\xe6\
\x174\xc2\x1a\xa1\xf1\xa0\x8fx\xf5\xb3([\x9a\x04\xd1\
\x9fW\xde\xfbDb\xa2\x8f\xa3\xec\xaf\xbat@\xae\x92\
\xb9x\xfb \xa3TUx\xff\x95\x91\xffw^ \xbc\
\xddh\xd3\xc7L\x9aR\x95~\xb9\x10\x08kPL\x9f\
E\xdf\xf1Z%\x82\x83\xe5\xbf\xb7^\x0b\x92\x96nR\
<\xc8J?8\x0d4\xbe\xd3\xd1\xe3\xc0\x0c|\xff\x0b\
\x90\xdb\x7f8,\x9c\x86\xf0\xfc\xc9\xbcF,@\x91\x01\
p!\xcd\xcc\x0b\xe3Y\x08\x94:\x8a\x05r\xc2\x8am\
Z\x0ah\xcf\x8dVM\x1a`3\xbf]\x1a\xd7\xad%\
\xd1'O\xc9\x97?\xff.\x9f\xa1\x1a \x09\xf4\xb9\xc5\
`\x00\xd4\x87f\xc0M7^/c\x9f|V\xe2\x11\
\xce'\x0e\xc0\x17\xeb\xdf\xe3w\xdd(\xd7_6T\xd3\
\x05\xdce\xfd\x90zS\x03\xa0$\xa2\xa3<`\x10\xec\
?\x10%\x8f=\xf1\x94\xfc=}\x86\xc1\x03(\xd0\x18\
\xb2\xc3\xc0\xa9\xdc\x00p!+WL*\xa0\xa0\xd7R\
TI\xa1\x12\xe0\x18\x19\x01\xad\x80\xe0\xea\xdd\x07e\xea\
\x9am\xe0\xdf\xd7\xf9\xdbT\x00\x00 \x00IDAT\
0\xd2\xeeL\xef>=\xa8\x9d\x96+2\x9c\xec\x1c\xf9\
\xbb0z\xb0\xe8)\xdc\xb5\x00K\x00\xff\x81C5\x1e\
c\xfc\x08\xa2\xe04\xfe\xea\xd6B\xfa\xea\xaeQr\xcb\
\xf5\x83\xe1\xec\x9a\x08\x96\xb7\x07q#ie`\xad\x8e\
\xed\xdbZCE\x85]\xca\xe2\xfe\x81\xcd&Iu\xc0\
%\xbb\x0e\xc93S\x96K5Pu~\xf1\xd6Kr\
I\xf3\xa6N\xa16;\xef\x9e\xf1\x8a\x04\xcf\xa5\xec\xdd\
\x22\x09\x0b\x7f\x97\xa4\x9d\x1b\x15\x10\xe88\xd3\xf1\x0fF\
\x00\xd2\xfdx\x87\x01\x80\x8d\xd1?\xbc\xa1\x04\xf5\xb8\x0c\
\x95\x01\xadL\x0a\x80\x8c\x7f\xe0\x19 \xd1P\xd2\xf6\xb5\
\x0a\x96\xcb\x1e0g\xe7\xff\xf9\x0e\x86\xc8'\xeb\x83\x00\
\xc6d\x18\x00W#\xc4\x0f\x03\xa0\xb8e\x00 \x02\x10\
\xbft*\x08\x7fJ\x81\xe9\x0f\x11\x08 \xfe\x8df\x81\
'\xad\x06\x0e\x05x\x00\xab6l\x927>\xf9J\xa6\
\xcf\x99'\x0d*\x87I\xf7F\xb5\xa4\x12\xea\x97\xed\x8b\
\xf0R\xa5\x91\xfb\xaf\x0d\xd9\xdf\xe0L\xcc\x8fN8\x05\
\xbd\xa5\xfd\xbdm4\xe1\xd3\xb0\x9c\xd2%)\xac\x9f\xe3\
\x01\xc9\xe0\xf8\xf1\xfc\x0d\xb2\x05\xa1+V)\x11\xc8\xd9\
\xb1U3y\xe0\xa6\xab\x91\x06\x88\xc8\xf2\x058\x80O\
\x9c\x8c\x95O\xc7\xff\x0a\x0e\xf6\xc9\xd69i\x12Q!\
T\xeb\xad;\xd7\xaeR\x84\x01p\xdf\xf5\xff\xba3\x18\
\xc1b\xa5\x107\x7fF\x9c\x0c8\xcfG\x1a\xd7\xab\x8d\
\xaa\xa1\x1b\x90nj.\xe7P\x1e8\x1f\xca\x80\xcfC\
\xe0\xe7\x10\xcaay\x94\x09\x0d\x95~}z\xc9\xf4\x99\
\xb3\xe4\x04H~h\x000R5\xf6\xb61r\xf3\xd5\
#5\xc5\xc81\xef\x0f\x03\xa0|\x1d\xe4\xd0C\x10y\
3\xe1Q5\x02\x96\xadX\xa9\xa9\x809s\xe7\xca)\
\xa8k\xda\xc8\xfa\x96\xd5\xcbC0\xa8\xbe\xa6\xae\x0c\xf0\
\xce\x83\x09\xebu\xafY\x8b\x17\xe6\xdf\xbe\x93\xf1\xb2\xef\
\x0c6\x00^\x03\x7f\xec\xc3\xdc\xfb\x09i\x80\x98\xb3F\
\xc3\x80\xad\xc1\xe7\x19\xd3\xa1\xa1\x04#\xd2\x97\xcbh\xb1\
\xd7OX\xf4\x81\xfck\x01\x02\x01\xb9\xff\x91\x14h\xfb\
Q\x08\xdd\xa1S\xcb@\xabg\xcc\xe8>\xf2\xf2\x937\
\xa8H\x9e\x05G\xf1\xea\xa6\x0a\x02\x8c\xa8PFsD\
UJ\x95\xb0\xf2\xca^]\xa3\xc0O6\x226\xa2z\
\x05w\xff8O\xe2R|\xe4\xb9\x87\xee\x96\xdb\xaf\xbb\
\xda\x84\xef-\x8f8\xbb\xd2\x16\x15\xd6\xd9\xb8De\x82\
S\x0e\xa1\x94\x22\x89\x8aYN\x87n\xfeN\xdb\x98\x1d\
\x01@\xa3\x064l/A\xbdF\x8b\x1fU\xf6x \
TH\xd2\x9f\x04\x96\xe7\x1dG\xbd-\x1b\x90\xa1\xf4L\
\xd6\x97\xab\xf7\xcf\xe9\xe9\xba\x10\x98Il\x22\x00\xc9R\
|\xe0\x0d\x12\xd8a R\x0f\x04\xf7\xe1\xcd\xa0\x01\xc0\
h\x83O)D:\x10\x15`gyz\xa8B\xd8\xb1\
c\xf2\xcd\xcf\xbf\xc9'\xdfL\x00%q\x82tkP\
S\x9a#_D\xab\xcf\xe0\x15\x81z\x86\x91S\x1du\
\xff\x95Q\xf7\x9f\xde\x02.\xc6\x14A\x01jw0\xcf\
\xc8\x7f\x98w3&\x13\xe3\x90\xd6\xab\xd1\x18\xb2\xfaj\
\xf6\xb6(\x99\xb0|\x0b$K\xe3\x0d\xcb$\x9e\xfd\xae\
\xeb.\x97\xd1C\xfbY\xcc\x7f\xae\xc6\x85Y[O#\
\xbcJ\x01\x96\x0f\x81\x03P\xe0&~H\xbaUUq\
C\x8e\xb5\x88\x07\xc0\xd3\x11\xf0\xef9\x8f\xe3\x865\xf1\
d\x02\xfcd\xfeF\xfd7\x8f\x88\x9a 5\xbb\xf1*\
\x19\xd0\xa3\xa3\x1a\xa0\xbb\xf6E\xc9+`\x05\x9cO\x9a\
i\xd5=Ah\x1fz\x14g\xce\x9e\x93\xd8\xd8X\x87\
\x01\xf0\xe0\xcdWk\x09\xa1\xa9\x020\x11\x005\x00J\
\x82\xf6\xd7*;\xe68\xa7\x81=c\xe6ly\xe9\xd5\
\xd7e\xcd\xda\xb5\x88\x22\x10\xa1m\xe4\xd4{Bq\xf0\
\xf2\xd6\x11\x8a\xa9*h\xd5\xc0\xa3H\x8fF\xc6\x98{\
\xf3\xeb\x14\x18\x02\xbf_\xb8V\xa2\xa0\x10HL\x00\x8f\
\xe6U\xcb\xcb\xd3X\xe3\xc9Z\x98\x9d@\xda\xbfg\xc4\
\x5c|o\xca\x9e\xdd\x02\x9c\xcb\xf7Hs-\xd9\x8d}\
\x87\x91)\xaaS\xf6h%\xef\xbfz'h\x81Q\xd1\
\x85Hk\xd6np\xf6\xef\xab\xf6\xec\x00(d\xdd\xd7\
\x0b\x9c\xf8\xa4\xc1\xcdE\x18\xa10\x9a\x93\x0d@P\xce\
[3\xd7\x81\xf4c\xb7\xf4\xef\xdeE\xbex\xe75(\
|\x91\xe1\x8aoa\xbc\xd1,\x0fnL\xb1\xd1\x92\xb0\
z\xb6j\x04\xa4\x00\xb5\xafx\x00\xbb\x84\xd02\x00\xcc\
\x96h.\xa5\xdb\x13\xeb\xf3Q\x12\xc8\x08\x80/\x19\x02\
\xb9\x05\xc6\x01\xfd\xbf\xfc\x1f\x89\x87\x01@C\xc2\xf3\xf0\
\x7fV\x06@\xfa\xd32\xf4X|\xe4\x1d\x08\xf5\x03\x04\
\x08\x9a\x5c\x02\x09\x1dT\xc2\xd6\xc6\xeaI\x88\xc7\xec\xeb\
(\x9dD[\xcd\x02\xeb\xdf+\xef\x7f*\xab!\xb0\xd3\
\x12\x84\x11}\x9bEHqU\xd43\xedD\xcf\xa9,\
X\xff\x22J\x07+\xf8I1\x01\x0e\x1b\xc52`\xc0\
2fc\x02r\xba\xbf\xbd\xf1\xf3S\xc9i)*\xcf\
:c\xf3>9\x9dd8\x08\xaaV*/\xcf\xdc{\
\x13\xf2\xb2-4\x8a\x91\x95O\xc4\x9f\x11Y\xfd5\x88\
[\xde\xfd\x1a,\x88\x16\x1b\x1b\xf9\xdb\xe9\xc1\xf4\x07A\
\x95\xf3\xe1)V\xc1\x93v+\x8c1\x5ct\x8f\x82k\
\x01\x8e\xdd\xd9PM\xfb`\xdez9\x01\xbai\xf6y\
\xf5*\x15\xe5\x96\xabF\xc9\x950:yD\xc7\xc4\xca\
\x84\xdf\xfe\x96\xcf@\xebKq\x1f%\xcb\xc1y$\x00\
\x22\x98\xcfD\x00|\x14\xa4z\xcf\xf5W\xeaz\xc39\
\xe2\x8bR`V\x01\x04C6\x5cSd\xd6\xe0\xd5\x1c\
<\xfe\xf8\xfc\xab\xaf\xe5\xbd\x0f>\x96HhkP\xa7\
\x84'\x94\x81\xf2\xe0\xa5-\xebH?\x94\xdf\x85\x11\x0f\
\xa0\x1f\xcb\xdfH\x00\x97;\x92\x00\x9e\x02\xbf\xc6\x96\x13\
\xe7\x8c\x9ak\x9a\x9f\x82\xff~Y\xb6A6\xec?\xe2\
\x00\xcd\x86@\xd8\x8d8\x80\xfa ,\xf2\xcb\xb3\xc2g\
\xc1\xf5c\xd1\x95\xb3\xd9\xc2\xf0\xe3C\xa7\xce\xcaO\xab\
\x22e\x0a\xf8\x00\x12\xe9\x1c\xa1\xff\x9b7\xae-\xcf\x02\
\x088\xa8_{\x84Y\xc9M\xe1\xdd\x18S\x83\xe1\x91\
~md@\xe3\x1a\xd9.\xcc\xe7\xbbSt\xa0\xd3\xdf\
\xc4\xcbm\x84\x94\xec\xa3\xbf-\xc6\xc6\xeb/\x1f=\xfb\
\xa8\x0c\x1f:P\x19\xae\xdcmN\xbe\x98\x14)\xc7\x0f\
I\xc2\xaaY\x92\x08``\xeaIh,[\x08^\x07\
\xfa\xdfi\xf3\xa7\x87\xe0\x0b\x1e\x00z\xe4\x9a\x97\x07\xf0\
\x8e\x8d\x95\x0aC\x22\x9e\xf9\xffy\x93\xb0\x91\xf2\xa9\xec\
\x8d\xdd\xd5\xf8\xc8\x8a\xfc'\xeb\x96\xd4\xfb\x03a\x1c|\
\xe9\xddJ\xef\xeb\x8bRG\xe7#\xb3\xaf\x9cs\x8f\xf0\
\xfc\x1d@(\xbf\xff\xd5\xf72a\xf2\x14\x10\xe8\x94\x90\
^MjK\xf5\xb2\xa6\x8c\xce\x1e\x22\xc5\xc1\xf9_\xb3\
T\xa0\x94\x0d6*{\xb6\xf5h\x98\x0c\xcd\xfbPV\
\xc4\xfd\x91\xfeI~\xe2(<\xaa\xf7\xe7\xac\x93\xb5\xe0\
\x00`\x16\x92\x0b-\x85\x7f\x18\xfe\xaf[\x13\xd5\x07\x96\
\xec\xb4\xebuy\x15\xb2\xb5}\x8fE\xfa\xed/\xc6\xc3\
3\xa3\xe6\x03T\xda\x00b\xa275\x1c\xbc\xeb\x9e\x18\
#\x99\xae\xeb\xe5\xa4p\xff\xbeEg\x5ch-\xc0.\
^\x0a\xc6\xb4\x0f\xe7\xad\x93=\xd1\xa7u\x9cT\x0c+\
+\xd7\x8c\x1c\xa4\x9a\x134\xb0\x93\x80\xf4_\x01\xb1)\
*\xfc\xed>\xc0\xd2`\xbe\x851\x02h\xc0*%6\
\xaes\xc7\xb5\x97\xca\xfd\xff\xb9\xc6\x11Q%\xd88\xac\
\x16\xc2\xe7\xa8\x04\xa2\xd7\x95an\xe2\x03\x1c\xa7o\xbf\
\xfb\x9e|\xf9\xf57\x12\x85r[\xbb2\xa0VX)\
\x94\x066\x00\x1do\x15\xc5\x03x;\x8f=ic^\
\x93R\xb1d\x04L\x80\x10\x92\xf2o`\x83\x9f\xbfu\
\x8f\xccX\x1f\x09\xa3\xc0\x94\xe6\xf2=\x9f\x18\xd0V+\
\x15\xc8\x0d`\xa7I<\xb9G\xd19\xe7\xbf\x058\xea\
\xce\x02o\xf6'\xf8\x00\x98\x068\x05\xf6K\xfe\x8c\xb4\
\xc0\xb7\x8e\x19$c\xefF\x9a:\x17\xea\x80>\xc8Q\
\xa5}vuO\xa9\x83\xc1j\x08Y/\xbc\xc3&\xf8\
\xb1\xbd\xccW\xa7\xad\x94i\xf0.\x1b\x86W\x91\xf1o\
\xbf$\x0d\x9a4S\x0a\xdd\x9c\x0e\xdd\xa2\x94\xbc\xe7\x80\
$\xae\x9e\x0b\xfa\xde%\x00\x08\x1eEX!I\x05g\
\xec\x83\x16\xb5\x1eX\x1d\xfc\xc0\xd3\x1f\xd8\x19\x00@\x88\
\xf50\x1a\xa0\x06\xc0\x89\xc3\xca-\x90\xb0\xe8/sZ\
\x967\xb5\xbcg\xc7\xef\xb2\xdfDm\x00 K\x0dK\
\x8c\xbaC\xfc+\xd5r*7\xa43o\xa58\xb2\xbd\
\x97\xcb\x03\xe0!O\xc4\x9eR\xca\xdfw\xbf\xf8F|\
@)\xdc\x1dj\x7f\xadjU\xb5P\xff\xe6|\x7f,\
d\x15\x8b\x83\xf4\x07\x06\x00AT\x8e\xc5\x899Cx\
\xf0\xdc\xf8M\x99\xa1\xd5\x1c4\x10\xdc\x0c\x0e\xe5Z\x07\
\x9b\x10CT\x9f-\xdc\x08\x06+\xe4 \xb1\xa8\x12\x84\
4f\xd4`\xb9\x12\xf4\xbf\x15\x00\xdc\xcc\xe9H\x85e\
\xfb\xcb\xd4Y\xf2\xe6\xe7\xdf\xab\xf8\x0a\x0d\x0azP#\
Z\xd4\x96\xd1m\xeagZ\x80=\x19\xad\xdeZ\xc5\x9e\
\x5c\xb3\xe8\x9c\x0b\xab\x05\xe8\xbdo\x84,\xf0'\xc0\x9d\
\xac\xc3\xdf<\xc831j@/\xb9\xef\xc6\xd1 \x0e\
cu\x13A\xa6\xd1\x88.M\x94\x1f\xa7L\xd7\xb1\xe5\
\x9c6\xd4h\x00\xben\xbcb\x98\x8c\xbd\xfdz\x87S\
\xc1\x9f\x97\x0b\x8f\x90\x90rU\xd2+\x81y\x03\xcbp\
\xe0\xf2\xb1\xef\xe0!y\xe5\xd5\xd7d\xd2\xe4\xdf$\x1a\
2\xc2jP\xe0\xf7\x8d*\x97\x03\xc0\xba\xbe\xb4\xcew\
|\x95mt#\xfd\x01\x83z[t\x9c\x9c\x06\xb8\x91\
\x07\xdbb\xe7\x91h\xf9v\xfeZ\xa4C\x92\x1d\xdc\x1c\
W\xb5\x89\x90\xab\xda\xd6\x87\xaa&\xca\x01\xf1\xcc\xb9g\
\xf8\xbc\xb0\xfa\xfe\xdf\xf24\x8c6Q\xb8\xefs0\xab\
\xee\x86H\x10G\x00i\xd5\x87\xf4\xef o=\x7f\x0b\
h\xd5\xcb\xb8\x10\xd0\xb9\xdf\xcd}\xc0a\x9d\xf6\xc1\xe8\
\xeeZ\x16\xa3t\xb3\xee?s^\xda\xdb\xdeh9\xb1\
\x98\x0byv\xear9\x02L\xc0\xf5\xdd[\xcb\x0bO\
=.\xe5\xaa\x81\xc0\xc8\x9d\xe4\xa5\x95&H\x8b>(\
\x89+\x18\x09X,\xa9\xa8\x12\xf0\x81g`lgk\
R`\xe2\xfa`#\xf2\x0b\x83\xb5\xdc\xfdR\x09\x80P\
\x0f\x90@j\x1e\xa5D\x1f\x96\xf8y\x93%\x01\xe0<\
\x05\xff\xd9\x9e27N\xc7\x0e\x99\x1d\xf9O\xe6\xa6\xd3\
\x0d\x1e\x9bd`\xfb>R\xbc\xcf\xd5\xe2W\xb2\x8ce\
TX\xca\x7f\xeev]]\x87\xcc\xb9\xfc\xa2\x07\xfd;\
DK^\xfd\xf8\x0b\xd4\xfc\xef\x96\x96\xc8\xf9wmP\
\x0b\x93\x9eeI\xb6W/(\xf7\xf4\x93\xf0RA\x12\
\x0a\x00\xa0\xb5\xc5\xeb\xaf}a$\x11\xd7\xc0*\x01\xbb\
\xcd\xd5\xf0\xc9\x12\xe7`}\x92\xe1M.(\xf8\x96\xf5\
\xd0_\x82\x92u\x0a\xc8\x7f\xc8Q\xceg\xab\x00O\xec\
>P\xffv\xef\xd0FJ\x14\x07\xa9\x92\x9bw\xfa{\
\xeeb\x88\xaf|\x87\xd2\xad(\xbd\x01\x85\xa9\x065\xad\
\xa5\xaaf\x01\xb9`\xbd*2\x00\xce\xcb\x94-\xd4\x9b\
\xd2\x88\xa5,0\xd9\x00\x17D\x1e\xd4{\x97*\x19\x82\
z\xfe\xce\xf2\xd0-\xd7H\xc9\x90\x10\xdd\x18\x89\x05X\
\xb2j\x9d\xdc\xf1\xe4\xcbr\xce\x12A\xb3\x1f\xd4\xc6\x12\
Q\xa1\xf2\xe9{ov`\x8b8^\xcbV\xaf-%\
\xcb\xb3z\x86g;a~8\x96-\xe2\x8cEK\x97\
\xca\xf3/\xbd*\x0b\x90z3\xa2AfRt\x87\x9a\
\xe55\xe0\x1c\xa8\x0b0k~\x8fE\xa5\xf9\xc6\xd7\x8e\
\x988\x89\x8e7\x06\x00\x8d\xf73(\x81\xfe\xf8\x9fe\
\x9a\x0e\xd1'\xc69\x1dQ\x99p\x0f\x185\xab \x22\
\xa8\xc6\x8b\x9e[t\x5c,-\x80\xa5Uv\x1c\x8bU\
\xa0\xeb\xdc\xc8\x03\xfa\xd8\xa4R\xef\xd0\xa6\x91\xbc\xf8\xf8\
\xf5H\xaf6tDn=}'\x9f\xd1m\xea\xa5\xdd\
\xdd\xa3\x99\x95+\xba\xf0\x86\x83\xf1\x80\xd3\x09o\xf8}\
\x126\xe7q\x8b\xb7(\xea\xb7$r[o\xdes\x83\
\x0c\x1f}\x8d\x04A,(\xab\xcd%C\xae\x98\x1b6\
\xbeR\xe1\xfd\x13\xcc\x97\xbca!H}\xf6\xc2\x8c\x8e\
W\x13@\xf1l\xd6\xa4\xf6\xabPC\x82\xba\x8f\x82>\
\x00\xca\xef\xfc\x10\x96\xc7.\xa7e\x85\x0b\x91\x02@\x1a\
\x80\xd4\xa1Y\x1f\x9e\x87\xff9\x0d\x99j\x08\x1ar\x93\
\x046\xe9\x00\x16@\xa7\xf0\xbf5C\xcd_\xe9\x16\x7f\
V\xf7\xe49\xdc\xfc\x17\xad\x5c#\xef}\xf9\xad\xcc]\
\xb2L\xaa\x02\xed\xdf\x0d\xde\x7f-\x80<U6\xd2\xda\
x\x8bY\xde\x7f5\xcb\xfb7\xd7\xc3\xef\x95\xf8\x84\xbb\
y\xe6\x88\x85'\xf9v\x1f_0\x93\x81\x89\xec\xd5\xe9\
\xabe=R5\xa9@J\xa7\x00(\xd5\xbaI}\x05\
c5\x07\xfa\x9fX\x83\xec\x0c\x00\x13A(&\xf3W\
m\x907>\xfdF\xd6o\x84\x142\x8e\x10\xe0\x16\xfa\
5\xaa\xa1\x95\x00\xb9Q]\xcb\xefE\xd7\xd3\xc9Ut\
^\xe1\xb5\x00C\xf3\x07A<E.\x80)\x00\x03r\
\xbe\x84\xc0\xd8\xec\xdd\xb9\x1dJO\xafS#\xd4\x8c\x03\
\x1f`\x01b\xe49P\x03O\x9d\x8d\xd2`+%\xa6\
)0\x1a\xfe\xf8\x1a=\xb4\xbf<{\xff-\x8eu\x87\
\x1f+[\x0d\x06\x00TC\xe9\xd5\xebe\x1c\x98#3\
;y\x9dD\x18\x17?\xfc\xf8\xb3\xbc\xf9\xd6;\xb2e\
\xeb6K\xe4Jt\x8d\x1a\x04\x9c\xd5pD\xb1*s\
\xf3u\xcceK\x14,\xbbe\xc4\xc3\xe6\xe3\xbd\xf7\xc4\
\xc6\xcb\xa1s\x94\x0d7\x1f\xa2\x11\xf0\xfd\xa25\xb2\xf5\
\xe0q\x80\x15\x8daP\x1bQ^V{Q\xb8\xa8\xe0\
\x89\x8a<|\xf8\xa2\xd3<n\x01\x1a\x9f\x04x\xfe\xba\
v\x87\xa6\x01\x98\xde\xe1X\xacW\xbb\x9a<t\xe7(\
\xb9\xee\xf2^\xd6\xf8\xf4|\x1f\xf7ymd\xc7\xb4.\
u\xaa*h\xec\xa2\xb1\x071\xc8\x0f\xa3\xee\xf7\xf1?\
\x16\xcb\xeec\xa7\xa4\x7f\x9b\xc6\xf2\xf6\x8b\xcfI\xb5\xf0\
\x9a \xf3HO\x05\x98M\xcbln\xf6\xe1\xd8La\
DP\xc9/\x19%\x82\x9a\x0e\xd8\xbd\x19\xf9\xfd\xe3\xd8\
\xd4\x0d\x88G\xeb\x7f1\xe1\x83\x18\x01h\xd1\x0d\x06\x80\
a\xadK=\x0d0!\xbc\x7fR\x00\x93=,=\xa3\
\xeet\x07j\x028B)\xb6\xf1\x92u\xa7\xf0\xa7\x01\
\xd0\x01\x08\x1av\xab\xf8\x973\xdc\xfc\xdenX&r\
\xe1#+\xd6m\x90\xf7>\xffF\xa6\xcd] \xa5\xc1\
I\xde\xa5A\xb84\x06\xfa\xd7y\xb2s\xc0\x94\x82\xf7\
\xcf\xb2\xbf\x12(\xfb3-\x83?\xad\xfew\x0e\xfb{\
<2\xad\x13\x99\x82b\x1e\xf6\x03\x84a\x8f\xc1\xbb\xf2\
\x01\xa84\x09F\xc9\x15C\xfb\xca\x8d\xa8\xab\xaeV\x19\
e\x8cN\x8b\x9f\xeb\xf5\x89\xa9\x08*\x1e\x22kw\x1c\
\x90\xd7>\xfcB\xe6/X\xa8\xa7P\xbc\xa5g\xfdj\
rS\xa7\xc6\xca\xe0\xe6\xedz\xe9m{z\xfb\xdeE\
\xe7\x9f\xdf\x16\xe0T\x03\x0aHb \x0b\xfc\xd3\xaa\x1d\
\xe0\x0b\xd9\xaac\xa48\xc6J\xc7\xd6\xcdU\x15\xb0V\
\xf5j\x8eyECy\xd6\xc2\xe5\xf2\xc8k\xef\xcbY\
\xabTN7M\xcb\x00\xb8lPoy\xe1\xc1\xdb\x15\
7`\xbb\xc8\x1a\x01\xa8\x80\x08\x00\x81\x82\xd9\xbc.\xe7\
\xeeix\xdc\x1f~\xf4\xb1|\xf6\xc5\x97\xb2\xef@\xba\
\x10Ye0\xad\xc2\xd9\x82!\x1bn\x95\xe2\x19\x12\xae\
\xfc8x\xdfCg\x13e7\x8c\x00{\xb5\x0b\xc4:\
8s\xf3.\x99\xb5a'\xb0a\x04\x87\xa5!\x95\x16\
,\xf7\xf5l)mk\x22\xb5i\xd1\x8d\xe7\xc7\xfd\x8b\
\xaeQ\x98-\x90&\x0b@\x8b\xff\xe1\xdc\xf5r0\xf6\
\x8c\x1a\xa9\x15A\x0b|\xed\xe8\x9e2\xf6\xde+\xa44\
\x22\xbd\xc4\xb2xz\xf8\xfc~\xfb\xa04\xb2V\x91\xf9\
\xefb9\xb8Q\xb0\xbev6Hf\x9e\x83\x9e7=\
\xc77\x1e\xbcMn\xb8\xf9\x16)fMb\xfb]\xb2\
\xf3\x5cuS`\xd8\x1c\xe5q\x8a\x0b\x00]p2J\
\x05\xc9\x18\x98\x8a\x8d]1\x00\xe5\xabIP7D\x00\
P\x09@\x1e~\x9d\x5cqg$a\xcd\x5c\xb0\x00\x82\
>\x14\x06Df\x0e\x00\x12\x82\xd0\x00\xb0;!cg\
8?\x0f\x1f\x81\xb4\xbf\xc1\x03\xaf\x97\xc0\xd6\xbdq\x0f\
\xd0\xf0\xe2gp\xa4s<\x9c\xcb\x0e\xb5\xdf\xb0\xf3\xae\
\xd9\xb4\x19\x88\xffO\xe4\xaf\x99s\xa5\x1cJ}z\xa0\
\xde\xbf\x05\x90\xff&Ha\xcc\x14\xfe\x09\xd0\xbf\xd4@\
\xd9_\xc5\x10l\xa4\x1a\xa1\xe4\x1f\x00<\xaaD\xb1\xe7\
\x03'\xd3\x03js\xa6!\xf7\xbf\x09\xf2\xbf{%^\
\xb5\x8e\x8cH\xc5\xd8\xdb\xc7 \x14\xdb\x15\x1e\x99{\xed\
\x82\x12\xe5*\xc8\x8e\xc31\xf2\xfa\xdb\x1f\xc8\xefS\x0c\
\xce\x22\x08\x06@7\x00\xa9n\x02\x19Py\x08\x15y\
k\xa8\x16\x19\x00\x17\xcb\xcc\xce\xfdsr.\x91,\xe5\
/\x80\xa4\x98#\x8d\x070\xae\x186\xb9\xd6M\x1b\xaa\
\x01\xd0\xbca=\x87\xb1K\x10\xea\x81CG\xe5\x81\x17\
\xde\x96u\x9b\xe9\xa9\x9b\x09g\x1b\x00\xc3\xa0!\xf0\xca\
\xd8;\xb5L\x90.\x96F\x00\xaaG \x02P\x09~\
u\xf6X#;\xa4\x1e\x0b\xed\x81\xe7^|E\xbe\xfd\
n\x82\x9c\x00S\xa0\xb98I\x82X\xce\xda@\xcbY\
s2\x84s\xd3\x0a'\xe2\x92d\xeb\x09\x13\xc5\xd4H\
\x1a\xd6\x84]\xc7b\xe4\xbb\xf9k\xe4\x1cHb\xf8\x12\
\xc51\x8fn\xea\xd4D\xa3i\x8c\xaa\x15\x1d\x17_\x0b\
0\xd2E\x1e\x80\xcf\x17l\x92\xc5\xe0\x05\xe0\xd8\x0c\x81\
a\xd7\xbfW[M\x03\xd4\x86\xc4\xb5=\x8e\xb3+\x8b\
w~k\x9fE\x0f\x8dJc\xd9,k\xc3/\xa6\x83\
\x9b\x17\xf9\xbe_\xfa{\xb9\xcc@\xf9O\xd9\x92%\xe5\
\xfbw_\x91K\xda\xb5\xd50sv\x8d\xe0\xac\x18\xc8\
\x15\xc1\x91?G\x0a \xe5\xd0\x1e\xc8\xfb\xae\x91\xe4=\
\x9b\x94\xeb\xdf'\xb0\xb8\x04^\x02\xfa\xdd\xb6}t\xa3\
f\x0b\xa5&'\xa88O\xdc\xb4\x09\x92\x12\xb5\x03\x0a\
aVp\xde\xb1i;\x87\xff\xcd\x86\xea\x9c\xa3\xb77\
#\x1f5\x12\xfc\xc1\xeb\xdfB\x82\x87\xdc,\xfe\x10%\
\xa11ar\xef\x9e\xf9\xb8Z\x8b\x8c\xafu\x087\xbe\
\xf9\xf1\x972\x15\x9b\x7f)x\xfe\x9d\xc0\xf5\xdf\x02\x12\
\xba\x04\xdf\xd9\x07\xcf-\x86\x0d\xb9\x02\x80\x7f\xe1\x08\xfd\
\xd3\x9319J\xa4 \xf8W^6\x7f\xbe#^\xf5\
@\xcciy\x13\xdc\xff;\x8e\xff\x8f\xbd\xab\x00\xcc\xaa\
l\xdb\xf7\x88u7l,X\x071\xba\xc1\x16\xb1E\
\xb1\xc5\xc6\xee\xc4\x16\xdb_\x14\x03\x15\xec\xfc\x14E\xb1\
\x93\x10\x90\xee\xee\xee\xb1\x11c\x80\xc0\xfe\xeb\xba\x9fs\
\xde\xbd\x1b\xeb`\xc1\x8e\xdf\xbe\x8d\xed}\xcf{\xces\
\x9e\xe7~\xee\xb8\xee\xeb\x82\xf2\x1f\xd2\xff\x07\x00JJ\
\x8a\x8f\x92Gn\xbdV2\xd2\x92\xac\x94j\xf1\xb3\x8c\
\x19\x03\x9f\xb0\x16\xb29;W^~e\xa8|\xfc\xd9\
\xe7:\xe6n\xc0\xa7t\x89m\x06\xe3\x95*- d\
tt\xd6\xa5\xe4\x99\xdb\xe0\x00\xd4\xa5\x95]\xfek\xb5\
\xd7\x17E\xc3\xc6-\xdb\x00\x02\xaa\x05Z\xfbf$\x94\
\x12\x1f#\xec\xeb\xef\x8d.\x14[\x15\x9cs>{\xf7\
\x1e\x19\xfa\xfe\x17h\x0b\xfc\xd50\xfe1\x1e\xa7C\x8e\
\xffc\xd9\xe0\xd5\xc7\xef\x167W\xe0U\xacz\x7fH\
t\x92x\x06\x87\x16`\xd0,|\xa5\x9a\x89\xd3\x14^\
#\x99;o\x9e<\xfb\xfcK`\x0a\xfc\x03X\x032\
\xb7\x995M\x92\xa0+\xd1\x19\x90\x11e\x19\xea\xf2\xdf\
\xeeQ\xef`\x0c\x90\x83\xb5\xb6pG\x0e\xd2\xc2\xc6\xa9\
\xa7U\xda\x07\xa4\xf8\xc8\xb1\xb3d\x1b\xeeU\xbb\xa8\xf0\
\xbb\xf3\xd1\x9ax\x05\xf0\x08\xc4\xd5\x14U\xea\xab\x82\xcb\
i8E5\x8e\x00\xe7\xe8\x8e\xbd\xb9P\xc6]\xae\xd9\
\xae\xffPb\xa5\xb3\xd7\xbeM\xa2<\x0fB\xa0\xde\xdd\
[\x01\xd7\xce\x96\xd6\xb2\x05s.S\xee\xbf0\x8f4\
\xbbu\xd1H\xb2~\xbe\x01@\xc0\x17~\x9b\xa9*`\
\xe9\xa81\xbf\xf4\xc8\x03\xa0\x0an\xa3\xceAq\xf7\xe4\
\xfc{\xdbk\xe73#k\xe0\x91\x9c\xdd\x9a\x118\xbc\
i\x05\xd2\xfdY\xd242\x09\x9bt{\xa3\x08\xa8/\
:\x22\x87\xb6m\x80\x0c\xf0h\xf9o\xd6X\xab\x95\xd0\
\x99\x0d\xef\xe8\xfa\xbf\xb5\xd5\x16\x98\x16Z\x8dd\xeb_\
?\x90\xff\xa4u\x85\xcc\xaf\xcd\x1d^\xd4\xab\x8f\x9eQ\
\x9a\x05@\x843\x0bu\xf2a#?\x96\x9f\xff\x1a+\
\x8dQ\xd6\xe8\x92\x10\xa5\xc0?S+W\x0fG\xdf\xcc\
\xfd\xde\x0f\xa9\xff\x16\x00\xfe\xf9\xe0\xbb\xbd\xf9\xab\xe1\xab\
\x82Td\x1e\x1c\x9a\xbf\x97n\x90OP\x83\xcdB4\
r\x04%\x93\x03\x88\xc8\xae\xea\xdfO\xae\xbe\xf0,E\
\xff+!\x90\xc3\xb9)\xecp\xc2AA\xfa\xdf\x0f\x84\
K\x99\x908e\x1d\xf5\xcd\xb7\xdf\xd1\xebd\xb6\xa7=\
\x0c\xe6u\xdd\xd2$>\xc4\xbf\x80\x83\xc4k/\xc9a\
\xaa\x8b\xf3\xba\x1a\xedG\xbd>5\xd7\xc4T\xa8\xa61\
=\xba.k\xaf\xce\x9d\xd8\x16\x11r\xeb\xc0\x01r\xde\
i}\x80G\xc9\xc7\xc1\x10\xa4\xf7\xd3\xd8I\xf2\xdc\x9b\
\x1f\xc8\xee\x1cl\x90\x86sJ\xd7\x02\x99\x03\x87?\xfb\
 \x00\xab&c\xc5R@Hl\xb2x\xfa\x07\x95J\
\xc6e\x12n\xa0.\x87\x11\xfe\xe5\xf7?\xd0\x19\xf0\x92\
\xcc\x981\xd3\x80t\xf1'7\x94\xddz\xc57\x97\x8b\
;&J<R\xb7<\xca?G\x9d\xad\x96\xa96\xfe\
\x07\x1b\xbe\x10\x9a\x00\xfb\xe8\x01\x98\xd5\x8d;9\x0cB\
\xa0\xf9\xb2l3p\x00\x96\x86F\xcf\x84\x08\xb9\x03\x98\
\xaf\x90J(\xc8\xd5\xebIT\x8bo\xce~\xea\xfbA\
\xb3>\x16\x8e.\xd5/\xb7\xef\x85s\x89kn\x09\x22\
\xa0\xfbn\x1f 7\x5c\xd3O\x8e\xa0\xfcZf\x07`\
\xd2}\x17\x22\x03P7\x1d\x00\xb3\xd6\xf2d\xf6\x86\x1d\
\x88<\xe1\xe9b\xe3\xe8\xde\xa9\xbd<\xf7\xc8}\x92\x1a\
\x0bI_D\x94\x85\x17\x97#\x05\xcf\xd4\x9e\xb5\xf8\x0a\
\xa4J\xb8P\xd9\xdf\x0f\xf6\xc0\xbc\x83 \x14A$\xeb\
\xe2\x01\x86D\xa76C2\xf4\x1d\x04n\xe0\xc0\x1f_\
\xc8\xe1\x9d[\x158X|Z\xfa\xe8\x0d]\xd9\x0b\x01\
\xf6s\x03\xc0\xd0\xad\xdb\x99\xd2\x98\xe2>\x06Y\xa4\x04\
@\xc5Wc\xcc\x14\xd0\xcd\x1f\xd1\xfd\xd4Y\xb3\xe5\xff\
\xde\xf9@\xfe\xfcg\x0aJ\x1f\x22\xdd\x93\xa2\xa4=\x22\
ewU\xd9\xe3)M\x0f0\xaf\xcf\x13\xedyL\xfd\
\x07\xa3\xe7\xdf|\x94\xe6\xe8\x15,d\xccE\xc5\x0fF\
\x17l7\x1a\x89\xd4\xebD\xb4\xa9\xe4\xa2\x8e\xc1F\xc2\
\x00H\xff>u\xcf\x8d0\xa8\xad\xe1\xa5\x82k\xc0j\
\x15(\xbc\xf5\x9br\xcc\x115\xb0~\x91q\x0at\x19\
6\xecMy\xe1\xe5W\xe4\x10\xce\xcb\x96E\x0a\x01]\
\xd3-EZ5\x0f.\xd7\xd5\x96\xdf\xb8V|\x1c\x1a\
\xdeY\xb3#\xc0i4w\xe36y{\xfc\x02\x04\x04\
\xa0K\xc5\x7f$\xa0\xba\xee\xe2s\xe5\xea\x8b\xce\x06\x1e\
\x05\xa5.\x8d\x8c\x08\xd8;$\x0b\x97\xae\x94\x07\xa0\x10\
H\x09j\xe7\xb2Z\x87\xd6\xa92\xe2\xf9\xc1\xe2\xe3E\
P\xb1!\x02\x0a\x8do-\xee^\xa6\x93\xa0\xc4\x12\x94\
\xe5p\x13\x98\x97\x8b\x08\xfc\xb3\xcf\xbe\x90W_{C\
\x96,[n\xd67\xfe\xdf\x97\xa0\xc0V1ra\xbb\
x0\xf3\xb9\xc31\xae|\xf6\x95\xce\xf5R\x90\x01\xed\
\x80&@#\xac3\xaeIf\xfc\xc6\xcc\x5c*\xd3W\
m\x80CrH\x83\x80d\xe8jP\xf4\xad\x05\x85\x81\
*\x99\xf5\xab\xd9\xa7}\xbc~:\x9e-2V3\xd7\
o\xd7\x8e\x97%[v\xea@\x04B\x83\xe2\xaa\x01\xa7\
\xc8KO\xdd\x88}\xab\xec\xba\x00.\xe3\xef\xbe\x00\x99\
g{\x02\xda\xdf+\xb7!\x1c\xebG\xc3\xab\xfe{\xe9\
z\x90\x80\xcc\x93]`\xc5:\xe3\xc4\xde\xf2\x0c2\x01\
1\x00\x9d\x15[\xb1\xb3\xbc}^\xab\xf3\xe2/\xf2\xda\
-\xef]\xeb\x81\xfa\x06f\x01\xd6\xab\xca\xe0\x7fs\x81\
$\x06\xab\x989\x0az\xe6E\x9dK\xcd\x07z\x92\xc9\
0\xe8v\xf2\xa5\xd2\xd8\xdb\xc8/;\x8eRx:\xb5\
\xed\x07\xa9\xce\xf1\x90\xf7}\xf1\xed\xf7\xe4_\xa0\xfe}\
\x98\xf6O\x8a\x966\xf0\x02\xf3\x05H4!\xa9&\xa7\
\x09N\x1f\xee\xd9D\x88\xfao\xc2E\xaf\x97i\xd2\x84\
\x15\x01\x1d\x16\xbe/\xce\x9f\x95\x99\xd9\xf2\xc6\xd8y\xb2\
\x9a\xf4\xa30\x98l\xb7:\xb1[\x07\xb9\xf7\xfa\xcb\x01\
\xfe\x03\xb8\xd1\x84\xff\xc5\x1266\x82\xb3\xe6\x0b\xe1%\
\xbf\xf0(H\xae\x1e\x90wF\x8c\x94\xc7\x9e|Fr\
\x91>e\x8bWr\xb8\xbf\xd2\x01S\xaf\x82\x86\xcbv\
\xda\x1c%\x9db&]\x83\x03p\xacW\xe3\xb1\xfb<\
c\xa5\xacy\xcc\x147&\x03\xf5\xd2Y\x1f\x9d\xb6\x16\
\x1c\x1f8\x82\x03\x03\xe4R\xf0O\xdcq\x0d\x98\xfd\x10\
\xe8\xd0\x01P\xa6O\xfc\xbci\xfb\x0ey\xec\xa5\xe12\
~\xeaL+P0\xeb\xb7}\xabd\x19\xf1\xdc#\xda\
F\xc8\xb5\xd9\x14\xda\x1c!q\xa9\xe2\xca2 wQ\
3\x95\x8f:\x0ad\x13\xad\xbf\x12p\xf8\xc6[o\xcb\
\xb07\xdf\x96\x0d\x10\x10\xe2:\xe0r\xe7\xc6\x7fAF\
<\xf8-\xe2\xb4\x05\xbb*,.;\x01\xd6!\x08R\
^\x0f\x82\x98\xb1\xa6\xfeY\xbaZ\x81\x80\xb9(\x110\
 \x08\x05>\xe8\xb13:I\x0a\x146k\x9f\xee\xcb\
\xb1\x9b;u\xf1\x93\xd4Od\xb9\x16\xff\xad\x80\xc6\xca\
'S\x96\x22\xe0\xda\xa4t\xcf\xae\x08\xfaH\x0b\xfc\xe1\
\xb0{\xc4\x1f\xdd_\xc5w\xa8\x15\xbcs\x97q\xf7\x5c\
\x00\xb8Z\xe5=\xd0\x9a\x18P\xbb\xd6\xc5\xcff<\xfb\
\xdb\xc25\xaa\x18H\x04\xfa\xc9=\xbb\xcb\xcd\x03/\x93\
.\xd0\xfb\xf6p7$ \x85n\xbd\xc0\xbe[\xde\xeb\
\xcf;\xb0O\x0e\xae\x98\xa7\xed\x80\xec \xc8\x03\xa1P\
\x81\xda\xb4>\xac|\x93`>\x1d\x06\xc8;P\x9a\xb6\
\xed%\xee]\xfbI\xa3\xe0p58vV\xa2\xa4\xcd\
\xca\xf0\x05\xb8h\xab\xdf\xef\xe3&B2\xf7\x0b\x992\
k\xae\xf8\xba\xa1>\x1e\x17)\xa9\x00\x7fx\x82\x14\xa2\
\xf0]\xb2w\x94u\xffHD\xff\xe4\xfd\xe75\x99\xd7\
\x94\x12\xc9\x946 \xd6\xce\xabiMd\x17\xfe\x07\x8a\
\xcao\xd1\x9eB\xea_r&\xb8\xa1\x04A\xee\xff~\
'\xf6@\x0f\xb6\xd16(<\xfeV>C\x1d*w\
\xd0\xac\xfa7\x8fQ\xcd\xf5Cp\x1e>\xfa\xe4Sy\
p\xf0\xe3\xb2\x13-[|t\xf1!~Z;\xed\x89\
\xf4\xa9\xf3\x1d\x94\xe4\xbc5l\xfe\xa5=\xc4z\xf4w\
L&\xee\xcd\xab\xc1\x02\xf8\xd1\x94E2\x16Z\x14\x8c\
\x82\xfd {MP\xdf\xc3P\xf8sf\x0c%\xcd\xef\
\xfa\x8d\x9b\xe5\x81\xe7\x87\xc9\x8cy\x8b\xcd\xec\xb4\x00\xc4\
\xa7\xf6\xea\x22\xff7\xf8.q\x87\xdd\xe0\xe1\x1d\x16)\
\x81\xcd\xa3uC-\xeb\x9c\xb2\xf1\x00tVW\xacZ\
-o\xbc9\x5c[\x04)\x1f\xcc\x83\xd7\xca6]\x12\
\x5c\xf5M\x8d\x11/Rt\x17x\x1c\xa5\x07\x13\xce/\
g{\x22e\xb7\x97\xec\xcc-\xa0=\xb0h\xe3v\x19\
3k\xb1\xec\x81M\xa49rG\xf9\x8f\xad\x80\x5cG\
\xae\xc8\x22V\x85\xe3Q\xf7g\x91\x13\xaf\x83\x9a\xed\xc2\
\xae\x5cm\xe2L0\xd7\xb6\x15\xb4\xc0\xdf\xcc^)\xdf\
\xcf[\xa5\xda\x17\xbc\xe4v\xad\xe2\xe4M\xe8\x02t\xec\
\x98\x8c,@\xd9h\x81\x0be\x00\xea\xee\xa3\xe4C;\
\x80\xc8\xf8O\x00\x02?\x87\x13\x90\xb5\xff\x100\x01\x89\
\xa0\x9f\x1d(\xa7\xf4\xe9\x01\xf9Y\x82\xf8\x0a.\xaa\xb2\
l\xbc\xc5\x8e\x086-\xca\x0bS\x11\xf0 \xe8\x85\x0f\
m\x00f\x00N\x81\x0b<|%\x08\xb6\x1c\x0eC\xa9\
\x8b\x7f\xc3Ck\x0c\x80[\xd3\x8c\x13\xc55\xbd\xab4\
\xf6\x0b\x01z\xbfd\xf6B\xfb\xb3yo\x8c\x90\xb7\x83\
\x19\xef\xd3oF\xcb\x97\xdf\xff$KW\xaeQD<\
\xe5}\xe3\xc3\x83\xc4\x9dDE\x8e=\xd6\xb8\x8a\xca\xf5\
\x0f\xa2\x9fH\x1f7m\xf9\xb3\xb7\xfd\x12S\x98e\x9e\
\x02\x1cMr\xa5\xbb(E\xe5\xf3\xbf\xcf\x94E\x9b\xb3\
\xe40J\x1b\xbc\xff\xc4\xd8(D\xffW\xe83 \x1a\
;\xbf\xf6\x7f\xf4\x07p\xac|ad\x19\xfd7\xc2k\
9b_~\xfd\x8d<\xf0\xd0#J\xad\xca{\x89B\
\x8a\xeb2\xb0\x98\x9d\x0a\x043\x87\xb4,\x02+e5\
\xd6e\xbe\xe5\x86\x17\xd6\xea\x11\xe0\xac\xdf\x98\x9d\x03g\
t\xa9v\x03\xfc\x87\xb5H\xe7\xff\x94\x9e\x9d\xe5i\xc8\
\x02S\x82\xda\x9e\x13\x5cS\x04\xc9M\x98\xbdL\x9ez\
y\xa8l\x87B \xcb|\x5cCw#k5\xe8\xf2\
\x0b4\x8a\xe2\xa6\x1f\x1a\x0f! _\xff2\xcd\xb9\xc2\
\x03\xc4\xb9z\x10\xe9\xf7\x99s\xe6)\xb0\xf5\xa7\x9f\x7f\
E)\x02\x1a\x22\xf8\x03#\xf0\x840\x7f\xa5\xb9\xee\x95\
\xd0\x5c\xb3s\x15\x9d\xb3\x0c\xe2v#\xf5;\x178\x80\
\xfc]\x1dN\xce\xce\xbd\xf2\xed\xb4\x85\xb2\x1d\x1b\x86\xad\
mpC\xafVr>h\xb5=`\x93\x8e/\x07\xa0\
\xa0\xfd\xb7\x93\xad\x8c\xa0\xf7\x03;AB%\x0f\xe0\x8d\
HfV;\xbb\xe2\xec\xebw\x81\xfa\xe5\x01\xf9m\x11\
i\x81\x97\xcan(a\xf2/1-B\xe5\xc1;\x07\
\xc8uW\x9e\x01\x07\xe0P\x99\xe6\x92\xcb\x84{\xfa\xd7\
\xf99`G\x81\xac\xdd\xef\xdd\xff\x9f\x96\x02\xc6\x81\x0d\
\xec0Vst\xf3f2\xf8\xb6\x1b!\x96p\x8a\xf8\
\x90\x0d\xcfJE\x1b\x87\xbf\x92\x99\x0f:\x01\x90\x17>\
\xb4q\x15\x08\x85&\xc9At\x0f\xe4e\xc3\xc3\xc7B\
\xcc\xcb#\x0b>*\xecH\xf7\x0b\x84\x84\x9a\xc2\x88\xb8\
\xa5\xf7\x90F\xcd[J#\xa2\x8b\x9div5\x22(\
HK\xaa\x0fE\xf1\x08\xc4\x0b4\x96EK\x96\xcb+\
#?\x94?\xc6OR\xc9\xdc((\xe4\xb1\xd5/\x1a\
@\xa2\xa2H=\xf8~\xca\xfcFa\xf3'\xf8\xcf.\
OT\x06\xf0gj\xf5\xf9\x90;~\x86+\x16\xcb_\
(\xbf\xbc\xf7\xef\x22P\x91\xc2!\x00\x98\x91u\xfb\xfe\
\xa0`\xbd\xb2\xff\x99\x12\x1e\x1a\x5cr~\x09\xe7s\xf5\
\xf2\x11\x7f09z\xfa\x05)\x1f\x01;\x08\xc6\xfc\xf8\
\xb3<\xfc\xf0`\xad\x9dr\x0c\xc8^6\x00T\xa6\xe7\
\xb4\x8e\xd5\x0c@\x83\x03P\xab\xf7\xe2\x1a\xbb\xb8m{\
r\xe5\xbb9+\x11\x1d\xad\x80QG+ \xd2\xeb=\
:\xb6E[\xdfmZ\x0ep\xe0}0\x95\x9b\x92\xde\
;\xa0\x85\xbc1\xfc\x1d\xf9\xbf\xd7^\xd7\xf5JG\xf5\
Y\xb4\x00\xf6\xef{\x82v\xc6\x04D\xc6\x83\x01\xb0y\
\xc5\x88st\xbd\x98\x88\x92$A\xe3\xc6O\x90\x17\xff\
\xef\x15\x19?\x01eC\xces\xfc\xc7N\x9d\x8cHt\
\x06tI\xd2\x0e\x81CN@\xc5\xf2\x0c\x22\xaf\x9c\xfd\
\xfe\xb3\xb7\xe7 \x22\xb4\xf0?8\x7f\x16\x10\xe3_O\
](\x1bv\x82\xf3D\xe5\x8dE\xce\xcbh)\xd7\x02\
P\xebGN\x8d:o\xfd\xcb6Jz\x9bx\x1c\x85\
\xf5\xe2(\x9c\xc4\x16\xca\xf5\xbb\x0f\xaaly\x80;\xf5\
Q<\xd4\xae\x95\xb7\xdb\xa8lWR5\xaf\xe2|\xfa\
g\xc5Fy\xe7\x9f\x05\xc8\x06\x80\xff\x017\xe6\x0f\x1b\
y\xe9\xf9}\xe4\xd5gn*@\xfcV\xd2'\xd6\x0b\
\x07\xc0\xf9\x06\xd7a\xa2\x8f\x98\xb4XVA\x13;\x1b\
i\xaf\x83\x98\xf4A@\xa0_z\xeeY\xe0\xa2?\x13\
\xacI\xd1\x96v\xb2\x15\xa5W\x85\x13\x80\x9a5\xc5\x85\
\x8e\xa0u\xf0\xc8v(\x0d\x223\x90\xe7\x020\x0e\x80\
o.\x01h\xf7\x09\x89PN\x81\xc6HsC[\xb4\
\xc0\xf3\xb0\xca:\x0e\x1c\x82i#\xb2Z\x0b\xf1\xc7\xed\
P0\xe3\xa6\xff\xf9\xe812}\xce|U L@\
\xc4\xdf>\xb6\xb9D\xc2\x09\xb0[\xfd\x1c\xad\x86t&\
0u\xfdQ\x1ah\x8e\xb4?I\x7f\x08{\x22\xb8\xd0\
\xb9\xe6a\x7fne\xa6#\x87\x8e\xbd\xd7\xaf\xfe=\x17\
@\xcc\xedr\xb8\x11\x22\x0a\x184o(4\xb2\xf6\xdf\
\x1b\xd4\xbf$c))\xe3\xe0\x82\x85\xe6\x13\xdcL\xfc\
@\xba\xd4\x045VEKC\xe8\xe97\xc8\xac>\xf6\
\xe8\xa32k\xce\x5c\xfd]\xa8\x8f\x07j\xa6qr!\
\xea\xa6\xbc\xd7|\xe7\xad\xf8Ti\xa5\x1d\xbc\xca\x0cN\
\xc3{kd\x04\xb2\xd0\xfe\xf7\xd3\x825\xf2\xe5\x8ce\
\xa0\xc3\x85\xce\x07\xca^\x04\xf5=\x07\x07 6\xb2\x99\
a<\xb5\xf0/t<\x03\xa3Sd\xe3\x96-\xc86\
=*\x13&N\x96`\xd8\x8a\x8f\xdf~E\x12\xe3b\
\xa5\xa9\xbb\x97\xb8\x01\xa3\xc3,@Y\xf0=E\xdd\xb0\
\xceN:\x01\xf8\xbe\x1f\x99\xb2\x9f\x7f\xf9UA\x81\xd3\
f\xceR\x92,\xcemO\x94\xcb\xba\x82\xa6\xf7R(\
^&\xa0\xcb\xa5\xe2G\x9e\xcc\xdb\xbe\x0fB1\xa6\xde\
\xcf\xed>\x17\x91\xe0(8\x00+\xb7\xa2\x13\x80\x1d\x02\
X\xb3\x9dc\xc3\xe5\xde\x933$\x0c\xe5\x91\xe3c\xff\
?\xdaF\xd8\xa1_.\x9c\xa6\x8d\xd8\xfc\xb7\x90E\xd1\
\x0ah\x9ai\xc9\x14v\xab\xb2{C\xc5\x1fd\xa9\xef\
dvj.\xca;\xef\x02\xefB\x81<\x1eM\x91\xd1\
9\xb1Gk\xf9t\xf8\xfd\x12\xe8\xefc\x95\xa0K>\
U\xbdq\x004M\x8e\x9c\xf7\x9fK\xd6\xc9\xe89\xab\
d\x17\xbc\xba0\xa8\xc81\x0aX\xb5=[<\x80\xe0\
e{\xcf\x85g\xf5E\x9fo7\x8d\x06\xd4\x0b\xb7\x95\
\xe9\xec\x94}\xa9C_\xc4\x0b\xb8i\xb3s\x80\xcc\x80\
\xe0\x13 W\x80V\xd8\x99R\x04\xb9\x8f *f\x8f\
\xbbNC\xc7\xa4:zR\xda|\xfbL\x83\xb3Mi\
\xf2\x8cY2\xfa\xd7?\xe5\xef\x89S\xd4HQ\x14\x87\
\xfd\xfd\x09\xe1\xc1\xe2\x07\xb9Q\xa6\x10\xad^\x06\xbd(\
\xa3\x04\x96'\x01\xd8\xfc\x9by7\xd5\xcd\xdf4\xf9\x15\
\xac\xf7\x97\x0az,m\x0c\xd8]\xa0\xd8\x05\x91\xe9k\
\xb7\xcakp\x002\xf7\x02\x08\x89\xcd\x9c\xf6\xf5\x84\xae\
\x1d\xa0\xa6v\xa9\xc4FE\x14@\x1a;\x7f\xae\xb9{\
<3Wd(\x9a\xc5\x88/X\x10i\xacm\x07`\
\xdc?\x93\xe5\xc9'\x1e\x07\xaf:\x94\x1f\xf1\xe2 \x94\
;\xcei\x1d\xa3e\x00f<\x1a\x1c\x80\xd2\x1e\xd2\xf1\
\x80K\xfd\x7f\x00\x00 \x00IDAT\xf9\xf7\xdd\xa0\
\xa2\xfe}\xf1:\xf9\x14l\x80\xa4\xa5\xe6,k\x85\xf6\
\xe0\xe7\x1e\xb8U\xd2\x12Z*8\xd5v \xdd\xb1\xb9\
\x07\xb7LA\xc6\xa9\xb1,Y\xbaLf\xa2\xab&,\
<\x5cN\xec\xd5\xdd\x94\xad`O\xc8\xcba\x1c\xd8\xe2\
\x1d\xcd\x92F\xda1\xe7-' 3;KF\x8d\xfa\
V\xdez{\x04\xb2z\x86.\x98\xe7fg@7\x90\
]]\x8c,Wl\x90_\xe9\xc0\xe4\x22>\x94%?\
v\x02l\xcd!\x9b\xa9\x09$\x0e\xa1\xbf\xf1\xfb\x19\x8b\
e\xfe\xba\xad\x9a\x85\xe0\xad\xb4\x0c\xf6S  \xbf\x1f\
\x8f\x87\x96\x8b9\x16\x96=\xde\x00\xdb\xb59\x07\xc8y\
\xcbRz+S\xaa\x9bx\x838\xa9\xb6\x1e\x9c\x91k\
2w\x03\xef\xb2X\xcb\xde\xb4\xc5\x9c\xd7\x94\x07\x1e1\
\xf4Ni\x0b<\x00\xcb\xd1\xa5\x1du\xde\x01pD\xbe\
\xba\x09\xe7iJd\xfa\xbam\xca\x04\xc6~\xf88D\
\xcb\x0b\xa1\x0e6\x15\xf4\xb2\x5c\x16!\x81\x81\x10M\xc8\
\x80Fx?\xe9\xd6\xb9\xbd\xf8\xf9\xfa*\x22\xf80\x1b\
\x81\xad\xa4O\x85\xd2\xe4vAI%\x82\xf3aj.\
\xe8C\xd0\xf6\xb7\x12L\x08?\x9f\x9b_#\x00\x81r\
AM:s\xdeB\xa8\x95\xfd$\x13\x80N\xde\x00\x95\
\xb1\xdc\xdc\xfd\x92\xdc<H\xba\xc4\xb7\x900\x00\x87\x5c\
Q\xcf\xe7\xd6nL\x92\xf1eM]\x1c\xe8b\x0fl\
\xfe^MP\xf37\x82>\xb6\x9co\xa57}|\xc6\
aFNjW\xf0\xd90\x5c\x07\xf1\xf5\x16\xca-\xbf\
A\x99\x91\x0b\x8a\x0e\x8f\x07\x80\x88\x8f\xdcv\xad\xf4;\
\xa9\xa7\x0a\xff\x94\x94b\xd4\x9a\xa4;\xa20\xa4\xff}\
\x03\x83\xf2\xcb \xc8$L\x99>C\x9e~\xea)\xf9\
\xf5\xf7?u\xe4\xfc@\x5cr:hT\xa9\x07`h\
Lm\x1f\xbe\xf8I\xde\x90\x01(m\xf9\xd7\xfd\xbf\xdb\
O\xdf\x9e\x0d{Q\xd7gG\x10\x05SH\x06\xc4\x16\
\xbb\xd4\x84X\xc5\x00th\x9d\x82\xa8\xdb8\x00\xec\x06\
\xf0\x00\xe04(&Y\x1ac>\xfd\x87\xb2U.\xea\
\xaad\xffc\xd6\xaa\xc0\xdc\xb1J_\xf6\x1a\xd6\x8d\xa3\
\xd8\xa1s\x9e\x8f\xces\xd4\xfc\xccN\x84\x8dX\xd3\xef\
\xbd\xff\x81\xbc3\xf2}U'\xb4;\x19\x82\xe0\xe0\x9f\
\x92\x12\x0dL@\x9c\x04\x22\x8bV\xde\x08\x94\x1d\x8e\xeb\
\x91\x0e^\xb3\xcb8>\xb6]\xf8}\xfe\x0a\xf9w\xf9\
:u\x00\xb8\x1e}\xd1\x0a<\xe4\xac\xae\xd2:2\xb8\
L\xa5\xb4\xba?K\xf2\xef\x80vp\xde\xc6L\xf9e\
\xe1ZcS\xd2\xa2\xa1\x14\xe9*\xabw\x03$Ik\
\x8a\xf1q\x85!m\xe6\xe5*\x11\xbe\xae\x85J\xb3\x95\
,\x19W\xe1@rJf\xee\xdd\x0f=\x9c\xe5\x0a|\
7\xf35\x0f\x1dW\xc1r\xdf\xad\xfde\xd0\xc0~*\
\x0b]\xdaQ\xe7\x1d\x00\xdb3gMx\xf3\xae=\xf2\
\xca_s\xf1}\xaf\xd6\xd2z\xa5\xb6\x94\xa4\xe6!*\
\xd4\xb1j\xdbNY\xb8~\x8b\xac\x81\x9a\xd2a\x0cL\
\xf3\xf00i\x97\x96\x22=2\xd2\xd1\xf6\x93*1\xb1\
\xe0\xfa\xf6\xf35\xd1\x81\xd3\xc6Z\xf4\x00V,\x1a\xb0\
\xcf\xe5\xa8C\xb2%\x09\x9b`vN\x8e\xb6\x08M\x9d\
\xb3@&M\x9b)\xf3\x16/\x91\x0d[\xb6\xca\x7f(\
-\xd0(\xa4G\x86K\x0a\xfa\xe0\x03@\xf9X\x98\xd7\
_\xe3\x13\x5c\xb0\x1b\x1c\x88@\xf0\xfc\xd2\x01\xf0\xc0\xcf\
F\xce\xb7\xe4\x09k;O%M\x12\xe7\x16e\xde\xb5\
MSL\xa7f#\xc4W\x86\xfe=GV\x83\xf9\x8f\
\xc2?h\xb3\x96\xd4\xf8hy\xf2\xee\x9b$>\xa6E\
)\x9f\x8f\xcd\xbf\x09\xf4\x08P\x1e\xf1\x0dm&\xae\xae\
\x96\x08\x12K\x000\xc2s\xe6.\x90g\x9f}N\xbe\
\x81\xbc*\x0f/d5NJj!7\xf6HWJ\
S\xc7\xbd\x95\xf2(J\x1b\x83\xd2\x16H\xc3\xdf\xeb\xd6\
\x08\xe4\xc0\x01\x18\xbb|#\xc4\xc2\x16)c\x1a\x83\xa0\
\xe4\xb8\x18y\xe2\xee\x1b\xa5{\xfb\xd6 \xa72\xe0(\
:\x00\xc4\x9c\xd0\x01\xa0\xf3}\xac\xe6\x09\xd7>Iy\
V\xacX)o\xbf3B>\xf9\xfcK\xc9\xde\x95\xad\
\xce<\xdb\xf7\xd8\x19@\xd1\xa0\xb3\xa1~\xe9\x06\xec\x8f\
:\xd0eLEs\xb5\xef\x00\x87\xc62P\x02\xdbt\
d\xbc\xaf\xc9\xcb\xd6\xc9\x9f\x0bVh9\xc0\x80\x0f]\
\xe4Qd\x00z\xc6G\xa8\x86<?\xc2n\xa6T\xa7\
\xc1\xe1>\xd4\xadg_\xda\xd5r|\xf6\x01\x90\xf9\xfd\
\xdcU\xf2)\x08\xcb\x98U$\xae\xa8s\xcb\x08Y\x85\
\x16JTN\xd4\xf63\x90\x22YZK\x7f\xd8'<\
\x03\xfe\xb2\xb6a%\xf8\x5cs\xd9\x11\x86\xe0\xeb\x8d\xb1\
s5\xd3\xcd#\x008\x80\x8b\xce\xed-C\x06_-\
\x01h\xf9t\x94\x93\x89%+b\x1e\xd5\x03\x07\xc0<\
v\x826\x98\xfa\xfbd\xeaR\x1d\x18F\xa3\xa7\x83\x1e\
QAr\x8c\xae\xd9+\x99w\x08\xe2A\xd92{\xdd\
vY\x8e>J\xf2\xd5\xfby{I\x5c\x8bf\xd2\xa9\
]\x86\xf4F\xeb`[8\x05A\xfe\xa6\x0eg\xa7\xe7\
\xec(\xdb\x8c\x9f\xedY[b\x1e\x05\xf6X;\xb1m\
/#k59f&\x0d\x0f\xde\x00\xe3s\x18\x11\xc7\
\x9aM[d\xea\xcc\xd92\x0d\x08an\xfak7l\
\x96,\x00\xfc\x1aa\xf9\x86\xf9zI,\xf4\x9dc\xf0\
\x15\x8a\x87J\xc4\xae\x09DX\xea0\xc4>~\xd8\x14\
=\xd1\xe4\xdf\x04\x7f`\x8b\x9f;\xc6\x80\x0b\xbap\xca\
\xbf\xb4\x85Q\xde\xbf\xf3.\xf1\xf1\xf2\x17\xd8\xa8\xe8}\
\xee\x02\xf0R\x00\xa8\xa2\xa3u\xd5\x05\xfd\xe4\xb2s\xfa\
\x8a/\xc65?\x16\xb2S\xa8\xf6'\x99\xf4\xa4\x0f\xe8\
\x8f}\xc3\xd1\x19At\xb6\xd3E\x90\x12\x99\xe0\xbf\x97\
^zE>\x01\x91\x0ay\x0f\xdc\xf1\x81=\x90\x22\xbd\
\xb9wk\xa1v\x85>\x09f\x22JY\x99\xc7\xca\xb0\
\x97w\x0c\x1b^_\x1d#\x00d?0)\xe3\xe1\x00\
\xbc\x0f\xb5P\x02\x029?\x12[F\xc9c\x90\xf7\xed\
\x83\x8c\xdf~\x8b$\x85\x12\xdc^ \x9e\x0a\x8a>\xb6\
\x0e\x80m\x19\xd8\x19\xb0p\xd1\x12\x19\xf1\xfe\xfb\xf2\xf5\
\xa8o$sg\xb6\xee2\xa4u\x8dCj\xbe?H\
\x82NNn\xa1\x0e\x7fy6\xe4\xbd\xc8p,\xda\x91\
\xab\x8a\xa9\xd4#!\x7f\xd9\x82\xf5\xdb\xe4\xbb\xe9\x8b\x80\
\x898h\x0c\x12\xfew\xdb\x09mT\xa1\xd0\x93\xed\x87\
\xa5g\x8a\xab\xe3a\xd5\xc89\x99\x05!F\xe4=\x90\
\x961S\xcb\xac\xe2E\x1d\x92d\xfb\x81#\xb0c\xa4\
/\xc3\xf0\xe0\xff\x5ca\xdf\x22\x80\xa1\x8a\x00\x16\xa0v\
v\x04\x98\xe1\x9b\x81l\xf7\xab\xa0__\x0f\x1av\xee\
M^\x9e\xaerB\x8f\xb6\xf2\xc2\x93\xd7K\x02xa\
t\xbf)\xe1\xf9\xd6\x1b\x07\x80\xf79\x0c\x9e\xd0$\x08\
$\x90\xf2\xd3\x13\xe9\x9d\xb33\x92\xb1y\x82\xcc\x03\x03\
\xe3\xeb\xd6H\xa2\xf10\xd9\x96G\xd5\xb05\xe8\x17\x9e\
\xb9~\xab\xcc\x04a\xc8\xce}\x07\xc5\x07Z\x02\x91\x11\
\xcd\x90\x0dH\x93\xd3\xfb\xf4\x94.\xed\xdbJp0\xa8\
?\x99F\xc1\x06t\x04_Z\x9f\xe6\x7fZn\xd0\x1d\
\xc8i\xe3*\x94\x8c\xd4}\x9e\x91\x05\x16!\x171/\
\x10\x0b\x90\xb5\xfd%k\xd7\xc9\xafc\xff\x91I\xd8\xfc\
\xa9y\xcf4 U\xc9\x82}\xdc!\xdd\x1b(10\
\x00\xc1\x00\xe8x\xa3.Hb\x1f;\xeaW\xc0\x106\
\xfc \xa4\xf0\xfc\xdd\x9b`SD)\x00\xa7U\xaf\x95\
_\x0e\x0f\xaf\xeaSU\xce[\xb8\xc9\x0a\xe4\xc9\xeb\xe3\
\xe6\xca\xd4\xd5[\xe5\x10\xc1\x7f\xb8\x960\x00\xa8\x06\xa3\
\xdf\xbaUj\x22\x1c\x12\xe7\xfaY!\x07\x80\xce\x98\xb7\
\xaf\x04D\xa0\x15\x09i\xd8\xa26\xe9\xd5k\xd7\xca\xb0\
\xd7\x87k\x9at\xff\xfe\xfd\x1a\xb5t\x04\x09\xd0\xad}\
Z\x81\xc5\xccW\x9d\x0dGi\xb6\x04S\xd2\xe0\x00\xd4\
\x88\x9d\xad\xb1\x0f\xa5\x03@t4iR\xb7\xc2\x01\xe0\
<e6j0\xf4(N\xee\xdeI\x81x\x5c\x935\
\xe1\x008[\x08\xfe|\x00\xf6`\xe6\xec\xd9\xf2&\xba\
\x10\xd8\xf5\x92\xbb\x0f\x0e\x0b\xfec\x89+%<@.\
\x81z \x01{\xb6\xb3[\xfa\xa0\xa2\xdb\x00\xd9\x85\x05\
\xdbs%\xd7\xaeqc\xdd\xac\xdf\x91\x0dJ\xe0\xb9`\
\xd8\x04\xb3)N\xc2\xac\xc8%\xa0\x22\xbe\x14_\xfe(\
5\xd4\x7f\x07 \xdf\x85\xe2\xfdOY\xbdE\x05\xa3V\
!\x1b\x9c\x11\xc5\x0e\x8cT\x04\x82\xde\xb2\x01$J\xb6\
\x09e\x81\x95\x1c+\x09\x01\xeejgk\xe3\x18qs\
_\x9b\x09\xd0;\x04\xd8\xc6C\x18\x8f\x0f\xb7)\xca\xc3\
\xadS\xe3\xa0\x0b0PN\xe8\xd6\xda\x9a2\xc5\xef\x07\
\xf5\xc2\x01\xe0C#\xfa\xf7\xc9\x9f\xa6\xc9Fh\x03P\
\xda8\xdc\xcfG\xfae$i\xda\x9c\x9b\x05S\xe31\
\xe0\xc1\xf7@$\xc9\xe9\xc0\xee\x00\xf6R\xaeG\xdf\xf0\
,xQ3\xf1\xb5!\x1b\xacsHE7\x0b\x0bE\
\xdd0^2\xd2S &\x12'\x91\x00\x06\x05\xa0<\
\xe0\x8e\xda`\x13\xf6\xf3\xe3\x8b\xfc\xe06\xf0B\xb7C\
|\x06\xfbI\x8f\xc0\xf3>\x8c\xc5w\x18\x08\xe4\x83H\
\xe1\xe7`Qgfe\xcb\xd6\xed\xdbd\xf1\xfcy\xb2\
l\xdd&Y\xb1q\xab\xacC\xf4\xbf{\xcf\x1e\xdd\xd8\
\xc2\xe1\xa4$\x02\xab\x10\x85l\x05\x17\xa4n\xfa*2\
d\xe9\x85\xe3\xbb\x07<\xf9\x00\xb4\xf5\x05`\xe3\xf7\xc6\
\xdf\xf3Y\xbc\x1c\xc9>\x07\x1e\xa0tCa\xbf\xa2p\
\x05\xb5\xf4wj\x0a\x11c\xb8\x02\x99\x94W\xfe\x9c\x05\
.j\x18\x15\x0fo\xf4\xd0\x1e\x91\x93\xc0\xfcw\xf3\x15\
\x17A{\xdd\xd4\xf3\x8b;\xe8\x10\xf9\x861\xf5\x8f\x08\
\x87\xa9\x7f\x93\xe74/\xb7|\x85M\x9b\xb7\xc8;\xef\
\xbd/\xc3\xde\x18.\xbbw\xef\xd6\xd7\xb4\x8a\x08\x82\x03\
\xd0\x1a\xc61Pk\xa9eI\x8d68\x00\xa5?\xd3\
\xfa\xf4\x8a\x5c8\x00\x13\xc0\x8e\xf6>\x1c\x80-\xbb\xd1\
\x13o9\x00\x0f\xddr\x8d\x9c\xda\xbd3\xb0A\x86&\
\x95\x0e\x00\xa9\xa7\x83!\xf2C\x09\xf1\x9a\x98'\x9c\xf6\
9`\xba\xfck\xecXy\xe5\xd5a2i\xf2T\xe3\
\xd8\xe2\x9a\xa9\xd6\xd7\x09\x80\xdf\xcb\xd1\x19\xd0\x12$X\
\xf9h\x9f\x92\x9f\x16{\xd9\x17g\xee\x03#\xaaI\x09\
s\x1d\xeeDp1\xf2\xef\x19\xf8\xce\xf10Y3f\
\x17n\xec\x99.\xe1\xc84\x1eG\x09\x00-\xb3\xb0C\
\x8c\xe09\xb6/7\x87\xed=\x1f\x9dE\xe4S!\x93\
\xa2\x81&\x1b3\xc4,'\x09\xd4\x22\xa0\x9c\x9ao\x9c\
j\xcfj\xa1\x89\xdd\x8d=\xec\xc7yk\xe4\x03`^\
H\xc7\xce+\x8f\x82\x04\xfc\x03\xb7_(\xd7]\x05\xb2\
9\x05~:wM\x15\xbc\xfez\xe1\x00\x90\xe0n\xce\
\xfa\x1d\xf2\x22\xc8hr\xd1\xeaBU\xb0\xb8\xb0 9\
\xad5zxA\x00\xc4EE`\x1c\x85pX+\xb7\
\x0f\x0e \xdb\x82v\x01-LD\xe5\xfcM\x99\x00\x0c\
\xee\x94\xb5H\xa7\xecC\x16\xc1\x0b\x5c\xe0\x81~~\x12\
\xe0\xef'\xfe\x00\x0bz{y\xea\xef\xbc\xf0\xdd\x0d\x1b\
W\x13x\x86\x06%,\xc0\x1c\x1c\xc6\xd7!9\x08\xaf\
\x9e\x9b~\xce\xbe\x1c\xd9\x87h?\x07\x8b\x8e\xcac\xfc\
\x9e\x95\xb5S\xf6Z^87\xfa\x08\xc8\x83F\x05\xf9\
K8\xea~\x81\xa8\xd7\xd0\xf37im\x9a\x00\xa8<\
\xe1g\xa6\xfa\x89\xe6gO\xbf'\xbe\xbb9\x90\xff\x06\
\xf5\x9f?]\xcd\x06Z8\xd9^\xd2t5\x8dB|\
O\xe9`\x11\xfb<j,P\xffg\x0d\x8d\xe0?0\
\x8cK#\x0fOM]\xdez\xe5\x85 ]\xe9\xaa\xe3\
T\xec\x81\x0bt\xf7\xc2x6\x8bV\xd6\xbf\x22U(\
1\x00\xdb3\xb3\xe4C\xc8\xa9\xbe2\xf4U\xd9\xbam\
\x9bI\xe5\x824eP\xcf4U\x06\xa4\x0a\x96\x19\xab\
\x92\xef\xb8&\x0c{\xed1\x11\xc7\xdf\x95\xe4\x22\xb5n\
g\x00\xb6\x80\xfc\x86\x073\x00t\x00N\x81\x03p\xc0\
\xe1\x00\xc0\xa9\x06\x06 D1\x005\xe3\x00\xf0\xda\xb8\
\x9evd\xee\x94\xd1\xdf}'\xafA\xffb\xd1Rj\
\x060{\xe8\x82R\x97\x87\x9c\x92\x1c)\x03\xda\xc7\x03\
\x0b\xc4@\xc6\xf6y\x8bw\xae\x95&6+\x17l\xa8\
\xa8\xf7[\xf6\x80\x00\xdd\xf7\xc7\xcd\x04)\x10\xda\x93\xd5\
\xb6\xe4I\x1b`\x8a\xee>)\x03\xd9F\xe0\x9eJ\x80\
4\xd6\xb7\x19D\x87h\x17l\xf0(\xf0D\xb0|\xc9\
\xec*\xb1\x10\x17\x82=/\x1b\x95L\x92G\xd9\xa3\xcb\
\xef>\xa8\x05$\x05\xd26\xd7\xce,\x00\x83N\xee}\
o\x8e\x9f\xafA\x19\xedd\x10t\x1e.\x1fp\xb2<\
\xfb\xd85({\x9bLtqG\xbdp\x00\x98]\xff\
\x16\xad\x7f\x9faS\xe2\x96\xc6\xe8>\xbdE\x98\x12\xe5\
x\x01\xe1\xc9N\x9b\x16>M\x81\xeatCm\xc7d\
\x00\x9c\x0f>hn(\xbb\xc0\xa8\xb4}\xcf>\xc8\xda\
\xee\x95Up\x08\xd6\xe2\x8bQ\xc4.F\xf3\xca\xf0\x87\
\x0d\x1f\xc6\x82\x9b\x1d=IF\x11\xf6d\xa1\x93A@\
\x1f\x91\xed\xa4\xb25e\x82\xc3\x8a(e\x0a\xc9\x0b\xc0\
5w\x5c\x8b7\x90\xf1\xac\xef\x07a\x93\xf4\xf3B\xab\
\x09\x98\xca\x88\xea\xb7\xb2\xea\xba\xa5s\x89j\xaa\x1f\xa0\
>\x7f\xbc\xcf\x03\x7f\xa7\xb0\x07}\x0d\x9b\xc8\xa2`]\
\xb0\xa2)\x7fk$\x1c{h\xc9\xe7\xe1-q.\xad\
\x83\x83\xf4\xf2\x1f\x10_\x02\xc8\x8am\x8el\xa0I\x88\
m!\x0f\xde4P\x12b\xd0\xcf\xaf(\xfd\xa3\x0f\x05\
_a\xfc|\xc0\xf9\xcf\xde\xff&h\x01,\xd2\xf6`\
\x0c\xb3v\xef\x95/G\x8d\x06\x0e\xe0%Y\xbbn\xbd\
\x8emth\x80\x5c\xdd\xb3\x95\x9c\x1a\x1f\x0e\xae\xa5|\
\xaa\xcb\x92p\x00\x0d\x0e@}3\xe1%\xdf\x8ff\x00\
V \x03\x00\x10 \x1d\x00\xce\xd9\x04\xb0R\x0e\xbe\xed\
\x1ad\xa8:\xa9B\xa5\xc9\x00\xc0\x01\xf0\x09\x94`\xa8\
\xfc\xb1\x0b\xa0\xa6\xe6\x09W\xe0\x11\xd8\x16f\xbcH\x15\
\xfc\xd6\xf0\xb7e\xed\xfa\x0dz\x93\xc4.5\x87\xad8\
\xb3u\xb4\xf4o\x1b\xaf\xfc%\xce\xc9\xb2\xa2F\x82V\
j\x1d\x10\xed\x1b\xf7\x92c\xc0x\x18\xf4\x91\xbf\xfaw\
\xbe,\xdc\xb0\xcd\xc2\x06\x882k\xdewJ;\x88k\
\x05j6\xf3x:h\xab\xffZ\xbaN\xde\x86lt\
&2\xc7\xc9a\x01\xd2\xbfC\xb2fy\x19@\x1a+\
h,,\x09T\xe3\x01\x06\x0cB9\xb66fJx\
\xad\x1b\x00\xc6\xfe|\xfaRP\xe1\xafU\xf0\xbb\x07\xf6\
\x95\xd3O\xec\x80v\xc0;\xc4\x17\xfbMIs\xbb^\
8\x00\x8c\xe2\xdf\x9e0_S:L|1=\xdc!\
.Bz$E\x8b'\xd2\xf5L\x8b\xc5\xa0\xaf\xb39\
Z;\x98:/\xe9Arr\x10(B\xc4\xec^\xd4\
\x0bw\x01U\xcb\xaf=\xf8w\x0e\x1c\x89\xdc#\x8d\xe5\
\xa04A\xdd\x1b@>\xac,\xb2kQFX\xd0\xfb\
/\xa0\x02\xa6$/\xc5=|0a(\xc9\xeb\x85\xa8\
\x9d?S\x9ex\x13\xbcr`\xdfU\xde\x96`\xbd\xc2\
\x0c~*\xdc\x83\x0d6\x10\xb5\xa7\x10\xe4\xfc\xd9\x8f\xda\
\x14\x86\xeahP_\xf9S\xf7\xf6\x027<~\x16\x80\
\xd1\xb1\xfbjX`\x22\xeab,\x81\xad\xbb\xc0&\xc7\
\xd1sW*\xd7\x02\xc7\xdd\x05\x00\xbe\xbd\xc8x\x5c}\
\xd19r\xf9yg\x88\xbf%\xa0\x92\x7f\x9a\xfc\x08\x9d\
L\x8d\x1e\xbe\x81\x86\xf3\xdf\xc7\xaf\xd8\x89\xc9\x0d=\x07\
8\x8d\xef~\xf8Y\x9e}\xee9\xed\xd1\xe6\x056\x0b\
\x09\x92\xcbz\xb5\x93\x0b\x92B\xe5\x003)V\x99\xa1\
\xc1\x018\x9e\xccw\xc9\xf7Z\x10\x04\x08\xa9Tf\x8e\
,\x10`o\x80\x00\x9d\x1d\x00\xce\xc1\x90\xd8T8\x00\
\x04\xd8V\xd4\x89\xae\xfc\xd8s\xcd\xd1\x8e\xacX\xb5J\
F\x8ex\x0f:\x18\x9fI\xd6.t\xd6`\xbd\xd0\xf1\
\x8f\xc6fM\xba\xe0SS\xa2\x1c\xa0@\xc7z\xc6e\
\x9b\xa0\xc0\x0e\x09\xf2\xc0\x03\xf0\x9f\xacF:\x1b{\x81\
\xfe\x96e\xc6? \x084q\xe9Z\xd85Cx\x13\
\x8c\x8c\xe3]'\xb5\x95\xce1a\x86\x18\xed8:\x1a\
c<fCMo8\xf6\x8cE \xd1\x09\xc1X\x9c\
\x94\x12#\x1d\xd1f\x0d,\xa09\x14c\x84&n\xd8\
c\xee\x1b-\x10<2\xdb[\x1a\xe8\xb8&\x86\x91\x84\
w\xbf-Z\xabR\xec$\xbfj\x82\xfd\xa7+\x1c\x9a\
\xcf\x86\xdf\x87n7\xa8\xa7\x96\xc0\x07Pw\x1d\x00k\
_\xe1\xb7\x1cp_\xbe\xf8\xc7L\x99\xbbi\x87nJ\
\xf4\xa8{\xa6\xc4J\xa7\x96\x10\xbc\xd0\xc9\x9d'q\xf0\
\xe2B\x81\x90,\x13\x85,}?.,kY\xf1\x9c\
\x870!\xd4\xb9@\x16\xe0\x882\xde5\x91#\x16\x0a\
=\x8f\x00\xc1C@\xd8BB\xd8\x05\x8b\x96\x13\xcc\x0d\
^ucD\xbb\x04\xe9\xf1\xdftB\x96\x225\x97\x05\
\xb9N\xd5\x0a\xb0\x16\xaci;$%(\xd3\xfd\xa8\xf1\
#\xd5O\x16?\x0fd\x00Lj\x9e3\xd2\xc2\x02T\
R64\x9f\x9f\xc0\x9e\xa6\xceF/\xbf\x11\xa8`R\
\xdd\xce\x12\x98\xdfn\xde\xb5O\x17\xceJ\x00\x8b\xf20\
\x0e\x87q\x8f~\xd8\xf4\x9f\xba\xe7&i\x9b\x92\xa8\xf7\
\x5c\xb06\x9f\x7f6J\x183\xf5\xef\x0d\x11$\x1a\xdd\
\x82 \xca\xfc\xa5\xa3D\x1d0T\xbf\xff5V\x86\x0c\
yVf\x80\xa0\x85\x9f\x1d\xe0\x1f \xe7v\xcf\x90\x1b\
\xdaE\xcb\x81=\xbb\x1c\xda\xec\x0d\x0e@M\x98\x9d\xda\
\xf9\x9990\x80\xd4J\xff\x10\xd4\xd4\xcem\x80O\xaa\
,u\x1b\xe0r\xac\x0c\x00\xd6\x9d\xbb\x8f/\x88\x80\xd2\
\x90\xb1\xaaY\x07\xc0l\xdfy\xb2\x1f\xe5\xc3\x19`\x08\
$S\xe0O\xbf\xfe\x8ek\x85M\xc1Z`\xfa9\xa5\
Y \xc0j)\xa0\x0d\x06\xb5\xb6SM7?\x13h\
\xa4\xbf\xf9\xb7l\xe8\xa0,\x83\xada:\x9b\x7fg\xb0\
1g\xcd\x16H\x03C\x14\x08YN\xda6o(\x88\
\xde\xd8=MNDk-\xc1\xc6\xc7\xd3A{L\x1c\
\x00\xb3D\x04\xcf\xb9#\xcc\xcf\x00\xc0\xf8\xf4\xd6\x09\xd8\
<\x9d\xc6\x02\xe3D\x0b\xcc\xf2k|\x00\xe8\x81KH\
\xa5\xd7\xe4\xf8Q\xd3\xe2\x1fd\xbd\xde\x05\xb0\x91\xdc\x00\
\xccn\xb5\x82C\xf3\xd1\xeb\xf7J\xab\xf4\x96`\x8f-\
^\x17\xa0\xee:\x00\xd6\x88s{a\x1ag\xc8/\xd3\
5m\xcf\x14<7L\xb6\x00\xa6C\x1c\x81\x11?\xa3\
\xe8\x84\x007 \xe7\xb1\xd0+X\xef\xcaG\x87\xf2\xf4\
E\xf4\x0d\xb3\x04\xa097\xbb6o\x9cH;\xa2f\
f!\x0b\x8e\xca\x0et\x1c\xd0\x99 A/K\x17\xf4\
\xce\xf9\xe5\x86\x0d\xdf\x0b\xe1\xbf\x07K\x0c\xfc\x83#\x11\
e<Qsb;r\xaf\xc8ts\x8e\xed\xcb\x1f\xed\
\xa8\xf3\x80\xb7\xfd\xbap\x9d\x8c\x82\xea\xdf>\x18Z\x17\
\xb4\xfe\xd1\xc8\x9c\x7f\xfa\x89r\xdd%\xe7\xc0\x11\xf01\
F\x88\x97\xe7\xf8\x08\xfb\x07\xa4\xa6\xfc\x82\x11\xfd\x83x\
\x03\x14\xac\xc6p\x196\xc1\xc2\x87\x02*\xf1\x1c'O\
\x99*C\x9e}QAR\xcc\x1e\xb8\xb9{\xca\x09\xad\
\x93\xe4\xde>i\xd2\xf4 \xa2;\x0b\x7f\xd1\xe0\x00T\
d>\xd4\xcf\xf7p\x83c&\xf0c\x80\xbcH\x04\xc4\
y\x96\x96\x18'\xcf\xdcw\x8bd\xa4%)\x13\xa0N\
O\xcc;7/:\x00F\xe6\xb7\xe6\x0f\xb3\x81\xef\xda\
\xb3\x17\xf3}<:`\xde\x00\x0b\xe6\xbfjMx\x10\
\x14\xd8\x19\xd8\x17\x82\x02\x13\x00\x0a$\x97\x80\x9d\xb1+\
\xbc\x84\xf6\xa1<\xb68s\xbf\xecG`\xc2\x83\x1b\xde\
&\x94\xed>\x9d8G2\xd9\x19\xc1{\x87\xad\x19\xd0\
>Q\xcem\x13\xa7\xfd\xf0\xc7\xd3\xc1g\xbf\x0d\xa5\xde\
\xafg\xae\x90\xef\x90\xcdd\x80\xc7\xce+b\xc6\x22\x82\
\x02\x0a\x0c\x05\xc7\xd6\x03\xa4j\xf1~\xee\xc0\x03 \x98\
,\xbf\xe9\xac\xf6\xa1=\x80\x0d~\xea\x9a\xad\x1a\x98m\
\x02\x08\x9eGlT\x98\xbc\xfc\xe4\x0dr\xee\xd9=\xa0\
WC\xa7\xaf\xe8\x0b\xaf\xa3\x0e\x80ST\x89\x9b\xdd\x90\
\xbdG\x9e\xfey\xbalF\xbd\x9e\x916S\xeb\xe7t\
H\x91\x84P\xb4\xf1a\xf2{\xe3\x01\xb2\x9d\xc3(\xe2\
U\xe1\x13,g&\x9eN\x00\x15\x0b\xd5EA4\xcf\
+QZ\x00\xdd\x08\x01\xfacg\x81\xbd\xf1;\x85\xe1\
\xf9[hy\x1d\x80\xc2\x09\xfd\x92\xee=?\x968j\
C\xc6\xdb\x98\xa5\xd8\x85T\xd300\xff-\xdd\xba\x13\
\x8b\x06\xe908\x00!\x81\xfe\x88\xfe\x07I\x0a\xd8\xd6\
\xc8<\xe58\x8b\x95\x1d\xb1\xe7]c\xa8\x04\xfaG\xb6\
\x14\xaf\x80\x10<\x1f\xd42-\x1fG\xd3\x97\xb6\x7f\xc3\
\x0f\xb6\xfc\x1dn\xea\xf3\x17.\x92\x17\xa1\xd4\xf6\x15\x94\
\x01\x09\xb2$\xe6\xa2\x1d\x90\xd1\xf7\x9f\xdaN\x22Q\xe7\
\xa2x\x87\xbe\xc5r\xbc\x8aZi5\x99\xda\xad\xf6\x95\
\xdf\xf0\x01G\x8d\x00\x01\xbdL\x87\x12\xe0\x95\x8d\xd2\x1d\
\x9f\x7f\xdb\xb4D\xa5\x02&!\x90\xf2\xe1[GSl\
\xfcA\xe8\x02 \x18\x90x\x9d\xda0W\x98\xbd\xdc\x89\
\xf4\xff/\xbf\xfd\xa9\xf8\x97\x05\x8b\x16\xeb\xfcf\xe6\xd2\
\x1f\xf4\xdf'$F\xca\x0d\x00\xc2\xb2\xbc\xa8\x1d\x03X\
Ht\xceiC\xec\x04!E\x81\xe8\x00\x90\x13@\x97\
\x17\xd6\xd7~\xc8\xc3~8a\x96\xacG\xdb\x187<\
:\x05T\xd6\xa4\xc46\x85\xb6j\xc3\xbd\x1f\xcb\xe9L\
G\xf1W\x9d'K\x14\x04NLV\x8f\xa4(i\x1f\
g\x08\xcc\x9c\xe3\x17\xe2\xb8\xa2\xd1\x0d\x10\x86\xf1\xafd\
\x12\xb6Zn\x91\xe5#v\xb1\xbd\x81\xb6l\xe2\xb3x\
\x84\x80N\xfa\xf6\x1b\xce\x93\x87\xef\xb9\x04*\xb5\xf9Y\
\xaf\xc2\xb6\xb2\x8e:\x00\xc6\xe8\xdb\x0fj\xf9\xb6,y\
\xe6\xd7\x19\x9a\xfe\xa0\x03\xc0z{\xff\xce\xe9\xf0\xeaH\
\xe8\x034-\x14\x9eZ\x22\x85\xe3^F\xf9\xdd\x92\x9e\
\x92\xd3\xbe\x5c\xe4\xcb\x8a#\xa7\xb1k\xe8\x05\xa2c\xcd\
\x10\x984\x81\xb9\x1f\xa2\xfc\x9cNkG\xd3f\x9b\xb3\
\xfePV\x07\x86\xafw~O\xc9\xefs\xa6/>\xca\
\x01\xd0\xe8\x1f\xc0\x99\xc5 \xfe\x99\xb9L\xf1\x11\xaaq\
\x80M\xbd\xdf\x89\xdd\xe5\x16\xa0\xff\xbd<\xc0:\xc5\xa3\
`\xf8o]\x03\x00W\xfe\x81\x12\x00%DW\xb4\x0c\
\xea\x18:;\x00\xd6\x1bu,\xf2\xbd\x1dY\x03\xf0\xdf\
\xebo\xbe\x0d\xde\xf4wT8\x855\xd1x\x00\x01o\
=1C:E\x06i\x14\xa4#\xd3\xe0\x00T\x8ba\
\xa9\x8b'e\xd4\xff\xf3\x82\xd5\xf2\xc5\x8c\xe5Hw\xa3\
\x1e\x8a5\xdf\xa9-\xc4\x80\x1e\xbcU\xa2\xc1\xf3A\x8e\
\x10\xfb`\xb9\xca?2\x0eBT-P'-\x9b|\
\xea\xb1\x18\x13\xba\xf9[ O\xfc\xd9\xe7\x9fc\xee\xbf\
\x0b\x10\xec\x06\xcd\x80q#\xa7\x1e\xc8\x00\xf0\x03\x9c\xd5\
*F\xb1FE)\xd6\xf1\xb5Kw\xa2\xfd\x18\xc46\
\xf6\xfa p\xf9\xcb\xc9\xf3\x00\x04\xdcnh\xbb\xf1\x87\
\x8e1\xa12\x08\xd2\xc0\xd4\x04(Ki\xf4X\xdc\xfb\
\xb1\xf8\x0c\xda\x0b\xe2\xbc&\xae\xdc\x8c\xf6\xb9E\x0a\xfa\
f\xebukD\xcd'\x83C\xdf\x13\x0a\xae\xce\xd6\x92\
\xceR3\xcf&\x12\xed\xe7\xa9\xcf\xa0\xb6\xe1\x00\xe8\xd0\
-D\xf9\xfb\xf5qh3\xdf\x9a\xa5\x1e\x9f7\xe6\xc9\
\x05g\xf5\x90\x91\xd0\x05(\xac\x80\xe8<\xc6u\xd2\x01\
p\x8eU\xf9\xa0\xe6\xe3\xe6\x9f\xffm&\xd4\xff\xa8\x8b\
l\x1c\x80\x0b\xbb\xb4B\x8b\x1d\x80f\xf8/\xd4\xb3\xb1\
\xc4\x00\x03\xe0J\x07\xa0pP\x5c\xcc\x8c3\x9fQ|\
T\x5c\xd1\x89\x9a\x7fF\xb3\xf1;B^^i\xa9\xd7\
V\x96\xeb1dEf/\xb6\xa7q\xc1\xcd\xbf\xb0\x13\
c\xbf\x9e/\xd7{\xb6\xdc\x5c=\x8b\xfeN\xb4\x1b\xe2\
\x0dL\xb0\xd5\x8c \xf0\x9bFH\xc7\x87\x06\x05\xc9\xdd\
\xd7]*\x1d\xdb\xa0\x8eJ\xb4\x8c\xa6\xe4\x8f\xbeF\x8a\
\x1b\xf9\x85G\x897\x04\x7f\xc8\xa3`\x8f\xac\x9e\xbe\x18\
\xbf\x84{:\xf9\x13\xde\xfb\xe0c\x94\x01\x9eC\x1b\xa5\
Im\x85Q\xf2\x12i\xd0\xf3 \x0cd3t58\
\x00\x15\x9d\x8d\xf5\xef}\xdb\xd1\x992\x06T\xaf_\xcf\
\x02\xf5-R\xa3\x14\xf5\xe9\xde\xa1\x0d\x1c\x80\xdb0_\
\x03\x0b\x18o\xb6G\x11\x90\xea\x07B*9\xcc(\xc9\
\x9a\xf0\xb5`XX\xaaX\xb1z\xb5\xbc\xab\xa0\xc0\xcf\
eW6\xe9\x82M\xe4\x1e\x05\x22\xac\xab\xbb\xa5Hw\
`\x9c\xf8\xef\xc2\xd1;oc\xcd\xae\x5cY\xbf\x17\x19\
\x10\xaeh,&\x02\x8f\x7f\x9d\xbb\x1c\x9a\x00\xebQ\xbe\
##\xa0H\x5c\xa8\xbf\xdc\x01F\xc0\xd4fAZv\
4\xe7)-\xc4\xa9\x05\x83S\xc9K\xe0xp\xd3\x9c\
\x09\x86D\xe2\x00\x96l\xd9\xa9Yc\xee\x17\xa7\xb5I\
@\xe0H\xa1\xb8\xfc`\x84Y\xda@\xf0\xaf$\x05\xa0\
\xbd\xb9\xac\xf1W%\xaf\xb1<o\xe7\xfd\xac\x00\xb3\xed\
\xdb\xd4\xc1\x818\x1b\x9f\xa3+\xca\x15\xbd\xbb\xb5\x92o\
\xdf\x7fD<\xd0iV\xdcQ'\x1d\x00\xe7\x9b\xe1\xf3\
 \x1d\x22\xdb\xd2v#\xad\xc3\xed\x87\x9b\xd1E\xcc\x00\
\x84\x04\x9aM\x83\xde\x1b\x1c\x00r\x00\x94\x10,\x96g\
\xcc\xcb\xfdZ[+\xc8\xbc\xd1\xe0\x05l|\x7f\xd9g\
\x953cw\xc1K\xc8wX\x9c\xb7\xff\xb2\xccV\x8b\
\xddP\xd3^\xd6\xe2wJ\x1c\xf0G\xa6\x98H61\
z\xee\x0a]8\x04@\x1eF\xf4\x7f\xd6\x89=\xe4\xfa\
K\xce\xd3\xf6\x19\x8d \xd4\x80\x14v\x00\x00bB\xcd\
\xdf\x9f\xac\x7fP_\xd3>Bu\xa3m\xacDA\x1c\
\x80\xfdn\x1b\x08\xf8\xcd\xb7\xdf\xcb\x83\x83\x1f\x95\x8d\x1b\
\xc9t\x05\xcf\x16\xb5\xd0SS[\xc8M=[\xabQ\
\xd3\xd1l\xc8\x00\x94{>\xd6\xd77l\x85\xa3\xfa-\
0*\xecRa\xa4K\xbe\x8e>]\xdb\xcb\xb3(\x01\
\x90\xed-\xff0\xad\x80\x01\x05\x1c\x80\xb2\xac\x97c3\
r\x5c\x07\xfb\x0f\x1c\x90\xd9\xd0\xc4xm\xd8\xeb\xf2\xf5\
7\xd4\xc40Y=\xf2\x85dD\x86\xc8\xf5(\x05\xc4\
c\x13\xb7q7\xb6\x8d\xa1\x1b\xbe\x05\xe5\xba\xe5Y\x16\
\xb1\x0d\xdeF\x9b8c\xd5\x06\xf9}\xde\x0a\x94\xf2\xa8\
\x1f\x0f\x85Mp\x0b\xdc\x0e\x07\xa0\x0b\xd8\x06\xdd\x10\x01\
\xf3\xa8=#P\xbd\xe3L\x9b\xb1h\xf3N\xf9h\xea\
b\x99\x86\xfa9\xc7\x90\x5c,\xbd\x93c\xa4KB\x0b\
\x83\xb1\xb0/\x01?\xf8\xa2|\x9c\x12H\xbe\x93\xda9\
B\xebv\xeeVg\xe6\xef\xa5\x1b\xd4\x01 \x8fD\x9b\
\xf48\xf9\xe1\x93\xc7%<\x0c\xfb\xa0\xed\xd0\x14\x0a2\
\xeb\xbc\x03\xc0g4\x15\xd4\x8e\xaf\x80\x0fy\x0f<[\
>H\xa6\xfd.\x84\x03\xd0\x12\xb4\xba\xb5\xc5\x01pL\
gG\xd4Oe\xbd\xb2\x13\xf0\x98\xd5i\xd4\xf8\x8c\x19\
(|\x98\xbf\x99\xd7\xd9\x9e|\xe9\xfe\xbc\x92\x01\xe9\x9c\
v\xba\x16'\x07\x80u\xc6\xb5\x98\x5co\x8f_\x00\x96\
\xc5=:\x8f\xf2\x90\xfe\xf7\xf5\xf3\x97Go\xbfF:\
@H\xa9\xb8\xbe\x7f\xfbJ}C\x22\xc1\xfcG\xce\x7f\
\x0blD|\x80\xf3\xe5\xdbcB\x17\xc4\xf8\x06\xdc\xd5\
5\xc2\x9f0q\x92\x0c~\xec\x09\xf9\x17\x80@\xfe\x8d\
\x88\xe6N@\xec\xde\x05\x12\x13\xb6\xef\xe8X48\x00\
\xd5k-\xeb\xd0\xd9\x09\x82\xfa\x0ae\xaa\x1f\xe7\xafQ\
\x80\xaa'\xa2\x9fS{u\x91\xa7\xee\x1e\x84H\x08\xb2\
\xdc\x8e\x94\x93\xed\x00D\xc39\x8d\x03\x04\xc0\xd4Ik\
\xd3\xc1i\x9d\x03\xa6\xb7\x7f&B\x1a\xfb\xe9g W\
<Ku1x\xf8\x02\xd0\xdc\x17\x5c\xfeW\xa33\xc0\
\x03x\x00]2\x5c\xfa\xd6J\xde\x852\xdd\x82\x1d\xfb\
t\xbd\x1a\x93\xe0\x22\xab!\x88\xf6=:\x01\xb6a\x8c\
\xb8\xae\x89~\xbf\xb6[\x9aj\x02\xb0U\xf9h\x9bR\
\x9bF\xa3\xea\xaf\x85</_\xce\x5c\xae\x82:\x87\x00\
:f\x19\xa0\x1d\x14d\xfb\xb5Kr\xca\x9e\x9a\xcfe\
W\x16\x1d\x00O\x8cYm\x1b'\x93\xa1\xcd\x91\xcf\xc0\
\x05\xf0\xfd\xdc\xd5\x8e\x99\x90\x88V\xf8o>|L\x92\
\xc1r\xe8B\xe6\xd4\x22\x8ez\xe1\x00L\x06\xf5\xe7\xab\
P\xa5\xdb\xabjW\x86@\x83\x19\x00\xdb\x01`\x09 \
\xda\x9f\x18\x80\x9a\xcb\x008V\xa8\xf5\x8315\x151\
8f\xfa\x15\xe9\x008\xceY\xb6\xf3\xe6\xa7\xfe\x8b~\
=\xc7\xf2\x00\x0c\xe3O\x0b\xd6jZ\x95i1\x02\xef\
\x5c\x90\xfe?\xeb\xe4^r\xd3\xe5\x17@|\x82u1\
\x93>,\xbc\x11+uR\xe3\xa6\x12\xd8\x22A\xc1\x7f\
T]\xb3\xacQ\x81\xa9ho\xf8\x9a\x81\xb0.E\xcf\
\x85\x92\xc2\xd2\xe5+\xe5\xc5\x97^\x96\x0f?\xfeT\x1d\
\x00\x120\x91'\x9d\xa2@i\x90HV\x1cT\x83\x03\
P\xf5\xd6\xb1\x8e\x9e\x91 \xa8\xcf\x01\xec\xfa}\xf1z\
\xdd\xe4|\xc0\xdcy\xe6\xc9=\xe5\xd1\xdb\xaeSG\xd5\
y\x93'\xa8\xd4\xbfY\x94\x04D\xc6\xd7J\x07\xc0\xac\
s\xb4\xf5\x81It\xf4\xf7\xdf\x03\x10\xfb\x8a\xaa\x08\x1e\
\x01\x8e\x81\x89\xb4P\x1fO\x80\xf8R4#\xd6\xb4\x10\
\xbe\x89dh\xf3\xb6\xe5\xa0\xaf=\xdfR\xec\xdc\xbbO\
F\xcfX$k\xc1\x81O\xe23\xa6\xb6\xcfn\x13+\
\x03\xe1D\xd0\x99v\x82G\xd4\xd1\xa7_\xf6\xcb\xa6\x99\
\xd9\x01\x8ad*\x03\xfe\x0fN\x00\xe5\xe39\x1eq\x00\
\x8e\x9f\xd7)\xd5A!o[FP\xb2H\x02\xb2\xc8\
\x81\xd0\x98)\xa1\xad\xbe\xec\x17P\x85\xaf\xa4]$\xf6\
\x85e/\x95\x06\xb6\xf6\x07v\x02|\xfc\xd6}\xd2\x05\
\xf7\x83\x07^\xa4\x83[\x0f\x1c\x80<\x05s\x0c\x83\x03\
\xb0\x07hG\x1e\xac\xe7\x5c\x04\x0c\x80\xed\x00\x04\xc3\x01\
\x88\xc5\xc3#\x08\xb0\xa6J\x00\x8e]\xdb\x09\xbcX5\
\x9e\xa4\xed\xe2\xf3\xa9\x97m\xe37s\xcf\xda\xfe\x8b\x8a\
z\xacP\x82\x1b\xebztXPlB%\x7f\xf1o\
\xca\xfeFEC]\xed\xce\xeb$)6\xda\x00\x17\x8b\
9\xf2\x80\xac\xf6\xf0\x0d\x82\x03\x10'n\x9eN\xe9\xd7\
\xd2\x22-+#@\xe3Gu\xc4\x91\xd0N\x7f\xfc\xa9\
g \x9eb\xc4:\xa2@uye\xe7$9\x19\xc4\
(\xa5=\xcf\xda\x16\xd5U\xe1\xbao8U\xa1\x11\xe0\
\xdcX\x89\xfenJ\x01OX\xbeIgx\x00\xa8\xbc\
\xfb\x9fq\x92\xdc7\xe8J\xf5\x9a\x9diQ97\xa8\
IAE\xc0\xda\x98\x01\xb0\x1d}\xb6\xc4n\xd8\xb4Y\
\x86\xbf3R1\x01\xd9\xe8\x12 \xd0\x8fv.6\xc8\
Wn\xec\x95\x86\xacX\xb8\x93\x817-\x85\x0bv\xe4\
\xc8\xee\x83&\xf2S\x9e\x01\x04H?\xccZ\x22\x8b6\
\x02\x08\xc8\x0d\x01\xbf\xeb\x80l\xda\x9d'\xb5\x01\xd9\x10\
\x05\xb6\x8e\x9f)EK\xb9\x0f\xc0\xe2?\xe0(\x8eD\
\xff<\xc9\xde8?\xc2@\xcb~F\xdbD\xc8\xc8\x07\
\x1b\x1c\x80u\x90\xa0-\xda\xd7U\x9aC\xb0M;\xcd\
k\xd1\xc1yOM\x801\xf3V\xcb;\xc0\x01(?\
-\xfe\x17\x89{\x18\xf6\xfc-r\xe6i\x9d\xeb\xbf\x03\
\xf0\x1a3\x00p\x00\xec\x0c\xc0\x80.\xad\xe1\x00\x98\x9e\
\xce@\xb0\xea\xb5D\x06\xc0\xc3\xd2\xbe\xae\x91ggr\
\xd5U\x90f\xb4\x13}\x0c}qN\xdd\xf3\xcb\xb3\xf1\
\x17\xd8\xfeK@\xe1\x91\x82\xe8\x08\x10\xd5k\xe5\x1b\xf0\
fS_\x81,\x86M\xb1\x91_r\xee\xe9r\xf5\x85\
g\x22\xbaGD\xa5\xa7+\xea\xf3\xcd\xe2\x09h\x1e\x0b\
\xea\xdf\x08\xa5[u\x1c\xa5:\x00\xf9\x0b\x8f\x91\xca\x98\
\x9f~\x91\xbb\xee\xb9_6l0\x14\xa9DB3r\
\xb9\xb4c\x92\x93(R\xd1O\xb5\xc1\x01\xa8\x91\xd9^\
#\x1f\xcaY\xb8\x04-\xaa#!\x04d\xd7uC\xd1\
\x09t\xd9\xb9}\xe5\xb6\x81\x17+Cha\x07\xc0'\
$\x1ct\xc0i\xb5\xd6\x01\xe0@r\xf3&1\xd6\xdc\
\xf9\x8b\xe5\x99\xe7\x9e\x97\x9f\x7f\xf9\xd5\x92*7<\x22\
\x9d\xc0\xe6w\x13\xd0\xfc\xa4\xf7\xb5\xd7\x22\xbbvV\x00\
\x03@V@5=\xf8\xa2P\x19\x19\x01\xa7\xaf\xda\xa8\
<\x1e|ms\x7f/y\xe8\xf4\x0e\xd2\x1aB[N\
(\xa0\x1ay~\xc7\xfaC\xe9XM\x01A\x12\xfb\xe7\
\xd7B\x1dV\x1dB\x94\x8c\xc8 \xdb3%\xba@p\
A\x8cS\x18\xf4d\xe2\xb1\x8f\xd46G\xc983\x87\
\xb4\xfd\x95\xa5p\x9b_%\x1c%\xf0\xa7\x1f\xbeJ\xae\
\xba\xe4\x14u\x00\xd4R\x17\xb2\xbd\xf5\x22\x03\xf0\xcf\x8a\
\xcd\xf2\xda\xdf\xb3\xe1\x00P\x0d\xc9\x10_\xa8\x03@\xf0\
\x03\x0e\x9b\xc9\x89J\x805vX\xc4\x1d\x95\xff|{\
s\xb4\x1d\x00>\xfe\xf29\x00\x8e\xed\xb5\x88\xb7\xe9\x04\
\xb1\xd2\xeaL\x91Qby%E&\xb4\x00\xef.1\
\x88\xfe\x07\xdf\x02\xce\x7fp\xff\xdbZ\x08\x9a\xad\xb7&\
\x96\xc3'\xc1/\xb5\xcf:&I\xdc|\xfc\xf3\xdb\x8c\
J\xdb\xfc\xed\x01\x22\x06\x80\x17\xe2\xd2X\xfe\x9d>S\
\x06?\xfc\x88\x8c\xffg\xa2\xfe\xd5\x1b5\xcf>\x89\x11\
\xe8\x87N\xc7\x82-\x99\xc5\xac\xc1\x01\xa8\xfc\x8c\xab;\
g\x80\x14.\x04\xbd\xc8\xf1Na/\xce\xcb\xe6\x10\x05\
\xbbf\xc09r\xed\x80sU\xa3\xe3h\x07\xa0\x19\x1c\
\x80\xd4Z\xed\x00\xd8pY\x8a\x8c\xfd\xf1\xf7\xdf\xf2\xf8\
\x13O\xcb\xa2\xc5KQ\x0a`k D\xcb\xa01r\
v\xebXm\x0f\x0cD\xaf:7(\x96\x086C\x13\
`\xd5\xee\x83\x9a\xb93\x00\xc1<\x99\xbab\x83\x8c[\
\xbcZvY$I\xac{\xdfsr\x86\xf2\x0b\xb8\x91\
'\xc52+u\xe7\x99W\xfcJi\xfe\x96\xa2\x85\x9c\
\x19\x80)\xab\xb6hv\x91\xcc\xb1\xad\xa3\xc2\xe5\xacv\
\xc9\x8a7\xb2\x0fn\xaa>n.\x92\x16\xe4\xa5\xa5\x82\
\xf2\xda\xdc\x8a_e\xe9\xef\xe4\xe5\xb0\xadq\xec\xf2\x0d\
\xf2,\xda\xe1\x99\xb9 \x080\x18]\x0d\x0f\xdcv\x91\
\xdc9\xe8\x5c0\xd5Z\xc2o\x85\x1d\x80\x7f\xee\xbd\x10\
\x99\xde\xba\x9c\xfb\xc9\x03\x0db\xbe\x03\xc0\xc9O\xa4\xe6\
\xc5N\x0e\x80\x17\x88\x80\x12\xc1\x03@^\xfe\x1a;\x18\
\xfd\x97s\xa3.|\xad\xa6\xb6\xe3\xe4\x00\xe8\xf9\xca\xbb\
\xf9\xdb%\x83\xa2\xdfg\xd7\xf2\x89\xfc\x1f\x0b\x9a\xccO\
POU\x12\x1e\xd2\xa5\xba{\xc9\x05\xa7\x9f \xd7^\
tV!@U\xfe\x95:\xfa\x14p\xbfl\xfb\xf3\x8f\
\x8c\x01]\x00\xc0Wz\xedG{\xa0E\xd1\x1e\xa2\xf5\
\x00\x00 \x00IDAT>\x0f{>\xd2\x18\xc1\x92\
-_\xb9Z^~\xf9e\xf9\xe0\xa3O\xd1\x85\x00\x81\
%\x94r\xda\x02\x05}\xdb\x09\xad\x11\xf5\xf86`\x00\
jlR\xd7\xa6\x0fV\xafU;\x82\xde\x02`\x95\xa5\
\x00\x1eQ\x11\xe1r3x*\x06\xf4;EY\x00\xe9\
\x00\xd8N*\x1dX\xdf\xb0H\x09\x8aJ\xac9\x07\xc0\
\xe11;\x8f\xa5\xb56\xado\x0e\xae\x10\x18o\xa6\xff\
?\xfd\xfc\x7f\xaa\x92\xb9\x8e\x22YVV\x915\xfc\x8b\
;$\xc0\x11h\xa9\xd4\xc1|\xeb.\x04D\x8b\xc1\x07\
@0\xa4\xbde-\xdb\x92)?\xcd^*\xdb\x01\x1a\
\xa3c\xc0\xf5~\x05\xcai\xfd\xdb\xc5\xc3y\xa0rj\
mz\xa6\xd5{-\xdc\x0b\xb7\xa1k\xe4\x8b\x19\xcbd\
\x14\xea\xe7\xfc7\xf9\xfe\x198\x9e\xdf1U\xa5\xd9\x9d\
\x0fn\x1fiAP\x84E\x8b]\xed\xda2M[\xe3\
\xbf\xab6\xcb\xd3\xbfL\x03O\x0b\xe79:\x5c\xfc}\
\xe4\xe6\xab\xcf\x94\xc7\xef\xbd\xac\xd8]\xa2\x9ed\x006\
!\x030WK\x00$\x02b\xcb\xcb%]Y\x02\x08\
\xd4M\x17\xd4\xfa\x90t\xf4\x04\x95c\xddp\x00\xec\xcd\
\xd2y[\xb5\x17\xb0\xa6\xf3l\xfb\xa0\x8b\xb5\xec\x0e@\
A\xd0_\xfe\xa7\x14\xb6A|\xdd\xf6\xdd\xb9\xf2&R\
c$\x96\xa0\xa1l\x84\xcd\xdf\xdb\xcfG\x9e\xba\xf3z\
\xc9HM,X\xfbw\xba`\xfb\x5c\x8d\xe00\x04\xd8\
\xcc\x7f\x16@\xc9\x5cn)n\x90\xae,\xcb\x0a\x19\x8f\
A\xb6\xed\xc8\xc4\xe6\xff\x89<\xf7\xc2\xcb\xb2g\x8fa\
\xba\x8a\x85\x8c\xe9\xcd\xbdZK\xd7\xb8p\x18\xf6\xfc\xa2\
\x9cm\x10\xed\xb1k\xc8\x00T\xaf\x11\xad=g7F\
p2\xf0@oN\x98\xa7\x9a\x15|\xf6\x09\x90\x02\xbe\
\xe3\xdaK\xa4o\xef\xeeJ\x13\xee\x9c\xa9\xa23\xe0G\
\x10`\x8bx\xf4\xba\x1e\xab.\x00k\x85\x98D\x9b\x13\
n\xc780LK\xc3\xc7U\xf5K\xaeC^\xb3~\
G\x0a\xf7?\xd4\xf0yl\xd9\x0a!\x9bw\xdf\x96\x8f\
>\xfb\x02\x92\xe3D\xfaS\xc1\xceE\xc2}=\xe5\xc6\
\x1e\xe9\xd2\x1b\xd9\xb1&\xd8\xc8\x0e\xe0\xbd\x0b\x81\x03\xd8\
gQf\xda\x1b\xde\xa8\xa9\xe8\xe8Ag\x0f\xdf\xc7k\
\xe8\x15\xdf\x5cn\xc0\xfb\xa2\x81'\xa8]\x1b[\xf5\xce\
.\x9a\xad\x1c\xe8-\xfc\x80\x8e\x91w\x905:\xacd\
K(\x8b\x80g\xe1\xcc\x8c$%\x92s\x0e\xb7\xd0\x08\
\xa0\xca\x80!\x10\x072\xe3T\xa4\xf7V\xbd\x17]\xcc\
\xd9\xe9\xcc\xcd\x06\xaf\xc1\x100\xe2\x92\x1a_\xcb\x19\x04\
\x89^t\x92\xbc\xfc\x04\x00\xb0\xc5\x90\xe0\xd5y\x07\x80\
\x93z<\xc4?\x86\x81\xa4f\x0f\x80\x1c$\xbf$\x22\
\xf6\xd2\xaem$\x06=\xb2\x14\xd4Q\x07\x00\x19\x00_\
\xfeP\x83GqD?Go\xf8\xce\x17i6D\x93\
\x0egJ\xca\xde\xf0\xed\xb6\xbf\xb2:\x006A\x10s\
\x81\x05\xdf\xa3\x0e\x05Oo\xcdi\xd6\xfb\xa7\xa26\xf6\
.\xc0\x7f\xaa\xad\x80\xb6\xbf\xbc&n\xd2\xb3S\x1by\
\x04\xba\xea\x9e\x1e\xf9\x9e\xf1\xd1\xe8\x7f\xe3fx\xf8\x04\
\xc0\xb0\x22\x1a!\xf3\x9fSy\xa0t\x07\x80\xd7\x92\x7f\
1\xfcq\x0fJ\x11?\xa0\xee\xf9\xd8\xe3O\xca\xea\xd5\
k\x15\x00\x15\xea\xe3!\x97uJ\xd6\xa8G\x99\x09K\
(-48\x0158\xe9\x8f\xe1Gk\x1a\x14}\xd0\
\xc3\xff\x99/;\xd1\x07\xcf@ \x1d:\x00w_\x7f\
\xb9\xf4\xe8\xd0\xd6\x11\xf1\xda\x97Di\xea\x00\x88S\xf9\
:\x88\x80\x8a_K\x85\x1d\xcb\xc2\xb7U\xd4V\xe0\xd8\
<\xe0\x98\xe8\xc6\xae\x9b;$\xc3q\x9d\x87\x0e\x1d\xd2\
\x92\x047u~\x1d\x01 \xed0\xea\xfc\x87\xf0\xfd\xd0\
\x7fG\xe4\x00@]|=\xc5\x8b\xe8\x0c\x1c\x04\xc7I\
.H\x8e\x9a\x22e\xdf\x18\x81\xcc\xa6\xed\xdbd\xc4\xe7\
\x1f\xc9\x94Y\xd3!\x8dm\xc0\xcf<\xe2\xc0\xeaw\xef\
)\x19\x92\x08\x89[\xb6\xac/\xce\xcc\x95lD\x84f\
\xc3r\x01\xda\xfd\x90|=e\xbe,\xdf\xb2C;\x01\
x\xd0\x99\xbe\xf3\xc4\xb6\x9aU;~\xd6\x8a\xe9\xf3g\
\xbf\xff\x84\x15\x1b\xe5\xd5\xbf\xe6(u4\x8f l\x9c\
'\xa5\xc5I[\x00+\xed\xe7\xca\xef\xb4\xbe\x11\xd8\xfc\
\xa3\xfdI\xacc\xe5c\xa9\x0bS+\xbc&\xb0\x01n\
\xce\x02!\xde\x0cY\x07<\x03/\xcf\x0b\x19\x8c\xf3\xfb\
u\x93\xb7^\xbcU<P&*\xaaS\xab\xee;\x00\
x\x14\xe3P\xfb`\xadz/\xa8?\xf3\x1d\x80\xd6p\
\x00\x02\xd4\x01pm\x9c\x87\x0c\x80\x07\xb0\x00\xa6_\xb6\
F\x0e\xdb\xf1/W\x8a-?\xe1\x7f4\xd8\xaf\x82\x0e\
@\x91\xa8\xfd\xfci\xce\xfd\x9e-%\x9f\xcfX\x8a\x94\
\xd2\x16-&\xba\xb8y\x8a+\xc01\x8f\xdf~\xad\xf4\
\xea\x94QB\x94@\xe7\x82\xd1\x08\xdb\xab\xa2\xc5'\x04\
Le\xca\xfcg\x8eR3\x00\x0e\xaf:\xff\x09\xd1\xf0\
\x12\xbd<a\xf2Ty\xf2\xc9'e\xea\xb4\xe9\x9a\xf6\
\xf4\x863wZj\xb4J\x9a\xb2\x5cQR&\xe4\xf8\
1j52\xb3k\xc5\x87\xd2\xff#\xb0\xed\x17h\xa2\
\x8f\x98\xb4@\xf6a\xd3se_wz\x8a\xdcw\xe3\
\x15\xd2&5\xc9\x9a\x81\xf9\x9b<A\xac\x81\xc8R\xf9\
\x94\x95\x0aX\xf11\x05\xb3Sv\xb6J12\xea\xab\
c\xb3\x87\x83\xfa\x1f6Z\x8d\xdaqM\xb9h\xbf\xdb\
\x07'\xf6?\xf0\x94\xfc\x87\x0d}\x1f\xfa\xf0s\xf6\xa0\
E\x0f\x92\xd6{\xf1\xf3\xfe\x1ch\x98\xf0\xb5\xb0_t\
\xc6\xb9\xea\xf7\xee\xda\xab\xe5\x0a:\x04F\xce\x151\xbe\
%!\xee\x87\xda\xae'\xa2\xfd-\xfbv\xc8\xa7\xdf\x7f\
-s\x17,\x80c\x81\xb4\x01\xae\x81\xa0\xc0\xde\x09\x91\
rU\x97dD\xf4>\xb2*\x1b@\xc0}\xa4\xd1\xce\
\x8fW\x7f\x9f\xb7\x5c\xa6\xad\xdc\x801B\xdb4\xce\xec\
\x87\xd6\xb6\xdb\xfa\xb4\x96>\x09\x11J\x08T+\xf6\xb3\
c4\xab\xb8\xa9\xcf\x06=\xf2P8\x00\xect\xa2\x9d\
\xf5\x81\xad\xeb\x0a2\xa0\x9e\xc9\xe8rb\xf6\xd3\xba\x16\
fY\x02\xdc\x1b\xa3\x9c\xec~\x94\x94\xfb1\xba\xdc\x12\
>&\x0fX\xad\xddJ\x88G\x82#\xde\x87\x07\xf0Q\
\xa7\x9d\xd8^F\xbcz\x97\xf8\xa3DTT\xee\xb5\xce\
;\x00\x1c\x91q\xf0\xfa_\x87\x10\xc2n,6\xa6B\
\xc8\x10wYw\xb4\xb6\x80\xd2\x917M\x07 \xd9\xce\
\x00\x94\x15\x84V\x1dO\xb4\x8c8\x80\xfcm\x9f\x1bj\
I\x17B'\xa0\xf4\x0c\x809\x9f\x9dA8\xfa|\x86\
g\xdcLsF\x05s\xa1\x95\xfd\x01\xd4\xd44\x95\xc4\
\xda?D\x7f\xda\xa7'\xcb\xf3\xf7\xdf,n\xe0\xc96\
\x87S\x09\x81\x97\xe9pl`x=|\xb5\xf7\x9fr\
\xabGm\xbe\xc5\x8d\x7f1V\x87\xbffjw\xde\xc2\
\x85\xf2\xecs/\xcawc~R43\xf1J\xed\xa3\
B\xe5\xb13:);`I\xb5\xcb\x06\x07\xa0:&\
s\xed:\xa7\xb6BA\xd4e\xf4\x9c\x95\xf2\xd1\x14\xe0\
V0!h\x00\xbbd\xb4\x92\xfb\x07]%\xf11Q\
\xf9\x99(\xab\xf6M\xe9\xd7`\xd4\xff=\x03\xc3p3\
\x06%]\xe2j\xb3\x12S\x8e%g\x95\xb3H\xce\xc3\
(\xfe\x00>\x7f?6zn\xee\xd9\x99\xd9r\x10\x11\
%\xa3\xf6\xccM\xdbe\xd7\xce]\x1a\xfd3\xaa\xe7k\
\xe8\x0c\xb0+\xe1\x00\x22\xfb\xc3\x16eqc\xd8\xad&\
J\xea\x93'{@\xba\xd5\x14,\x86\xba\xca\xd4\xa9\x00\
\xa7\x01Jp\x5c\xcb\xbe\x81~\x12\xd6\x22L\xc2\xc0\xe0\
\xb7p\xfdJy\x1e\xa2A+V\xae2\x893,D\
O8\xdd\xfdZ\xc5\xcaU]Sd\x0f\xb2\x09\xeb\xf7\
\xe03\xb4\xc2\x00*a\xa4\x05\xe6\xac\xde,\xbf\x80\x16\
8\x1b\x8c\x80\x5c\xb6\xee\x00G\x0f\xc4k\xfb\xa5\xc7\xaa\
\xe0\xd0\xf1\xe4\x00\x10\xe7\xb7\x1c4\xba\xc4\x8dL\x07#\
 \xc7\x9e\xc4Jm\xa2\x9b\xc9\xa9m\xe2u/\xd1\xb6\
:\xcb\xe2\x91\x08(9\xd0\x1d\xc4@\x90\x85\xd7yd\
\xcf\x98\xd2\xedpi\xf3\xab2\x7fgK\xe7:h\x1a\
0\x10\x9e\x06b<^\xb2\xb2`\x82\x0ex\xe4\xebw\
K\x18\x9cF\xfb>\x9c?\xa7^8\x00\xa4?\xa4\x12\
\xd2n,*>\x14\x82`.\xef\x91\x01\x0f\x98%\x00\
\x17l\x16p\x00\x90\x01\xf0\xad\xc9\x0c\x00'\x10\x17a\
\x81\xcd2\xffQ\x98\xe0\xd7\xb20\x15qR\xec\xacy\
\xa1Yd\xf6e\xfb\x8f\xc5M\xd2\xfc\x04&\x05T\xa8\
\x905\xce\xea\xa3n\xec\xe1%\x9eP\xca\xba\xfb\x9aK\
\xe4\xcc\x93z\xa0\x1d\xe9\x90\x01R\xe9)a\x98\x9c\xee\
G\xcf\x8e\x0c\x80\x1f[\xff\xc0\xfeW,C`Q\xf7\
W\x9c\xd5\xd1\xc8\xc5E\xd6\xac]+\xc3\xde\x1c.\xef\
\x8c|_\xf9\x00\xe8\xb4\xc4\xa1F7\xb8o\x07IB\
\xba\xd3Ng\x16\xb5\x88\x1a\x1c\x80\xca\x98\x96\xba\xf1^\
\x12D\xed@$\xfd\xc5\xf4e\xf2?\x08\x01\xd12{\
B\xa0\xaaw\x97\x0cu\x00\x22\xc3B5\x9as>\x5c\
\xdd\xa1f\x89\x0e\x007RT\xabFg\xc9\x07\x09x\
t3\x86\x03\xaa\x9b7\x02\x8e\xfd\xd8Ds\xb0Yg\
\x01M\x9e\xb55S\xb2\xf1}W\xd6.\xc9\x06\x08\x91\
N5\x11\xe39\x88\xe6\x09\xa4u\xb5\x9c\xe7\xc3\x87M\
\xc9\xaa16^='\xce\xe5\x8e\x08\xcd\x1d\xd4\xbc\x1a\
\xb0\x80\xe5o?\x9c\x09\x1end\xe8\xc3g\xb2l\x10\
\x00L\x13\x9d\x04\x0f\xac\xc7\xe8\xc4(\x09\x86\x13\xe0\x09\
\xc3>\x12\xdc\x00$\x09\xda\x91\x99\xe9h\x0f$\xcb\x1f\
\xc9\xb2\xdaCBxs\x0e2\x12\x8a%0$i\x9b\
\xc0\x80\xf7\x15\xca\x00[\xc0\xf1\xc1qb\xd7\xd4Yp\
\x18XNk\xe6\xe7L\x97\x5c\xda\x88\xd4\xed\xbf\xebx\
\xe0\xf9l\xca\xde+\x1f\xfe\xbbD\xb3G\xfc\x1d\xbb!\
\x92\x9b\x05\xcb\x19\x19\x89\xe2\xe3Aa \xdb\x01@p\
\x89\xb2\x11\x95e\xfdj\xb8\x9c\x5cx\xe4\xd9\xa6\xb8e\
\xf7^\xf0\x00,\x94?\x97\xac3s\x07\x0e@\xd7\x8e\
)\xf2\xeekwI\x0c\xee\xa7(\xc1\xa7z\xe1\x00\xb0\
\xeeg2\x00p\x00\xe0\xf9\xd3k\xbb\xbcG[d\x00\
\x0c\x06\xc0\x94\x00<k\xddC\xd3\xfdR78\x13\xa3\
;3\xe1Uhi\xe9&\x9a\x9f\xe81)\xf7\xb2\x9f\
\x89Fj\x1e\xda\xa7\x08\x88\xc9B\x0d\xb5\x11&P\x13\
0\xfd\xb5M\x8e\x97'\xef\xbaQ|\xbd)\x1bj\xfc\
HG\xc0_\xe0\xf4\xa0\x17\x851\x0d\x8cN\x80\x11\xf3\
\xd1h\xa4\xd8\xc3\xd9\x09(%\xe4\xa0\x03@ \xe0G\
\x9f~.\xcf?\xff\xa2\xec\xdam\x88P\x9a\xf9z\xc9\
\xf5\x00/\x9d\x06Y\xd3\x06\x07\xa0\xec\xcf\xb9>\xbeR\
5\xef\xb1\xd1~\x8c\xe8\xff\x07\x10\xa2p\x83\xf5\xc6F\
yJ\x8fN(\x01\x5c)\xc1\x81\x01\x8e\x16@\xdb!\
\xe4\x5c\x0d\x8eM\x01\xc4\xa5\x90X\x0a\xbdt\xd5\xb52\
 <F\xe8\x87\xf0u\x00\x11\xfd\xde\xbd{e\x1f\x90\
\xe3{\xc18\xc8M?ss\xa6dm\xdf){\xb2\
v#\xe2?\xa0\xafk\x8c\x0d\x84\x0eBSD\xe2M\
\x90Rg\xd4\xef\x8a\xe0\xc3\xcd\x13\x1b<S\xca8=\
Kj\xee\xdeH%\xe3\xef\xdc\xe4}\x00<s\xc3\xef\
\xa8P\xe8\x01G\xa0\x09\x90\xe6\xd4*\xa0x\x96~\x87\
MsCM\xb7)^\xeb\x8ez._\xc3\xf7\xd2\xde\
m\xdd\xb1S\x9e\x7f\xe1\x05\xf9\xe4\xb3/e\xf7\xee]\
\x8e8\x22\x08\xe7\xbf\xa6{:\xd0\xe0\x04\xb3\xa13\x80\
\xce:\xbe\x88\x03\xf8|\x12\xda{\xc1\x99\xa0Q,n\
\xb5k\xcbp\xb9\xbak*$\xd4a3+\x12\x80\xd4\
\xc1Ie;\x00;\x90\xa5!\x8b\xde\x97\xd3\x97+\x10\
\x90\x809\x02\x00I\x09\x1c\x06\x1bc\x8f\x87:m\x18\
,\x12\x02\x85\x01\x0bP\xd9\xae\xae\xaa\x1c2n\xeet\
\x80\x99\xfd\x1a={\xa5\x9e\x9a\xf3\xa4\x03H\x8d\x86\x0f\
\xbdC\x92\xe1\x08\x16\xb4\xdc\x96S3\xe1\x9e\xfe%X\
\xe9\xaa\xbc\xc4\xea9\x17oc\xec\xf2\x8d\xf2\xfa\xd89\
\xaa\xeb\xccT0A\x80\x97\xa3\x04\xa0\x18\x00\x0c\x8c\x1b\
\x16\x101\x005\x0d\x02\xcc\x8f\xb3\x9d\xc6\xc2\xe9\x97\x85\
A\x1a\xc5e\x0b\xaac$\x19e\x90O\x9a\x06t\xc6\
\xba\xed\xa6\xde\xe8\xe1\x09#\xea%7\x5cr\xb6\x9c{\
\xca\x09\xe6c\xd5\x01\xb0\xa7\x8c\xed]\x98\x7f\x13\xf9\x1f\
\x08^u\xcf\xc0P\x8d4\x8e>\x8a\x1c\x81Ro\x87\
&j\xef>\xd0\x98~\xff\xa3<\x04>\x80\xcd[\x90\
\xe2\xc2\xe1\x07cx\x16\xfa\x9f\x89`Vmt\xeb(\
\xfc)\xc7\x8bA+u \xeb\xe9\x0b\xe8>\xb3\xf6\xbd\
6+\x07\xf2\xae\x8b\xe5\x8f\x85kt\xa3\xf3\x85\xf8O\
\xdf\x13\xba\xcb\xbd7\x5c!\xfe\xbetH\xed\xf9J\xb1\
\x94F\xe2\x15\x18\x82\x16\xc0\x04\x93\x19p\xda\xf4\x8e\xa0\
\xab\xe4 @z\x07\x11\xdd\xef\xdb\xb3\x0f\xe9\xfc,\xd9\
\x8d\xfa\xf0\x9e\x9d\xd9\xb2\x15,z\xac\xcf\xb3~\xaf\x00\
>d\xccX\xa7\xe7F\xac\x1b,\xc6\x98\x1bsS\x18\
_Ol\xd2^`\x96\xf3\xf2\xf1\x12/l$\x9e\xfc\
\x02\xc0\x8c\x9b\xb7\x87F\xfc\x9e\x00\xc9\xba\xe9fO\x07\
\x81\x9b\x7f\xa3F\xfc2b.\x8ek*&c\xa6\xe5\
?8\xd9,\x91-Z\xb2T\x1ey\xecI\xf9\xf9\xd7\
_\xd5\xf9\xb0\xea\x01\x92\x0c\xda\xec\xde\xa9q\xd2\x02\xd9\
P\x9e\xd3lz.\xaa\x090k\xcd&\xc5\xd7\xf0 \
\xbd6y5\xdaD\x04\x17\x8b\x18\xaf\xa7\xd3G5d\
~E\xf4\xff\x1e\x08\xa4\x88\x8b\xe08\x85#\x13r\x06\
:\x01(?\xeel\xed\xf8(\xc2\xbd\x9a\x82Y\x16\xfc\
#\xaa\xe5R\x8e\x08\xab\x1a\x07\x90\x0e@6\xe6\xe4\x97\
\xc8~}:u\x89N\x1d7\x962 o\xfc\xe6\xcb\
\xb7I\x9b\xa4\xe8\xfaW\x02\xe0\xa6\xc5\x875\x8e]\x00\
h\x03\xdc\xb5\x7f\xbf\xd24\xd2\x83#\x06\xa0%H@\
\xb8\x8e\xd8\xbeA\x07\xc0\x1f\x92\x8e\xb5\xe5\x81\xe9^j\
\x95\x04\xf2\xe3\xe9\xfc\xc9d\x13wT\xef\xf5\xe6o\x95\
\xfb\x00N\xe28~\x84\xda?7\xdc<\x10b4\x01\
\xf8\xafUbKy\x1c\xb4\xbf\x94\xfeeDo\x1a\x8e\
p8\xaa\x0a\xf9\xd7\xec\x19\x10,\x01@T\x93\x00\xc8\
vf\xccwj\x05T\xce\xcfd\x0f\xf7\xb8\x09\x13\xe5\
\x9e\xfb\x1f\x94\x05\x0b\x16\xaaqt\x85\x93\xd1\x19\x91\xcb\
\xa3};B\xe9\xd1\x221\xc1\xe5pC\xb0\x93v:\
\xce\xc7IDS\x8d\xf6\xa5V\x9fZ\x1d\x00<\xffU\
\xd9\x07\xe4=8\xb0\xe3\xe7/5\x0e\xa2\x8f\x8f\x9cs\
jo\xed\x02\xf0B9\x80\xc6\xc0\x9e\x86\x8d\x10Q\x07\
\x84\xc7(\x150g&\x1dH\xb3\xa1\x1f\xc4F\xbfG\
\xb6m\xdc&;6o\xd3(\x7f\x1b6}\xd6\xed\x89\
\xc6'\x88\x8f\xdd\x03\xdc\xc0Y\xdf\xa7\xfd\xf9\x0f\x00>\
wl\xe4\x9e\xf8\x1d7w?D\x8f\x01\xb0=\xfe\xf8\
\x1e\x88\x0d\xc4\x07\x5c\x15\xaepVY\xdfg\x0a\x9fY\
IC&S\xb49*\xcb\x96\xe2\xbc)\xf1gb\x1e\
\xe6\xcc\x99'\xd7\x5c\x7f\xa3,Y\xbaL\xbb\x0ch;\
X\xf3O\x01%l\xdf6\x89\x0e \x18\xd7\xcd\x84%\
kd\xdc\xa2\xd5\x8a\x9b\xe0\xfa\x88\x00#\xe0\x0d=\xd2\
\xa43p\x05\xee\x854\x13j\xf5\xc3\xaf\xe4\xc5q\xec\
\x0e`\xacH'\xff\xd6\xf8y\x92\x89gJ{Ee\
\xc0S['@\x1c(\x5c\x85\x82\x94]\x8f/n\x04\
zi\xec#\xe4\x95i\x5c\x02\x0dz%/\xab\xdco\
\xa7\x03\xb0\x07s\xf7\x1b\xa8`\x8e\x9c8\xdfr\x00\x9a\
HzJ\xac\x0c{\xf1\x16\xe9\xd8*\xbe\xfe9\x00f\
\x94\x0c\x11\xd0\xab`\x02$\x9f3\x11\xb8M\xe0\xd1_\
\xd6=C\x09\x1d\x8c#\x8d\x12\x00\xea6\x01@\xbb\x16\
\x05\x84(\xf7hW\xd1\x1b\xf2\x1d\x80*:a\x05N\
\xc3\xc5\xcf\xd4?\x11\xb0\x1fNY$\x8b\xb7\xb0\xef\x1f\
F\x0a\xad\x7f\xeeh\xf7\xbb\x1d\x14\xaag\xa3\xf6\xaf\xbc\
\xd8L\x89*\xfb\x98\x89\xee\x1b\xe1\x06\xe0\x82\x99\x9fQ\
\xcf\x0c`\xf4\xef\x1f\xac\xb4\xbfL[r\x16j\xdd\xc9\
Ik\x9c\x9fG\x03\x97_\xee(\xc91\xe0+\xb5F\
\xa2Fz\xde\xfc\x05P\x06D\x94\xf3\xdbo\x8eM\x9d\
\x11\xceSgu\x91P*\x03:j\x1e\x05\xcf\xd9\xe0\
\x00T`b\xd4\xa1\xb70\x10 \xded\xe9\xeeC\xf2\
.\xa2\xb8\xa9\x0b\x96\xe8\xd5\x07\xfa\xfb\xca\x85g\x9c,\
\xb7]}\xb1\xd6C\x9d\xe7\x81f\xab\x00\x00l\x82R\
\x15[\xecvge\xcb6\xf4Qg\x83\xf5r\xfb\xa6\
\x1d\xb2s\xf3\x0e\x22\x5c\xb0\xc9\xef\x07 o\xb7\xd6\xef\
\xc9\xbd\xcf\x99\xe5\x8eT\xbc\x1f6u\xcekWl\xfc\
\xeeH\xdd\x87\xa3e,\x14\x0cr\xdc\xf4}\xf0\xb9\xee\
L\xf7S\xae\x9a)vhb\xe8\xe4\xe4\x9b\xb1\xb9\xa8\
\xdbm\x16A\xe5\x0f=\x9f\xf5_#W\x193\xe6{\
\xb9\xef\x81\x87e\xed\xbau\x96r\xa0)/\x12\xd5\xde\
#)F\xc9m(\x8b\xbep\xc36\xf9q\xce2%\
\x04\xe2\xb8\xf8\xc36\xb2\x04pRr\x0bU\x06<\x9e\
\x8eC\xc0t\xcc\x02\xf0\xf9M\xb4\x92\xafA\x0b\x1d\x1f\
\x95\x9f\xa7\xab\xf4Jn)\xbd\xb1\x81\x1e\xa4R\xa4\xd3\
\xc3\x22\xb1\x5c\x0a\x02Jb\xcdj\xcbA;\x9b\x03\xe2\
'\xea\x01\xbc9~\x8e\xce/v\xc1\xa4 \xf2\x7f\xed\
\xb9\x9b\xa4[\xfb\xe4\xfa\xe9\x00p\x0d\xd1{\x1b\x0a\x0e\
\xe4l-\x01\x18\xbe\xefK\xba\xb5\x91\xc4p:\x00\x5c\
\xb4y\x12\xe7\xe7*\xa1^X\xc4\xb5\xc8k3\x93\xa7\
`:\x9d\xf7\xa3p\x1d\xddo\xb1\xbd\xf2z\xab\xc2P\
\x940S\xf7\xa0\xe7\xf8\xf7\xc5\xebTC=\x17\x91v\
\x9e\x0b\xa3\x7fwi\x97\x92(\xf7]{9J*M\
\xe4\x10\xda\xaa\x0e!\xd2\xd9\x0d\x82\x15W\xa4,Y\xd7\
d\xf4\xa3\x1b=\xae\xb5)\xc0\x82\xde\x81\xcd\xa41\xde\
G\xa3\xe8\x06\x83\xa2\xa9P\xd40\x9b\x22\xf2a\xc4\xc5\
\xe8\xc7\x15?3\xdd\xd9\x08\x06\x9b\x91\x14#7=\x8f\
9\x8d\x1eE\xdd.\x1d\x8d\xd5k\xd7\xc9\xcb\xaf\x0c\x85\
(\xca\x08\x93\x22\xc5\x1b\xd8\xea\xf4\xc0\xa9\xed%\xadY\
\xa0\x92@\x15W\x97kp\x02j\x8b\xa9*\xf9:\x8a\
\xeaU.\xed\xcam\x07`.\xe4oI^\xb5h\xe5\
Z}KhP\x80\x5cv^_\xb9\xf1\xd2\xf3\x8dn\
\x05&\x99\x0aZQM\xaf1j\xe9\xfe\x11\xb2kW\
\xaeF\xfc[7n\x91\x9d[v* n/6E\
\xa6\xf59\x0f\xd9\x93\xbfo\xcf^\x09\x0c\x0f\x12_\xd4\
\xe9\xd9r\x1a\xda<D\xc2\xa3\x9a\x89/z\xee\xbd\xc1\
\xb6\xe6\x89\x14\xbf\x07m\x0b\xf5.\xd4g\xc5<d\x16\
\xde\x9e\xcf\x1a:\xda;~\xe52aE\x8e\x85U\x0a\
\xd0\x0e\x03\x5c\xef;\xef\xbe+\xaf\xbe\xf6\xbal\xdc\xbc\
E\xd7\xa9\x8e\x0flb\xcf\x94\x18\xe9\x14\x17\x09\xa5;\
w\xd9\x04\x0c\x03\xcb\x00\xeb3\xd1\x9d\x80Kb\x06\x8d\
 \xc0\xf3\xda\xb6\x94 d1\xaa\xe1*K{\x8c5\
\xf6w\xe2\x89\x16\xa2u\x8e\x9a\x00\x0b6\xed\xd4\xf1\xf2\
\x82\x13\xd4\x11cEB \x96\x83\x9c3\x8aM\x99U\
A@IPym\x19'^_.\xb0\x1d?\xa1\xfc\
\xf5\x1aZ\x1aiO\xc9\x19\x91\x02\xb0\xe8\xd0gn\x02\
\x87KJ\xfdu\x00&\xa3\xade\xe8\x9f\xb3A\xfe\xb1\
\x1f\xe9\x1a\xb6\xae\xbb\xc0\x01h-I\xcd\x82t\xc3\xe7\
\x04o\xe1\xd3D\x22|\xdc\xa4)\xa2\xdb\xdau\x14\xdc\
\xf6\xfeC4\xbe\x1e\xb5LO\x90}\x90\x9a\x93\x80\xc6\
\xea\xc4\x02\x10\xe4\xb4\x1aF`\xc4\xc4E\xda\x0e\xa3\xe8\
~D\xff!H\xf9\xdft\xe1y\xd22<\x02\x88d\
\xb4\x11!=\xba\x07\xe9\xb1\xac\xed{\xc4\x03\xde1\x7f\
G\xa3F\x03CB\x13w/\xb0\x88!\x02\xe1\xf9\xdc\
P\xffdT\xc4\xac\x80\x8bn\xf2\xa6VF9`_\
\x08\x96\xf8\x87\x04(\xe2\x99\x86\xd3\x0f-M>\xa8\x93\
\xbaY\xc0\xa7\xc6\xac\x81\xda\xc5T\xdb\x19\xa03D\x90\
\x0b\xa2\xb4\xf7\xdf\xffP\x1ez\xe41\xc7#l\xe6\xe7\
)\x83P\xbb$\x979\x9fsI\x1bH\x83\x13P\xbb\
f\xbe}5\x15\xd9\xf4\x9d\xefD\xdb\xdb\xb0\xf9N\xdd\
\xbc\x1b\xa5\xc0\xd9\xb2n\x13\xdb\xb9\xa8\x03\x10\x22\xd7\x5c\
t\x8e\x5cuA?\x8d\xd6\xb9\xf9\x13\xc8\x97\x8b\xafF\
.\xa0\xbdm\xec\x8b\xcd\xfd\x80\xe4\x02<\x95\x09b\x1c\
\x22\xef=\x11\xb9\x1f\x00;\x1cm\x88\xb7\x02\xc0\x1a\x89\
\x0f\x18\xf2\xb8\xe1\xfb\x87\xf8\x83\xe0\xcaKk\xf7\xae\x04\
\xc8\x12\x11f\x95\x97L\x5coo\xf4\xc7h\x9cm\xc3\
`\x7f\xacf\x03\x8eH\x162\x16O\x0fyV\xde\x03\
{f\x0e\xee\x8dk\x94c\xcc\xfe\xf6\xde\xa9\xb1\xd2\x16\
\x99\x0a\xda\x991\xb3\x16\xcbrl|\xfc\x99\x7f?3\
=F\xae\xec\x92\xa4\x9d\x00\xc7\x0b%\xb0Z_\xcc\x8b\
\x95\x90H\x1e9y\xa1L\x06\x9d.\x1f#\xf9\x10Z\
\xa1\xcb\xe2\xc2\xce\xad\xd0 \x8a\xf1s\xda\xe9\x19{\xc4\
\xfb\xbaI\x18\xf6\x93\xda2N\x9c\x86t\x00~Y\xb0\
\x06\xd9\xf0\xb9:\x17\xe9\x00$'D\xc9+\xcf\x0c\x92\
>\x9d\xd3\x8a\x0c\xac\xea|\x17\x00=\x9f\xa9\xe8\xdf\xfc\
?\x10 dB,\x83\x0e\x00\x07\x83b@\xa9\x11!\
\x0a\x0ebd\x18\x8aM+\x1a\x0f\x8d=\xaf\xb5\xf1\xa0\
\x11#\x92\xfd_\xf4p~\x82:\xfc\xc9@\xb6\x9f\x91\
\x86\x1ae\xb5\xa6\xe3\xf2 #y\x10\x8a\x7fk\x94\x0b\
\xdb\xf4\x0a\x93\xc5\xcfON\xee\xdc^\xae\xeb\x7f\x8el\
\xdf\xb2K\x01}L\x85\xee\x06i\xc9\xee,P\xacb\
\x08\xf7\xe7\x1c@$\x0fG`\xdfA\xdd\xbc\xff;l\
\xe1+\x18q\xb0\x07\xdb\xdbSS\xab\xcc\xc8h\x14\x82\
\x07\xa3Y\x03f\x01\xf0>\x1b\x19\xcd\xf6\xa7@hp\
G\xc4FH0\x9e\x97\x1f\x9c\x03o\xc8\xfd\xba)(\
\x0aY\x02\x96\x0chgy\x0d0\xcc\xdf}\xf7\xbd\xdc\
p\xd3\xed\xb2\x0f\xa0@\xce\xe8@d\x1b.\xee\x98 \
\x17\xb6\x03=q)\x0f\xb6\xc1\x01\xa8\x8d3\xdf\xd4\xdf\
m\x05\xb3\x8a]!\xde\xdf\xc4U\xc6\xad\xcd\x94\xd7\xff\
\x9c!\xdb\x01\xda\xe3\x11\x1d\xd1L\x06]\xd1_\xcb\x00\
\xb4\xdf\xff!\x92c\xdd~\x7f\xee\x7f@\xd3\x07\x88\xab\
w\x90\xe4 \xdag\xff>[\xf5h4\x99\xb5\x0a\x8d\
\x0cU\xc7\x94u|/\x80\xf6\x5c\x111\xd3\x11 \x06\
@\xbb\x051\xa79\xd9\x8e\x9eOE9\x00%\xe5\xb5\
*v\xb7\xa5\xbd\xeb\x08\xae5+k\xa7\x5cz\xc5\xd5\
2i\xf2\x148<\xb9\x96\x13\x00\x96;\xacK\x82\xdb\
\x22Q\xc2\xa02\xe0\x82\xf5[\xb1\xae\x0c\x0dr\xcf\xb8\
\xe6\x90\x16N\x95\x18\xb4\x16Z$\x81\xa5}T\x9d\xff\
\xbb\xad\x83\xb3\x01-\x91\x9fN]\xaa\x99P\xceG\x06\
\x8eq(!_\xda\xa35R\xfd\x88\xf4\x0bu*E\
x7\x91\xb8\x00\xcfZ3N\xc6\x01\x00\x11\x16\xd4[\
\x9d\x1d\x80$\x94~\x86\xaa\x03\x90^\x8f\x1c\x00\xa7u\
F\x9fw&P\xeb/\xfe\x0e\x07\x00\xde.\x1d\x00\xfe\
\xf9\xc2N\xe9\xd2**\xccr\x000\xf1=\x9aH\x8c\
\x1f\x80:5V\xb7q\xb8\xe9\x1a\xd7:\x9b\x0aN.\
\x82x&\xae\xdc\xa8\x93\x90Z\xdd\xb7\x80\x99\xab}t\
\xa8\xf6\x9dV\xd7Ap\x0b\xd5\xd3\x86\x83\x04c3z\
Hi\x04\x9a \xfao\xd92Z\xee\xb9\xf62I\x8d\
\x8b\x05\x83\x19\xca*\x88\xf0\x199\xed\x01\x22z7e\
3\xe1T\xedA\xeaT\x8d6\x16\x87\x87\x0fT\x17\xf1\
}\x9feD\xffC-J\xef\x09Y\x03\xb6D\xf1\xfb\
A\xabE\x93=\xcf\x87\xc0\xbb\xae)Y\xa4%I\x88\
B\x07\x83\x00)f\x0c\xa87\x10\x0c\xd0RhD(\
\x0cq8\xa2/\xb0\x9e\xc1hyx#\xa3\x80\xb1\x98\
8\xf9_\xb9n\xd0-\xb2f\x8dI\xf3\x92\x04\xa8o\
z\xb4\xdc\xd0=M\xd3\x9c%m\xf2\x0d\x0e@u\xcd\
\xa4\x8a\x9f\x97\xeb`7\xe6\x16\xfb\xd6\x99\xed*\xcd\x89\
+\xfa\x93\x10\xf76n*\xbf\xad\xdc&o\xfc1\x1d\
\xf3\x94s\x19QZt$t\x00.\x953\xfa\xf40\
\xbd\xf4\x88tI\xbcC|\x9cOp\xb4x\x06\x80?\
\x02N%\x09\x81\xf8\xc1\x8a\xce\xc7\x17\x1dT\xad\xdfs\
\x93\xb7\x11\xf5v|_*\xa0Tk\x00\xf9\x97\xa9\xb5\
\xad\xeaM\x14;l\x89\x02n\x0di\x90\x0b\xd6\xd7\xb2\
\xe5+\xe5\x8e;\xef\x96\x89\x93\xfe\x85\x13\xb0O\xff\xc6\
\xcbi\x8e\xb2\xc5i\xad\xe3d5\x00\x8e3A\xf9m\
\x80\x80\x22\xad\xd0\x01p\x07(\x81\x93\xc3\xfc\xb5\xb3\xa0\
\xdak\x8f\x15\x9f6U\xf8Ns\x9f[a\xdb\xbe\x85\
\xec\xf9\xb7 \x92:hi\x8b\xd0I\xba\x14`r\x96\
D\x18D:gb\x83\xc0\x08\x98\x1a\xec\x89\xb1\xae\xd8\
\x8c\xad\xc2\x1b\xd0S1P\x22\x90\xfb\x97\x05\xabe(\
2\x00\xb4uM\xc9g\xc0\x0c\xc0\xb3p\x00:\xd5\xb7\
\x0c\x805?9\xfcs7\xec\x90\xe7\x7f\x9f!\xdb\xf6\
\xe4\xaaZ\x1c\x1f\xca\xd9\x90s\xcc@\xef#\xbd7\xce\
\xe5 \xf7Fp\x00\xdc\xc1\x92U}\x1bj\xc9\x0f\xb5\
\xa0\x03`^Kb\x11\xd4\x19\xf1\x7f\xd43\xf8t\xea\
2\xd9\x80~\xe2n-\xe9\x89\xa7\xabVw\xd5\xf4\x9a\
\x162J\xa6P)\xdb@Q:j\xe6\x0a\x10`\xac\
1\xa5\x12\xfc\xd6\x03\xadS\x03\xce>\x0du\xd3\xf3\x00\
\x22A\x0f2#\x1fF<L\xf5[Lf\x04\x02\x1e\
F\xba\x80\x86\x93\x84?\xae^0\x18\xf8\xb7i\x8d\x02\
\x1d3iM\xe1\x8d\xb2/\x9a\xbf\xdb\x87\xec\x01#\xac\
\xac\xedY 4AO5\xb9\xcfq>\xb6X\x91\xf3\
\x9c\xec\x82J\xa8\x02\x065\xa2\xa5\x89\x19`\xdf\xb3\x17\
R\x91\xac\xb1\x06\x22+\xd0\x0cc\xc2\x88l\xe3\xf6-\
\xf2\xf83C\xe4\x1f8\x02<<\x10\xb1\xf5\x88o&\
\xb7\xc3a\xf2!\xd1S)\x18\x8f\x06'\xa0\xaaMO\
\xd9\xcfwT\x9b\xab:\xbeG4\x83\xd7\x02e\xa0H\
|\x15\xdd>Z\xf2gp6\x1fh\xd4D\xc6,\xd9\
$\xc3\x7f\x9f\x86\xf9eHtR\xe2c\xe5\x81\x9b\xae\
\x02}u;\xdd\x14\xb9\x012;\xe5\x0a\xbcJh\xcb\
4i\x0a\x8e\x0b\xcd.)PU\x1b\xff\x0d\xee\x86\xc0\
V\x8d\xf2k\x87q/\xfb\x08[V\xc5\xe4\xb5\xb1i\
5\x92\xf1\x13'\xc9\xa3\x8f=.\xb3f\xcfQ'\x5c\
\xef\x11\xffO\xad\x00_\xe0t\x96o\xcd\xd6\xf6i\x8e\
A\x0cJ\x1d\xf7B\x1a\xb8Mdp\xadIm\x97\xf7\
\xde\xcb\xffzc\x97\xb3\xc1{\xf2\xf3\xa25\xf2\x19Z\
\xe8(*G\xbb\x1c\x8c\x12P\xffN\xa9**G\xa0\
4\xe7\x85R5\xe3o\xben\x8d\xa5u\x88\xa7\xbe\xb7\
6\x1c\xb6\x03\xf0\x13\x1c\x00\x0a\xe3\xd9\x18\x00:\x00C\
\x9f\x1b$\xbd\xa0nX/\x99\x00y\xa3\x0bA\xc6\xf1\
\xec/3d\x0b\x00j\x87\x81\xb8\xe5#%\x81C\x87\
\x96-\xa45(\x1d=\x00Z\x0b\xf5h*\xd1\xc8\x00\
0\xd2\xe0\x0bj\xe2\xb1\x15e\x00\xb9\xe9\xfe\xbdt\xbd\
\xbc\x05\x04*\xc9w\x88,\xbd\xa2s\xb2\x9c\xdd\xa6%\
\xd2\xff\xa4\x05\xad\xba+\xb5AP<%[\x97fB\
:u\x04\x04\x7fH\xf9\xab\xc6\x11F0\xa2ys\x19\
\xfa\xf8]\x92\x84,\x003\x9e\xf6\xa1\xef\xb5~a\xee\
\xe3\x086\xff\x08p\xa9\xc7\xc2h\xe3:\xad\x1ec\xdb\
h\x9a\x94\x99\xc5\x18\xc0\xa8\x04Q\xff\x01\xdc\x1f\xcb\x02\
\xfbQ\xaa\xd9\x8b\x94\xdbvP\xa4n\x03\x1ay\x0f\x00\
I;\x80\xbcf\x7f5;\x0f\xb8\xc8\x98\x19\xe0\xc1\xde\
h~\x9e;(J\xbd|Q\x9bt\xcd\x93_\xa6\x8f\
\x951\xbf\xfd\xa2\x7fg\xd4\xd8\x0e\x06\xebNh\x02\x84\
#][\x9a\xd1np\x00j\xd6\x5c9w\xbep\x8e\
p\xf3\x19\x01=\xf6x\x10\xd0\x9c\x94\x14\x09n\x07P\
\xd1r\xe6X\xd1lY\xae\x965\xd9\xbdy\x8d\xe5\xeb\
y\xeb\xe4\xbd?\xa7\xda\xb3NZ\xa7$\xc8\xe3w\xdc\
 \xed\xd2\x925\x82\xb3\x17\xbe\x17:U\xc2\xe2\xd3\xcb\
r\xea:\xfd\x1a\x8dZ1\x1a\xdf\x8c\xfeN\x1ex\xf0\
\x11\xd9\xb8i3\x1cu\xd3\xf7O\xbb\xc9v@f\x1e\
M\xb4/\x12\x02\x81\xad{On+]\x108U\xa5\
\xdd\xa9\x0b\x83\x98\x83M\x7f,\x820\xda\xc3,\x04#\
\xb4\x91\xec\x988\x1d\xad\x80\x1dZF\xa0\x13\x008\x09\
\xdb\x16\xb3L\x8aN\x80\x8cPo\xc3\x17Uu&\xba\
\xc2C\xc55\xc0{\xf8\x01\xe5\xdc7@\x07\xac\xcfW\
A\x80\xd12\xf4\xf9\x9b\xa5G\xfb\xa4\xfa\xeb\x00,G\
*\xeb\xe9\x9f\xa6\xcbFl \xff\xb1\x90\xcd\x03\x93\x9f\
\x02\x08g\xb6\x05\x99\x03\x22\xc780\x016\xf3Ft\
i\xf5\x02\x1f\xcb\x87\x96\x1f\x7f[\x9b\x22\x1d\x10\xd6\xfc\
\xb1\x89R\x89\x8a\x04\x14\x94/e\x94\xe2\xce\xfedL\
\xbc\x9e\x90\xf4\xec\xdf6\x0e\xaaw&J\xa9\xba\xc3D\
\x00[!\xf7;z\xce\x0a\xf9m\xa1\xa9y\xd1X\x90\
\xb0\xe4\x8a\x0b\xce\x92[\xae\xbc\xc8\xb4\xfd\x15{\xb0\xed\
\xcaUB\xe2Q\x1f\xf3\xa2\xda\x9fc\xc85\xbe0\xff\
\xb4\x5ceFX\xd6?M\xb8\xc5\xae\x0c\x0b\xf5\x0f\x87\
B\xeb\xaf\xa8\xc3\xee\xdc\x96)\x9bWo\x02o\xfa\x0e\
\xc9\x85\x83\xb0\x07\xf4\x9c{ Yz\x10\x19\x82\x5c\xf4\
`\xfb\x22\x1d\xe7\x85R@\x130pM]>G>\
\xf8\xfas\xfd,v\x11$\x02\x9cu\xe7\x89m@\x09\
\xec\xef0\x5c\xc5\xa9\xb758\x00U7\x93\xca{&\
\xe7M\xddNG/\xdd\x92\xad,\x9e\xee0V\xe4\xa3\
'!\x0d\xdb\xed\xca\xeb\x00l\x83\xbf\xf8\xc5\xacU\xf2\
\xf5\xc4Y\xd6|t\x91\x8em\xd2\xe4\xd9\xfbo\x95\xb8\
\xa8\x08\x07Q\x14\xcbH~\xe1@\xc2\xa3e5\x0f\xd9\
B\xf6\xe4\x17@x\xe1\xa6\xb8\x1e\x8a\xa2M-\xef\xfd\
\xd6\xc8\xeb\xedD\xa3:P\x5cy\x06\x00\xf8\xfa\xf0w\
d(:\x036l\xd8dq\x04\x98\xec\xa3}pi\
z!\xf3FG\xfa\xa4\xc4\x16\x0a\xdc\xad\xde\xc2E\x8d\
\x8cN\x81\x0f\xe5\x86n\xeb\xaePI\x92\xe2go\x80\
\x0b`\x1b2\x93\xda\x09\x80RPW\xa0\xe8OE\x0f\
\xbd\xe1\x020\x9b=\x9dX7\xcc\xd16\xa1\xc0\x87\x80\
d\xc6\x8cs\xcd\x1e\xea\x04#h\xfan\xeejy\x1b\
\xdd\x0c\xea\x00\xe0y\xa6'\xc7\xc8\xabp\x00\xba\xb4M\
\xa8\xa7\x0e\x00\xc6\x9d(\xf6'\x7f\x9a&\xebw\xe6\x80\
\xf3\xda\x16\xf5\xb0Z_0\x00\xa7C\xe4\x22=\x14\x1b\
\x08\xa2\x7f\xb3Y\xe5o\xc9\xc7\xf2\xb1\xd9\x9b\x92\x1d\x1b\
\xff\xb5d=8\xa8\x17\xcb\x06lv\xf4\xc2\x9bZ\xec\
y\xfc\xb9\x05\xd0\xf2\xf7\x9f\xd2NR\xd1\xdeF\x83X\
\x95\x87\x0a\xfe\x80\xdcd$\x90\xff\xfcl5x\xf8\xec\
\xb6\xe9\xa9\xf2\xd2\xe0\xbb$\x0c\x22J\xaa\x9d\xee\x94}\
\xb0\x8d\x81\xfe\x0e\xaf\xb7U\xd4\x94\xe0\x07\x83Z\xe4\x12\
(\xdc\xbe\xe0(+\xdaN\x1a\x16\x8f:\x05\xbc;\xc3\
w\xbe\x1fY\x02n\xf8;\xc1\xab\xae\x0e\x01\xfa\xb1\xc9\
\xafNb\x13\xd2\xa2\xfa\xa0\xedo\xce\xca\x852\xec\xc3\
w\xa1\x85\x0e\x1c\x02\xdeK\x12\x93\x9b{\xb5B)\xa0\
y\x81\xacEqc\xd6\xe0\x04T\xe5l\xaa\xd8\xb9\xb8\
\x16\x9a\xc2x\xfe<\x7f\xad\xbc?y\x91\xb2\xb1]\x8e\
\xccW\xdfT\xf6\xaa\xb3\x0f\xbd\xecF\x95\x98\x14\xaa\xde\
}\x08\xfc\xcc\xb8y\xcb\xcc|\xc4W\xef.\xed\xe4\xc5\
\x87\xee\x90\xa0\x00P\xe1Z\xbb]\x13\x94\x9b\x82Z\xc4\
+[%'\x8b\xe1\xb4(\xb8\xd59\xa6i\xc5n\xad\
\x96\xbc\x8b\x1b\xbc\xb5\xc1a,\xe8\xe0\xbf2\xf4Uy\
\xf3\xad\x11\xb2y\xf3fKA\xd3\xdc\xb7m\x12\x9b\xc2\
\xce\xdc\x02\xfd\x80\xbe\xadb\xb4\xb4V\xcd\xd0\x85Z1\
N&`\xc1\xf8`.\xcc\x06\x17\x00\xc5t\xd6@+\
AS\xe8p\x16\xd3\xd9\x09\xd0\x05\xd9\xa2B\xde\x10\x12\
\x00\xd26\xc4K3\x90\xb5\xe1\xa0\x03@\x22\xa0\xafg\
\xad\xc4zZh9\x00M\xa0\x82\x19'\xc3^\xbaU\
\xda\xa7\xc5\xd6\x1f\x07\xc0\xd9s\xe3\xe4e\xe4\xff\xe8\x98\
)p\x04\xf6\x18\xfdzzvT\xb8\xc3\x7f\x19Q!\
\x90\x8c\x850P\x00D.\xaa6\x94.\xc7s'\x80\
\xc4\x89\x85\x0c?\xff\xb1x-\xe8\x8b\xe7*w\x81\x99\
\x82yZ\xb6`J4\x17\xe9y\x0a\xdc\xdc\x83t\x5c\
\x1cR\xa3\xac\xcf\x97\xdd\x1c\x96|Y\x8cl(\xf7;\
j\xf6rx\x8bT\x103\xa0\xa1@\x18\xc9\xeb/\xeb\
/\xd7\x0e8W\xf6ClG\xc9\x804\x85X\xf0\xe0\
\xb8\x92C=,\xb1\x8d\xf2-\x94\xa4_@\x03R\xda\
\x90;\x1b[+I\xeb\xc8\xa9\xa1o\xc0p\xb0\x03\xb9\
\xbd\x1b\xd9\x80}{s\xf4Zg.\x98+\x0f?\xf5\
\xa4l\xdc\xb8I\xcb\x12A@i\x0f\x84\xfc\xe9\x05\xed\
\xe2\xe5\x00\x9c\x1b\xe3.\x15?b\x0d\x0e@9\xa6n\
u\xbdT\x1d\x80Fjp\xd9\x85\xc2n\x94d\xcc\xf9\
\x81\xddR\xa5]\x8b\x10\x94\xc2\xb0\x01\x95\xd1\x0d\xe0\xeb\
fm\xccB\x1b\xd7\x22Y\xb8n\xb3n\xfe\x9e(\x19\
\x9d}Joy\xe2\x8e\x1b\xf19h\xa5\xe5|\xc0\xef\
\xdd\xbc| \x00\x94\x0c\xac\x09\xeb\xb7\xc7\xbcq\xaf\xba\
F\xd3\xe9\xbc\x05G\xcd\xb6-\xb4\x8b\x99(\xbb=\xf9\
\xe4\xd3\xf2\xc5\xff\xbe\x92l\xb4\x0aj@\xe2\x88\x81\xcd\
\x8a\xb9\xb6{\xaa\x9c\x9f\x11\xafd@\xc7\x83\x03`\x0f\
\x1c\xc7b\xc9\xd6,e\x03$\xa6\x8cs\x88\x9bj,\
\x98\x1c\xaf\xe8\x99a6z;n\xc1\x9bl\x07\x80\xac\
\x89G[\xc9c\xf0\x98\x0b}\x04\xedz\x16\xec\xfa\x17\
\x90q\xff\x1c\x82X\xb4\xbbn(}\xb7m\x1d/o\
\xfd\xdf\xed\xd2\x0aX\x80z\x85\x01pd\xba0\x10\xdb\
\x002\x1b\xfc\xfd$Y\xb9#\x1b\x9e\xad\x19\x19;\xda\
\x0e\x81 \xc6\x83\xa7u\x94\xb6\xa8\x13\x9b~\xf4\x9a=\
8Y\xe8i>\xfb+\xda\x95\x90j\xe2\xa4\xe2\xbd\xc4\
\x82T\x845\xffe\x00\xe5\xb0\x9f\xb3GB3D\xb5\
m$\xc2/_\x8c\xa22WN\xde\xf0<e\xee\x83\
\xb4\xee\xc6Ly\x0d\xda\x09\x94\x9b\xc1\xa1\x00\x00 \x00\
IDAT\x9b \x1f\xa9\x9e.\xbc\xfd6\xe9i\xf2\
\xc4\x9d7Jt$\xeb\x7f\xc5\x1d\xe4(\x078&&\
Y<\x10A9\x8ffa\xb3c\xcc\x89\xbd\x09\x1b\xa7\
\xccq8<\x83\xa2L|\xfe\xef\x8c\x01\x22r9?\
Sp\x10\xce\xd1\x94i\xb3\xe4\xfe{\xef\x93\x19\xb3g\
\xab\x03\xe0\x07\xdc\xc09mbdP\xaf49\x08\x22\
\x14\x9b\xa9\xb0\xd8\xbb(\xcd+\xa9\xcc@7\xbc\xb7\x84\
\x11\xc8\x7f\xb64X{\xe1h>\xfa\xc3\x14\x99\xb3!\
S#R\xce\x90\x9e\x89\xcd\xe4\x9a\xaei\x12\x8b\xee\x8f\
\xb2\x1e\xac\xcf\xfe\xb5l\xa3\xbc\x8fR\xdaVv\xa2\xe0\
\xdc\xca\x010\xe0l\xb9\x0e\x0e-y*x\x10OB\
\xba\xea\xa0(\xd4C\x95\xc4\xaa\xe6\xedAY\xef\xb1L\
\xaf+\xcec\xb25\x03\xf0}\x15\xbagnGg\xc0\
\xb8\xf1\x13d?\xa8\xd3\x0b\x1f\x03:$\x82\x10(Q\
h7kK\x8f{\x99\xee\xbd\x92/\xe2\xdc[\x0bB\
\xa8\xf7\x80G!\x16\xc0.A\x85\x03\x98:\xb0W;\
\xf1'9\x12\x19\x1d!\xaaD\x9b\xc4n\xf2\xb6\x00\x01\
\xba\xb3E\xb0\x16\x14K\x8c\x18P.\xb4\x5c\x16\xa3\x9b\
a\xa5q\x00\xa0X\xd8\x01%p\x15\x03\x8ai^\xbf\
\x1c\x00\xfby\xf3\xc11\x8a~\xe8\xbb\x7f\xe1\xc1\xedt\
\x00Zt\xeb\xd0Z^#\x90[$K\x7fD\x87~\
\xe8\x19WD{\x95\xc5\xd3\xe5\x99u\xa66\xbe\x1a\xe9\
\xa5\x17\xd0\xb2\xb8\x18\xacc\xb6\x87\x1d\x0c\xacB\xff\x8c\
\x04\xf9i\xc1*(\x9a\xe5\xe8=\xd0\x0b\xbf\xa2Sb\
\x15\xb1r\x99\x0c\x03/\x80\x9d\x12_\xcfZ.c\x10\
\xfds\x920M\x18\x10\xe0'\x97\x9d\xdfO\xae\x05i\
J\x13L\xe8\xe2\xca$<\x87\x87_0\xd4\xfe@\xa1\
\xaa\x1d\x02U\x95\x97(\xdb8\xf2\xd1\xb1cb\xfe\xe2\
\xa5\xf2\xd8\xa3\x8fA\xf8\xe47]\x8cLW\xf6D\xfa\
\x7f\xf0\xe9\x1d,\x8d\xee\x92\x0d\xfb\xb1\xbe\xee\xb2\xdd\xdd\
\xf1\xf3*\x1aL2\xcfM[\xbbU^\xfa}&:\
_\xf6\x9a\xda*\xfec9\xe7V\xa4\xa1;\xc6\x84i\
\x0a\xb6,G\x16:M~\x98\xb7F\xbe\x9a\xb1LK\
\x09\x5ci\xe9Iq\xf2\xe0M\x03\xc1\x80\x96\x01\xc0\xab\
%\xbf\x8b\xae\x15?p\xff\xfb\x86[\xd1\xd0\xb1\x9d\xbe\
e\xb9\x95\xea{\x8dM\x19\x0c{8{\xee\x5c\x90i\
=*\x13'\xb2=0W?\xd3\xd8\x02\x913@\x06\
tU\xd7d\x04\x1e\xde\xca\x0bb\x86(\xbf\x00X}\
\x17X\xb3g\xe6\xfdo\x83\xca#\xa3g\xb6\x03\xaa\x03\
\x80K\x0a\x82m\xbe\xb8{k\x89\x84\x8dt\xe6\x02\xa0\
\xbeLk`\x00<k\x91\x03\xc0V\xc6\x91\xff,\x90\
_\x17\xad\xd5\x07G.\x95.\xedS\xe4\x9dW\xef\x92\
\x96\x91!\xf5\xd3\x01\xe0\xe4$\x07\xf2c\x88$fo\
\xd8~\x94\x03\xc0i\x95\xd6<\x08\xe9\xf4\x0c\x89\x07X\
\xac:Y\xf5J\x9e\xc2y\xda_:\xe4\x97i2\x09\
\xd4\xc5\x8cx\xf4!\xa1_w 8\xb8\x89<\xfdy\
\xe1jEr\xd2\xf3\xbe\xa9Wk9\x1bJw\xecs\
/\x9c\x86\xaf\xc8R\xe1B&\xe3\xd7\x94\xd5[\xe5\x9d\
\x89\x0b0\xd9\x0d\x078S\xfdIh\x97z\xfa\xdeA\
\x92\x9a\x00`T1\x1ff6\xcd<\x09i\x99.\x1e\
\xfe\xa0X\xd6\x94jE\xae\xa4r\xefa\x09`%\xa2\
\x98\x17^\xfc?\xf9\xf0\xe3O5\x03@\xb2\xa7t<\
\xe3g\xce\xe9*\xde\x00\xbe\x946^\x0d\x0e@\xe5\x9e\
Ai\xef.\xa9\xf4C\xcc\x08\xff\xcel\xdc\xbb\x10-\
\x19={\x95jx\xe8&\x84/\xfe\xfe\xb2NIr\
\x01\x1c`\x82a\x9dU\x1e\x8b\xfb\xdc\xb5(\x0f\xfd\x0f\
*h$q\xe1\x1c'\xc7\xc4\x09];`N\xdf$\
\xe1!AF\x1d\x0fGS\xa4\xfd\x03\xa3P\xff\xf7\x0d\
,\xb54U\xda=\xd6\xbd\xbf\x9b\xf5\xab%?|\xff\
g\xe2dy\x14\xe5\x80\x193f\xc9\x01:M\xd6\xc2\
\x8f\x02\xf6\x88-\xc8\xdd\xd0\x09@^\x0d\x13\xb6\x94\xb6\
\xa2\xea\xdeh\x14\xbeb\xa6\xfb9\x0f\xbf\x03\x1d\xfa\x88\
I\x0b\x1c\xc1\x8d\x1f\xe6\xe09\xe0\xd1O\x059\x943\
0\x9a\x8a\x8amB\xc0f\x8a@\xa8\xe63\x00&\xd0\
\xdd\xb4k\x0fJ\x18\xf3\xd1R\xbeQ\x9f\x1a)\xd7\xbb\
\x83\x01p\xc4\xb0{\xa4\x05\xcak\xf5\xaa\x04\xe0\xfc\x00\
\xa9\xe6\xf4\x0c\xda\x00'\xad\x04\xc2\xd5\xca[\xb1>m\
\xf3`\x93\xbb\x99|\xf1}\x80n%9\x82\x15\x0c\x1f\
\xbbY\xabi\xfe#\xf2\xe5\xcc\xe5\xf0\xd0\x16j\x14k\
\x1f}\x800\xbd\x12\x1c\xdcC~\x98\xa4\x82<\x5c\x9c\
|x\x8f\xf4\xed,\xbd\x12\x9b\x8b;\xa2 \x93\xd9\xcb\
\xc7\xd7\x97\xff\xc2\xcd\x22\xde\x8c\xf4\xe8(x\xb7?\xce\
_\x83\xfa>\xda\xfa\xf0\x9f\x8f\xb7\x8f\x5cr\xce\xe9r\
\xdb5\x17\x03lh\x88X\x8aZ\xee\xbc~\x9f\xc0p\
\xa4\xff\xc1\xb8\xa7\xa9\xd3\x1a\xd8\xfdym\x18\xbb-[\
\xb7\xc9\xbb#\xdf\x97\x97\x86\x0e\xd3\x08\x86Y\x9d(\xb0\
\x07>}v\x17\x89\x0b\x06_;\xe6\xc0\x11\xd6\xf0J\
tf\xca?\x8a\x0d\xef(\xdf\x08\x14\xa9\x00\xa9$\xf9\
\x8d%\x07<\x11\x0f\x8f\xfe\x17\xe5\xa8\x1d\x16 \xcdL\
)\xce\xaav-B\x15\x8c\x96\x08\xfc\x8bS'j\x91\
\x1f\xce\xf9\xc0sP\xc5\x92m\xad\x5cZ\x94\xfe\x1dp\
\xd6)\x9a\x010\xe6\xc0t\x9d\xb8\x83\xe12(:\xd9\
R\xab,\xdf\xbd\xd4\xe5W;*\x03\x0e\xcd\x00\x04#\
p\x9c\xbf\xf9\xe6[y\x1e\x8e\xb4\xad\x1e\xa8\x01\x01\xc6\
\xa9\x0d\x189\xaf\xe8\x9c$m\x81\xc5\xa0\x13P\xdf\x0f\
\x93)v\x81\x8e\xc2!\xf9\x13\xc0\xec\x17\xc1*k\x97\
\x90\xbd\x81\x858\x196\xba3t\x01\x9c3\x00t\x00\
\xd2\x83\x8d\xc4|m(\x95\xf0\xfa\xd7\xed\xdc\x05\x16\xc0\
92}\xed6\xe3\x00 \x18\xea\x83\xec\xc5\xfb\xaf\xdf\
+\xa1\xe8\xa2R\x8b]H\x81\xae^P\x013e\xfe\
\xe2\x1f3\x85\xa8\xfa\x83\x96\xb7\xcf\x1a\x9f\xe9[7\x1b\
\x15u\xe3\xaf\xe8\x94\x0c\xa0\x1d\xc1?e\x85\x17U~\
\xeasQ1\x02\x99\x8f\xba\xfbS\xbfL\x91\x1d\xc0+\
\x98Ow\x01Ui\xb8<w\xef\xcd\x92\xb5y\xa3<\
2\xfcS\xc9&\xc8\x0d\xf7\xe2\x0fa\x91\xa7\xcf\xea*\
\xad\x10\xd5\x9av\xa4\xca_/\xdb\x5cfA\xed\xec#\
\xc8\xa5\xae\x82\xa3\xa1\x13\x1c\xd1V+\xf4J\x0f\xb9\xe7\
\x16Il\x19\xa5\x9fm\xc0\x8a\x85wN\xd4\xbc \xf2\
\x13\x8e\xb6\xbf&\x1ehK,\x0b\xba\xaf\xf2CW\xb4\
\xc1\xc7owB\x13\xe0\x7f\xa3F\xcb\x93O\x0d\x91\x1d\
\x99\x99z\xdd\xc1\xa8Y\xde\x05\xd0\xe4Ih\x9f\xdc\x8f\
LKi\x04J\x0dY\x80jz@N\xa7-\xca\x01\
\xe0\xcc\xa2s\xbe\x18\xdc\x1dO\xfc0M6\xa1\x0b\xa5\
\xf0lc\xa9\xee\xf6\x13\xda\xc2ao\xaeL\x98%\xc5\
\x9f$h\xa1\x18\x18\xbbi\xd8\x0d\xc4\xa9I\x1c\xcb\xa0\
\xcb.\x90+\xce\xef\x0b@\xabI\xff\xb3\xfd\xcf'(\
\x5c\x02[\xc4\xd5\xbf\xda\x7f\x19\x1eea\x0b\xc2Mk\
\xcb\xb6\xedr\xef\x03\x0f\xc9\x8f?\xfe\x0c\x9d\x0fR!\
\x9bR\x00\xb9R:\xc54\x93K\x10\x98Pm\x93\x98\
\x9a\x9aq\xf7\xcbpcU\xf8\x12\xb6\xfaM\x01\x15;\
9e\xf6\x92\x1e\x19\xe7\xf6\xc0&\xda\x0d\xad\x80'\xa4\
\xb6\xd4\xb1\xb1\xc7\x81nQ\x1a\x98\x00)1_\xf3\x0e\
\x80\xc1I\xad\x84\x92\xe5\xcb\x7f\xccVvW\xe5NA\
\x1b\xe3i'\xb6\x93\x91(\x01\xf8\xb3\x9d\xbc\x88\xa7X\
\xa7\x1d\x00:\xb4\x8d,\xaf\xf6u\x80\xda(\x85x\x10\
\x85+\xa6\x0d\x99\x16\xd6t\x97nj\x86\xf9\xea6D\
\x15\xe9\x11\x14\x08\xb2\x1fc\xf5Nk\xb3\xf9\x1f\x06F\
\xe1\xa0*M\xfd\xb5\x04\x12\x9d\x965# \xe9\xf1;\
\xaf\x97s\x80T~\xfb\xd3\xaf\xe5\xa3o~F4k\
\x9c\x03z\xde\x0f\x22c\xd1\x1c\x00\xc0\xaaH\xbe\xd1\x89\
 \xe0p\xf4\xdc\x95\xf2=j\xff\x07\xa8\xf8\x87\x13\x07\
A-\xed\xca\xfeg\x81\xf5\xef\x02\xe5\xec/VI\x0f\
\x06;\x10\xadS\xbe!\xcd-g\x84\xab\x8ei\x0d\xae\
\x88c\x9b\x22\xe4u\xef\x05\xe5\xf3\xaf\x7f\xfe-\xf7?\
\xf8\x90\xac[\xb7^\x9f\xb3\x0f\x00\x94\x17\xb6O\x90\xeb\
\x81\x22\xdf\x8f\xfb+\xc9\x01P\x8f\xff8\x88l\xaa\xd0\
6\x96\xebTEF\xfe\xceg\xc0\x94\xf9\x1e\xfd\xca\x04\
\xede\x93j\xda\xe1\xe0\x9a\xd9\xce\x0d\x87e\x80\x0b\xdb\
\xc5i\x87Gq\x06\x963\x8f\xf4\xa7?\xa1\x8b\xe0\xd3\
iK\x95H\x8bs\xbdMj\xa2\xdcu\xdd\xa5\xd2\xbb\
s;\xf0\xff\xf3\xec(\x13\x81\xe2:(2N\xbc\x83\
\x09r\xc5\xe7\xd8E\xefr\xddY}x\xb1U\x0a\xc0\
\xadP\xfc\xe8\xe1\xc7\x9e\x90O>\xfb\x02Nu\x96#\
\xc2\xe5\xd0\xb0\x94vJJ\x94\xae\xa9HtP\x1d/\
\x1d\x01\xf3\xc1C\xf2\x1c\x00\xda\xc4\xa5(\x90\x0e(\xff\
\xb6p\x86\xa8\x9f\xa0T\xe3\xf6\x14\xc0\x14J\x0er\x97\
\x10\xb4\xac\xd6\xb4\x03`g+\x88+{\xfe\xb7\x19\x9a\
I\xb6;a\xce\xed\xdbU\xde~\xe96\xf1@&\xa3\
\xde9\x00\xf6\xb3\xe0\x86\xfe\xc1\xbf\x8b\x00\xe0X\xaa\xd1\
\x1f#\x7f\xd5j\xc6\xd3\xb2y\x9diHX\xdb\xea\x15\
\x17\xa1\xcc\x80\x852!\xd5\xb6\xb2\x99\x8e\x9e\xb0|\xbd\
\xbc\xfa\xd7\x5c\xd9\x85V';\x9a?\xbdOwy\xe9\
!\x88\xda\x00\x89{\xdf\xb3\xaf\xc9\x94Y\xf3\xa0BF\
\x94\xe9\x11\xf4C'\xc9e\x1d\x93\x84\xe9\xa7\xaaXx\
4\x8a\xf3\x91&}\x13-.\xcbA\xc7\xcbsR\xa6\
\xb7c\xebt\x19|\xdb\xb5\x12\x17\xd3\xc2\x00&Y6\
\xe14Q\xa0d\xfe\xe1\xee\xe3/!q\xa9Z[U\
\x03]C\xf5\x7fu;p\xed\x07\xc1*\xf8\xef\xb4\x19\
r\xc7]\xf7\xca\xbcy$\xbd@{\x17`\xb9\xdd!\
f\xf2\xc4\x19\x9d\xca\x946np\x00*?\xe5K\xdd\
\xe8\x8b\xf9\x88\x03\x87\xf2\xd0\x02;\x1b\xad\xb0\xeb\xb1\x81\
\x1bf:\xfb\xb0\xd1\xd7'$\xb5\x90k\xba\xa5\xa0\x1b\
\xc0\xb7h\x95Gk\x0f'\xa8\xf5\xcb\x99\xcbP\xbb]\
\xa9\xa5\x1fF=}\xba\xb4W\x07 .:\xca\x9c\x16\
\x93\xa6\xa9\x87\x07\xda\xff\xd2P\x06\xf0\xc5\xbf\xf33\x83\
\xc5\x11FU~tj\xe1\x19\x9c\x9c\x1e;8\x1a\xf2\
\xfcK\xf2\xf6\xbb#e\xeb\xb6mG]\xb0\x0f\xc6\x92\
\x00jb\x91\x94\x17\xa0\xbe\x81\x01m\xe3j\x05\x84\xfc\
\xb6j\xc7.y\x05\xca\xb2,+\xf1p\x85\x03\x90\x0c\
\xf9\xe7s:\xa0\xf3\x09c\xe0\xc8\x01`\xfe\xc5\xf97\
\x95\xe6>tP\xab7\x90,\xcbL\xe2\xf3\x9c\x0b\x0c\
\xdc\x10d/Hd\xc4{\xf1\x01q\xda\xa5\xe7\xf7\x91\
W\x87\xdc`\x95\xbe\x8f.\xe7\xd4\xe9\x0c\x80=0\x94\
\xe5\x1c\x85\xfa\xfa;\xa0q\xcc%\xcf<78\xa4\xb7\
\x99\xcab\x84\xc0\x7f\xf3\xe1Q\xef\xfa\xac\xd61\x8a\xac\
\xaf\xb6\x1a\xb6\xd3\x22\xe3\xb4\xd8\x05\x80\xcd\x10\x90\x14M\
\x07\xe2\x99\xa5\x0a\x1a\xb8\xb0\xe0@\xf9\xbfG\xef\x92.\
\x19\xade.\x10\xed\x0f\xbd\xf0\xa6\xacB$Kz^\
^\xf3\x83\xa7w\x84\xa3\xd2\xcc\xf4/W2\x05\xc0\xcb\
!\xcf5#\xff/\x80\x92f\xcb\x14gG(\xe4~\
/\x01\xe7?\xdb\xa4\xc8\xbd_\x5cJ\xbc1\x99\x09[\
$ }\x1aV\x96yxL^\xc3\x0c\xcf\x82EK\
\xe4\xfe\x87\x06\xcbo\xbf\xff\xa9\xe2D\x9c\xdad\x04|\
\xb9\x7f\x8fR{\x98\x1b2\x00\xd5\xf3\x98l\x87\xc0\x99\
\xc5\xaf\xf0\xcf|vD+\xbf\x8cN\x18\xf6[\x1f@\
\xdb&\x9dbwww\xb4pBG\x82e;\xccy\
\x82:\x07\xc1a\xa7@\x0d\x17\xc1Q\xf3\x13\xaf\xa1\x8f\
\xbf\x18\xbd\xdb\xcc$\xa8\x8c+\x0e\xd6\xff\xd9\xffO6\
\xcb\x00?_G\xa6\x87\xdc\x15\xa1q\x10\x8c\x82\x8co\
\xfd9*\x97}c\xb9\xef\x0d0\x04\xbe\xfc\xcak\xb2\
~\xfd\x06\xcbW\x82\x12\x9e\x15\xe9\xf2Yu\x83\x1d\xba\
\xaaK\x8ar4T\xd2\x14\xd5\xfaag \xb9\x098\
\xa9\xb7',\x00=;\xc6\x03\xc3KPj\x1c\xb4\x00\
\xce\x07\x97\xbe7JS\xf6VO\x1b\x12\xe1\xddTZ\
\xfa{\xd6\x8aqa\xd0\xcb=\xe6\xe9\x9f!\x86\xc5@\
\x13\xf7\xe2\x0f^\x99\xeb.?M\x9e\x1d<P\x83\xb6\
\xa2l|\xddw\x00h\x08\xd0\x93AJ\xdbW\xfe\x9a\
\x85\xdeb\xa3D\xc7\x14{\x08\xea\x1e;!x\xc3\xfa\
7\x1f\xee\xc9)-\xe4J\xb0\x8dE\x020V-5\
`\xcc\x0e-\x8f[\xee\x05\x19\xf7~\x82\xd0\xcepD\
\xde\xec\xed\xe7_\x9a\xc2\xa3\xec\x0fy\xd2\xfb\x06]!\
\xbe\xde^\xf2\xcd/\x7f\xc9\x8b\xef|\x82\x14\x1c\xeb\x97\
G\xa4\x05\xd2mO\x9c\xd9U\xc1l\xdc\xd8*;\xbb\
\xb8\x88g\x00\x14\xf2\x1e\xd8\xa1V\x80Q\x8f\xf7M\xed\
\xf4\xd6)\x89r\xcf\xf5\x97K\xfbV\xa9%\x8c\x05\xe8\
0\xfd\x83\x00\x9cJ\x82\xaa_-0\x9cN\x85\xcc5\
\xeb7\xca\xb3\xcf\xbd$#\xde\x7f\xdfd.\xb0\x00\xc2\
\x81\xefx\xfe\xbcn\x12\x17\x029S\xd4ZJz\xc6\
\xd5\xf2\xfck\xbd\x89\xab\x9e\x0bt!\xda\xd2~6%\
\xec\x12\xf6\x9f\xb8\xf1S\xb0d-Zb\xd9\x0dC'\
\xb3U|\xbc\xac\x01\xb1S\x16k\xd14\xae\xe8\xbf&\
\x10\xb0klx\xb1\x02A\x5c\x1e\xff\xac\xd8\x84n\x82\
\x05\xca\xde\xc6\xf5\xd5,4X.?\xaf\xaf\x5cy\xc1\
\x99 Bq5\xfd\xfe()x\x81\xb7\x228\x86\xfd\
\xff\xf5\x0d\xd4V\xb8\xba_\xf6g\x9c\x07\xd0\xef\xff\xbe\
\x1a%\x8f?9D\x96\xafX\xe1x\x86\xadP&e\
\xf7\x11\xb5UX2\xed\x8f\x8e\x0cfb\xea\xbb\x03`\
H\xd2rQNZ\x22_A$\x8d\x07\xa9\xc6\xa3\x83\
\xfd\xe5\x5c\xb4\xd3\x05+~\xcc\x1c\xb4\xf3\xc1\x1eP\xdb\
\x03\xc5|M\xb7\x94p\xbf!~\x81N\xf0S\x086\
\xb9\xdf\xd1\xbe\x05b\x9f\xbb\xfd\xbasd\xf0\xdd\x17\x17\
\xbb\x8f\xd4Y\x07\x807\xa8\x88y\x8d\x04\x5cd2\x80\
@\xbc\xf9=h\xa3\xe3\xddr\xd1\x93\x03|\xf3\xf6L\
\xc9\x01\xb7<\x8f\x0c\xd4\xd6\x07\xf5LW\x96\xbd\xea\xd8\
\x00\xb4\xdb^\x9dr\xd3n\xc3\x9e\xff\xc1c\xfeU\xc2\
\x1d.\x1e2\xfa\x85\xc3@\xbd\xf2\xd8]\xd2&%I\
#\xfc!o\x8c\x94\xaf~\xfc\x03\xb4\xb6$\xe5p\x81\
\x12`8Z\x16\xdb)\xa8\xcd\xb0xU\xfc`\xf4\x9f\
\x09\x16=J\x5c\x8e\x02E$[\xa4x\x1d~\xbe\xbe\
r\xde\xe9'\xc8\xed\x03\x07\x88\x97*\xa2\x15\xfc\x14;\
\xae p*\x14\xa9\x7fw\x9f\xea\x19\xaf\x0a\xdd\x99e\
\xef\xb6ef\xcb\x08t\x02<\xf2\xf8\x13j\xe49\xde\
l\x1b\xbb\xff\xd4\x0c\xe8\x9aG8\xbaAJ\xfa\x8c\xea\
\x98\x03\x15\xba\xa7:\xfe&\xd3\xda\xc7\x8d\xb6\xe4-\x82\
\x998\xee\xbf\xac\xff\x7f8y\xb1\x8aP\xf1\x08\xf6\xf7\
\x93+\xfa\xf5\x93\x1f&\xfc#\xcb\xd7\xadS{J!\
\x16\xae\xd5\x13!\x10d\xd8\xd6\x0a\x1e\x9c\xa3\xd4?\x1f\
\x05\xd2\x93O\xa0\xe0\xb6\x1f\xd93>\xcf\xa4\xb8h\x19\
t\xf9\x05r\xc6\x09=\xb45\x8ak\x91\xce\xab\x7f\xf3\
h\xed\xff/\x5c\xde\xaa\xe3C\xef@\xab\x97\xf7>\xb8\
^\xf2\xa0\xa0\xf8\xd7\xdfc\xe5\xde\xfb\x1f\x94\xf9\x0b\x16\
:v\xb6s\xa1A\xc2\xfa?\xcb\xa8^p\x04h\x8b\
\xaaS\x96\xbc\xbc\xd7^]\xaf7t\xba\x07\x80\x95B\
+ h\xd2M \xd9\x08\xaa\xac\xbe\xda\x0a\x18\x01.\
\x00[7\x82v\xde\x07\x81g\xab`(X\xdaBh\
\xd5ua\xa5\x9c\x97k\x81\x9b\xfe\xd8\xe5\x1b\x00`\x9c\
\xae\x19o\xda\xc4`\x90i=p\xfb\x00\xb9\xf3\xc6s\
\x05\xa9\xb5\x22\xcfRg\x1d\x00g\xbf\x97\xe9~F\x15\
\x0f\x8e\x9e$\xd9x\x80f;s\x91\xb6\xa9\x09\xb2a\
\xcbv\xd9\x99\x0d\xd4;4\x02\xa2\xd0\x0aq\xdb\x09\xad\
%\x03=\x9d\xd5\xc9\x0aH\x94<%%\xbf\x06\xdd\xee\
\x87\xff.\xb1jg\x88\xbca\xfd.Ctr\xff\xa0\
\x81\xaa\xd4\x94\x83\x16\xb6\x9b\x1eyNf\xcc[\x04\x19\
\xddC\xfa\xf7\x0b\xe1m_\x8e\xba[a%\xc0r\xfb\
\xf9x\x03\xf9\xbf\xe7\x81\xf3\xff\xe3\xa9\x8be\xee\xfaL\
\x05H\xf1<\xc9\x09\xb1\xb8\x86\xab\xa4g\x87\xb6\xa6\xcf\
\xba\x90\x03\xa0\xa3\x87k\xf1\x0d\xa5hJL\xb58K\
\x15Y+\xf6\xa5\xf2\x1er\xe00}\xfb\xdd\x18\xb9\xe6\
\xba\x1b\x11\xfd\x13;\xe1\xa2r\xc0TR\xbc\xb8c\xa2\
\xe4!\x03PZi\xae\xc1\x01\xa8\xc8S(\xfa=\xa5\
m\xfe|\x97M,C\xba\xd5\x9f\xa0\x01@\xf1\x12>\
\x83\x8c\xe4Dy\xe0\xaa\x81\xf2\xcag\x9f\xcb\xb4\x05\x0b\
\xf4\x03\x18\x81^\x85u\xd07-\x06k\x01X\x98\xc2\
\x0e\x00\xde\xb7\x0a\xa8\x7f2\x9f\xfd\xbd\xc4\xa4\xaf\xb9\xa6\
\xbb\xb6o\xa3\x99\xadV\xc9\xf1V\xf9\x0c\xa4C\x9e>\
`\xffK\x107:\xb2\xa5\x22D\xaanL\xaa\xfbL\
\xba\x89\x1fa\xba\x97\xa3C\x01%j\x9d\x94F\x9e\xc4\
l\x8di*\xa6\x030\x7f\xfe\x02\xb9\xf1\xe6[e\xda\
\xf4\x19j7y\xce~m\xe2\xd0\x01\x90\x082 \x13\
\xf1\xd6Ya\xa4r>\x00\x9aA\x96\x8c\x7f\x076e\
\x18\xda\xe9\x98\xc1\xa5M\x0eA*\xfd,\xc8\xcb\xb7\x04\
-\xb0\xf3\xc1\x8e\xf26\xd0\x03\xb0[\xb5\xcb\xf9qU\
\xf6r\xfb\xba\x7f[\x84,8\xf0\x0b\xfc7\xd7U8\
J\x17C\x1e\x1e(W^r2I`\xeaW\x09\xc0\
yC$\xe2\x7f%\xc0\x1bw|5Ay\xee\xed\xd4\
y\xa7\xb6ihu\xd9\xa1Y\x00\xb2\x81\xf9\xa3\x86s\
S\xefV\xd2;\x01@@\x05tT\xcf\xc1\xd6\xa4e\
\xdb\xb2\xb5's\xc9\x16\xa4\xdd\xf9\x1f\x82\x91\xc8\xe6\xe1\
2|\xc8\x83\x92\x12\x07a\x06d-\xe6/])\x83\
\x1ezF6\xe3\x1a\xd9\xad@o{P\x8ft9%\
5J<Q\x97\xaf\xd4\x81\x01\xda\x05g\x88\x93\xe2+\
\x80\xa4vR\xe2\x12\xd7\xc1\xb2\xc3\xd9\xa7\xf6\x91\xbba\
$}\x10\xfd\x17eXi\x09<\xfc\x82$\x00\xa8i\
W\xb4\xff\xd5\x9a\xc3\xca4\xf3\xfa\x98:\x9e8y\xb2\
\x5cr\xf9@\xd9\x86v&\x1eTRd\xe4r\x07\x94\
\x01\xcb\xd2\xbf\xdc\xe0\x00T\xcd\x93-\xcb\xe6\xaf\x9b\x15\
>.\x07\x8e.3u\xb3\xd7m7-\xbbx\x96g\
\x9e\xd0S\xee\xb8\xe2by\xee\x9d\x0fe\xc2\xf4Y\xda\
9\xc3\xe8\xf3\x82\x8c89\x0f\xd1(Ky\x85\x0f\xae\
\x97q\xcb7j\xff\xffj\xac}\x1a=/\x00\xfd\xce\
>\xb5\xb7\xdc}\xdd\xe5\x12\x88\xa8\xcd8\x8c\x8d@\xff\
\x1b$\xc1`\xafl\x0c\xd6\xb6\xfat\xe4\x1dAY\x91\
\x0e\x80]\x7fQ\x15E7\xcb\xa1/\x1d\x1fp\x04c\
\xb3y\xf3\x16\x19x\xed\xf52v\xdc\x04\x0d\x928f\
\xbdScQ*\x85\x8aj \xf4S\x8a\x09\x10\xea\xd3\
8:\xdf\x0b1R\x13WlF;\xddL\x9d\xab\x9c\
W\x81^\x9e\xd2\x17jz\xa9\x11\x10\x90r:\x981\
H\x0d\xf4@+`\xe9\xe4c\xd59^|\xd2\xbba\
\xeb\x7fD7\xccp\x10\x01\xd9\x0e@d\xb3\x10y\x1d\
J\x80\xfdN\xef\x5c\xff\x1c\x00\xc7\x80ZiE\x02\x8b\
n\xf9b<\x00F9\xba\xd1\xf1\xe8\xd6\xa1\x8d\xec\xd8\
\x99-\xeb6nF?\xf0A\x00\x03] \x1a\x93\x02\
\xde\xf88\xe8\x8e\xa3}\xa3:\x9e\x0a\x16L\x0e\xbc\xc8\
o\xc1(\xf5\x19jI\x8ar\xc6\xe5\xb8\xa3\x1ey\xdb\
\xc0\x8b\xe5\xc6\xcb\xce\xd7\xeb\xf3\x00\xc2\xf6\x93\xef~\x91\
!\xc3FJ\x0e\xeaN|M3\xd4\x98\xee\x82\x1cg\
[\xd06\xbaY\x0e\x8a3\x88\xaa,\x97ko\xe8\xac\
t\xae\xd8\xbeK;#&\xc0P\x1e\xa2\xf4)\x16|\
\x1a(Ri {\x03)}D\x0d\xb0)3\xf0}\
\x86\x8e\x15\xd7\x0a\xc0\x94_s \x7f\xbd\x81C(\x22\
;P\x96\xeb\xa8\x8e\xd78;}\xfcy\xe1\x92e2\
\xe8\xa6[d\xf2\x94i\xfaq\xcc\x04\xb5\x87\xf8\xd3C\
\xa0\x04\xf6\xb7t\xe5K\xba\x8e\xdato\xd51^\xc7\
\xec\x9c\x984\x8d@\xf0S\x92,\xaa\x01^\xba\xa8\xd6\
\xc5\x13?NG\x9b\xd5\x1e\x9ds$+\xb9\xfe\xe2s\
\xe5\xf2sO\x97\xe7\x87\x7f,\xbfM\x98\xa2bTt\
\xeaO\x01f\xe7\xe2\x0eI\x12\x83\xfa\xb3\xf3\xc19J\
\xe6L\xa6\xffG\xa3\xbc\xc5L\x02\x8f\xd8\xc8\xe6r\xdd\
%\xe7\xc9Eg\x9eb\xcd[d\xdd\x90\xfe\xf7\x05\xfd\
\xaf\x1f\xd3\xff\x5cy\xf6|v\x02\xeb\x1e\xb3q\xaa\xc2\
\x0fRR\x9a<:\x00,y:\x1d\x8d\x00TCd\
\x9f_\xf4->w\xc8\xbfPQ\xf3\xfaA\xb7\xc9\xf7\
c~\x846\x00I\xb5\xf2\xa4]B\x8cv`\xa4\x87\
@\xea\xbb\xb2(\xe4*\xbc\xe7cq*\xd6\xd2I(\
\xf5<Z\x01w\x02<\xcd\xc3\x0f\xc2R\x94\x04n\x17\
\x03Yi\xce!+lbS`K\x7fW\x09\x03o\
KM\x1et\xc0\xb3\xd0N\xfb\x0d\xd6\x03\x1db\x1b:\
\x16\x1b\x15.\x1f\xbey\x9ft\xeb\x9c\xeap\x00\x0a\xef\
'u\xb6\x04\xc0\x01W\x1c\x00\x1e\x18\x0d\xcbn\xf4\xb4\
\xde\xfa\xe5xYk\x19\x16>\xa3\x1e\x1d\xdb\xa2g<\
W\x96\xaf^gp\x00\x18\xa8\xf3\xb0\xf9Sv4\xd4\
\xc7\xa3Z\xfa7\xd9O\xbf\x1e5\xff\x17~\x9b)\x8b\
6\xef4\x9c\x04\x049%\xc5\xcb\x1bO?\xa0\xd4\xa4\
\x5cS\xee0|\xf7<\xf3\xaa|\xf7\xdbXE?s\
1\xa6\x86\x07\xc9}\xa8a\xc7\xa2TQQ\xb0\x92M\
u\xccq\xf9\x07\xcc\x88\x1f\xa0\xd6J\x91\x0b\x1e\xbe>\
^r\xe6I\xbd\xe0\x00\x5c&\xbe@K\x17\xc6\x170\
s\xe2\x814\xa9o\xb3(qE\xda\x94\x98\x05\xe5\x1f\
\xacEN\x80\xbd\xd0\x88\x8fX\xbfi\xab\x0c\x192D\
F~\xf0\x91\xfe\x9a\x0e\x1e\xe9\x9e\x1f<\xad\x1d\xc6\xd0\
\xcf8x%\xd4Nj\xe3}\xd5\xa4!\xa9\xe8g\x17\
\x97\x01p\x8eA\xb9\x0e\xdc\xe1\xd4~\x07.\x8a\xe1\xe3\
\x17hg\x0a\xd7m\x90\xbf?\xcaQW\xa2f\xdfM\
^\x1e\xf1\xa9\x8c\xfeu\xac\xec\x82\x13O#\xdb\x05\x00\
\xc0\xab\xba\x12\x81N\xea^\xe7\xd9\x9a\x07-\x8d,\xf9\
\x0c\xce-\xb1?\xec\xae\xe1\xd1\x0b}\xff\x0f\xdet\x95\
\xa4\x80\xdaZ\xe9\x7f\xf1\x1e7Ood\xb2Z\x22\xa3\
\x85sT\xf4\x06k\xe1\xfbT\xd3\x04\xe24yp\x02\
\xecMZs,\x8d\x9ab\x5c\xf3\x01\xbbv@P\xd4\
\xbd\x1b\x1c@#y\xe0\xc1GA\xab\x0d \xf2N\xe8\
\x93\xe0^\x13\x80\x9d\xba\x1eT\xe4\x1d\xc3}\xa4\x91C\
^\xbd\x16\x0eB5\x5c\x123K\x0b`\xb7\x9f\xfbu\
:H\xaar\xd4\xfe\xb1\x1d\x9bD@\xdd\x93\xa25S\
k\xa6\xa2\x09\x9c\x22}\x9aH\x0b_\xf7J\xa2\xb5*\
w#\xbc\x1e\xb6\xfe}1m\xb9\xaa\xbc\xda\x9b|\x02\
\xda\xa2\xbf\xfe\xe0\x11IO\x8ee\xca\xb4~\x95\x00\xf2\
\x87\xcc@\xe5rA\x07|\xc7\xff\xc6\xcb2D\xbdJ\
\xfe\x83\xffz\xa0\xc6\xcd\x1d`\xde\xe2\x15\xb2\x07\xe41\
\xea\x14\xc47\x03\xcf~+\xe0\x01|\xaa\xdc\x01\xa0\xd1\
b\xc4?f>IN\xd0\x92h\xd5]\xfc|\xbd\xe5\
\x86K\xce\xd7\xe8\xdfd\xd4@;\x89\xfe\xff\x8bny\
H\x96\xac\x5c\xed\xe0\x98>19Ru\xedC\xd0\xbf\
Y\xd1C\xab\x818\xff\x0e\xdc\xef( Y\x19!\x91\
\x18\x87\x0eE\x5ct$\xa2\xad\xf3\x14\x00h_\x87q\
\xa4L\xcd\x9f\x1c\xe9~\xcd[j\xcf\xb4i\x1b)q\
\xff\xac\xe8%V\xc9\xfbx\x9fY\xd8(>\xfb\xe4S\
\xb9\x1b &\xa6\x8dy\xdf\xcd@\x9et\xfb\x09m\x14\
=^\x1aAG\x83\x03P%\x8fBO\xe2\xec\x04\x14\
\xee\xadW\x15Jx\xa6,\xcb\xbc\x00\xa2\x92\xdfQ\x96\
:\x00\xbe\x0e\x1e\x09\xb1Q\xf2\xe8\xed\xd7Iwd\xeb\
\xde\xfet\x94|\xfc\xcd\x8f\xb2u\xbb\xd9\x88\x88F\xbf\
\xb6{\x1a\xa8i\x83-\xe9i3\x1fYb\x1b\x07\xbe\
sf\xb7\xd8\xb7\xcd\xdf\x05\x00\xd8z)\xb2\x08l\xff\
sCvM\xf7B\xcei\x96\xb2\xc0\xfe\xd7\xc4\x15\x91\
q-td+\xfa\x04\x0cq\x97\x9d\x05\xb0$P\xf9\
o\xd6\x1a\x1baC\xd2{-\xb9\x0c\xa0Y\x84&n\
\xf2\xfa\xebo\xc8\xd0\xd7\x86\xc9Z\xb4\x22s\xe0\x22\xc3\
\xc3\xe4\xba\x13\xdaK\xf7\x08?iz\xd8\xe04\x8e\x97\
\x83c\xb2l\xdb.0\xcb\xce@\xd7T\xb6\xce#O\
\xcc\xa7\xeeIQrRZ\x9c\xe2\xaa\xec\xd1\xe0\xf7`\
\xcf\xc6\x12\xef\xefa\x00\xa75xl\x04\xa3\xe6G\xc0\
\x9bQ\x08\xc8~\x5c\xadRb\xe4\xfbO\x1f\x97(\x94\
.\xf2\xa8\xb6Y\x14\xd6k\xc2=\xfdm'\xb1\x06/\
\xbf\xf2\x1f\xcd\xfe\xe1{\xbf\x99(\xf3\xc0\xe4t\x88\x00\
0<(\x96\x00\xfc}\xbce\xea\x9c\x05\x0a\x04\xe4\xc3\
L\x0c\xf3\x97\xbb!\x0c\x94\xda,\xb0\xd2=\xf6\x85\xaf\
\x9a\x9fIIbF\xffK\x91\xea\xd4\x96; \xe9\xd3\
\x13\xe3\xe4\xd9\xfbnV\xd1\x1d\xbe\xa6\x09Hk\x16-\
_-\x97\xde6\x18\xd1\x0e\xa3s\xb3\xd9^\x0dQ \
\xaa\x16zU\xb2\xfe\xcfsM[\xb3U\xc9\x91\x16o\
\xca2%\x08x\xb1=:\xb6C\x19b\x80FH\xce\
\x07_\xdf\xd4\xcdS#%/\xff\x10\x95\x0d\xae\xddK\
\xde\x80\x98\x0e\x02\xd71\x1e\xb2\xa6\x97\x0d\xbcV23\
wj\xbd\x92\xe9\xba+;\xa7\x80\xc1,\xde,\xd6R\
f\xf7\xf1d\xdc*\xbf\xca\x8a>C\x990\x00\x98d\
{\x90\xa5\xbb{\xd4D5\xac\xb6sF\xb6\xbe\x07\xc0\
\xd9\x9f\x96\xd4R\xfe\xf7\xc3\xef\xf2\xc6\x87_\xc9Z\x94\
\xecx\xb0\x9d\xf3\xfa\x1ei\xd21:\xcc\xb0\xb0Y\xe5\
*v\x0fP\xf2\xf4\xfby\xabP\xfb4\xe9\x7f\xaa\xff\
\xb1\xc4vj\xaf.\x96\xb40\xd6\x19\xd3\xff\xa1T\xff\
kae\xd4j\xf7\xac.\xcf\xf31\xaa\xa6\x98\xdc\xac\
\xdb\x8b!Sr\xccu:\x00\x05\xf4:\x8a^\x04\xc6\
\x01p\x971c\xc6\xc8\xa3\xe8\xa6Y\xb0p\x91\x9e'\
$(P\xae:\xa9\xb3\x9c\xd8\xc2_\xbc\x8e \x0d~\
\x1c9\x00\x1c\xd35\x99{d\xe8_\xb3!S\xbd]\
\xf7\x08\xd2\x01wh\x19!\xfd\xda&Z%\x00\xf3\xa4\
8\x9b\xfc\xdc\xd8\x0a\xe8\xa1`\xc1\x9a<\xd8q6\x12\
<8\xff\xac\x80\x10\x10\x9e\x17\x01\xb1\x9d\xd0\xb90\xe6\
\x93G\x95\x1b\xc3\xaaZ\x1cu\x89u\xb6\x04P8\xca\
\xe0\x1c}\xf8\xbb\xc92\x15\x1b\x1f\xd1\x9b\xfc{\xe7\x8c\
tID\x84\xf1\xd7\xa4\xe9\xb2\x05@\xc0<X\x9d@\
\xb4\xb4\xdc\x876\xbb.h\xb7\xabJt+'\x03k\
\x91?\x22\xfa\x1f\x81\xe8\x9f\xd7\xa0\xb5~\xd4\xa2\xaf\x19\
p\x8e\xdc\x8a\xc8\x84\xec{l]$\xbd$\xfb\xff\x1f\
|\xe1\x0d\x80\x13\x91\xfeg}\x147\xf0X\xbfN\xd2\
\x03i\x9b\xd2\xf8\xcfK\x9ah\x1c\x87\xdd\xa0\x1e\xa6\xe8\
\xcfW G\xcaUvA\xa8\xf8\x81\xf6w\xc0Y\xa7\
\xca\xb5\xb8\x16o\x80\xff\xcc\xa26\x11B#L\x16\xaf\
\x80Pu\x00\x08\x94\xaa\x0b\x9b\xa22\x99aq.X\
\xb2\x5c\xae\xbd\xf6:\x995w\x1e\x9e\xef\x11\x05O\x9e\
\x96\x16%w\x02\x08\xa8\xed0\x8e\xa5j2/j\xf4\
\x9c\x8e\xbap\xaf5iX\xca\xf2\xd9\xa59\x00\x1cq\
\x1a\xc8\xb9\xebw\xc8\xa3?\xfc\x0b\xa0\xae\xa9\xadr\xec\
\x07\xa2_\xffz\xd4\xed#\x9b\x87\xc9\xef\xa8\xff\xbf\xf8\
\xf6G\xb2\x0c%;\xceLRa_\xdb=U\xba#\
k\xc75\xc3\xdf\xd1\x11X\x88\x14-k\x9dSVm\
Q'\x8fk\xaco\x9fnr\xebU\x03T\x07\xc0\xa8\
\xb6\xe5\x89+t+\x82Z$\xaaz\xa5\xa9\xdb\xd6\x1f\
\x07\x80\xf7g\xca\x00\xfcnZ\x9f\xcd\xa6\x84\x19\xef\x82\
5\x8c\x1e\xff\xd2\x0e\xe3\x004\x95\xd9\xb3\xe6\xc8\x9dw\
\xdf+\x93\xfe\x9d\xa2o\xf1\x06P\xf8\xa2^\x1d\xe4\xcc\
\xf8P\x09lD\xe2\xb0\xd2\xceT\xbf\xfeN2\xa07\
\xc7\xcdS\x8e\x09\x1e\xc4c\xa5\xa1s\xec\xc2Nif\
\x16Yv\x84\xdf\xbdQ\xdeM\x81(\x90+lhM\
\x1d|\x8e\xcb\xe1T\x0f\xffg\xbe\xcc\xa4\x10\x10K_\
\x00\x94\x9f\xd4\xa3\xad\x8cz\xffa\xec;\x5c;E?\
\xc4:\xeb\x008\x0f6\x07\x80\x00\xb0'~\x9c&\x13\
Vl\xd0\xf4\x22\x7f\xd7\xbeU\x8a\xd6\x05\x7f\xf8c\xbc\
\xac\xde\xb0Y\xdb\xc5\x9a`a\xdc\xda\xa75\xda\x8b\xa2\
\x95\x12\xb8\xaa0.\xacq\xaeF\xf4\xff\x06&\xce,\
\x18:\xdb\xc0E\x84\x03\x89\xf9\xd4\x03\xd2&9A\x17\
,\x13w\x04i<\xff\xd6\xfb\xf2\xc1W?j\xb4\xc2\
k\xf5\xf7p\x95\x17\xcf\xef\xae\x9a\x05\x95qL8A\
Ic\xc9\xf6(\x12\x00\xd9I@b\x10\xee\xb8\xf6\x12\
\xe9\xd3\xb9}!\x8f\x1ec\x07\x16\xb6\x80H\xc8\xa4\xfa\
#\xd5ZG\xbc}\x83*w\x91\xb5\xc0\x01<\xfc\xd0\
C\xf2\xd5\xa8o\x15\x0f\xc2y\xd0&2X\x9e8\xab\
3\xda\x02Y\x0be\x9a\xb4d\x0b\xd6\xe0\x04T\xdet\
\x95\xc4\x05\xa0\x0e\x00R\xa4_@k\x9dY)\x9b\xfe\
\x97\xd8\x98'\xee\xbcA\xce<\xb9\x97f\xea\xa6\xcc^\
 \xcf\xbe\xf9>\x9c\xba\x15\x8a\x9d\x09\x81\x16\xfb5\xd0\
v\xa0(\x10\xa30\x1a1\xae\x1dv\xb6\xd0\x01XG\
\xbev\xfc\xc75v\xc5\xf9\xfd\xe42\x94\x00\xdc\xdd\xf2\
S\xfd\x9e\xbe\x01J\xfe\xd3\x18\x9d,\xf5q\x0f\xcb\xcf\
\x02\x80\xfc\x8c\xab\xc1\xd4\xf20\xdf\xd1\x0e\xc8\x81\xd2\xbb\
\xb6\xef\xbc\x88,\x00\x97\x06\x1c*v\x02\xdc~\xd7=\
\xf2\xf3\xaf\xbf\xa940\x03\x953\xba\xb5\x93\x01\xe9\x91\
\xd2\xdc\xb5^$\x88\xcb5\xc1YO\xe7<\xfd\x19\xa8\
z\xee\x0fM\x91\xc5e\x0b\xe0\xa5\xdd\xdb\x80\x1a\xb8\xa0\
c\xe5\x06\xdcQ*\x1c\x00O8\xa85u\xd0\xee-\
\x82\x0e\x00\xf7\x9eE\x9bI\xf6\x86\x8e2\xf0h\x9c\xfb\
\xff\xec]\x05`V\xe5\xfb}\x88u\xf7\x06\xac\x80\xc1\
`t\xa7\x80 \x8a\x01(HH(((\xeaO\x05\
\xb1\x10\x03\x15\x03[\xff\x8a\x8d\x0a\x8a\xa2\xa0\xa2\xa0\x88\
4\xd2\xdd\xdd]c\x83\xd1\xf1?\xe7y\xef\xfd\xf6\xad\
\x83Q\x93\x17qc\xfb\xbe\xfb\xdd\xfb\xe6\x13\xe79\xa7\
U\x03\xf9\xfa\xc3\xc7\xd5H\xccj\x8f\xbb\xea\x0d\x00\xdb\
\x1a\xa3\x05\xf6\x1a\xf3\x8b\xd0\x04\xa7\xac#[\x15\xd4\x17\
\xd3\xeb\x1d\xf9\xdb_\xb2z\xc3f\x80\x85\x08\x9a)\x22\
\x1d\x10\x1e&-p(\xca\x8br\xca\x13\xe7vP\x89\
\xfc'\xda\xfeSXa\x89\xc7LX\x92\x9e\xc9\x9d\xb7\
\xb4\x90\x01\x0f\xf5@\xd8\x9f\x9e\xb5\xf1ZO\x9e:%\
\x0f\x0f|C\xa6\xcf[d\xf0\x0a\xf8Y\xc5\x88\x00y\
\xe9\xb6zzO\x17\xd2\x18\x85 \xfb\xe0\xcf\x8b6\xc8\
\xfedC\x80\xe4\x8e\xf2\xc7[@\x8c\xc2\xfa\xe8\xd0`\
\x82\x10S\x175\xf3\xa4^\x81\xc1j\x00\x101}\xb5\
l\x94\xfa\x04\xf8\xdf~\x88\x98\x0c\xfd\xe43y\xe3\xcd\
w\x14W\xc1\xfb\x8f@\xfd\xf2@DS\x98;>\xc5\
\xea\x87s\xa9\xd1\x8e\xcc\xfa\xf6\x9a\x01p!3.\xed\
{3F\x03\x18u\xc1\x9c\x07\x0e\x85B%\xf4\xaa4\
:\x86\x1f\x06\x05\xf9\xcb{/\xf4\x97Z`\xa3$(\
v\xf1\xaau2\xf8\xc3/e\xc9\xaa\xb5\x0a\xe2\x0bD\
:\xe7\x1e\x18\x00-@\x06\xc4\xb4\x98\x01\xfb\x9eR\xe1\
\x1f\x0a[\x11c\xc3Pg\x8d\x84x\xe9}\xd7\x1dZ\
\xd9\xc2\xd7p^0\x92\xc5\xf0\xbf\xff\x15\xc4cQp\
\xbdl\xae\xe40\x00t=\x9b\xb4\xddy\xcdE\x1b\xf6\
\xc3\xdc x\x18D8\x82u3`\xe0\xf32\xf2\x87\
\x1f%\x11J\x9b\x5c\x0f\x0d\xabV\x94\xbbk\x95\x96\xf2\
~F\xec\xe6j\xd9\x17.\xb8\x8f\xd1\x97D\xff\x13L\
G6@\xceUN\xa9\x08\x7f\x1f\xe9\x0a\x8f\xda\x1f4\
\xf2\xce\xfb\xa7\x0b~\x19\x1f\xe4&\xbedJ\xbdL\x9d\
\xc4s\x8d<8\x1f\xc0\x00\xa0\x10\x10\xc7\x9d4\xc0\xdd\
;4\x97w\x07?(\xe7\x80\x8f+\xb4\x06\x80=\xe0\
\x14\x83y\x0f\xf4\xa2c\x97mtx\x18\x15\xca\x96V\
\xb6\xbb\x11\xbf\xfc)\xf3\x96!,\x0f\xc3\x80\x83W\x1f\
\xe1\xff\xfb\x1a\x22=\x00\xbd\xf1\x82\xb0oy\xcd}\xa0\
\x1c&#\xd9\x9f+\xb6*\x0b\x1d\x0f\xd6\xd8\xc8\x12\xf2\
\xee\xf3\x8f\xa3\x02\x00\xe0\x11K\x9a\x98\x96:K\x13{\
\xf4\x7fQ\xd6n\xdcj-b\x91[*\xc7\xc8\xc3\xa0\
>\xf5\xcc'W\xb9y\x0e\x13\x0a\xa2\xa75\x13\x15\x00\
F\x09M\xa4|\xe9h\xe9\xd3\xad=*\x00\x1a\x9b\xe7\
\xa5\xa3`y\xc5\xae\x1e^\x08\x93\x96\x11w\xdf \x03\
\xe4\xb2\xcb\x08.x%]\xdc\x0b\xe8\x22d^\x19\x12\
\xca\xbf\x8f\x9f O!\x0a\xb0{\xf7^\xedO*\x99\
uo\x10\x0f\x22\x99\x8a\xaa\x0d\x91\xd3 _3\x00\x0a\
v\xac\x8a\x12\xf4\xa7\x07\x94\xd9\x11\xf9\xff\x9d\x08\xab\xbe\
\xf8\xc7\x5c\xe4\xff\x93\x10\xb67\x00\xc0z5\xaa\xc8\xe0\
'\x1e\x02H)\x5c\x0f\xf2E+\xd6\xca\xe0\xff\xfbJ\
\x96\xae\x84\x01\x80\xf5\x12\x08\x01\xaf\x1e\xa8\x02h\x0ea\
 OD\xebX\x1a\xc8\xf0\xff0H\xff\xce\x85l+\
?\x85F\xf6M\x08\xff\xf7\xe9\xda^JG\x952\x9f\
\x86\xb9\xe1\xe6\xe5\x03\x05K\xa0\xff1\xafs\x9c\x00\x05\
\xfb\xf8\x97\xf0j\xc6y\xc8\xf8|V\xbf\xe7\x22\x9a\xc7\
\xb4\xe8\x09\x18\xc8\xef\xbc\xfb\xae|\xf2\xe9g\xb2c'\
r\xc8\xf8S!\xa6\x94\xf4nTAj\x84\xfbe\x09\
 \xbb\x84\x0fzI?\x8a\x15et$\xbf\xc2<K\
!\xb3,:9\x10\x07\x7f\xc7\x06U$\x1aUF4\
NM\xb4\x05\x86&\xfeW.\xc0]\x82<.\x1f\x17\
\x00\x19^\x17@\x07\xe0\xff\xc0\x01@\x15CM\xf9\xa2\
\x92\xec\xe1\x9e\xb7\xc9\xc0\xa7\xbb\xcb9<C\xa16\x00\
x\x180\x9cON\xf0\x1fp\xf8\x91\x85\xcfF\xbd\x13\
a<~\xcaL\xfc\xfd\x17\x87\xc515\x00X\x01\xf0\
 \x0e\xdb\xba\xb8\x83\x89y\x00\x00 \x00IDAT\
1a\x05\x02\xde`\x8d\xfdZ\x88\x92\x90\xdf\x9c_\xb9\
&IJr\xcb\xf5\x0d\xe5\x8d\xa7\x1f\xd5\xcd,5o\
$\x9a\xe3\xbc\xff\xe9\xc1\xb2s\xef~MK\xf0\xf5L\
K\xdc\x81\x12E\x86\x9b\xf2j\x94\xd8\x87?\xe9 )\
b\xc1>`\xe9\x1f\x7f\xee\xe9\xe1.\xb7!\xc4\xfa\xd8\
\xbdw\xa9\x08\x911D\xcc\x9e\xc1\xa8\x84OH\x04h\
RILd\xe7\xb0\xec\xa4\xc1%]s\xf9\xfa0>\
\x1fC\x96\xf3\x97,\x93~\xfd\x1e\x97\x85\xc8er\xb1\
\xf20\xa9\x15\x1d*\xafA\x17@\xd9\x0f\x8d\x83\x94e\
\xbbf\x00\xe4\xab\xfb\xb3\xeeO\xeb\xd4O\x0d4\x9dW\
\x9du\xb2\x94\xed;\x0a\xc9kK\x8d\x8f9{bR\
|\x90s&0v\xf6\xa2\xe5\xf2*\x0c\x80\x15 \xc8\
\xe2\xa0\xa5\xa6\x00R\x89\xbb\x88r\x1e>w\xad\xec\x00\
\xea\x99-\x08\xf4\xac\xe4\xfe\xef\xd1\xa15\xb0-^:\
\xd0\xf4~\xbd\x03\xc3$0\x1aQ-K\xc1\xb2`\x9f\
\xf0\xca\xbaZz\x5c\x8bv\xbfS\x9e:\xbb\xbb\xe5{\
\xcf\x80=p8\xaai\x86\xbc\xf5\x8e\xac[\xb7^_\
\x1e\x8e\xbd\xa27J\x01\x9b\xc6\x06K1'\xf5\xc4+\
\xeb\xc9/\xce\xdd\x90\x0dp\xd6\xa6]Z\xaeJ\xc0)\
\xd3Q,\x05$\x1b`\xcd\xd8\x12*\xa8\xa6\x11\x16\xfc\
\x9c\xbbf\x19\x7f7p\x01\x90\xba=\xaf;w\xc1\xdc\
?#\xde\xb3\xb1\xbe(b\xb4'\x99<8\xe7\xa1\x89\
\x11 \x03\xfe\xd7Q\xfa\xf4\xb9]\xce\xff\x17\x0c\x00\xaa\
\xe8}\x87\xd0 \xbd\x03\xaa!\xd1\x00\x88.\x19!/\
\xf7\x7f\x00J{;\xe5\xb3\xef\xc7\xc8\xce=F\xf2\x92\
\xb9a\x82\x8bZ\x825\xce\x1b\xdf\xe7g\xd8\xf8\x1e\x0d\
,\xe3\x7f\x0c\xffO\x02}\xe4\xa73V@\x8b\x80e\
3\xe0\x8f\x0e\x0b\x96\xfe\xbd\xbb\xca\x1d75W\xb4\xba\
\xe3\x90\xc1\xa4aUB\xdf\x97\xde\x91\x03\x08\xb7i\xf9\
\x1a<\x9bWZ\xd7\x83\x0e@\x09\x15-\xca\xcf\xfd0\
LEq\x15*\xfe\xd1\x08Pnt\xf4A\x1c\xa4~\
\x19\x1ee\xe9\x9f\xaa\x11Zs\x8e\xf7\xe3\x0e\xa2\x9f\x80\
\x92\xa5\xc1\xf5\xef\x9f\xfd\x09Y0\xf3\xf4\xa2\x5c\x85\x06\
\xcd\x16\x8c\xef\x0b\x83^\x92\x91?\xfe\xa4\x06\x1e{0\
\x08\xf9\xe37\xee\xa8\x8f(\x0f\x8c\x1e\x9eD\x9a\xeb\xc9\
:Fw\xcd\x08\xb8(\xc3\xa3\x17\xe5\x06\xca\xa8\x14\xcb\
\xf6(\xd6E\xc9ko\xb0\xab\xbd\xff|\x7fi\x08\xae\
\x0e\x0a\xae\xb8\xc0\x80\x9f\x0c\xb0\xee\xeb\x1f\x7f-k7\
\xa1\x94\x89\x9b\x18@\x80\xf7\xa1\x0c\xb0Q\xd9\x12\xaa\x07\
\xc0\x8d\x99Q6\x92l\x11G\xc0\xb5W\xaet\x94z\
\xff\xe4\xb70c\x08\x03\xd0\xd5]\xfc\xc2\xa2\xc0gQ\
\xca\xe2\xfe\xbfL\xb1\xd9\x8b\xd7\xa5\x05ze2\x02N\
\xf8{\xa2\xbc\xf4\xca\xab\xb2`\xe1b\xdd\x93<\x81\x0b\
\xea\x86\xaa\xa46\x95\x22\x11Q+8\xacT\x81\xde\xf8\
E\xba\x18\x1d\xa9\xc5;\xf6\x81\x0ex\x99z\xd4\x1ai\
BT\xb1q|\xb4\x12\x02\xa9\x01`\xed%\x9cY1\
H\x93\x94T\xed\x96\xcb\xd3R\x90R\x9e\xbe~\x17\xf4\
\x0bV\xaa\x98\x11]\xbc\xa8\x12\xc1\xf2\xfa3wK\xc7\
\xce-\xff;\x06\x00K\x83\x86N_\xae\xa5A<T\
KE\x84\xc9K\x8f\xf7Qo\xfc\xe5\x0f>W\xcf\x82\
\x07\x84\x1b<\xc4\xb6\xd5J\x83j\xb4,\x14\xe4\xbc.\
h\xe0\xb8\xe7P\x93\xfcsD\x1f\x186\xe2Y\xe3\x8a\
\x05\xc3\xbc$?;6\xb2d\x9a\xc3\x9fSd\xe2\xcc\
\xb92`\xc8GZ\x02H\x00\x07\x8d\x97\xf7\xda_'\
\xf1\xe1\xe9\x09Or7\xa1\xb8Y\x9e\xc6u\xfe\x86\x22\
\x227\xd9\xed\xea\x1d\x15Q\xa1\x9f\x96\x8d\xeb@\x1c\xa5\
\xbd\x94\x8d\x89J\x93\xbb\xa2,*s\xa4>\xe0\xfbg\
\xa9\xe2\xd5\xda\xb8\xe8\x12Q\xe2I\x22\x93g\x06\xbe\xa0\
U\x15<\x04H%\xdb\x03lfw\xd5.\xaf\xa1\xe8\
\xcc\xbc$\xe7g\xbef\x00\x5c\x9c\x19\xc0~'\x0f\xc5\
\x9b\x7f/\xd4\xb4\x94]\xff\x9fP\xae\xb4\xfc\xdf\xa0'\
%\x12\xf4\xd8\x1cCw\xa0\x96\xc7\xfe3]\xde\xf9l\
\x84l\xdcf\xb8\xfd\xa3\x11\xc6\xbc\x0fe\x80\xf5b\xc2\
1\x9eEe'\x88Y\xbe\x9c\xb5\x0a\x06\xeev\xa3a\
\x819~]\x9d\x1a\xd2\xf7\xbe\xbb\xa4jE\x94hY\
\x9167/?\x18\xb6`\xb2\xf4\x03w\xbb\x13\xde\xe5\
\xe2<\xe1\xd5\x7fU\xf6\xe4\xc2%\xcb\xe5\xc5\x97^\x06\
%\xf049\x0e\x9d\x0d\xae\x87\xd6UJK\x97:q\
Z\x8da\xb16_\xd0^y\xb5\xf4\x14\xd9\x00\xd7\x00\
T\xf7\xc1\x94\xa5J\xe5\xce\xe6\x0a\x03\xb4rd\xa8t\
\xa8_\xd9\xc1\xdbb?\x0f\xc9\x80b\x81;*(<\
Y^\xfb\x89)\x8b\x89k\xb6\x83\x07`\xb5\x9e}\x1c\
\xcf2(\x9d\xfd\xf8\xd5\x07\xa4E\xcb\xfa`\x8b\xfe\x0f\
\xa4\x00x\x88\x8e[\xbeE\xde\xc7\xa0%\xa1C\x8a\x01\
\x9dY\x224T\x9e\x7f\xb4\xb7TM\x88\x93A\xef~\
&\x93g\xcdWJ`z\xcb\xf4*(\x1c\x13\x07\x1c\
\xc0\x85h\xee\xa96\xfd\xae\x83\x0ap\xda\x91\x08\x063\
\x5c\xdb\x17D>mol&O\xf4\xee\x86r\x0cw\
\x03L\xd2\xc6\x1c\xbb\xc8\xaf\xff\xcc\x90\x97\xde\xfbT\xf3\
\xd7\xdc \x03<]\xe5\x83\x0eM$*\x00\x94\xa7y\
vV\x0c3\x15s\xff\x0c\x8d\xce\x04\xc8\x8a\x13\x98\x0b\
8\xb6TI\xb9\xbb\xfd-rG\xab\xebA=\xec\xe1\
\xb8\xb62\xfe\x01!M\xef\xdf\x15Liy\xfe\xc8\xbc\
\xce\xd0\x8b\xfc\xfa\x13\x98\xe0\xb3\xe7\xcc\x95\xaew\xdf+\
\xbb\xf7\xec\xd1~&\xea\xbczt\x88\x0c\x02\x18\xd0\x1b\
\xc8\xf0\xccs\xa5\xa97v\xcd\x00\xb8x\x83\xb4\x0d\xec\
\x9c\x83\x90\xff\xdf\x0c\xf1\x1ert\xb0\xafI\xd7\xfb\xcc\
\x83=T\x9b\x82Q\x1cO\x00U\x7f\xfc\xe3o\xf9`\
\xd8\x0f\xb2e\xfbn}\x8d\xf2\x00 \x02P;\xca\x88\
w-F]\xf6\xd7@\xff\xb3\x9c\x90\x9b\x1c\xab\x08(\
\xad\xdd\x17\xe9\xad\x90@\x7f5\x0a\x8a\x22\xe4\xef\x15\x10\
\xa2\x06\x00\xc9\x7f\xae\xb5\x9c{@+\x98\x10E{\xe9\
\x95\xc12\xf6\xf7\xdf%)\x09\xdc$\xf8\x19K\xa5\x19\
)\xad\x00\x86R\x9bm1\xe7\xab]\xfd\xaf`\x7fP\
^\xfac8\x93\xf3\x10Zgc\x19k4@\xab=\
\x9a\xd5H\xa33\xc2y\x18\x0e2\xa0\xf2A\xc6H\xba\
\x1c\x8d\xfa7\xe3P\xb1\xf0=\x22\xe0\xc7\xachsB\
\xb9R\xf2\xf5\xbb\x8fI\xf5Z\x15\xc1\x18m\x13Ee\
\xbc\xbb\xab\xbe\x0a@\x8fU\x0c\x18\x0d\x80\x09\xf0\xc0\x99\
g$\xcd(\x0d\x80\xf0\x90`y\xf6\xe1{\xe5\xfa\x86\
ud\xe8\xf0\x9f\xe4{p\xef\x1fHL\xd2\x03\x82D\
@d\x19\xab\x0e\xde\xfd|\x938\xe0\xe4\xa4\x08\xc3\xef\
\x907\xa5g\xc2E\xc2\x9c3\xe9~\x1fG\xf8\xbf\xf5\
\x0dM,4\xaeS\xc7\xe3=#\xc7O\x93\xd7?\xf8\
D\x8e\x81\x9e\x98\xf7N\x0b\xfb\xfd\x0e\x8d%\x14\x9ba\
~N\xe3c\x08\x01\xfd\x0e\xfe\x81\xd1\x90\xfc\xdd\x9b\x0c\
\xc6C|\x06\xb5\xd0\x9b\xd5\xaf\xa5\xde\x7f\x02\x88\x88\x9c\
\x0f8\x96\xfd\xf9\x83\x1c\xc5;\xb8D\x96\xe0\x90\xcb1\
\x91\xf3\xfb\x99\x5c\xb0\xdbA\x1e\xd3\xf7\xf1'\xe4Wp\
\x9a\xb3\xd1\xa8\x09\x85\xb6\xc2\xf3\xb7\xd4\x96J\x08\x879\
\xd2\x98Yx\x84\xd7\x0c\x80\xfc\xf6~\xe6\xef\xb3\xf1\xa4\
\xac\xce\xf9\x03\x86\xf9\x87S\x96H\xb2%\xd5\xcd\xc8\xd4\
\xd3\x0f\xde#\xb7\xdf\xd8\x14\x9e\xbf\xbbz\xee4\x00\x86\
\x8f\x19/\x1f\x7f\xfb\x93l\xdbe6\xdd\xf2\xe1\x01j\
\x00\xd4\x80\x8c7\xc7\x98^\xce\x0fHqm;d\xf2\
\xff\xc1\xa0{\xbe\xafs[\xe9\xd1\xbe\xb5#\xd7\xcfC\
\xdf/\xac\x14\x22[%\xf3M\xa7]\xb0=q\xe5_\
\x8d{\xd0\xc1\xa4dy\xf5\xf5!2\xe2\xbb\x91r\xe0\
\x00\xca\x98q\xb2\xd1\x00\xeb\x0dI\xe6\xfa\xa5#\xfes\
\x81\x94=I)\x00\x01\xae\x92\x09+\xb7Zt)\x90\
\xd7E\x85\xd6\xbd\xcd\xa03\x02\xee\x7f{\x1b\xa1\x01\x10\
\xec^\x5c*\x86 \x02p\x99\x0c\x00\x96-\x8e\x01\xef\
\x0b\xb5\x00(\xb0E<M\x9d\xaaee\xf8\x07\x8fK\
L\x99H\xe5G\xc9\xaa\x15*\x03`\x12B\x83C\xfe\
^\xe40\x00X\xf26\xe0\xa1\x9er\xe3u\xf5\x15\x08\
\xf8\xfeW\xf0.v\x90\xdc\xe1\xbcD\xfa{\xab\x01\xd0\
\x00\x93\xdb\x16\xde\xc9\xebR\xe5\xa6\xa4\x04\x0c@_.\
\xdan\x08\x18\x5c,\xde\xff7\x06<\x22\xa5#K\xa5\
\x09\x99)\x0b 6\xbc/FO\x90\xb7?\x1c\x0a\x00\
\xdbI5\x00\xb8\xd0\xdek\xdf\x18\xb2\xa7T\xf2\xca>\
W\x9d\xfe\x1e\x09\xa8\x222\x9a\xbc\xe8\xf36\xefU\x0f\
\x8b\x8d\x84(=:\xdc&\xedZ5\x07R\xdaV\xf4\
\xb3<\xa4\xa00\x09\x88\x88.4\x1e\x12\x9f\xf8(\xc4\
a~\x1a\xf5\x93<\xdc\xb7\xbf\x96\x03r\x8c\xbd`\x04\
u\xabW^:\xa2\xe4S\x09Rr\x08\x07_3\x02\
\xf2\xba\x02rx=\xfa\x9bZ\xe9/\x8d_ S\xd6\
n\xd3\xcd\x89\xd1*\xa6\xa3^\xe9\xdfG\xaaT(\xa7\
$%\x5c\x03^\x98\xa3\xc3~\xfa]\xe9\x80\xb7\xa3\x9a\
\x83\xad\x02RbL\x01T\x03\xaf\x03\x81\xbd\xa3\xb1\xc9\
\xfd\xbel\x8b\x1cF\x88\x9a\xadJ\x858y\xa4G'\
i\x0e\x03\xff\x0c*^xm7/_\x09$\xae\x05\
\xe1\xff\xab=\xb2U\xc0\xa3\x91\xe5\xe5\xb8,N\x22u\
\xf6\xfe\xff},\x1f\x0f\xfdT\xb6\xef\xd8\xa9\xaf%7\
\x09\xfb\xfffH2\xe7\xdbI\xbaT\x0fQ\xc0\x9f\x93\
\x889\xf6\x13\x88\xd4\x88+\xe3<bx\xdf\x17Fj\
7\x94\x02F\x05\x9bh\x13-\x03\xe2\x03|]\x8bI\
\xd5P\xa4\x92/\x13\x08\x80\xc4E\xbcO\xf2\x16\xf0>\
\x99Nk\xd6\xa0\xb2|\x03\x03 0\xc8/\xdb\x9e)\
4\x06\x80\x9bKQ\x99\xb6n\x97\x86\xe2\x13-\xa1\x11\
\xb2\xdf=\x03\x03\xa0e\xe3\xba*\xbdk#\x8c\x89\xbc\
\x0f@\x8d\xf1\xddP\x06\xbc!\x1e@@ <\xf3\xd3\
\x08J\x9a\x06Nr\xe2\x0e(\xbd\xcb\xc6\x90&\xc3\x92\
O>p7,1\xc3^f\xcf\x0bz:\xde\xc1a\
\xf2\xc6\xd0\xe1\xf2\xf1g\x9fkY\x22\x7f[\x05\x1b\xdc\
\x9b\xb77R\xb1\x94\xbc4^\x97\x00\x10\xb2\x0f\xfe\xba\
x\x93\xecNB\x95\x03~F\xda_\xd6\xfd?\xd8\xfd\
N-E\xb4'\xa6\x02\xff|\x90\x1f\x05\xdf\xbf\xbbO\
Z\x85\xb5\xbc|\xee\x95\xf6Z>3\xa3/\xeb\xd6m\
\x94\x0e\x9d\xbb\xc8\xaa5k\xf4P!)\x10\xbd\x97\xa7\
o\xaa\xa9 \x9e\xa29,\xd0k\x06@\xc1\x8e,\x82\
p\x9a\x16{\xec\xe7\xe9\x1a\x99\xe2fI\xce\xf4\x96M\
\xea!\x02\xd0\x03Her\xfc\xa3\xea\x85\x06\x00\x0c\xe3\
a?\x8f\x95\xa10\x00v\xd0\x00\xc0{+@\x04\x88\
\x07\x10#\x00\x94\xfb\xfe\x0e)\xaeY\x9bv+\x8e\x80\
\x86\xf6-\xcd\x1b)\xb55\xcb\xffX\x9a\xc5T\x9b\x86\
\xff!c\xedr%\xc9X\x17l\xb7\x16\xf8\xd5\xb8,\
\xf8\xf7\xfb\x91?\xcakC\xde\x96\xd5k\xd6\xeag\xb0\
\xec\x92iR\xd2j+X\xfa2\x1dp\x05\xfe\xc0\xb9\
\xb8 \xf7\xf6?\xc1\xa7\xf2!R\xca\xe6\xa0GE\x15\
\xf6\x906\xb5*H\xd5h\xe8\x8cX\x09\x7f\xddo1\
\xd1k\x84y_6\x12\xb5\xed\x87\x925\x02=\x05\xe0\
o\xde\x8f\x0f\x00\xd0\xb7\xb6\xa8-\x9f\xbe\xf3\x18\xc0\x9c\
\xe0v\xc9\xa6\x1c\xb4P\x19\x00\xd4q\x1e\xfc\xe7|\x87\
\x01\x10\x1c\x00e8\x90\xf0\xb4\x80\x87@\xc4\xfd+ \
\x19\x99\xb5p\xa9\x96\x8e\x91\xd1\xe9N\xf0\xee\xb7\xabV\
V\x82\xd1ay\x9d\xdb\xdc\xcc\x18&\xfaq\xc1z\x0d\
\xbf\x9fa\xfe\x11\x13%\x06\x07.\xc1\x7f\x8d\xa0C@\
\x96\xbf\xd4fjv\xfd\xa3\xcbK\xffg\x06\xc9\x08 \
\xd6I\xe0\xc0\xa9\xd58\xae\xa4<\x7fsm\xd0I\xc2\
\x1b\xca\xc5\xe4\xe4K\xf8:\xa6\x1bV\xef9\xa8\xc8\xe8\
\xb9\xf0\xfeOS\xf1\x09\xb9*\xd6\xfd3\xf4\x7f[\x0b\
\xd4\xfd;]\xd0\xa0\xa3\xc1\x8d\x0e\xe0\x9f\xd1\xae(<\
>\x12\xd7\xe3!\x94\xc0\x0c\x1c0@\xbe\xfc\xfa[\xed\
[\x1e6%\xfc\x91\x06\xb8\xb5\x8e\x94G5\x00\xcd\xe3\
\xec\xfa\xf7\x9a\x01\x90\xcb\xc9\x97\x9b\x97\xa1\xa3\x89-\x1d\
\xb5`\x03r\xa9\xcb\x0c\xa1\x0a\xe6\x9c\x9b\x8b\x9b<\xda\
\xb3\xb3tl}#6*\x92^a\x05`\x5c\x98\x02\
\xf8\xe6'\x1a\x00\xa3\x11\x01`4\xed\xbc\x94\x07+&\
\xf9:jD\x05ke\x0bs\x9cJt\x82y\xcf\xb5\
\xcd\xd2\xbfnw\xdc\x8c\xf7\x92\x9c\x05F\x81J\xffF\
\x8a\x1f\xd4,\xaf\x8den\x06\xc9iw\xc2Z\x994\
y\xaa<\xfb\xfc\x8b2\x7f\xc1B\xfd\x05\x0d\xb3\xdb\x01\
\x96\xa6zjX\x01\x92\xa6\xe5\xed\xce.\xfd\xab\xb9+\
\x9e\x04\xd2\x9fx\xaa\x97\xc7\xcf\xb7\xbc}\x1c\xf4p\xd0\
\x9a&\x94\x96&\xf11\x0eP1\xf7\x13\x1a\xba5B\
=\xb5R%\xb7\xfbwA<\x95V<\xe1\xb3)\x88\
5\x14%\x80\xe4\xc6`\x0b@J\xb9c\xdb&\xf2\xd6\
\xab}\x845n\xc5hd\xe3OfX\xb7\xc2c\x00\
\xe0@\x9f\x0d\x1d\x80\x97\xc7\xcdE)\x84A\xb1r\x93\
x\x0a\xf2\xa0\xcd\x1b\xd5\x81f\xc69\x19\xf2\xe9\xb7\xf2\
\xd7\xd4\x7f%\x19\xe0;\xb6\x16(\x03\xec\x81(@4\
x\x01\xac\xc8y\xae\xc6\x85\x83LE\xb2\x95\x00\xff\xb1\
\xf4\x82\xf2\x91l$%i\xde\xb0\xb6\xbc\xfe\xf4#\xfa\
}Z\x06-\x84\xff!\xb1\xeb\x1a\x12+\xf7\xf5\xb8O\
&L\x9d\xaa\xd7\xe0}r\x91\x91\x07\x80<\xe7\xb9=\
\x94\xedIJ\xb5\xbf\xd1`\xfd\xdb\x03\x0f\x8b\xd7b\x04\
\xa2M\xcb\xa6Z_M\x82\x15\xdbRU\xb5?H\xa2\
\xfaG\xc4\x88\xab\xd7\xd5\x0f\xfcK?PD\xfa\x1f;\
\x09\x91\x981\xbfI\xdf\xfeO\xc8!\x18|ln\xc0\
\x86\xdc\x07 S\xd7:\xe5\x11\xe6$\x18\xe6Z)`\
\xae&\xf9\x05\xbcH\x0f_lN,\x89\x1d\xf0\xdbl\
\xa5\xa662\xaaPkDy\xec[\x03\x1e\x95\x1a\x95\
*j\xf8\xdf>h\x18\xb6\xfcf\xe4h\xf9d\xe4X\
\xd9\xbe\xf7\x80)\xf1\x83pW\xefF\x95\xb0>\xbd\xb5\
\x8c\x90U6,#\xa4\xe1\xcb\xf0\x7f\x9fnw\xca\xf5\
\xc0\xb9\xf0\xc5&\xfc\x0f\xf2\x9f\x92e\x94\xfb\xff?\xe5\
\xae^\xc0X\xd9oe)\xe0\xf2\xe5+\xb1v\x9e\x94\
\xa9\x10\xd8\xb2\xc7\xa59\x14J\x19)-\x1d\x0cy\xed\
Ky\xba\x15\xc03]\xc8%\x18\xad\xa5\x18\xd0\xc0\xb1\
s4\xfd\xc4\xb9K\x07\xad&\x22\x8a\xb7V\x8fw\x94\
\x9cj?\xe1OB\x90\x87\x04\x22er)\xa3$v\
e\xd3\xda}\x89\x1a\xa9 \x18\x9d\x9f\x1f\x12\x84\xea\x99\
n7\xc9@\x94\x01\xba`\xcfc\x95WV\xfcn\x85\
\xc6\x00\xa0GO\xee\xfb\x17\xc7\xcd\x91\x83 \x1b\xe1\x80\
\x05\xfa\xfb\xaa\x01\xd0\xa2Q=\xa5\x1a\x1d:\xfcgE\
\x1a\xef?\x04\xb2\x1etT5\x84\x16\x1flRY\x12\
\x00\x08\xcc+\x82\x93\x9b\xdb$\x80\x92\xbeF\xe9\x05S\
\x0e\xfc\xbc\x12\x08i>\x8c\x90d\x97\xb6\xad4\xa7\xe6\
lq\xf1\xf7~\x08M&\x1e=+\x1d;v\x92%\
\x08S\xdb\x12\xb6T<#51-\xb5\xdc6\x16\x16\
,\x01\xfd#9\xff\x17m\xdb\xafHj\x92\xf9\x10\xf0\
Gq\x95\x16\x8d\xea\x8a+8\xbd\xed\x85\xcc\x90\xa8\x1f\
\xbc#\x9f\x10\x00\xff\xf0\xba\xc2\xe3\xfb[=\x86\xf1<\
\x85>_\xb6z\x9d<\xf4\xd0\xc32\x7f\xe1\x22\xb5\xd2\
\x99\x83f\x08\xf9\xad\xf6\x8d\x94\xfd\xf0Z\x04 \xb73\
\xec\xc2_\xc7\xf58\x08\x06\xf9\x11l\xa0\xaa\xdd\x80\xbf\
d\xed{\xe1\xd1^*N\xe5LW\xebZ\xe4\x9c|\
5l\x84|\xf6\xdb?\xb2\x13\x9a\x1a<\xd0\x19\x01\xe8\
\x05\x03\x80\xf4\xd6\xdf\xc3\x00X\x0f\x85M\x0d\xc5\x82\xdc\
\xea\x16\xb0Z\xde\xd7\xa9\x8d\x94\x89\x8a\xd4\xc3\x9e\x06\xae\
7\xb0-\x81\x14\xb4\x22-\xeb\xb5\x96\xa7\x1e \x85\xf0\
\xce]\xbb\xe5\xa1\xff=*\x7f\x8c\xff\xcb\x8c\x17\xfe\xb0\
\x02\xa3\x07\xe8\x98+\x83V\xfbR\x1eny\xba\xf9\x8b\
\xf1b<\xec\x86\xfd\x87e\xd0\xf8y\xe0W9\xa2\xfb\
;q\x10\xe5K\x04I\x87z\x955\x82\xac(\x00\xfc\
\x8fnE\xac\xaf\xabD\xfa\xd8U'\x97fw\xb5\xd7\
\xd4R\x1c\xfc\xefC\xbd\x90\x8a\x80l\x11\x88v>\xf6\
@[y\xf4\xc1\xf6R\xd4\x92\x82/\xfc\x06\x00\x0e5\
\x1e\x88/\xa0\xdch?P\x91\xdc\x10\xfc|\xbd\xe5\x89\
\xfb\xbbI\xab&\x0dA<\xe2!#\xc7N\x90/\x7f\
\xf8M\xb6\x03e\xcc\xc1+\xe9\xef%\x8fB;\xbe^\
,P\xaey\x98D\xdc\x9c\xa8\xbfL\xc1\x88\x7f@\x00\
D\x90\xa5+\x0c\x8c\x1a\x09\xe5\xe4\xc5~\x0f(9\x89\
\x96\xcd\xe0uJ\xb9\x8boI\xb9\x1bR\xbe\xb2,\x9b\
\xbdPn\xef\xda]v\x1f\xa4\xb5vN<\xe0\x05\xf5\
\xbf\xa1\x06\x04OJ\xa5)/\xc9\xf6vpIRT\
\x8e@\xe8\x9f\xa5\x8f,{\xe4\x8e\xe9\xe5\xe9!m[\
6Q\xf5\xc1\xe8\x92%8=\xd5>e\xf3\x04(*\
\x10|\xff.(\xfbS\xb6\xb4<<\xef\xd5\xf2R\x1a\
A{\x0e\x1c\x94A/\xbe$\xc3\xbe\x1d\xa1ya>\
+\xf3\x97\xef\xa1\xca\xa2<\xd8\xb1lJ\xe6\xcc\x9e\xe9\
Z\xd8\xb8\x80F\x9a\xc6\x18\xfa\xfe\x8bY+4:E\
jl6W\xcc\xf5W@\xfd{\x1b\x0eo\x0a\xce\xb0\
\xa9\x17\x03#\xcd\xfd\xcc)P\xd1~)_\xfe9\x03\
X\x16\x8a\xfc\x18\x10`{\xe4\x9f\x17o\xdf\xaf\xeb\xec\
8K\x9c\xf0\x87\x91-F\xb8XjK\xc2\x1a\xaeG\
\x17\x94\xb9\xfa\x03\xd8JfK\xb33\x17\xd0\xb3\xfcW\
.\x83NdY2E\x81~\x185\x1a\xe5\xd2\xc44\
\x9d\x97x\x18a4\x00\xb8GZ\x81\x9dl\xbb\xd6\x19\
\xf3t5w\x1d\x9fcW\xf2Qyk\xe2b\x99\x8f\
\xc82\x1b\x9d\x89(DB\xeejX\x0d{\x0a\xe7\xaf\
\x99d\x9c\xde\xc1(\x05\x8c\x0f\xf4\xbc\xa0\x92\xf2\xfc\xf4\
\x17Sks\xb7\xec\x81|\xf1\x129\x00>\x1a\xa6v\
\xa3K\x86\xca\xc0~\x9d\xa4\xfb]7J\x11\x9b\xb68\
\x8b\x8b\x17\x9a\x08\x80\x0b\x0e\xfcU\x08\x85<\x8f\x90\xe3\
n\xe4\x82\xe9]\xf8\x80m\xac_\xaf.\xc8\x857\xd1\
\xd0\xf8\xe4Y\xf3\xe4\xc3a?:\x84\x81(0\xd2\xe7\
\xba\xcar\x13\x94\x01s+\xc1\xcb!\xe7!2\x1f\xdc\
\xcb\x1fL]jq/\x17A\xde\xc5\x17\xac\x7f\xcd\x94\
r\xd7V$\xb3\xad.\x1e,\xde\xc1\xa0\xdc\x8d\xad \
\xbf~\xf6\x85\xdc\x830\xdbq\x80\xf7\xd8\xc2|=\xe4\
\xb9Vu\xb0\xd9\x05(#Z\x8eM\xa3\xab\xe7uS\
\x1c6k\xb5,gx\xd52\xcd\xe3\xcb\xc4\xca\xfd]\
\xef\x80\xc1\xd3\xc0\xb1\xc1\xf2z\xac<\xf0\x0fGiT\
\x88MJTX\x96i\xc6\xdeJAi\xe5\x8f?\x8f\
\x96~O<-G\x8e\x1c\xd5\x123\x86\x8c\xbb\xd7\x8b\
\x97\x9eH\x05X4\xf4\x99v\xf35\x03 \xc7\xd9\x97\
\xab\x170\xa7\xbf\x1b\x9b\xe7K\xc8\x9f\x92P\xc5\xd8\xc2\
PM+\x17#\x1f\x0f~\x06\xea}a\xbay\x9a\xed\
\x93\x06@1\xf1\x07\x8d\xef\xdb\xef\xbc/_\x8d\xfd\x07\
\x80A\xb2\xaf\x89F\xe6(\xe8\xb4\x08s}-\xbc\x7f\
6\x8e\xd1\xf5\x0dj\xc9\x83\xdd:\x80\xfc'N\xdfN\
c\xdf\x03\xe9-\xd6\xfe\xbb!\xcd\x96\x0a\xbb\xcd\xd5\xed\
^{\x91\xd5\x03LI\x0e\x00\x06\xe0\xcba\xdf@\x14\
(I\xf7\x99H\xa4_z\x80\x11\xb0\x19\x1c\x94\xac*\
\x01\x14cFO\x18\x03}\x9a\x7f\xe1\x12k\xc5\x13\x9c\
2\xf7\xe2&=s\xb55&c\x0f\xa1\x12\xe0\x0b\xa4\
x\x7f\x87\x93\xa5N\x13SX\x10\x05\xeaX\xbf\x8a\x84\
\xa0\xc4\xd8\xf6\x1a\xe9Ny\x22\x9bU%\x18\x94\xd6\x97\
X\x16\x98$[\x04\xff1\x05\xc0T\x05??\xbel\
)\x19\xfcLw\xb9\xf5\xa6z\x8a\xaf)\xd4 @\xdb\
\xd8\xe7&\xbf\x09D#\x03a\x00\xd8<\xe1\x0c\x15\x12\
pD:^\x7fD\x03(3\xfa&p\x00\xf3\x97\xad\
\xd6p1\xe7e\x17\xe4\x86;\xd4\x8cCU\x00\xea\x91\
\xb3\x88q9\x1c\x0a\xe3\xac\xc8^D\x18F\xa1D\x84\
u\x97\xf4n\x8a!\x1cT\x06\x8c\x7f\xfc\xac\x9b\x9a\xd4\
7p\x0b\xe3\xf8\xeb\xd7\xe2\xc5]% :N\xdc\x03\
\xc2\xe4\x95~O\xc8+\x9f|\xea\x00\x91\xf0\xe0\x7f\xb6\
Ump\x01xf\x9e\x02p\xf6f\xac\x85D\xb6'\
\xaa\xfd\x8d\x03\xf8p?\xd2\x1d\x8c\xcd\xb1\xd4\x8f\xca\x83\
\xbd:\xb5\x95\x92\x11\xa1\xa9\xc8\x7fU\xfb\x0b\xc5\xe6\x18\
\x03\xbaU\xbb\x1c\xf0j[\x8e\xb9\xbc_\xf4\xcf\xa9\xd3\
\xe7d\xf9\xca\x95\xd2\xa5\xdb=\xb2n=8\xe5\xadh\
GY\xe4\x93\xdf\x84\xdcr\x00\xe6\x84\x1e;\x1a\xe2L\
u\x14\xf9\xfd\xd5\x22\x85\x9c\xcb\xde\xb8l/#\x80\xef\
\x1f\xa4\xc7\xde\xfdg)\xc2\xff,u\x85\x87\x0e\x80T\
\x9fn\xedpp\xb7\x87q\x8a:j\xeb0g\x8d2\
\x0d\xd4\xd0\xa8r\xf22\x98\xe8\xbe\xfca\xb4\xec?L\
\xae\x0eQ\x92.zZ[\x10\x82e\x9a\x8d\x8d\x866\
C\xffL\xb3QC@\x0f\x9a\xe2n\xa8\xfb/\x01\x00\
`)%\x02\xba\x1a\x0f\x9c\xcb6X\x1c\x09M\x8d\x19\
C\xec\xcdw\xde\x93\x0f?\x1a*;w\xee\xd2\xbe\xa5\
:)\x8d\xe7\x9b*\xc2I\xa2\x14\xae\xb5h\xec3\x9d\
{\xe6I\x00\xa8\x8e\x9c8\x07\xec\x15\xfe\x1e;'G\
\x8eC_\x00\xfb\xa2\x9fGQ`\x07\x8a\x03\x88\xcbJ\
\x0f\xec\x89\xe6\xa3\xae\x8a\xc69\xc4J\x00\xd2N\x7f\x8a\
*/6\xd2\xcb\x130~G\xdd\x8aZ\x0ah\x04\xd5\
\x8c\xf5\xc39_\x15\x5c\x00t*s:t\x0b\xaa\x03\
x\xb03\x15=n\xd9f\xe8\xe0\xacT\x028\x17`\
\x9e\xaa%\x94\x91!\xcf\xf7\x90\xc6\xf5*9\xedp\x99\
\x7f\xeaU\x1f\x01\xb0\xbdl\x22\xbew\x82\xc1j\xc0\xaf\
\xb3t\xc3\x80\xf0.\xc8p\xdc\xe4\xa1\xee\x1dT\x128\
\x10\x1b\xc7\xee}\x07To|\x0a\xc2\xf0'\x00\x18\xe3\
\xc6\xd4\x22>R\xee\x81\xe2X,B;\xb9a\xbb\x22\
\x98\x89\xde\xff\xffM[\xa6\xdc\xfb\xdcmhh4\xae\
UM\x06\xfe\xef^x78|\x9d\xfb\x1a\xbf\xf7\x00\
8)\xb8tE\x00\x11\x8bH\xa7vw\xcaX\x80l\
4\xf4\x89\xbf\xac\x00x\xbcyu,\x167'\xc6@\
\xfb\x02\xf6\x11e{\xecT\x19,\x22Kv\x1eD\xee\
\x7f\x8d,\xd9\xb6OC\xad<\xb8*\x95/\x8b\x92\xa8\
\x0e\x00E\xd5vl\xae\xbc\x0aS\x0fDE3?z\
\x95\xac\xbd\x0bX\x1fE\xd4\x88K\xc4\x01\xf2\x18H\x81\
F|\xff\xa3\xe30\xf0\xc0\xc2x\xb5M} \xcaC\
uQh\xff\xa7\x0b\x84\x5c\x8b\x00\xe4\xad\xeb3\xcd+\
Z\xfd:\xf8\xaf\x052q\xd56\x1d\x0fn\xa6%\xc3\
B\xe5\xdd\x17\xfaI5P\xf6\xb2\xf4\xcfaz\xe1\xf7\
\x9e\x01\xc1\x12\x18SQ\x9eyv\xa0|;b\xa4\x1c\
\x84\xc43\x87&\x0c^\x16\xdfOb/\x9d\xe7\x98\xfb\
\x8dkW\x17\x8a\x08\xd5\xa8\x1c\xaf\xc0B\xce}\x82\xff\
\xfc\x10\xfe\xf7\xf4\xa7\xa2e\xe1\x9f\xe5y\x1b\xa5\xdc\xbd\
Z\xd7C1\x17\x19\xf6\xf57F\x14h\xfd\x06}\xa3\
?\xf6%:I\xb7B\xad\xd4\x13)\x1cFs\x08\x98\
F%\xa6\x9c8\xc5C\xff,\xd2\xa1ge\xd3\xa13\
\xb23\xf1\x0c8\x1a\xce\x89\x0ap\xe25 8\x95\xaa\
\xa5\xdc\xe4\xb6*\x9e\xe2\xe3^T\x8d\x80\xab!:c\
\xcaU\x8b\xe09\xce\xc9T\x94y\x0f\xfes\x9ea\x99\
\xc4\xfc\xf3\xa3\xb8Z\xcdrR\xa1\x84\xd9G\xec\xc6\xdf\
W\x00\x100\x18@\xc0\xd4vqsQ\xbc\x1f\x1a\xc6\
tF\x99\x0ef\xdf\xba#\xddY\xb7f\x05\x19\xf2\xe2\
}R=\x01\x22o9\xac\x87\xab\xde\x00\xb0;\x9b\x01\
\xc5C)\xc7\xe4\xe9\xdff\x81\x9c\x07\x92\xa3\x98\xa9D\
\x19\xd3#\xbe\xbb\xfd\xadP\x0d\xf3\x07Y\xccq\x192\
\xf4\x1b\xe5\x1c?\x9a\x82J\x00\x8cO\x05\x84\x19\xc9v\
U\x13\x07CN \x17\x0ew\x22\x08g~Y\xba\x09\
\xbc\xcbk0)\x98c&\xf3_ \xf2\xee\xad\xa5\xc7\
\x9dm\xd4J\xe4&d\xaee\x0e\x19\x7f\x94\xdd\xf9C\
r\xf7\xc8\xb6]R\xaf\xe5M\xb2v\xdb6\xbdm\x0e\
N\xbb\xeae\xa4'BlT3\xccn\xf3\xb2\xfdU\
\xea\xdb\xff\x88\x01\xff\x0du\xff\x07\x10\x89\xe0\xc7\xb0\x9c\
\xaak\xdb\x9b\xe5\x9e;o\x93\xd0\xa0@G$\xa3(\
R\x0a\xde\x01\xa1\x10E\x89\x12\x17w\x8f\xb4\x06\x80\x9d\
\xd0\xcb\xdd\xfepe\xbf\xca^g\xf4d`\x89\x9f8\
uVF\x8f\x19#\xf7\xf6\xee#gT\x1b\xc0\x84\x8e\
\xef\x86'\xd3\xa5\x0e\xc8g,\x85\xb8\xf4\xfa\x009\x1d\
\x1e\xa6\xec\xe6\xda\x01\x93\xddd`\xefl\x87\x80\xca\xa3\
?M\x97\x03G\x0d\xd3e1\x84%I\xc65\xa8_\
oD\xe2|-\x86>\xd3\x8f\x5c/\xfe\xe4\xed\x0f\x0a\
\x97\x07\xff\xd7W~\x1e\xf3\x8b\xa6n\xf8[\x96]1\
\x85s\xd2\xc2r\xd0\xfbgy\xeb]\xado\x12OF\
\xec\xac\xe8\x9b\x17\x94\xffh\xe4\x12\x07pmt\xf2\xb7\
T\x8d\x01\xe0*c\xc7\xfe\xae\x94\xc0\x8b\x97.\xd3\x0b\
\xf9\xba\xbb\xa0J\xa9\xac\xb4\xac\x18\x8b4\xa9+\xbc\xe2\
\xf3\xc0\x1c\x9dE\xe4\x91\x07\xff\x19\xd9~\xe8\x1c\x14\x1e\
\xcf*7\x03\x97\x06\xc5\xcc\xecC\x87\x87\xa2\xbf\x07\xca\
\xadkzJ\xad(75\x1a\xae\x9ev^E\xc4H\
;\xfd\xec\xd8\xd9\x8a\xb9\xe2\xda\xf7B]}\xcb*e\
\xa5vlI\x9d\xdb\xf6~@\xc3(\x06@\xc0R\x00\
\x02\xa6\xee\x11\x17\xd7\x00 &\x81,\x80\xdf\xe2\xf0\xff\
\x05\xd1h\xf6?\xcbi\x9b@\xb6\xf8\x8dA\xbd$>\
&\x22G6\xccBc\x00pbq\x90\x9eE\x0a`\
9P\x91\x0c\x87ps\xa1Th\x1f\x84\x1dC\x02\x09\
\x00;/_\x8c\xfcE\xbe\x1d\xfd\x87\xec\x05X\x8cs\
>\x18*N\x0f\x00\x07@\xcd\xf1\xec\xd8\xaelT\xec\
:0\xff\xf1\xf0'!\x097\x1b\x22\xef\xab\x03\xfc\xf7\
\xd2\xe3\x0f\x0as\xf0D\xf6;\x1f\x12\xfc>\xb4l\x82\
\xb8\xfb\x87\xc8\x86\x19\xb3\xa4N\xdb\xb6r\x04F\x04\x0d\
\x16\x17\xe4\xc7\x88A\xb8\xb5\x12\x16\x17\xc3k\xd96c\
\x95.\xdeuH\xbe\xfaw\xa5,\xc7\xc4$\x16\x81\x94\
\xc7\xd5 <\xc4\xd0j#xG\xf4\xae\xcc\xe7C\x10\
\xc7\xf2\xfeI\x8e\xc2<i\xe1mi\x17\x1a=\x94\xad\
[\xb7\xc9\x8d\xb7\xb4\x96\x8d\x1b7[\x86:\xb8\xcd!\
*\xf3\x14H\x81\x98\x06p\x1e\xa3k\x07{A\xcd\x0c\
\xb3i~?o\x9d|\xf1\xef\x0a\x9a]zao\x80\
S\xfb\x03\x8c{g\xab\x16\xe2F\xb6K\xa7\xe6\xea\xee\
\x09\xef\xbf\x1c\xd4+\xcfK\xf7{{\xcb\xc4IS\xe4\
4\xf11x\xab1\xa4\x0d\x7f\x06\xd7f\xdd\xea\x95\xc0\
\xfc\xd7Y\xbf\x9a\xf2V\xccqx\xff\x04\xffy\xf8\xc1\
\xfb\xa7\xf1]P\x8frY\xafsq\x0f\x0e\xe7G3\
p`\x13\x8d\xa4\x010c\xe6L\x190\xf0y\x995\
{\x8e\xfe\xdc\x03`\xcd\xba\xb1\xd1p\x94\xa2\xb0\xbf\x16\
G\x85\xd59\xf5\xf2\x8f\xc2\x108\xcd\x85F\x1f\x07\x97\
\xb0\xe5N\xd4Q\xd1\xdb\xc7\x0f\xf1\xd5\x17\x06@\xdb\xaa\
\x1e\xd2\xb04\x0d\x80\xabit\xcc\xbc\xdb\x04\xde\x89g\
~\xfd\x17i\xdf\xe3\xdam4J\x9bT\x88\x95\xeb*\
\xc4\xe8\xbf\xed'b?\x86\xe2YK\x07\xb8KqC\
\xb2r\xd1\x1b\x0d\x80\x1d\x89\xc9Xk\xabd\xe2\xea\x1d\
\xda\xe5\xde\xa0)n\xd9\xb4\x96\xbc\xfeR/\x89\x01\x91\
\x16\xcf\xc0\xecZ\xa11\x00\xb8Q\xd0;\x1e\xf4\xc7<\
\x0d\xd1\xb3\xe6\x9b\x1b\x08\x81y\x04\x02\x86\x05C\xd7\x9a\
\xbc\xe4\x93f@pd\xa4l\xd8\xba]'(\xc1\x83\
T\x8dk[\xad\x0cd\x82Y\xbb\xaf\xae{\x86\xc6\xeb\
\x9f<sF\xfe\xc5\xc1\xff\x15\xc0w\x94\x89\xe4\xfb\xfd\
\xfd|\xc0\xfc\xd7\x5c\x9e\xecsO\xa6\xe1\x16\xe67\xc3\
\xcbWC\xe9\x9d\xabL\xfe\xee\x07\xb9\xb9O\x1fGM\
\xb4'\xbc\xfeg[\xd5\x92\xfa@\xd8\xa6\x1a\x1f\xce\x8b\
?\x95\xbe\x81\xc3H.\xf5\xcf\xf1\xd9\x13\xa1\x89~\x14\
8\x00\x0e\xb8\x9f\x0fH\x1f\x90\xe2\xe8r\xfb\xcd\x1af\
5\xcd\x94E\xf9 \xec\xef_\x82\xa2(\xcc{\xdb\xcf\
uu\x84\xe1\xf2\xbfzL\x9f\xa5\xa0^\xbc_\xdf~\
\xf2\x05\x00M\xbaP\x11\x19(\xe1\xe7-\xcf\x81p\x89\
\xd5\x00\xf6\xc2\xb0\x0f\x99\xfc\x7f\xde\xb5w\xda=\xc0\x9e\
g\x05\xce\xe3?\xff+\x14\x00\xb2\x13\xc6e\xa3K\xc9\
\xbb\xcf\xf7Cu\x0c(e\x9d\x80\xae\xac\x82\xf1\x81\xe7\
\x1f\x10\x15'\x9b6o\x95{\xee\xbb_\xe6\x81\x84\x86\
^\xbf\xd9\x5cMn\x9acD@o'\x90\x07u\xbb\
\xe3\x16Hm\x87\xe8\xefy-*Z2\xc2U\xcc\x8a\
\xea\x5c\x1b\x8d<\xf6\x80\x9e\xd7&u&E\x8b\xcb\xe2\
\xc5\x8b\xe5\xc9\xa7\x07\xc8\x94i\xd3\xf4B\xc5\xe1P\x04\
\xfb\x94\x90@\xaf\x92\xf0\xee\x9d0D\xb98\xcbi\x14\
D\x07\x16\x87\x22\xa7\x17\xa8\xd7\x8b\xc38\xcc\xc5\x9b\xf2\
x\xfb\x17\xed\xe5\xd66\xbc\x87\xe4b\xbf\xcd\x91\xf5(\
\x09d\x17Q\x95\xb2n\xd9H\xb9\xa9\x1a\x01\xa8\x06\xeb\
ec\x1b\xbc\xc1F[>\xc8]\x09\x81\xd2\xe6\x81/\
\xce]\xd2\x00\xd8\x00\x87\xf4#\xa4\xa3y\xe6q\xc5\xf8\
\xa0\xda\xadu\xabz\xf2\xfa\xa0\xfb$\x0ce\xf0\xff\x99\
\x14\x80\x91\x02\x15ym\xc2Bh#\xef@\xa8\xca\x18\
\x00\x0c=\x0e\xf8_O\xad\xd1\xe7\x86\xb1\x1c@\xc0\x97\
\xde\xfbL\x16\xaeD\xce\x84s\x1e\xef\xa1\xece\xe7Z\
\xe5\x80\xf0\xcc\x9e\xcfy\xff\xd1c2\x16\x80\x0b\x966\
\x19=\xf2\x22R\xbeL\x8c<\x8d\xc3\xbf\x19\x90\xc9'\
\xd3\xcb.bfx\x03\xf8\x17\x02\xf4\xff)\x94\xea\x0d\
\x03\xca\xb9\xcf\xe0\xc1\x0e\xef\x93\xe1\xb5\xd7\xdb6\x800\
Q\xce\xb9Kn\x84\xd37\xee\x01\xf2\x7f\xa5l\xde\x0f\
\x90\x94\xe6Z\x8bH\xe5\xf2e4'\xda\xa4^M\xa5\
\x1e\xe6C\xd1Xq\x07':Q\xd1\x9e\xfe\xc1\xb6M\
`fj!o\xe7\xad\xd4\x06\xb0\x80\xf2\xcb\x98_q\
\xa8\xf4Vm\x00%\xf2\xc0\xe2%\xefC\xdb\xca\x10G\
r(4\x1a@`N\xa1}\x1eV\x9a\x07\x84u\x9f\
\xd3k\x0by\x17g\xf9x\x8cHM\xc5\xda\xa3\x11n\
\xf7\x11\xfb\xb6\x03\xc0\xa9\x03\x1f\xb9W\xe5\xa9Y\x9d\x93\
\x9az9/\xc1\x91\xe5\xc4\x1b\xc2T\x93'O\x91\xbe\
O<)+W\x19\x1agg\xdf\x8a\x9bX\x5cl\x94\
\xf4A\xf8\xbf\x05h\xbdYeC\xd7\xcb\xc3\xc7\x1f\xb4\
\xd61P\xb6\x04\xf1O!5p\x19\xe9\xd0?\xe8\x13\
\xfd\x9e}c\x83\xf6\x9c\x97\xb3u\xb6\xea\x17+zb\
\x0c_\x1eRV\xc5\x05\x7fn\x8d\xde9\x5c\xe3,\x10\
\xe4g\xe0\xd4\x9c\xc0^v\x0c\xfbS\x0a\xf6\xb7\x05\xf3\
\x17\xcb{\x1f\xbe\x07y`\xb2\x01r\xbe\x17\x93\x00\xaf\
pDJK\xe1\xf0\x83\xa2\xa8SO\xa7\x9f\x08\x8e\xba\
\x0e\xa6}\xb0\xbeB\xbc\x8b\xcauq\xee\xa8  \xc0\
\xfa*:\xfc\xad\x07\xe3VBR\xb9W\xc0.\xbb\x10\
\x9c\x16\x5c\xff\x8c\xd4\x92\x0a\xb8M\xcd\x8a\xba\x9f2\xe5\
a\x1a\x22\xba\x88\xc6V\x08\xf4\x10o8v\x9c\xb3\xe9\
S\x8c\x05\xbd/\xf03H\xfe\xf3.8\x00\x18\x99\xe6\
x\xf9A\xde\xbec\xdb\xeb\xe4\xd5\xe7z\x8a\x1f\x22o\
9\xedU\x85&\x02@\x03\x80%\x10\xefM^\xa2\x1c\
\xce\xf4\x00\xf9\xf0\x0djVQj\xdeh\xd4\x0es\xf3\
NLN\x96\xe7\xde\x1e*\xff\xcc\x98\x07\xea\x5c\xd6\x15\
\x8b\xd4\x8e\x09\x93\xee\xa0\xbbL\x00\xc9C\xd6\x16\x93\x11\
\xfe\x19\x06\xe2\x9fY\x1bw\xeb\xa2$\x05\xe9\xf5\x0dj\
\xcbs 6\x09\xf6\xf7Kg\xf4\x114RL\x82\x22\
\xe3\xc4\x0b\x08\xe5\x93\xfb\x0f\xca\xe0A/\xcb\xab_~\
e\x16\x11&S\x88\x8f\x87\xbc\xd3\xae\xb12\x11\x9a\x88\
Y&\x8bD\xf7\xc2\xf3\xb2\x13L\x7f,\xfb\xfbw\xc3\
NE\xa7r\xc2\x11|\xd8\x1d\x1eQ\xf7v\xb7J\x18\
\x14\x08m`aQ\x10\xa1(\xe5/\x88\x7f\x9c=\xae\
\x82\x9e\x80W\xf2\xf5\x98\x02\xda\xb8i\x1b\xb4\x01\xee\x92\
\x15+WY\x8b\x11\xa0K\xc8@\x0f\xbc\x19\xc4PH\
\xbfdN\x8e\x99\xf1\xa9\xd8\xaf\x07PmA\xe5G?\
\x80|X1\xf2_\x13G\xc9i\xac\xb9\x1eX\x9d\xf2\
\x11\x84\xb1\xfe\x82(\x89n<\xf8\xcf\x0d\x150\x1f\xbd\
\xf2\xa4\x1a\xa8\x86\xf8\xc7j\xe8S\x17rc\xc4\xc6\x8b\
+\x0e\xf0\xaf\x01>\x1b\xfc\xda\xeb\xb2y\xcb6c\x90\
Y\x07\x0d\xaf\xc3\xc8\x1dK[{wi'\x15\xe2b\
\xad\xd4[q\xf5\xfeInU\xcc\xe6\x140K\xc5\x19\
\x9b\x95\xd3m_\xb2\xdf\xa7>\x91\xd3Gj\xe4\xdd\xa4\
M\xc8Yq\x0e!u\xa6\x10Ic}\x1e\xff\xe6\x01\
}\x0a\xdc\x07\xacX:\x85C\x9a\xdfS?\xe4\x0c\xbe\
\xa7\xb1\xe50\x08pI\x02\xc2h\xd42\xb2E\x99d\
\xee\x85E\xf5k1\xadR\xa2<6\x83/\xc6\xf0\x05\
\xc0\x0d\xfbc\x22\xa24{v\xec\x95-\x9bv\xc8\xa6\
\x0d\xdb\xf0u\xa7\xec\x80\x10\xd0\x86\xdd\xd06I\xd9o\
E_X\xa2\x19\x02\x03 \x0a\xe1oR7g\xd1\xac\
~\xe7\xd5agK\x84_qp\x07\xb8I\x9dh7\
\xf1t\xa3\xd1\x97\xf1}\xb6\xb1\xc2\x8dSc>\xd6^\
w!\xf2\xec\x059\xa0\xec*\xae\xf9\xb7\xa10;y\
\xedN\x1d+\x17tb\x85\x12!\xd2\xbe^\x82\xceK\
\xe7\xa4\x13_\x1f\xe7\xef.A\xd8#\x1cvAA\xde\
P&\xd7Z\x00\xcf\xff-\xdc\xdf.\xf0\xd2p\xad\x04\
\x05\xf8H\xcf\xbbZ\xca\x0bOt\x05\x08\x9eZ4\xd9\
\x1b^\x85\xca\x00\xa0\xf8\x0b\xf3!?-Z\xef\xa0o\
L\xc0\x86\xf1\xc6\x80\xc7\x94\x9c\x87\x9dQ\x14V\xda\xc7\
\x95\x98\xc1\x0f\x00\x00 \x00IDAT\xdf\x8cR\xe9\
\xd1}\x07I\xe1[D\x22\xd1i\xdd\xea\x96\x97&@\
\xe4g%\xc8C\xebo\xd6\xc6]\xe05_\xa1$@\
l\x143\xe9\xde\xee\x16\x90\x92\xb4uX\xda\x8e\xfd\x0d\
\xb3\x99\xa0\xa4\x88\xb8\xaa(s\xf2\x90\xe3\xd0\xdb\xfe\xdf\
SO\xc90\x80l\xb4\xe1z1\xa0l|\x0b\x06@\
\x08JK\xb2\x1a'\xb5\xfcq\xad\xf1\x90\xa5\xa4\xee\xc0\
\x0e,Z\xfe\x8c\x0b\xbd^\xf5\xca*\x86R\xbbJ\x82\
\xc9\xb9i\x03P\x05hh\xff\x12\xd1\xaa\x8cvIb\
Q\x17y\x92\xe7\xe7\xf2\xdc \x0f\x03\x84\xf6\xf4SO\
[\xa4@F\x13\xdb\x1f\xd0\xe4W\xdb6\x94J\x11\x01\
\xdaW\xe6oVL\xd9\xe6\xb7IV\xd9\xe5RP\x83\
\xd6\x05\x8e\x80\x14\xd2\xa10\xde\xb2mW\xe8A\x94\x9f\
\xbe\xcc\xfa=\xf61m\xb816\x80\x93\xfc\xb5?\x17\
X\x8cd\xa6\x03\xaa\x82\xb2\xf7\xeb\xb7^\x10\x1f\x1f\x12\
P\xd9s\xd4\xe4\x9c\xfd\x11\xba\xf7E\xfe\xbe\x18RT\
/\x0f~M\x86~\xfa\xb9\xec\xdd\xbb\xcf\x01\xa0\xb5\x0f\
\x88\x00??`\x5c\xeeD\x99ksM\x05\xf00u\
\xf3\xf6\xd5\xdc?\xe9\xad\xd3z9y\xefx\xe7\x08P\
\x9ah\x90u\xa9\xbc\x5cQ\x91\xeeNV\x88\xc10X\
\x87<\xfa\x88\xaa\x85g\xf4\x10?\xa5Q\xc1c\xa85\
?\x92r\x5c\x8e\x22\xd4|\x04\x7f\x93\xb0\xb7\xf0k\x0a\
Hy\xe8\x91\xa7`\x0e\xeb\xdfc\xc7\xe4\xe4\x09\x18\x02\
(\xfb:\x0d\x07\x80F\x023%\x1a\xf9\xe4\xc1oy\
\xfa<\xfcy\xe0\xdb_I\xb8D\x02&F\x07\x09\x8a\
\xe6\xbe\xc1\xfbI\x01`z?xS\x0e\x1eH\x94\xa3\
\xb8>#\x01\xe6\x90>'\xbb\x926\xa0\xf2b/\xfe\
\xcd\xa8jQ\xe4\xf1\x83\xb1GE\x01\xa8\xcc1\xcc\xaa\
\x99^\xa2a\xcd\xd2\xbf\xeb\xcaz\x80\xca\xd9\x05\x06\xa0\
\xd9\x93LK\xedI\x1b\xdbA\x0d\x95\xd3g\xceC\xc7\
\x9e\x18.F\x1cD\x82\x109\xf0r\xbd4y\xf4\xcc\
\x9e\xc6N\x0b\xf2\xae)\xb6\xf6\xc9\x8c\x15\xf2+\xca\x01\
\xd9hP\x95F\x0a\xb1S\xfd\xcaz\xc0\xa6A\x9d\xe0\
\x0d\xd1>\xaeR\x12\xb8\xb2Ka\x00p\xcd\xcd\x80^\
\xc1\xdb\x88\x00$\x1f7\xbc2\xe1\xb8\xb7Gz\xb5\x96\
\xc7\xfb\xb4s\xcc\x89\xec\xd2\x9c\x85\xc6\x00\xe0\x84\xa2\xd5\
\xcb\xc3\x9f\xf4\xbc,\x1d\xe2\x83\x97BM\xfc;\x03\xfb\
\x824\xa4\xbc.\x147H\xc4N\x9b\xb3P\xde\xfal\
8\xd2\x01\xebuN\x92)\xee\x0e\xa0\xf1\xdbT\x89\xc5\
\xe4\xcb\xb8\xb1\xf3:\x87\xb1X\x7f\x81\x1c\xe9\xf0yk\
T\xe4\x87\xb4\xbd\x09\xe5J+\xf1\xcfuuk\xa6\x09\
#\xeb&Be2\x1c\xc4ae\xaa\xca\xf9S\x08\xaf\
m\xd8$\xed\x1e\xfe\x9f\xfc\x0dp\x8d= UK\x85\
\xc8\xe0\xd6\xf5Uf\xd2D\xae3\x9a\xc9\xcc]o\x03\
\xde\xe0cxV\xa4V=I64,\xca\x90@\x7f\
y\xbc7I\x8e\xae\xd3rG\xbb\x91\xf2\x97\x9e\xbf\x0f\
\x88\x87\x08P\xfc\xaf6\xf6\xe5\x19\xe4\x01F\xa1\x1a\xe0\
\x7f\x90\x08NF\xe4\x87*\x90l\xb7V\x8e\x95G\xc0\
\x00Ic/3\xcf\xc4\xb9\xcf\x94_\x02\xf9?*>\
.@\xd9e\xa5\x12\x81r7\xaa6HP\xa3\x1bo\
\x96\x16v\xea\xe1XX\xc7\xc0>\xeb\x88\xed:\x03\xcc\
\xcd\xdfk\xb6\xc9\xc7S\x979\x8co\x1e6O?t\
\x8fV\xe2\x9cu\x12\xdb\xd0\xb5\x8a\xc8@\x18\xc0\xb1\xae\
P\xa7d{\xac\xffS\xd0\xa2\xffA\x0e'\x91\x03\xc0\
T\xd1p\xee\xd3\xb3\xbd\xaeN\x0dy\xe4\x9eNX\xc3\
\xe5\xd4Tcd\xcd+8\x1c\xe4VD\xfe_\x1an\
\x0bz\xa8\x8e\xd5d\xa5\x99x\xdfz\x08\xe3\xa0d\xed\
7W/_\xc7\x1ax\x02\x8e\xcf\xd1s\xc7\x01\xcf\xc3\
\xfd0\x0c\xf7C\x00\x94\x1d\x04\xcd\xf1^\x90#\xed\x81\
\xe0\x11\xff\xee?pH\x92\xc1|x\x0c\xa1\xe6S\xd8\
'N\xa3\x1f\x19\x09\xa0\x11a\x1f\xeaZY\xc4\x93\x11\
\x9f\xeb\x1c\xa1tN\xb3\x989\x96z\x97\xb6\xe1\xa1\xc7\
.oL\xb7\x16\x03lc3\x11\x03\xeb\xba\x96\x91b\
\xca\xf4\xce\x81\x89q\x83$\xa6\xec\xc1s\x994\xaa\x8f\
\xbb1\x00<\xddH\xb2\x94Y3\x17\xf5D\x0e\xbcJ\
IWp\x06\x00\xf7\x84\x08\x00\xd3p\xfay\xfcj>\
]\xa3\x16G@\xe9@ !\x01\x85\xac&\xd8\x97\x8c\
\xbfG\xcf \xca\x06\xa7\x09\x06C\xedhW\xb9\xb9\x92\
\xa7\xb8\xc1Y\xcb)\x84\x9d\xc5\x0d\x15\xd8\x8fS0\x86\
#\xb1\xe7\x0f\x87\x12%\x9f\x85\x91\xbf\x92\x81\xbe\xd2\x05\
l\x80>H\xe1\xa6\xbf\xbf00\x02\x95\x0e\xf0\xc8f\
_(\x98[\xe3H\x9dD\x84\xe8\x1f\xac\xb9w'A\
\xe0\x8e\xd1l\x8cU$\xa2\x13\x03\x1e\xed(\xbd\xba\xdf\
\x94+>\x82Be\x00pRO\x84`\xc8\xa7\xb0\xd8\
\xf6k\x09\x92\x01\xc9\x0dA\x04\xa0q\x9d\xea\xca\x8d\xcf\
\xb5\xbb\x17\x8b\xee\x8d\xa1_\xcb\x84is\x94\xf2\x92\xe7\
d\xe3\xb2%\xa1\x1d\x1f/q!\xfe\x19\x0e\x05[u\
\xef\x0b\xa0\xef\xa9\xba\xc7k0\xfc\xdf\x0cB$\xfd{\
w\x83\x91\x81\x1a\xfbt&\x1fK\xf0\xfc\x91\xdb\xf4\x87\
6\xf99\x00\xa3\xf6Ah\xe3\x86^\xbdd\xe5F\x92\
\xd3\x98\xc3\xbe98\x08\x9ejY3C\xd4\xc1\xc9N\
Vc\xe3k\x94y\xfc\x0e\xecA\xa2\x8a\x1c!\xac\x0a\
#\xe6\xe6f\x0d\xe5\x01 \xff\xe3\xa2\x0d\xed\xb0F\x5c\
a\x18x\x07\x86\x88/>\x97\xf5\xff\x97{\xf1\x14\xcc\
T\xcf\xffU\xd8w\x1b\x11R\xbe\xbbGO(\x9c\x19\
m\x00nC$\xeb\x18\xdc\xb6>6\xab\x10\xcd\xe1e\
GP\xc2}\x97\xc4R\x1f\xe1`\x9b\x03\xb5\xad0\xe4\
\xd8\xba\xd4\x89\x97\xfae\x22\x80\x90.\x86M\xaa\x98\x03\
\x01m\xb6X;\xae`\x91\xab\xe4\xff\xf6\xaf\x9aw\xb2\
_\x8f#,\xfd\xfe\x94\xc5\xf2\x17j\xff\xcd\xe1\xcd\xf2\
\xd8`\xf9\xee\xfd\x97%\xa6T\x09\xe5K\xa7\xb1d\xce\
\xcesZ\xb3\x1f\x14\x13\xaf\x86\x00\xbd\xcf\x07\x1f\xed+\
\xa3~\x1e\xa3%\x80\xb6!\xcck\x84B3\xe0\xb1{\
;K\xeb\x1b\x9a\xaa\xc0\x96\xaa\xfe\xa1r\xc0?<F\
\xbc\x82B\x1d`\xce\xbcx\xe9\xf9\xe9X\xfbh\xe5\xb3\
1\x1a\xc8\x90=\xc3\xf5'\xf1\xdc)z\xc8\x1f\x93d\
\xc8\xb2\x1e\xd8{H\xf6A\xa1s?\x8c\xc6\xc4\x83\xf0\
\xe6\x0f\xd3\x8b?\x01\x1c\x0a<w\xebpW<\x09\xd6\
\xecIp\x91$%\xc3\x03?\xc6\xa8\x1e>A\xd7\xb0\
\x1d\x95\xb2g\x93\xb9[s~g\x12G\xcf\xe1a\xb2\
\xda\x03\xd4@\xc8\x22\x09\xb6'y\xb3\x1c:\xba\x13\xfb\
\x8a9T\xbc\xdd\x02\x90\xae\xa4\x01\x00\xf2\x9b,>\xcf\
\x13Q\x87\xca%\xa0C_\x9e\x87\xbf\x91xf\x95\xc0\
qX\x01\xc9 \x06\xdas\xe4\x1c\x22\xa7\xa7e78\
\x03\xf6\x830\xe8\xc8\x09\x82\xaaq\x07\xb0\x1e\x0d\xd0\x93\
\x93\xc6\x042\x19\xa9\xbd\xb7\x81\x0f4<\xb2\x97\xb2\xcd\
\xcf8\xe6\xed=\x88L \xda\xf2\x07\x98\x00I\xb4s\
\xca\xe2\xd5\x0f\x019R\x97\x86d\x03L\x1b\x11\xe13\
\x07\xba\x17\x07\x10\xd0CS.\x17\xb3q_b\xd5\xdb\
X\x90\xc1}\x0c\x10 \x1b\xc7*6*\x5c^\x1ep\
\xb7ths\x1d\xc3r9\x9e\x01\x85\xc6\x00\xd0\x0e\xc0\
_z\xc9\xefOY\xa2\xb5\xc8\x5c\xa8\x0c\x85\x0d\xea{\
\xbf\xb4\xb9\xa1\x89\xb2\xe5\x99\xdc\xd9Y\xd5\x04\x18\xfe\xcb\
\x9f\xb2g\xff\x01]^d\x1d\xa3\xf68\x11\xf9\xce\xeb\
\x8c\xd7$\x09\x09\x95\xc8>\x9b\xb9\x5c#\x0b\xfc\xa4`\
x\xe0\x9d\x81J~\xa0\xcb\x1d\xd0\x01p\xae\xfd4\xc3\
^\x1c?\x0b&\xfb\x1f\xca\x93\xce\x82\xa0h\xed\xecy\
\xd2\xe2\xbe^\xb2\x17\x1a\x00\xb6\x03\xd1\x1di\x87\x9e\x0d\
\x13\x14\x9b\xe0\xdc\x1c\x87\x08>\xfc\xdfM{\xe4\xf3\x19\
\xcbU\x06\xd5\xe6\x02(\x1b\x13\x05\x82\xa3;Uy\x90\
\x86\x88\xedk\xba\xb2$\x0a^\x11#\x0f\xfc\x90\xff\xba\
\x01\xc0~<\x81\x05\xfc6\xd8\xcd^xi\xb0\xd9H\
\xe9\xad\xe1\x17\xad\xab\x96\x86J`\x82!`r\x02G\
\x9a\xb1O\xdd\xe68V\x87`L~\x08\xda\xe7\xe9\x08\
\xb7qa7E\x09P\x83rH\x03 \xd4\x17\xee\xe5\
\x22\xfe\x88s:\xbc\xb14\xef\xbe\x98[\xc0\x95qm\
s0\x9d\xd3\xf5\xc6\x12\x5c\xa2\xff\x8d\xa7TDn\xbe\
\xbe\xb1\xbc=\xf015L\x9dK\xf4\xe8\xd1\x06\x82\x17\
\x83\xf4\xd8\xfc\x1d\xc3\xd8\x8f?\xfd\xac\x0c\xffn$\xf2\
\xd2\x14\xea2\x06-\x0d\xdd\xd6\x88p\xf5\xc6\x1a\xa3\xe8\
\x8f\xe1\xdd\x00\xb0\x16u\xff\xacn\xa1\x91\x9b1\xc5u\
\x81\x91\x17=\x18u7\xd5K\xdb^\xbd\xe3\xc0\xc7a\
\x9f\x94\x98\x22\x07\xc05\xb2w\xf7\x01\xd9\x8d\xb4\xd0\x1e\
|e8=\x19??\x8eH\xe1Y-x7\xf9x\
}v\xa7\xb5\x98>4|\x0c|$\xfb\x0e\xec\x81\x11\
`\xe8\x8f\x1d\xcfco\x02\x0e\xcb\xc6>\xfc\xb3:\x82\
s\x98\x0fY\xa9\xc1dx\x1bj\xcb\x93\xb7\xc0;\xdf\
\x89H\x86\x09+{\xb9\xfa\xe1\xb0\x8bVC@\xf7\x95\
L>\x8a\x00\xb8\x10/\xc3\xfc\x17\x19\x80\xf5\x80\xf1\xdf\
\x0er\xa0\xdd\xc9g\xb0~`\x04\xa0l\xf0\x14\x0e|\
\xc3\x9eg9,\xf6R\xd3g\xb4\x0c\x01|K\xc3\xe1\
\xb6*^rs\x82{\x86\xbd\xf1R\xcf\xfa\xe3\x88\x00\
LY\xb7C\xfeo\xca2\xa4\x03\x0c\xc3\x91\x1f0@\
\x9dQk\x1f\x03g\xd1Y!\x91\xf3\x9e\x95\x00\x09`\
\x04du\xd9\xc5l4\x00\x0e\xa1\x9c\x9c\x8c\xb0$\x85\
3\xf3\x0a\xa0t\xd0\x00\xbf;\xf8~\xb9\xa1I\x0d)\
\xe2|sY\xdcL\xa12\x00\xf8\x8c\x04\xea\xbd5q\
\x91lD\xa8\xed4\x17\x22z\xe6\x91\x1e\x1d\x95$\xc7\
\xdf\xc7W%x\x19)\xf8k\xdal\xf9\xf8\xdbQ\xd0\
\x05\xd8\xa2\x1b\x0e\xc39\x94\xbddE\x80\x09\x0d\x9b\x05\
\xc7\x8e\xde\x9d\x94\x025\xb2\xb5\xf2+\x08\x80LCG\
\x97\x8eF\x08\xbe\xab\xb4hX7M\xe9\xa0}\x10P\
r7\x18\x00'\x17W/9\x0d\x00\xe0\x8c\xbf\xff\x91\
v\x8f=\x06\x0e\x80c\xba\x00x\xf9gP\x93\xde*\
!\xc6r\x1b\xd3.+\xfe\x8bQ\x8c\xf7\x01j\xa4\xd8\
\xc3\x09\x965bN1\xa7\xd7\xa5M+\xb9\x07\xe4F\
\xa5\x22\xc2\xad\xfb\x81\xa1\x83<\xaa\x8a\xa1pS\xc5M\
;G\x11\x9c\x0f\xb4\x8b9)\xaf\xc4kS\xe6t\xdb\
\x96\xad\xd2\xb0is\xd9\x83\xfc2\x0f\x1bF|\xc2Q\
\x12\xf8d\xcb\x1a\xe0\x9b\x0f\xd2\xd2\x1e3\xac\xf4Ht\
\xd4\xcd?-K-\x05F\xc4'0\xc2\xfe\x86wK\
O\xb7\x02\xc46n@%A)\x84\x02\x83\xdc\x8b\xa9\
\x0a\x98\xbb\xa5\x0e\xc6\xddQ\xc1\x85\xf9\xf0\xd6\xae\xc4\xfe\
\xcb\xee\x9eL*\xcbx\xb3\xf4\xfc\xdf\x9c\xb8\xd0\x8aF\
\x01\xa0\x0ao\xfd\x19T\xdft\xba\x0d\xa1H\x86\xed\x9d\
\xf2\xc0\xee0T\x83\xa2\xcb\x9b\x03\x9c\xd7\x00\x03\xdd\xf7\
\xdf}/\xaf\xbc\xf6\x86\xac\xdf\xb0\xd1\xe87`\x0e\xc7\
\x97\x8d\x91G\xee\xee\x8c\x14\x1b\xa2w0\x068>\xc4\
\xd5\x04\xe0\xf0\xf7F\xf9\xa0\xb5\xe7\xa5\xb9\xc549\xfc\
\x5ct\xa8\xfdz:\x0bJ\xe1\x8a\xf7\x9c\xc3g\x9f9\
_T\xceb\xf3?\x8e\xf0\xfc\xee]\xfbe\xeb\xe6\x9d\
\xb2}\xdb\x1e\xd9\xbb\xeb0\x0e\xffdx\xf6\xc7\x15\x98\
g\x0e\xb3\xb4\xc6vf\xa9\xbc\xcco\xa5\x08\x22\x03\xc7\
\x81E\xda+\xc9G\x80\xe2\xb6\x22'Lq\xb8\x16w\
Q\xca\xe4\x228X\xd9\x1f\xa7N\x9d@\xb4\xc1\xd0!\
g\xd92\xa7f\xd4\xfd\xca\xd1l4\xbem\xf4\xa6{\
\x0f\x9f\xe5\xc0\x91\xed\xd8{\xb6c\xff4\x9f\xe7\xe1\xe2\
#\xa10\x00|\xdc\xe1X\xd8\xeb\x22\x9b\xdb\xb0M\x04\
\x8d\xfa\x10G\x80\xd1?\x87\xcf\xd3\xd8\x86\xce\x99\xd4H\
FF\xb3\xc6T\x10\xf4j\xe8#UJ\x90U/{\
\x05\xcf\x5c\x0cq>_b\xee\x8c\xeb}\xe1\xf6}\x0a\
\x04<\x94BZkD\x10AO\xdd\xb1ne\x89G\
\x0a\x97`c5\x8a,c\xd1\x15\x9bK\x95`\x94\x02\
\xb2,5\x9f\xb6Znn\x98[\x13\xcf\xa5\xefp.\
\x8d\x05>\xc16\x00*\x83\xfd\xef\x8b\xf7\xfaJ\xf5\xca\
ea\x00\xe4\xcc\xbcT\xe8\x0c\x00\x0a\x01\x0d\xf9{!\
Dr\x0e\xc2\x924\x1d\xd0\xae\xd5\xf5\x9a/gHR\
\xf3u\x98\xf4k6n\x91\x0f\xbe\xfaAf\xcc[\x84\
4\xc0)\x1d\xd8\x96\x15I\x0b\x5c\x11\xa8|_\x07-\
0\x7f\xbep\xdb^\xad\xfd_\x01\x12\x1e\xf6tq,\
J\xa6\x14\x06?\xf1\xa0D\x84\x84d\xe0\x0e\xa0\xe5O\
v\xb2\xc0(\x0c\x02^{r\xe7~\xf9\x0e\x14\xa7\x8f\
\xbe\xf6\xaa\xca\x043t\xc8\xd0\xf3\x07\x9d\x9a \x0c\x1d\
\xa4%2\xa9s\xc5\x1c\xdd\x8cT\xb0\x9a\xe1;\x90\xaa\
p\xa0\xedz\xe8\x0a\xc0\x1d\xb0\xec\x90\x00@n\x92,\
\x09*\x86h\x83\x1fx\xd0}\x99\xf7\x07\xd8'-\x90\
\x891\xb5\xbc\x87\x0es3\x09\xaf\xe4\xd7\xd8^\xa4\x86\
l\x8b\xb9\xc9\x9bo\x0e\x91A/\xbf\x86\xb0+75\
\x1a\x01E\xc1pV\x06F_Ee;\xd3\x10$\x9a\
\xc9\x83\xa6m\x1c\x8b\xe1\x90]\xfeu\xd9&\x8d\x00\xd1\
\x03 \x1bX\x95\xe8\x08\x88\x80\xd0\x00p\x95P\xcfT\
u\xb0+\xb9_\x0a\xf6\xdeL\x9fQ\xae\xf7\xf5\x09\xf3\
e\xc6zK5\x0d@0\xaaQ~0\xe8I)\x87\
\xf2=\xd5#\xa7Wo}\xb8\x1fRTLS\x15W\
\xd9^\xccl\x18i)\x00\xc2=\xf9\xcc\xb3P\xa2\xfb\
I\x92\x92\x92\x95\xdd\xf2\xee\xf6\xb7H\xc7[Z\x02\xd8\
\x14\xa2\xef\xe7\xba\xf2Au\x8b\x1f\xa2\x5c\xe6\xbd&\x5c\
lB`y\x9f\xe3\xe6\xd0g\x00\x03\xa1j\x84w\x09\
\x8c;r\xe8\xb0\x1e\xf6\xeb\x10\xf1[\xb7v\x93l\x05\
2>9\xe9\x04\xc8]\x5c\x10A\xf4V\xd5O\x02\xea\
\x88\xaf\xd1h\x92\x1ePf\xf7O3s\xac\x83U9\
\xf03\xfc\xd2t\x84\x01\xe3\x1d\x95\xc3H\x03\xf0{w\
\xe0\x19\xdca\xe0\xb8\xa1\xcc\xb18\x0c\x00\xad4\xb1.\
\xcaR\xd6\xfd\x07\xf7\xebk3F=\xcc\xf5\xb2\x03{\
Y\x9f\xa8=\x96i\xb3<\x06\x96\xfd\x1d\xc0\xe1\xbf\x1f\
F\xc0\xa93P\x97\xc3>\xe5^\x1c\xd5\x1a>\xd1\x0a\
\x06\xb4?\xc7q\x0d\xe7\xf5b\x1f\xf2j\x05s\x5c\x0d\
*!\xcbs0\x13\xe3\x83\xa67+\x07:\xd5\x866\
\x8a\x1aVf\x94/Wc\xd8\x7f9\x0c\xc07\xa1\x0a\
\xb8\x07\xfb0\x9f\xc7\x0d\xe3\xdf\xa6Fy\xa9\x8d\xb41\
\xa3\x15\xa9\xb2V8\x1bp\xc3\x95`\x00x\x13\xccp\
\x11o\x9b\xfdB\x92\xa2a\xb3V\x81\xae\x98$@\xe6\
\xc3jW//#?{Z\xa2#\x91\x96\xfe\xef\x19\
\x00\xa4\xa9<\x09\x03`\x11\x88\x11\x00\x98Cn\x91\xa3\
P\xbffey\x092\xbd\xa5\xa3A\xdfh\x01S\x92\
\x8e\x1cA\x04\xe0g\x193a2\x80GFG\x99\xe5\
x\x94\xbelV\x0e\x1a\xe3Vc\x0eH\x0f\xe2\xb9\xeb\
\xb4&\x94T\xb3a\xc1\x81JH\xd2\x07\xc8dc\xcd\
\x9a\xce\xb7\x83X,K\x0a\x82\xb8\x897\x18\xf8\xb8E\
\xa4\xec= C^\x1f\x22C\xbe\xfcRs\xfa\x14@\
\x09\xf2r\x97O\xbb6G\x18\xd9#\xc3\x22\xe1u\x08\
\xfcc\xde\x99Jh'\xb4\x5c\xb1\x88\x92\x0e=\x0eR\
#\xe6CYS\xcd\x87q\x85\xbc\xaf\x0f\xca\xa1\xc8\xf6\
\xc7M\xe3Zs\xee\x01\x13n<\x87\xc5\xb1\x07c\xd0\
\xa6\xed\x1dJqj\xd8\x1a\x05\x22%^2\xd0Rb\
4\xe0\xaa\xccW,\x7f5v\xe9f\x19\x09k{\x17\
\xa5j\xf1\x83\xdaeJ)#\x98?\xc6\xd1\x1f\x88\xe5\
(\x1fw\xf1q\xb54\xc2\xf5Z\xa9\xf3\xa2\xb0\x8e\x09\
m&\xf8\xff\xb2zO\xa2<1f&\xc0]\xa6\xac\
\x96\x07W\xf3\x86u\xe4\xcd\x81\x8f\x22\x12\xe0\x5c\x8bL\
\xe1,\x17\x09-\x9d n\x00\xff\xd9dL\xdcTO\
\xe2\xbd\xfdQ\xb1\xf1\xc3\xa8Qj\x00\xdc\x88\xb2?\xd6\
\xfd\xc7\x83gCC\xe9x\x8d\xbb\xaf\xbf\xf8\xa1\xba\xc5\
\xc3'\xc0\x9c\xf9\xce#\x96\xab\xeef\xe4\x0d\xab\x0b\x86\
3\xa3\x16\xc7A\x0d\xbe\x13\xde\xdd\xfa\xb5[d\xcd\xf2\
\xf5\xb2v\xcd\x16\xd9\xb6u\x17\xc0z\xa0\x12\xc7\xc6\xee\
\xe5\xe1\x89\xbaj\x7f\xf1B\xc4\x82\x917\x13\x10J\x05\
\xd2]\xe8\xb8\xf2Z\x86\xf4\x88t\xc9d\xf0L\x0d\x1b\
\xf3qR\x8d&\xf3\x99\xc7\x8e\xa5\xc8\xce=8\x98O\
\x9b\xd0\xfc\x057\xe7>S\x1b\xc6\xd4\xfd'\x1e\xdb\x83\
4\xc0V\xec\x9f\xa0KGs+\xee\xa9\x11\x00?\x0f\
\x1209E;r\x9dV\xc8\xfeN9\x96\x8cV\xd3\
\xde\xa9\x1b\xe5.7W\xf6\x90@\xc8\xeb\xa6O\x97\x5c\
\xf0\xf3\xe6\xf6\x02Na\x09F\x8c\xd7!\xbdC\x03`\
3\xe6\x05\xef\x93\x5c\x00\xcd\xe1i\xb7\xa8\x1c\xa7@\xbc\
4\xbb\x06\x16\x05\xb9\x00\x02\x01,\xbf\xa8\x06\x00\x9ee\
\xf9\xae\x03\x8aMX\x823\x82{\x12\xd3\xdd\xd77\xae\
&\xdf\x7f\xf2\xa4\xf8!\xc2\xf9\xdfK\x01`\x95\x9c\xc2\
\x80\x91\x0b`2$\x12\xa9\x1f\xce\x16]2B\xde~\
\xae\x1fJ\x92P\x09`\x8d\x16\x17\xd7\xe8\xf1\x93\xe4\xb3\
\xef\xc7\xc8\xa6\xed;\xcd\x22\xc4\x0cl_\xbd\xactE\
n\xde_\xd5\x01\x05\xc0\x95#2\x1a\xdc\xfb\xe3Vl\
\xd50<\x17I\xad\xca\x15@l\xd2\x0b\x14\xc0\xe5\x0d\
\x97\x80c\xa6\x9a\x15\xe5\x15\x10\x84\xf0\x7fE]\xd4<\
l\x0e \x05\xd0\xff\xd1~\xf2\x9dS\x09`Ux\xfe\
\xef\xde\xd9D\xa9|\xb9\xb8S\x11\xbd\x9c`,g4\
\xa5'4:\xec\x9b&\xe2\xff1(\x0e\xc6By\x90\
8\x86b\xf0\x82H\xf6\xe3\x0dD\xb4\x11X\xb9\xd62\
\xeb\x01\xddh\xc1r\xf6\xfe\x07\xef\xcb\xa0W^\x93\xa3\
G\x10Q\xd1\x12\xa7\x22\xa0a.-}@\x0e\xe4\xc5\
z%''\xd2\xd9\x9b*\x8e\x03c\xf6\xe6\xdd*\x0d\
\xba\x06\xb2\xb4\x1c\xaf\x12(\x1dm\x814@<P\xb7\
\xdc\xb6C\x10\x01`$\xc0\xc3N\x05X7b\xc6\xb6\
p\x8e\x0b\x1f\xeb\x04\xd6\xd8\x98%\x1be(R$\xf6\
cR\xf9\xef\x99\x87{ M\xd5\xda\xa2\xec5\xcf\x7f\
\x1e\xa02\xe6\xef\x19\xfe/\xce\x90>\x7f\xa6\x80\x81\xe2\
\xb2k\xd7n\xb9\xab\xeb\xdd2s\xd6l\xa9Y\xb9\xa2\
<\x01\xea`\xae/\x9d\xd7\x04\xfe\x01\xeb\xe2\x17\x1e\x8d\
\xb5\x15\xaaen\xd9\xb7\xb4\xd6\x80\x01\xbca\x1c\xb8\x1e\
\xf1\xcd\xa1}\x07e\xe1\xdc\x952}\xf2<Y\xbax\
\x8d\x82\xf6X_o\xc8\xc4\x8a\x88\xaf/r\xde`\xd1\
$f(u\x1eh\x111\xcd\xc9K>\x98\x0a\x10\xc4\
\xa7\x1f;\x9e\x22;v14o\x0c\x80\xbc\xa6;\xb2\
\xbdq\x8b\x5c\x88c\x98tb\xbf\xec\x87\x01p\xfc\xb4\
)wv)\xe6\xae @\x12\x02\xa5\xc7+\x99\x1ba\
\x14&\x9b\x08L\x9a(A\xc6\x98\x00#0\x8c\xaa\xde\
X\xd1K\x9a\x96s\x03\xe6 kc\xfcRu\xbe=\
\x83\x18\xfd\xdbz\xe8\x88\xd6\xda\xaf\x04\xe9\x0e\xfb\x9c\xe5\
\xe6u\xc0\x06\xd8\xaeN\x02\xe6?\xea\x17\xad\x14\x80v\
\x05\xfe\x90\x0b \xcc\xcb\xa4/.Vc\x19\xe8|D\
\xa6\x87\xa2,}\xf3\xfed\x9d\xa7\xdepF\xee\xb8\xb5\
\xa1|\xfe\xf6\xa3\xb9\xe6))d)\x00So2\x0c\
\xa0\x08\xb2\xf5\x1d\x01J\x92\x03F\xc2\x1cR\x916\x05\
j\x9f\x9b\x93\xee9\xd8\xd4W\xae\xdf$\xaf\x7f\xfc\xb5\
\xcc\x9c\xbf\xc4\xb1\xa0jA\x14\x88i\x80\xaa\xa5\x82\xf5\
\xbddZ\xfa\x1a\xe1_F\x14\xf8o\xf2\x9a\xb7\x05\xbd\
\xf0\xc0\x87\xefU\xaf\xc0\xb9q\xa3w\xf5\xf6\x93P\xe4\
\xfeY\xfb\xcfF\xf2\x8e\x1d;v\xcb\xfd\xf7? \x93\
g\xcc4\x1b\x1e^\xd7\x1a\xa5hO\xddX\xd3J5\
\xa4N\x14\x1e6\xac7\x7fu\xc2\x02\x80h\xcc\x02\xa4\
\x07\x14\x13\x19\x81M\xb1\xbb\xaa\xa1\xb9#\xbf\xcaC\xc7\
'\xb8\x84\xaa\xa0Q\xe8'\xab\xb0\xe0\xc5\x9a\x80W\xd5\
u\xd1\xe5g\xb1\x89\xae\x031\xd0\xbd\xf7\xde'\x0b\x17\
/AN\xd5l\xa2n8|^i[OU\x02\x8b\
g\xc2%\xcf\xf1\xe2\x5c\xd9\x0a\x84\xf7\x07\xd0\xdc\x9e\x87\
*\x10n\x0en\x08\xf15\x8e\x07\x180.\x12\xaag\
\xc5\xb5d\xa9\x84\xb7\x9b\x84\x81g\xc0\xe0\x7f\xf2\xbe\xf8\
3\x84p\xb9\xb1\xb0\xbc,\xef\x97\xba$\xc3\xc3~\xd8\
\xab)\xb7E\x00\xdf\xb2:\xc6\xdc\xa8'\x0e\xce_>\
\x7f\x13\xec}\xd1\x0e\xdak\xa5\x9aEYYHl\x02\
\x0c\xd6\xb0\x0c\x84[\xbc\xd6\xb0oF\xc8\x9c9\xb3\xe5\
\x86zU\xa4r\x5ci\x18\xc2\x86\xd9\xd2\x85)\xae\x88\
\x18c\xe8:Q\x09g\xf7\x90\xea\xe9\xf331\x16t\
\x03\x8e#\x7f\xbby\xedf\x994a\xb6L\x998G\
6#\xb4\xcf\x03\x9f!}\x86\x9ai\xda\xbb\xbb`\xe3\
\x0e\x8d\x00g\x01\xca\xdd\xd4#\xb6\x9bu\x1c\x00\x17\x80\
\x01\xb9$}k>\x84F\x07\xe3\x81\xe7\xe48\xb0\x02\
\x07\x0e\xec\x95\xa4\xa3F*Y[N\x07/\xaf\x90.\
\xe7\x9e\xd3\xcd\xf3\xf3\x8e\x9c8\x84q\xdd\x0c\x04\xbc\x89\
\x8c\x16\x07\x8dy0\x0c\x80 \xaf\x12Z\xfe\x9c%\xc6\
!]:\xc0q\x8f\xfa(\xe9\x0d\x04\xfb\x88=/A\
(\x9dkW\xddSj\xa2\xfc\x0f\x04\xaeV\xb5\xc8\xc5\
g\xd2\xcb\xa9/L\xb4\x07$l\x08\xfd\x93m\x8f\x00\
s\xed\x0f\x96\x80\xe3|\xe8\xd2\xa8\xbab\xca\x9c\xc1\xd6\
t\x1ac\xfd\x5c\x15\x17db\xc2\x17\xa7\x9dF\xe4a\
\x1aH\xe1X\x9e\xbc\x1f:\x05\x5cz!\xe0\x95\xe9\xd5\
\xed&T\x01\xf4\x94\xf3\xf8}nZ!3\x00\x8c\x1a\
\xd5\x1f+6\xc9g3V*J\xd2N\x0d\x0eB\x0a\
\x80\xba\x00^8\xc0m\xaf\xec\x04\x0e\x81\xf7\xbe\xfc^\
~\x18;\x01 \x1c\x13\xee\x0a\x03\xc1K'\xd0\x02\xdf\
T)\x06\xeaWEe&\x90\xdfd\xff\xa3\x15\xc8-\
!\xb2D\xb8\xf4\xea|\xbb*\x0c\x12\x04\xe4\x18|\x0c\
\x00\xc5w\x82\xe1\xdd0\xbci\x7f\xf0)\xa4\x10V\xae\
\xdd(\xbd\xee\xbbO\x96\xacX\x85\x88\x80\x89J<\xdc\
\xb4\x0a8\xb2\xcba\x02\x19\xde~\xdb08\x84\x5c\xe8\
\xdb\x001\xce\xd3\x14\x06\xc3K\xa0\xb0\xc5&\xd5\x19\x0a\
h=\x00d,\x19\x01a\x1f,4\x96B\x05F\x96\
6T\xbf<(r3\xda\xff\xc9\xd7\x98\x8d\x86\x969\
1!\xef\xbc\xf3\x81\xbc\x82t\xcc\xf1\xe3,\x135\x15\
\x01\x94d~\x08\xe3\x11\x81\x12\xbf\xcc\xfa\x91\x8b\x8b`\
\xa0\x8f\xb1\xd8&@\x87\x81\x91 \xa6\x0c*#\xcfF\
Q\x90\x08\x7f\x1c\x18xM\x00R\x00\x5c\xf8\xbe(\x05\
\xcaGJZ\xe7\x97i\xf4\xa8\xcc\x06x%\x8f+\xd3\
YK\x81oy\x0d\xd2\xbfv\xd9-9\xf9\x1b\xd5\xaa\
\x22_\x0cy\x0e\xf3\x1aa\x5c\xeb\x89\xf8,\xae0T\
\xc3\xcaU\xc5W\xd6\xeeg|2\x02\xaa\xa8\xdex:\
%IN$\x1d\x02\x9a\xfe\xb4\xd6\xf9{\xfa\x05\xaba\
\xcd\xbc{\xc6w\xa5\xf6\x99YC\xa6\xefH\xb6s\x00\
F\xdb\xa6\xf5\xdbd\xf9\xa2\xd5\xb2h\xfeJY\xb7f\
\x8b$\x1eB\x18\x17\xbb\xb4\xa6\x1f\xac<\x02\xe7F \
\x08\x85B`\x98\xb8X\xd8\x82\xcb\xb9T\xb8\xa70r\
x4\xe5\x88b\x04N\x9d>\xa9\xf2\xe5J\xd6s\xd1\
\x8e\x14{\xe6!\xd2\x80\x83\x9f\xa5\x80GO\x18\xbc\x01\
\xa30\xc1^\xa5\x94\x0e\xb8\x18\x00\x9b\x05\xd9\xbc\xb0f\
\xdaU\xf7\x90:180\xd3DBs\xa6\xe7.\xc8\
\xfb\xc8\xeaZ4\x5c\xf7\xe1\x80\xe5A\xcb\x5c;\x1bg\
ad\xb0\xaf\xdc\xdf\xbcN\x86\xb7\xd1\x00(\xe5\xed\x22\
\xd1\x88\x02\x5cLi*\xa6\xa6\xffY\xb3\x1d\xc2p\xab\
$\x11iov^LT\x98<\xf5H\x07\xe9u\xcf\
\xadr\xdeR/\xcc\xa9\x8f\x0a\x9f\x01\x00o\x8d\xde\xc8\
\xab\xd8\x94(\x95\xc8\xc5\xc4\x05\xcf|b\x8f\x0e\xad%\
\x08\xe5{\xba9\xe3\x7f\xcc\x99\xcc\x98\xb7X\xde\xfd\xe2\
;Y\xb4\x82\xa5\x14\x00\xbc\xa0\xb6\xbb\x05\xea\xf3;\xd6\
\x8aS-\xec\xb1@\xfe\x8f\x04\x03\xdfQ\xabC\xabA\
\xf9\xef\xb1{\xbb\x80\x9c\x04\xd6\x1f\x0fh\xcb\xeb\xe1\xe6\
\xe4\x89\xf0d\x10\x84M\x98G\xb3\xd3y'ad\xcc\
]\xb8Dz\xf6\xec%[ \x03\xcc\xd0=\x09\x8b^\
\xb8\xa5\xae4\xc5\xc1cj\xf8\xcdfO\x8fd4\xc8\
\x86~\xc0\xe7\xa9\xf1b\x1d\x06\x95\xc0\xf7\xff\xe4\x03\xf7\
H\xed\xaa\x15\x10\xc10\xe4\x13\xbe\xf0\x86\x08\xa4\xa2!\
p\xade\xd3\x03N\xd1`\xfan\xdb\xb6\xed\x90\xd6\xb7\
\xb7\x975k\xd7\xa9\xf5\xceFz\xdf\x07\x9bT\x01{\
Y\x09x\xf3\x1978;\xec\xf7\xb356\x8a\x03\xc0\
\x9f\x92\x01\xbe\xd2\x142\xa9\xf1\xe0\x13\xa0A\xc0\xe8\x0d\
\x89@JA\x16\x94\xc6\xa3\xf3^\x9d\x19\xb8\xd0\xf9\xae\
\xf9\x19\x87\x000\x9c\x06\xfd\xf1 \x94\x176+\x874\
\xcf\xc5r\x1f\x0ah\xc2\x1c\x053\xdd\xef\xcb7i\x84\
\xec\x04\xea\xbdiP\x11\xc8\xf6\xeaS\x0f\xa9@\x16\x8d\
_\x87\x81\x8c\xdf\x11\xfc\x17P\x92:\x0c,\x8dK\xbd\
\x09\x1d\x22\x07h\xce\x1cq\xe7166\xf0Os\xe3\
4r\xb3\xb0\x86\xd4S\xe3\xefq\xddc\xc8\xebo\xc0\
A?\xe7_\xe0g\xe6-W\x10_\x22\x14\xd3l\xa0\
\xafu\xe6\x1b\x83\x9b\x91@D\x14<\xb0\x86\x22\xc2\x22\
\x10Y\xbb\xf4k\xc9\x0e\xe3\xdb{\x00\x0fy\xf2\x03\x1c\
=zD\x92\x8e$\x01\x88\xe7\x1c\xee7X\x80\xcc\x0e\
\x16\xce\x15\x9b\xb8\x87\x01(\x8dSX\x8e\x81\xb3\x87\xea\
\xfc}\xdai`+/2\x8d\x0a\xde\x12\xa4\x00\x92\x8f\
\xefW\xd04\xfb?\xc03\x1c\xec\x97 ^*n\x0b\
\x8b9\x0f\x86\xd3\x22\xcb\xed\xdc\xb2\xc6\xdb\x05k\xa6R\
\x04$\x87kxh$\xc0\x82L\xe6\xf6*\x97\xe4u\
\x07\xe1\x94\xd1\x09\x1c\x87\x9a{{\xbf\x0e\x01H\xf5\xa1\
\x1b\xeb\x22\x12\xe8\x92&\x22\xc2q\x08\xf1p\x91r\x81\
,/\xbex\xa5\x80\x94\xa5\x1f\x07~\x82\x91\x0b\xd6*\
\x1f\x00G\xa0b\xb9hy\xeb\xa5\xfb\xa4e\x8b:\xff\
]\x03\x80\x86\xfd\x0e\xd4\xe3\xf6\x1f=C\x15\xfb\xec\x85\
u\x1bx\x00\xfa\x82\xb5/\xa6T\x04W\x86#\x7fF\
\x8a\xcdw`\x00\x8c\xfac\x22\xe86\x11J\xc1o+\
D\x04*\x180\xdc\xcfS\xa5\x7f'\xc1\xd2bc*\
\xa1E\xa3:\xf2($I\xa3\x80+0k\xcc,\x84\
b\xc8i*\xb5ih)\xe3X\xa8\x95QT\xcbw\
\xa6L\x9d&=z=\x80z\xdfC&\x8d\x802\x92\
7n\xaf\x8f\x89O\x99\xde\xd4P\xd7z\xd4\x16\xbf7\
i\x91\xacC\x9e\x99\xca\x86\xba\xd8\xf1@/@k\xa0\
\xed\x8d\xcd\xc4\x1b\x93\x8e#\xcd\x90?K\xa1H\xa6\x92\
\xca\xf6w%\xfb\x8a\x97d\x9d\xe6\xf8!\x06\x0b\xe0*\
\xdf\x0c\xfbJ\xfa=\xf9\xb4$c\x93ez\x95\xc5\x14\
\x0d\xca\x94\x90>M\xabJI_\xcf\x8c\xe1iz\xaf\
8\xd0\xe7\x83\x09\xf0\xf3\x99+Par\xc8\x18a0\
\x10\x1b\x96\x8f\x92Z\xb1%@\x93\xcap5\x98&q\
\xb1R\xc0\x02D\xe0o\xda\x03>\xed\xf8\xd8\xf3\xd2\xb1\
\xf1c\x5c\xff^\xb9\x19e\x9f\xcb\xa0JY\x1c\xf8\x90\
\xeb$\x16^\x06\xbd\xec+\x15D@\x03[\xf9\x11\xd6\
\xef\xd2yM\x0cM4\xd6\xd7/\x9f\xbd%\xbe\xde^\
N\x06\x8c\xf1\xb8C\xca\x82}\x11\xa0:dK\x1c\xcd\
)\xe6a\xa2f\xfa\xbb\xd45\xe1\xc0\xc6\x98\x9f\xe2\x8f\
\xf5f\xcb\x88\xd7\xc1\xc3!~\x0c\x1b\xe2\xb2\x05\xab\xe4\
\x8f_\xa6\xc8\xdc\x99K\xe4`\xe2a=L\xb8`\xce\
\x91g\xdf6\xa7q\xf0(?\x08\x22\x15\x04\xf8\xf9!\
\xdf\xef\x09 \xad~N.B\xea9N\xb2,^`\
\x87\xcd\xed\xe7\xe1W\xfb\xfb\xd3,7D~\xff\x08\x0e\
\xfc\x14\x00\xfdN\xc3\xe3O\x0d\xb3\x9b\xa7\xa6\x81c\x04\
u\xf8o\x9a\x00\xc4#\xb0\xa9E \x9e\xa8\xc1w\xf7\
\xf6\x91s\x88T\xf1y\xcf\xc2\x908\x07\x07\x85N\x85\
>?\xff\xda\x8c\x85Vx\x8a\xb9w\xf6\xb9\xa9R\xc0\
\x15\xe1\x10\xf1\xcc\xe2\xe7\xef?\xb2M\x0e\x03\x0bp\xee\
\xbc\x89X\x12\x00\x18\xe6\x17\x0b\x07\xc9[\x0d\xbd\xbc\xb7\
\x8cF\x82\xd9!\xc9 \x08,N\x15\x10\xab\x95\xf3\xc0\
|O\xddS\xf3\xfe\x19\x17\xe7\x1d\xa4\xd9\xfd\x118\xb0\
\x91\x0b\xd6iu\x96\xee\xe1\xee\xae\xd2\xa7y=\x09\xf6\
5X1\xbbqn\xf9\xc3\x89\xa8\x18\x02\xbd\x90\x8bh\
\x00\xb02\x8c\x1c\x00$\x02b\xa5\x02\xa7o]T&\
\x0c\xfb\xb0\x9f\xc4\x95\x8d\x92\xf3\xca\x18\x9b\xf3\x99P\xa8\
\x22\x00\xf6\x82?\x86\x87\x7f\xfa\x97\x7f\x81\x92<\xa8\x16\
\x1b\x07\xacf\x15\x00\xf7\xfew\xafT*_\xd6a\x99\
\xf1\xe7\xf4\xc6\x7f\x990U\x86\x8e\xf8Y\xd6o\xde\xa6\
\x0b*\x10i\x82N\xb5\xe3\x14\xa1\xff\xdd\xbc\xb5*\x05\
\xc9\x85\x17\x12\x18 \x1dnm\x01j\xd3\xdb\x81\x0c\xa6\
\xb2Yj\x07\xbb\x02\x95Op\x93\x9b\x17B\x95\xf6\x1e\
\x85\xeb\x93\xba\xf7\xf7_\xc6J\xaf\x87\x1f\x01\xe77I\
R\xa8\x92\xe5!o\xb5o$\xd1\x00\x92\x99\x8d\x07\xe1\
iL\xac\x0f@61i\xed6\x152bc\x84\xe2\
\xb6\x16\x8d`p\xdc\x95Z\xf3\x8f\xd7\xfa\x84D\xa8\xb1\
Q\x1c\x1eK\xceC|q\x16\xc5\xd5xU\xb3\xa9\x22\
\xc4\x89\x92\xaaN]\xbb\xcb?\x93\xa6\x80_\x1d\xe13\
,T?\x94\x02>p]e\xb9\xbe\x5c)q\xd7\xc3\
<c\xdb\x07n\xf6\xafg\xaf2\x00S$+\x89\x19\
\xa8\x86R\xc0&H\x03\x04\xc3p\xb0\x9cJ\x10\x03\x15\
\x93\x18?\x94\x02!\xbc\xa9S\x84\x1e\xaan\x12Y\x8f\
\x161\x0a\xc4\xad\x0c\x05\xe5\xb3\x0b\xc6\xfd^\x18\xa0]\
\xeb\x947u\xc6:+m\xdf\xd5\xce\x0b_\xca\xf0\x80\
\xbdy\xdb\xf7@\xba\xdb\xb3\xb2\x06\x94\xb6oLX\x04\
\x12\xa0#\xba\x09\xba\x03\xf9\xdc\xb6eS\x00n\xfb\xaa\
\xba\x5c\xaa\x169\x10\xf5\x81&:\xc6*\x80,7&\
k-d7\xb7l2,\xae\xeb\xa30\xd8w#\x05\
\xb1r\xe9\x1a\x99=}\xb1,[\xbc\x165\xfa\x89\xba\
I\x9b,J\xda<2/\xef\x8a\xdaz_\xa4\xe8\xf8\
\xd7\x0d\xdc\x19\x06<k\xf5e\x1a\x03 \xf5Y\xed\xfb\
a\x94\xe2\xbcb\x00\xb2_u\xf6\x9a\xb6\xdf\xa7\x11\x0a\
\x1dD\xb2\x07\x9e\x03\x88\x0f\x22?\xa8\xe9g\x0aR\xff\
\xa2\x8c\xf2\x14\x0elR\x08\xf3\x90gY\xe4yD\x11\
y\xd0\x9b\xe3\x99_y\x9f\xfc\xde\xfcu\xb4\xa24\xbc\
DB\xc3R$\x0as\xb7j\xe3\xe6:\x9f\x19A9\
Ga!~E\xca\x8a\xc2B\xfc\xfe<\xb8QX\x85\
\xa4?W\xe1!|&>\xfbx\xf2Q9\xb0m\x97\
\xa4\x80\x89\xb1(\xca8\xb7\xedX)\xdb\xb6\xaf\xc1\xbd\
\x91\xb7\x04\x047\xee\xfe\x10\xf8)\x0d\x80\x9e\xbf\xe9_\
\xabi\x97Y\xdf;zL\xa7K\xc6\xfe\xb3&2\x8c\
1\xdb\xcf7\xd1Oo\x80\xfeZ\x83\xf8\x87\xca\x81J\
\xddr\x85m.\x0c\xb7\x8f\x07\x08\x9c\x0c\xb3\x04\x99s\
<\x89\x01\xea\xd9\xb4\xa6\xc4\x82\x0c\x88}\xe8\xe8\x0f|\
\xe3\x09\x0b7!\xc4\x0b\xb8\xa0\x82\x8f\x00\xa81\x88\xcf\
'1\xdcp0\xc4N[\x0f,\x0b\xef\x87\xec\xb0-\
j\xc9\xb0\xf7\xfb\xc2Q\xa4\xaam\xee\xd2\x87\x85\xca\x00\
\xb0s\x80<\x80\xdfD\x1e}\x12x\x92)\xdb\xcb)\
E5\xc0\xe7\x1f\xeb%\x0d\xaaW\x01\xa8\xc8\x22\x98@\
'\xb1\x96~\xc5\xba\x0d\xf2\x11H\x81\xa6\xce^\xa0a\
Kz2d\x04\xf4Eh\x98\x18\x00\xaa\x9cq\xa2\x96\
\x81\xae9\xf3\xff\xb7\xc3\x1bO\xdd\xdc\xb8\xde@|\x82\
\x5c<\x0d\x80b\xaa\x05m&\xb6\x967\xc1\x00\x18\x05\
p\xd3\x83\xfd\x9f\x04\x90\x87\x87\x0drD\xfe\xde\xf2&\
\x0c\x80pPJ\xaa\x01\x8f\xd7\x8eY\xba\x11\xa5\x86k\
\xe4\xa0\xe2\x16\x8c\xa7\x93\x00 \xd4\x93\x0ftG\xe8\x1f\
eS\xb8g\xcd\xa3\xa24)\x00\xf4\xc2\xf4\xfe\x9d\xd9\
\xd5\xae\xb05s\xc5\xde\x8e\xce\x11x\x7f?\x81v\xf6\
\xe9g\x9f\x93\xed\xdbwh*\x87\xf3\xa02x\xfe\x1f\
o^CE\x9a\xd2\x1f |\xdfi\x1cz\xbf\xa02\
\x83\x07\xf5^x\xbf\x1c\xa3\xa8@?i\xae\xd5\x00\xe0\
\x98\xb06\x02\xb2\x80\x85y\x15\x87(\x88\xab\x22\x86-\
\x87+\x9b>1\x1c\xe9\xbf\xc3\x9ag\x05\x0b\xe7N5\
h\x0d\x0cn\xd3\x00\x00\xb6\xf3r\x028\x11\x1f\x18%\
\xee\x17aC\xc9\xcb@\xd9\xe7#9\x13\x88\x83\xa04\
\xf6g\xd8\x14\x89UQv??_y\x16\xb2\xbf\xed\
n\xba^\xc1\xaf\xe6 \x84J'\x22V\xc1\xd1\xf1\xe2\
\xce\xd2?\x82\xf8\xb2\xea\x10\x87\x01\x90\xce[\xd4C\xd1\
x\xa9\xf4h\xf7\xee9\xa0\x87\xfd\x82\xb9+d\xf5\x8a\
\x0d\xb2k\xe7>h=\xa4\xa8J\x9e\x1a[\x99\x9c \
<r<\xb1v\x98\xe7\xe7W\xbbj&\xbd_\xaaF\
\x03\xc6\xe2\x0c\xf0\x07*\xaf\x9d\x85\x17e6Xs\xfa\
\xa97oNxC\x13\x8cy\xc2\xf4\x12\xa9\x7fO\xe3\
\xeb)\x9cjd\xc13_\xf1o\x18\x01\xc4\xfe\xa8\x8e\
\x00.`\x0a\x01\xad\x08\x04\x0fx\xc7g\xa6\x07\x91e\
~4\x16\x81\x11\x10\x14tF\xfc\xfd\x8fH\xf9\xda\xf5\
$\xbev}K\x1a\xdc\x986\xc6\x06\xb5\x8d\x10\xf3\x13\
\x9b\xbb\xc0\x8c?\x8d\x00\xd0\x1ac\xef\xa1H\x11S\x09\
\xb3'\x8d\x97Y\x93\xfe\x90\xa4C`J\xc5[\xc2\x00\
\x8clZ\xbe\x1cJ\xa5C\x95\xbf\xff\xc0\x11\xfc%\xa5\
\xef)\x83\xa31\xb2\xb8V\xb4\xc22xM\x94\xc3\xfa\
\x04\xfb\x8cT\xcac\xf3Z\xf3;\x82\x00\x8b\x01w\xe5\
\xad\xa9\x00\xf6\xc7\x95\xd6XN>\x0dQ\xae\xb7\xff\x01\
g\x0c\xe65\x9f\x97\xa5\x80w\xd6M\x90j1%\x14\
[\x94z\xd7F\x22\xb82\x0c\x00/\xa4\x93\x0b\xba\x19\
\x03@\x00N? _\x22\xff\xbfd\x07\x99l!r\
\xe6\xe7%]\xefl.\xef\xbd\xfa\x00\xbcy\xed>\xea\
\x00\x00 \x00IDAT\xff\xb4\xc0\xc4\xec\xee\xa1P\
\x19\x00f:qp\x8a d\x03\x8aD\xe4mXF\
\xc7\xcd=(\xc0_\x9eB\x1e\xbd%\xf4\xc4\xe9\xbd\xdb\
\x8d\x0b\xe3p\xf2\x11\xf9\xfa\xa7\xdf\xe5\xc7?&\x008\
d\xca\xbc\xfc=A\xc6\x81M-\x11yY\x86\xce\x88\
~\xad[\xbd\x92\xf4\xbd\xaf\x8b\xd4H\x88\xb7}\x06\x5c\
\x06\xace\xf0j\x18\x92\xf7\x05\x19\x8f\xf3\xf4\xe5\xbdp\
\xa3\x1c\xf1\x7fC\xe5\x91\x17^0\xf5\xfc\xf8a,\x0e\
\x987\xda5\x00\xb0\x06^#6\x9b\x95\xbb\x0f*\xd3\
\x14\xe9Ti]ss\xf2A\x94\xe0\x81\xae\xed\xe4\x8e\
\x1b\xaf\xd7{\xe7b!\xb6\x80*\x7f>!@\xe3\xa6\
\xab@(\xe8\x89Vh\xaf\x87\x8e\xa4\xf7\xb3\x0f\xe3\xdc\
\xff\x89\xa7\xe4\xb7\xb1\x7f\xa8\xd2\x1a\x99\xfb\x88:\xefX\
\xab\xact\xa8QV\xc9~\xd2\x9fS\x5c|\xffB\x0a\
z\x04\x0c\xb55{\x13u\x03'f\x80|\x00\x0d\xca\
\x83\xd8\xc6\xa2\xff\xe4Xy\x83\x1b\x80e\x81\x01\x88,\
\xd8'R\x96\x9a\x03zh\x9c\xd7\xe8\xcf\x10\xd4\x1bs\
\x0e\x10\x7f\xd2\xb7em\xcc\x03/=0|\x11M\x88\
\x05\xb0\xc8]Q\xf0\xc6@\xbc\x5c[%\x0d\x80\x03X\
WC&,\x949\x9bH\xfeC\xa4~q\x18\xace\
P\xfb\xff\x98D\x97\x00!\x15\x81\xad$\x5c\xc2\x9c%\
#\xa6\x87?p\x12X\x87\xb9\x09K:N-\xdd\xec\
\xcc{\x88\xd2\xdf\xb9c\x9f\xcc\x9c<_\xa6N\x9a+\
\x1b7l\x97\x14\xf0\xef\x9f\xc6AM\x03.5d\x9e\
\xc9\xcc\xc5\x9a\xe3a\x1e\x8e\xc8\x99\x1f\xa8\xb9\xb5\xdf\x1c\
\xc4O&=\xa1\x9f\x81yq\x0cs!))\x11\x9e\
\xf9I\x00nK))O\xea\xb5i\xd8\x9b\xd7\xea%\
x\x7f\x187\x96\xe5\x9dD\x1e\x96\x91;\xfe%\xff=\
\xceE\x18\x8c\xc5\x1c\xe1a+\xd0n\xa2D\xf6aH\
cC7\xad\xb4f\x88\x1d,\xca\x9e\xbf\xcbq\x11\xbd\
\x177\xd7\xf3\x12\x11\x91(\xee8Lk4o%\x91\
\xe5\xe2\xf5\xa0\xcd\xbe\xbf\xed\x19d\xaee\xe3\x90\x88S\
\x9a\xf3\xcfx\x99\xfc\xdb(\xd9\xbf\xdb\xc8\xe0\x92\xb7\xa4\
\x1b\x98R[\xa1\xfe\x9d^\xfaI<\xe3\xbe#g\x90\
\xae<#+v\x9f\x92]\x10\xf4\xa1\x11\xabao\xda\
2\x8eg2\xcf\x96\xde\x8e\xd2\xf4\x03\x22\x1bE\x8b\x9e\
\x93H\xffbrW\x1d\x1f\x18\xd30\xb8\xa8\x0dp\xb9\
&v\x16\x9b\x1e\xe7\x17\x85\xc0^\x1a?O\x8e\x22]\
\xc3H\x10+\x83Z\xc2\xf0o\x9aP\xda\x00\xb9M\x0f\
:\xfe\x9f\x00=\x00\x7f\x12\x8c\x15\xe8*5F\x1c\xa3\
\x82\xf3\xb7\xecE\xa9\xf8J\xd9\xb8\xdfT\x85\x94\x8c\x08\
\x96\x87{\xb5\x91'\xfbv\x92\xb30\xe4l\x92\xb8\x9c\
\xf6\xf1Bg\x00\xb0\x87\x5cPG\xcf\x01{\x1d@\xc0\
\x9d\x87S\xb43\xbc\xb1\xa1\x93\xb8\xa7]\xab\xe68P\
)\x05\x9b:\xe9i\xb1\xff9e\xa6|\x0aN\x805\
\x1b\xb6\xea\xe4\xb5U\xb7\xb4|\x89\x0b\x0c\x07\xee\xcd\xcd\
\x1a\xc9S\x0f\xde\xa3D@\xfc\xa9\x99\xe4\x08\xbf\x10\xfd\
\x1f[A\x5c!\xbf\xebl\xb3\xd3\xb2gx\xef\xeb\xb7\
\xdf\x97\xbe\xaf\xbd\xa6\xe1#\xfe>.$@\xdeh\xdb\
@\x8d\x0c\xea8\x7f\xfe\xefj\x99\xbdi\x97\xfe\xde\x0e\
\x80\xdd\x00C\x85J\x83e\xa2q\xb0X\x9b\xbe\x176\
/\xffRe@\xfe\x03\xb4:7\x12k\xa1\x5ca\xeb\
%\xa79wY\x7foo\xe6\xac\x07\x1f\xf7\xe7_ \
\x9f\x19 [@\x15L\xf0\x15[8*\x01\x1e\xbd\xbe\
*\x14\xc9\xc2\xd4\xca\xb7\x1b\x0f=.s.\xb8o\x01\
z\x9b\xb5i\xb7zs\x1c\xafJ\xa8\x06h\x9ePF\
\xc2\x03\xbcM\xd9\x1b~\xea\x00\x04\xa2*\xc06\x0c,\
_,\xd3\xe7\xe7\xa1\xff/\xae9x\xfc|\xf52\x98\
\x06`\x85A\xd3\x8a\xa55\x22E\xbd\x82\x92\xa8-.\
\xe9\xe5f\xb8#\x1c3\xe5\xd2w'C\xd5\x0b@\xa0\
\xf3\xf2\x1fsQ2\xc6\xe8\x18\xc3\xffn \xa8\xbaN\
\x9e\x07?\x06\x0fM\xe3\xcc\x83\xf0*\x04\x0c\x95\xd0\xc4\
p\x8e\x98\xe5\xe6\x8e-\x87Z=\xea\xc3\x89I2\xfb\
\xdf\xa52a\xfcLY\xb1d=$s\x8fh5M\
\xb6\x87\xbe\xd3\x87\xf0uD\xf7\x97\x04\x8b\xa0\x8f\xa5>\
h\xef\xd44\xeeiD0\x07\x9f\x0cr\xb0c'R\
4\x7f\xce\xd1\xf6\x07\xe1PhH\x98\xc3\x9b\xa6\xab\xce\
T\x0d\xbd\xfa\xd3\x886\x1c\xe3\xa1\x8f\x88!\x0f\xfc\xd3\
g\x8a\xc8i\x94\x09\x9e\xc3_=\xec5\xfd\x90\x9b'\
5\xaf\xd1\x88B\x16\xd1\x86\xcc\xae\xe2\x9c\xde0\x91\x19\
\xe4\xa5}N\xe0~\x0fKp\xc9h\xa9}S\x1b\xf1\
\xf2\xf5\xcd\x80gI\x7f\xad\xf4\xc6\x86\x89\x14\x9c\x97%\
\xb3\xa6\xcb\xc4\xd1\xdf\xc9\xf6\xcd\xeb5e\xe0\x81\x90w\
g\x00\xa3Y!\xe5\x0e\x87\x87\x98\x0a>\x1f#\x1b\x8c\
\x08\xac\xdfw\x0a\x8e\xcci\x08g\xc1\x88\x02\xef\xffY\
;B\xc2\xde`J\x823\x16\xff9G\x04\xd4\xa9\xe1\
~\x08\xd9\xe0.\xb5@\x0f\xed]\xf0\x1es\xeeG \
\xed+\x9d\xb3A\x5c\x9b\xabw\x1f\x92\x01cg\x1b\x95\
Y\xbc\x94\xf3\xb9.\x98\x00\xdb\xd4\xaa\x98\x86\xeb\x82W\
!l\xa7\xac\xbf\xab\x84\xa3,\xd8Y\xbd1\xbf\xf7\x92\
\xee\xce0\xdf\xcejE\x02#\x00\xac\xbea\xc7\x96+\
SR\x06>\xdeE\xbatl.g\x81Y\xc8\xedz\
+T\x06\x80\xd9\x14\xcd\xe1\xcd\xd2\x8d\x81\xbf\xcd\x91\xb5\
P\xe7b\x80\x86\x1bj\xe7\xd6-\xa5g\xc76N\x1c\
\xfa\xa6k9\x11W\x83\x13\xe0\xfda?\xc8\xa4\x7f\xe7\
+R\xdfy\xf1r\xc0\x83\x02\xfc\xa4\xeb\xed7\xab\x11\
\xa1\xa1A\xabq!\x92\x85/8\x96r\xc3\xa9eO\
:\x110\x8bN\x02\xd4\xf3\xd9\x90w\xe4\x89\xb7\xdf\xb1\
\x18\xe80X\xa1\x81\xf2:\x0c\x00\x1a*c\x80,\xff\
\x15,sDu\xda\x1b\x1a\x0f\xfd\x01\x0f\xf7\xd4\x88\x83\
;\x85\x86p-\xd2\xfd\xd2\xfb'\x11\x8a\x82u\x0a\xd4\
\xb2,\x98\xa9y5]\x85s\xe5\x10D\x9a\x9e\x7f\xe1\
E\x19\xf1\xfd\x0f\x0e\x15:bBZV\x88\x92.(\
\xd1,\x89T\x8dZ\xd2N\xe1\xca$,\xae\x11\x90\x07\
%\x02\xf7\x08P\xf0l\xc1P\x9c\xac\x0f>\x80\x84R\
\xa1\x00\x03B\x7f\xdd2\x1c\xe8\xb5G\xfb\xa1\x86\x1d\xa0\
\xbe\x9c\x0e\x03F\x00\x96\x22\x9c7h\xdc\x5c\x95\x9e\xe6\
\x1c\x8e\x0c\xf2\x93\x0e\xa8\x89\xf7\xc7F\xc2\xd435\x0b\
\xa87\x1e\x0c\x01\x22E\x02X!\xd4\xac\xfa=\xa7\xca\
\x83\xfc\x8e\x17\xd3T\xdf\xc0\x08\xfa\xcd\xd2H\xe7\xbd\x06\
\xf8\xfb\xca30\x8e\x09V\xb5\x8dX\xd6K\x87\xc7U\
\x16W_\x1a\xdcl9\x9d\x886\xc8\xcfX\xb7\xa4\xcd\
^\xb3r\x93L\xfc\xf3_\x99;k\xa9F\x00\x8e\x01\
\x91\x9d\x1f\x10\x1a7DoO\x88e\xf9\x01\x84\x88\x14\
\x10Aq,\xaf#5\xf4\x89\x93\xe0\xf5\x87\x11\xc0<\
9\xa3\x166\xaf;Slnn^\xa0\x1d\x06\xcfF\
Q\x17x\xf48\xe4\xe9\xd9\xc3\xee\xa3\xd7GOX\xd1\
\xf7\xba\xeb\x98y\x92\xbe\xf1'9=u\xea{\xf2f\
\xd6\xa5\x7fu\x11L\x92\x90\xd0\xc3 2:+\x15\xeb\
7\x95\xf8:\xf5\xac\xbb\xca\xbb\x8b\xb0n\xf9\x22\xf9\xf3\
\xc7oe\xe3\xaa\xa5\xdaW\xbcB\x9b\xaa\xb1r\x0f\xa2\
\x00\x94LW\xc5b\xeb\xc6i\xa4Q\xd9\xef\x10R\x02\
;\x0f3*`\x8c\x81$(\xfe\xa9!\xa8\xb35m\
/\xd8\x80Nf\xc9\xabC\xf5\xafcM\x1f\x80\xa3\xad\
\xd4\xc4\x95\xb0\xb79\x0d\x1c\xf7\xe5-\x07\x93a\x00\xcc\
\x92\x9d\x00\x98s\xcf\xe7\xb6P\x01\xd5?w5\xacj\
\xa5\xba\xecQ\xa4\xf1\x83\x0a!\xac\xd1h\xe0\x80\xe8\x08\
\x14dc\x7f\xd2\x08\x19\x0bZ\xf2\x11\xc0\xa7\xb1<\x99\
{V\xcd\xaaq\xf2\xda\xc0\x1e\xd2\xb4\x11\xe4\xe7\x0d\x92\
2W\x1f[\xa8\x0c\x00c\x15\x1b\x90\x0e\x07\xedyx\
(s!\xe1j\xd7m\xb7h\x5cG+\x01\xe2\xa0\xa6\
\xe7\x1c\x1ec_%C\x95\xeb\x93\x11\xa3\xe5;(\x04\
\x1e9j8\x01\xec\xc6\xeb\x96/\x1d%\x0fv\xef\x00\
P\xdeufA\xe8g!\xe4E6>\xa2\xff\xc1O\
\xae\x90r\x87\x89k&\xfe1\x84\x9a\xff\xef\xadwd\
\xc0\xfb\x1f\xe8\xbd\xd1\x93\xac\x18\x1e$o\xdc\xd1\x00\xde\
d\xb2\xfc\xdf\xd4%\x00t\x1cQ\xb47\xaf\xe9\x07\x89\
I\x12\xfe\xb4B\xb4\x81|\xe8&\x8f\x8a\x902\xa4O\
I\xfa\xe3J\xe0_.\x077W3\xe0\xbf\xf6\x22\xed\
O\xa2\xc2\xcd\x96\xb4z\xe5*\xe9y\xff\x83\xb2d\xe9\
r\xcd\xfbr\xee\x84\x03\xd0\xc7*\x90\xc6(\x0b\xf4\x22\
 \x90\xa1T\xcb\xe7\xa6g\xc3r\xa0\x1f\xe6\xafC\xca\
\x86\xf3\xc4\x00I\x03\xbc<@\x97\xea\xad\x9bB\x15H\
r2\xf7\xef\x8a\x03\xa4$\x0elb\x01r:\x04\xe8\
el\x03\xd7\xc4K0\x006c\xb3\xe1\xe1\xed\x01\xc3\
\xa1u\xcd\x8a\x00\x1a\x86\x99\xdau\xdc:\x8d\x80r\xd0\
\x1b\xf7\xc6}9\xab\x18\xa6\x9d\xb0\xe6\x00-h\x03\x80\
s\xf74\xeec\x05t6\xde\x84\xde\x06e\x92i\xd8\
0BU\xaeL\xb4\x0c}\xe5)\xf0dD8<\x22\
/\x1f\x7f\x09\x8d\xab\xa2\x0c|\x19\xa6\xac\x09\x11d\x98\
}\x1a\x22\xc7\xaf\x18v]8o\x85\xa2\xfa\x97,\x5c\
#\x87\x0e&\xe9a\xad@\xb6\x9c\xac)\x8e\x8a\xe5Q\
;{\xd64\x02\x88\xfe\xd7\xca\x1b=\xbc)dd@\
q<\xc6\xd9_\x9a\x93\x07\xef\xffYq\x03\xfe\x82c\
\x8f\x14N\x11|\xc5{m\x14\xbej\x08Xw\x9e\xf6\
h\xcb\xec\xb8\xb7NJ+\x5c\x97\x1e\x98\x98\x9f\xe5\x97\
Y\x02\xc86\x06\xdc\xddOJ(\x8c\x00\xff\x90@i\
\xd2\xee.\xf1D\x95C\xf6GA\xfa{f8\xa1\x88\
\xec\xdc\xb2A\xc6}\xf7\xa5\xac\x5c0\xc7p\x97\xe0\x99\
\x9b\x96/%=\xebW\x90\xd2!~\xea\xe5\xa6o\xec\
\x17r\xe3\xef\x03>`\xd2\x9a\xe3\xa01?\xa5\x86B\
vf\x0d\xc4\xf3\xa4aiw\xa8sz\xa1\xd2\xc6D\
\x0b.\x7f\xcbx\xc7$\xbcb\x0a\x80\x1a3\x8am\xc0\
MF\x22\x95\xdb\xb3Y-\xdc7\x1dB#x\xcdF\
\xea\xf1\x00\x00\x1b\xe3\xfc\xa1\xeb\x90#ke^\x9e\xd6\
\xe0\x0b\xb8\xeeF\xcc]\x0bv\xda-\xda\xb7\x9e\xc0\xaa\
\x91\x02\x98\x06@\x050\x14\xe6\xa5\x15*\x03\x80\x0fn\
o\x0e\xac\xe7'\xa0j<:\x89^\x1b\x07\xadF\xa5\
xx)=\xa4J<*\x01tSJ]\x1a\xfc\xf6\
\xef\xe9\xb3\x15\x0c\xb8\x02\xc4=V\xc4J\xfb\x92\xbf\xab\
W\xa3\xb2<\xf1\xc0\xddR\x13\xd78c\x81,\xd8\xf9\
\x0c\xc7\x13\xdd\xec\x0e/'\xbd\x02\x1c\x17\xc9\xf1\xbd\xfb\
\xe5\xadwAA\xfb\xc1\x87zX\x10\xc7U\x05*R\
\xaf\xb4\xae\x0b%\xa7\xf5\xf2\xeb\xe2\x8d\x8a(\xe7\x8cb\
M\xf2\x1d\xf0\xa0\x1e\xed\xd1\x09\x8cd\xc1\x8e\xfb+\x86\
\xda\xea\xc0R@\xe0\x82\x10%\xb5\xec//\xc3|\xed\
\xb5\x99\xf5\x80\x02\xb6\x80\xae\xfe\xe4\x93O\xe5\xf57\xdf\
\x92\xdd{\xf6hN\x97\xd2\xa6uc\xc3\xa5\xcfuU\
\x90\x97\xf4q\xca\xd9\x9a\xe8\xd22l\x02_\x82\x16\x98\
:\x0d\xe6,2`R\x86\xfaC\x10\x0d\xa8\x8bEX\
-:\x5cU%\xc3\xe0\x09\xc4\xf8\x82\xe4\x84\xfbj6\
[1\xe7-\xa3@\xefLZ\x02Q\x1d\xe4]qU\
\x86\xfe+By\x90^\x86\x1eP\x96?\x17\xe6\xc5*\
\x03750rj\x06\x5c\x96\xf9\xab4\xad\x91\x8b\x84\
k\xaaP\x12\xb46\x10\xf2'\xf8o\xf8\x9c\xb5\x0a\xfe\
\xe3\xc5I\xae\xd5\xb5\xed\xcd\xd2\xff\x81nzz\x1b\xf0\
W\x11\x09\x84\xc1\xea\x1b\x11\xeb\xe0\xc4\xc8\xce\x17\xd6-\
\xd7\xb2\x09x(/]\xb4F\xc6\xfc4Q\x96,X\
\x8d\x14@\xb2\x82sI\xd7K\x03\xc0\xf9D\xc9,t\
n{\x97Y\xf5\x8d\xae{\xac\xcd\xd4c\x1c\xca\x7f\xd8\
\xbcO\x0bP\xe8E\x81\xfd\xc0\xa1\x9f\x8a\xc0\xcf\xdc\xb3\
\xcf\xa9\xdf/\xd7\xef\x19\x05\x08\x0dI\x12\x0f\xcf\x13R\
\xbdIK)[\xa3\xa6F<\xec\xbd1W\xce\x03\xfa\
'q\xff>\xf9}\xf8\xe7\xb2h\xe6dc\x18c~\
V\x8d\x0c\x81\x01P\x11\x8c}\xa1i\x90\xefi\x9e\x15\
\xddu\xf4\xc49\x94\x86\x1e\x97\x7fV\x9f\xd0\x88\x89]\
\x82\x99Y\x9f\xb8\x03\xaf\xd5\xb2\x82\xa74\xaf\x00o\xf9\
\x0aul8\x03\x18\x95{\x178\xad\xc9*\xbcc\x9e\
$\x18\x0e\xda\x03 \x03\xf2BI\xa0\x1a\xdcN\xa0\x0d\
\x0f<W9h\x02\xa8(P\x815\xc3JJJ\xe2\
O\x00\xbe]\x8c\xfd\x87\xbbJ\x00x\xff\xefh\xddH\
^x\xb2\x1b\xd2\x90>\xb9\x0e\xff\xeb\xd96\xfd\xf1\xf6\
99'\x05v\xfb\x97\xf2B\xe4\xd3\xff\x01u\x9b\xb4\
\x94\x0e O\xc2\x89OM\x80\xe7P\x0a\xd8\xa0VU\
K\xdc\xc3\x1aI\xe6\xfc\xb1\x99\xee\xdc\xb3W>\xfcf\
\x94\xfc\xf2\xd7dE1\xdb\x8d\x1b\xf1\x8dM\xebkX\
\xbeTX\xa8\xc3[\xa7\xb5\xea\x09\x06\xb1\xa0\x98r\x0e\
u2\xe7g\xa4.\xf81\xe8\x00\xbc\xf8\xd6\xdb\xf2\xee\
\xc7C\xf5W\xfc\xc4\x86\xf1\xb1\xf2`\xb3\xaa\xf2\xea\xef\
3d\x15\x0e\x13\x1eD\xbc?\x82\xa8\x88\xfa'\x17\xba\
\x1b\xc5$h0\xa0l\x89J\x7f\x94?\xb5\xf9\xd3/\
e?\x16\xf6\xcf\xa2\xc7\xb7y\xdbvyf\xc0@\xf9\
k\xc2D%`ac\x9do\xb7\xba\xf1\x00=Q\x04\
\xc5\xb0\x9416\xccq\x22\xb0\x94\x0c\x5c\x7f\xae\xdcj\
\xe1\x00L/qc\xe0\x5c!AP\x83rQR\x09\
\xd1\x80(?\x0f\x89\x86\x01\xa0D5\xd9\xfaB\x10\xa7\
9yV\xc6,\xdb\x08\xee\x89\xd5\xe6p\xc5\xbc\xf0\xc0\
<\xa0\xf6x\x5cx\xa0\xf1\xacq\x1d\xd2\x0e\x97\x0dp\
\xd7\xd4\x02M\x00\xb3!\xd9\xc6l\xda\xe5\x9c\x9b\x03>\
\xab1v\x1c\xfc\xd6\x0b\x98\xfb\xdf\x0c\x0c\x04\xcb\xa1H\
\x8b\xcay\xab4\xd5\xa8\xfd\x7f\xef\x85\xc7\xa5J\x85r\
Z\xe6\xc6F\xb5\xbe\xd02\x95\xc4\x0d\xb5\xe9\xe6\xd0\xc9\
\xcc;v\xfad\xab\x7f\x19Z\xdf\xb0n\xab\x8c\xfbu\
\xaa\xcc\x99\xbdT\xcb\xfaN\xc2\xe8\xe0\xe1O\x9c\x86\x1a\
\x009\xb4\xb4\x9f\x94\xd6\x9b3\xd8\x19F\x00\xe8\xe9C\
\x1b\x00\x87\xfd\x99\xf3nr\x16!~z\xfe<\xf83\
\x0b\xe5\xe7\xf4\x99\x97\xeb\xf7\x99\x19@>>\xc7$0\
 I\x02\xc3#\xa4\xc1m\xed\xc4\xdb\x1fQ\x80\xbcx\
\xd6\xe8\xc0\xe3H]\x8e\xfb\xee+\x995q\x9c\x9c\x02\
\x0d1\x0d]\x82\x97\xef\xae\x17/\xcdA\x94\x96\xd5\xa1\
\xc1\xbe?q\xfa<\xa8\xd3O \xb5yL\xbf\xcf\xca\
\xc6\xe4k\xbd\xdc\x8aJ\x1b\x94\x00\xd6\x8fu\xb5\xe6I\
\xde\xd2 \x97\xa2\xdfy\x9f,\x05\xfc\x12\xca{\xa3\xc0\
\x07\xa0\xd3\x19\xb7I\xa0p\xef\xebkJ\x80\x8f\xb7e\
\xdb\xa6\xf6\x0aC\xffq\x01H\xdb\x82\xf3\xa5 q\x00\
4Z\xa7\x83,\xec\xa3\xe9\xcb@\xd7lJ4#\xc2\
\x82\x94\x02\xb8\xef\x83\xed5b\xc9=(\xb7\x87z!\
4\x00\xcc\x04b'L[\xbfC>\x01\x85#\x09\x81\
\xf8S_\x0c\xd4S\xf7\xdf-\xb7\xb4h\xac\x9c\xfe\xb6\
\xd7\xa1\xde\xbe\xc6\x1e\xcf\xcbO\xe3&\xca\xc7\xe0\x04\xd8\
\xbe\xcbH\x9b\xb2\xf10\xa6\xa40ex}\x80\xdc7\
\xd5^F\xd9\x8cJ|\xfe\xe0)\xe7\xa4p\xb6\xaey\
\xb9s\xc8a\xa6 t\xd4\xff\x85\xe7\xe5\xcba\xdfZ\
b#E\xe5\xd6\xeb\x1aH\xab\xba\xd5\xe4\xb9\xa1\xc3$\
\x11\xb5\xe5\x1cT\xea\x0a<\x85\x08C\xdb\x1b\x9b\x82D\
\xc5\xe4\x9e\x8b#\xef\xef\x13R\x12\x87?\x80H\xa8Y\
\xbeB\x0d\xe4K\xb1\x06\x0b\xfc3\xcc,1i\x9c\x93\
\x08q\x8e\x1e=V^}\xfdu\xe8\xd1op\x00\x02\
c\x82\xfd\xe4\xfe\xc6\x95 O\x0a\x9d\x00\xab|\xcd>\
\x5c~\x03C\xe4\xf7P\x07\xdc\x93\xc4\xf13\xcd\x1e\x7f\
b\x00bP\x1f\xdc\x12,\x81\xcd\xe2\x22$8G\xa9\
`\x93+=\x0d\x83q\x05*B\xc8b\xc9\xc5\xcd9\
\xc4{,\x1b\x11$\x9d\xebW\x06\x1e\x84\xb9\x7f\xd3\x18\
Y\x88\x82a\xc1hEj\x1c \xe3!\x9bW\x03\xc0\
9*`\x1b\x00\xd6\xd3)\xe0m*6\x9f\xcfa\x00\
\xd84\xdb\xf4\xfeY\x16\xfbb\xdf\xde\xb8Y\x9b\xa3\x0e\
Q\x01\x94\xc5\x86\x00\x18Ky\xea\xdc6\x8e\x05C\xfd\
S\xff\x99+S!\xd4\xb3\x05,~GPny\x0a\
`;\xdb\x00\xd0\x90}.R\x00\x19>S\xc3\xf6\x08\
\xe3#\xe2s\xa6\x88\x1b\xbe\xba\xea\xe1\xcf\x7f\xb3\xc6\x9e\
\xb5\xf7WT\xcb\xb2d$\xb3\xbbL\x8b\xb2/^\xfc\
4\x22\x88I\xe2\xeavV+\x02b\x13*\xe9^\x95\
\x97FCk\xd2\xaf?\xc8\xd4\xdf\x7f\x96\xe4D\x12\x98\
\xd1\xe3uW\xfa\xf2\xb6U\xcb\x98\xf2\xd6,.\xc84\
\xc0\xca]\xa7d\xd4\xa2\xa3\x88\xbe\xea$\xce\xb2\xb1\x04\
\xb0CMO\xa9X\x02\x1a\x1aWB\xee?\x93;\xe5\
\xda$\xe0\xf7W\xac\xf9\x0f\xa1\x07b\xafu\x1f\x1c\xee\
=\x9aT\x97\x08e\x97u\xec\x02z6\xf0Yb\xa0\
\x09\x10\x0am\x10z\xedv\xcb+\xd8\xd3\xf9vx\x1f\
d\xfdc)\xf20\xf0\x91\x10\x8cJ\xb6\xc1reK\
\xc9\x13\x0f\xb7\x97.\xed\xaeG\x142\xcd;r\x1c\xf2\
Be\x00\xa4_3kQ\xaaE\x01\x975\x90+e\
gq\x13\xbf\x1f\x94\xc0\xf7\x80\xc7\x9f\xa0>\xf5\xbc\xad\
I\xc7\x81\xe1\xef\x17._-\x1f|\xfd\x83R\x04\xdb\
\xea`<\xf4;\xb7\xb9I\xfa\xa1\x04\xb08C:\x96\
\x91J\xf4?k\xf2=X\x93o\xa6\x85\x0e>\x9b\xa2\
i\x01\xd0H\xc6\xa6\xd9\xe7\xe1\x87e\xd4Oc\xcc\xf5\
0\x19\xee\xbc\xf9f)\x1dU\x0a:\x04\xc3\xe4\xa4\xd2\
\xa5\x0a\xa8S[\xc8\xff\x10\xfa\x0f\x0f\x06\xbb\x1fQ\xdf\
\xb8\x17\xb2\x0a\xfa\x80\xf2\x97u\xd4\xd9\xac\xa1\x1c\x07\xf9\
\xda\x0b\xd2\xf5\x00\xc3u\x1c-+d\xc7\x10\xe5\xfe\xfd\
\x07d\xc0s/\xca\xe8_~CM\xb9\x89\x02p\xe1\
\xde\x84\x08@glz\x91\x00\x04\xda;\x19\xad\xfb\xc5\
\x00\xa4\x11\x85\xbbh\x1b\xc3p\xac<)\xa6\x228<\
f\x8e\x22\x94\xcf\x08T\xf5\xc8PD\x11\xcaKU\xd4\
\xf4;J\x852\x19\xc8TO\xfb\x1c\x00>\xa7\x8d\x9a\
\xe5\x9aT\x8don\xb6\xed\xebVR\x90!\xe1\x9f\xf4\
\xa8\x5cq\x0fe\xe1a\x90\xc0\xa8\x98>G\xe63$\
7\x06\x80\x1dzO\xbb\xd9X\x1b7\xedb\xed+\x00\
ka\x94\x0c\x85\xe71u\xedNEys\x9eF!\
\xe7?\xa8\xdf\xfdr]\xdd\x1a\x0ej\xec\xf3\xa8#\x0f\
\x83\xe4\xaf\x17\xe6\xae\xc1\xb0\xe4\xec\x8fh\x09\x1a\xfen\
\x5c\xb7M&\xff=[\x16-\x5c-\xbbw\xed\x93\xa3\
\xf8Ljn8G\x00\xb26\x00\xd2n\xc2j>\xe1\
G\xac\xbd9\xc3\x9c~\x11w=\xf4an[\x07\xbe\
Ur\x96\x89\x8bZ\x10\xb9\xfa\xfc\xad;\x83\xaeO\x1b\
\xd5I{\xa5\xcc~gs\x07\x98\x03\x86u\xe1G\x00\
\xcc<*\x11\xb1e\xa4\xc6\xf5\xad\xb4\x22\x80\xa0\xc6\xdc\
4{\xbc\xe7L\xfaS\xfe\xfey\x84\xec\xdb\xb9]\xf7\
3/\x1cx\xedQ\x22\xdb\x19\x95\x00^0F3\x1d\
U\xf67^\xbba\xdfi0\xe7\xa5\x00\xa5N\x5cT\
\xe6\xe3\xcf\x1f\x87\xfb\x15\x03\xe0\xd6\x1b\xdc\x1b\xc0f\x5c\
\xa1\x1e\x0eo\x8b\xa5w3\xc0\x05\xf0\xfc\xefs\xccN\
\x8f\x9f\xb1\x04\xf8\xaez\x95\xa4l\x89P\x9d\xbb\xe9[\
\x04\xa8\x8d#!\x13N\xb0wA4\xda\x11\xac\x1a#\
\xf8\x8f\x9c!\x9c\xdf\xc4\x1f\xd5\xae\x11\x0f\x01\xa0\xee\xd2\
\xa4^e\xad\xaa\xc8\xc5rs\xdcN\x91i\xfd\xdaa\
\xee\x14\xbe\xe3\x85\x13V\xa9J\xc1\xaeG\xd9DJ\x03\
\xf3\xb0\xa7\x87M  E}\x08\xbcJ\x9f\x97\xdd\x7f\
\xf0\x90|;\xfa\x0f\x08\x04\xfd-\x89\xd6A\xe0\xef\xeb\
#\xdd\xee\xb8E\x1e\xc1\x01m\xf7\x15\x0fh\xa2\xffi\
\x000Lo6qnv\xfcb\xa2\x09\xe7\x90\xdbO\
BH\xf4\xde\x1e=\xe4W\xd4\x9b\xb3q\xd3l\xdf\xa6\
\xb52\xa9\x8d\x1d7^\x7fV\xb3J\x82<\x07\xf9\xd4\
rPO\xe3\x22\xa5\xdc\xa97\x94\xfe|\x11]\xa0\x18\
Ja\x1c\x9f\x82X\x10\xf9\xbf\x86\x95%v:79\
\x13&O\x99*O!\x15\xb0l\xc5J\x8d\x02pn\
D\xa2\xb4\xaf;\xc2\x9e\x0dA\x15l$\x83\xe1qc\
=\xb3\xca\x84\xa1\xfa\xbf4\x0d\x00?\x12\x0b\x91)&\
\x7f?\x1f\x95\x97N\x84\xa6\xbd/\x22G\x0d\x01$\xec\
T3N\xc9\x85\xb2\x1aGgO\x9bav\x96\x18\x0e\
\x1e\xbf@\xc3\x8e\xf6nS\x19\x87\xffm5\xe3\x81\x94\
\x86\xa7\xa4gj\x11\x09\x05\xd9P\x0c\x80F\x04Ri\
\x90\x9d\xa1\xedLV\x7fVF@Z\x0f\xdf\x5c\xd3l\
ni73\xfe\x8bd'TB\xa4*\xda\xfe\xa3\x90\
\xa8\xc6D\xf7\x02\xfbe\xf3\x86uP\xfaw\x1f\xc0\xab\
v\xa8\x1f\x86\xb4\x9b\xa7\x94\x88\xaf\xa6\x11\xac\xacM\x93\
\xb4\xa3\xc7\xfb&\x10v\xcd\x8a\x8d2}\xca|Y\xb1\
|\xbd\xec\x01\xd9I2\x98\xe9\x98\x028\x83d2\xbd\
RM\x03`\xeddz\xfa\xa4\xf1\xc2lo\xdf\x15\xb9\
}\x84\xf8\x8b\x00\x88\x090_F\xb4>\xef\x90\x1bt\
\xceFJ\xfe\xe7[~\xdf\x99\xba/\xab\x1d\xe5|\x99\
\xf4{\xb6\xf5o\xbb\xbf]\x10\x05\x08\x0fO\x14/\x08\
\xd30\x0aP\xb2\x0cX\x18-,@Nw\xa3\xe0f\
\xbcv\xc5\xc2\xd92~\xe40\xd9\xb2v\x95\xbe\x85\x80\
\xb6[\xa1b\xda\x05\x0c\x95\xd4\xab\xc8j\x0cx\x18n\
>x\x06)\xd8cP\xd2#!T\xe6\x9f\xc8\xf5\x15\
\x1bT\x0c\x8c\x97\xde\x12\xe6k\xa8\xb4\xaf\xccq0\x0e\
\xdd*\xc8F\xf7\xfby\xa6\x82\xca\xed\xfeh[\xa3\x9c\
\xd4,\x13\xe5`\xec\xb4\x9f\x94\xe3\x10\x00F\xd02\xe4\
\xee(   \xfb\x91\xf9\x7f\xa6\x22\xc8\x03\xc0\xf5\xee\
\x8a\x90\xff\x0dMk\xc8\xdb/\xf5F\xc98\x0c\xee<\
N\xe3B\x15\x01p\x9ef\x1c0\x86,\x87N[!\
S\xd6m\x97\xa3\xf4\xb4\xf1\xa7N\xb5\x04\xdd\xb0\x12\xca\
\x95\xb1\x80,\xa9^\x03\xdfs\x0aB\x1c\x13&N\x95\
\xcf\x7f\xf8M\xd6l\xdf\xad\x00\x96\x00X\xcf\xdd\xdb\xdd\
\x22\xff\xbb'\xd5\x00p\xf3\xf2\xc1\xe1\x1f+\x1e\xbe\x81\
:\xc1\x1dW\xb1%Ci\x00 \x14\x96\x0c#\xe0\xbe\
{{\xca/\xbf\xfd\xae\x93\x88%\x84\xadnl);\
\xa1\x7f\xbet\xe9R\x89\x8b++O<\xf6\xa04\xad\
\x16/EI8\x84\xdf{\x82m\x8b\xba\xe9\xe4\xfc\xbf\
v\xf8\xe7\xb4]]\xd8\xef\xed\x12%\x1a\x00)P\x08\
\xfc\xe0\xc3\x8f\xe4\xe3O>\x93\xdd\xbb\xf7\xe8\xa0\xd2\x93\
o\x02a\x9e\xbb\xb0\xe9\x95\x067?\x1b\xc7\x9a\xe4<\
\xbf-\xd9(\xa3 \xdcD9NN\x82\xd2Q%\xa5\
1D\xa2\x0e\x1dN\x92\x09\xd3f#\xa4\x7f\x06\xb4\xd2\
F\xd8\xa7m\xd5\xd2\x12\x19\xe8\x9b\xe1@\xcc\xec\xb0%\
\xd0\xee\xdd\x7f\x96\xc8\x14K\x83\x82\xde\x1dq\x08mP\
\x11P\xaeD\x90\xc5\xba\x86\xa8\x03\xa3\x00\x81\xee \x1b\
2X\x80\x9c\xf6OgC M~?\x8b\x83?u\
3\x03*\x1ci4\x86\x1d\xa9\x8ba\xe7\xfeK\x02\x0f\
\xf3\xf0=\x1d\x91\x02h\xaa9f\x1b\xfc\xe7_\x22\x06\
%\xabH\x8bi<\x04=\xec\xcc\x17\x9b\xc5p\xf1\xec\
\xe6\x01\xcf\xfc\xff\xec\x19\xd0^_\xbeAv\x82\xe1\xef\
\xf0\xe1d\xe4\xa3O*\xab\x1e\xcb\xf4l\x1c\x80Qr\
4\x0c\x8a6\x03#Su\x0cu\xe3\xe5\xa8\xc9\x07\x92\
\x1f\x87\xfeY\x84\xfa\x99\xebO\x8b\x910\x9e\x7fN\x12\
\xf6y\xddL\xf3;\x13\xb3Z\xe3i\xc8\x5c\xadC\xd4\
aP9\x9f\xaa\xf8\xdeq\xc6j.\xd2\xa8\x8b\x06\xfa\
'\x8a\x9f\xcfQ\x89\xabVS*\x83\x228U\xbe<\
{\xb3L\x0d\x00\xecC\xdb\xd6\xaf\x95\xb1\xc3?\x93U\
\x8b\xe6\xea\xf5\xe9\xc96\x07\xe1UWD\xb5\x22\x016\
\xcb\xca\xd3du\xc5\xf6C`@]tL\x0d\x81\xac\
\x0c\x00\x1a\xb2\x95\xc2]\xa4#\x22\x00\x01\x1eL\xc58\
\x82\xab\xf9\xed\xca\x8b\xfa>\x8a\x80\xf5\x1d5C\xf6\x90\
\x05\x14\x0f\xef\x0a'\xb0%\x22\x84\xcd*\xc5!\x8dh\
\xaa\xb8\x9c\x0d\x00OV\xec\x00\x08\xe8\x09@zj\x0c\
 \xb7&q\xc6G\xe1\xba\x9b\x01fZ\xea\x91\xb0b\
\x88\x9fG\xc2\xb8\x0em\xae\x93!/\xdc+~\xd4\x8a\
\xc9c+t\x06@j\xf9\x0f\xe86\xb19|\x03\xb4\
\xf2\xef\xa8\x99<|\x9c^\x0b<:\x84k\x06?\xf1\
\x904\xa8Y-\xd3\xae:\x07\xf1\x9eE\xb3f\xcbg\
?\x8e\x95\xe9\xab\xa9\xfe\x04\x166\xd0`v\xbd\xbd\x95\
F\x00\x88\xd4wE=\xb1_x)\xd0\xf1\x86\xe8\xbf\
\xd36+\xe4\x89/\xdc\x98\x8e\xc0\x00\xe8\xfb\xc8\xa3\xf2\
\xcd\x88\xeft\xd2p\x11\xd6\xaaQ]6m\xde\xa2\x8c\
\x84\xfd\xfb=&mn\xbbY|\xc8\x18\x87\x03\x839\
SW\xa4\x16X^x\xed\xf0\xcf\xe3l\xbe\x80\x97\x1b\
\x03\xae\x88\xac\xdd\xb0I\x06\x0c|N&\xfe3\x19r\
\xac\xa8\xf9\xc5\xb6\xc4\xdc\xe7=@?\x13\xfcD\x90\x0d\
K\x9b\xd8fB\x8f{\xf8\x9c5\xe0\x9a\x80\xf0\x0c\xc6\
;\x00T\xb8\x9d[\xdf(\xe5\xcb\xc4\xc8\x970 \x97\
\xadY\xa7\x00\xa0\x08\x88J\xddX1Fs\xa7T\x1e\
\xb4>J\xaf\x9dY\xe3B_\xbc\xfd\x00J\x02\xe7)\
\x13\xa5n\xc8\x08;\xd4\x00\xed\xe8-\xf08\x5c0G\
\xd4g\xc5)\x16\x8c\x1cji\xd4\x1b\xbb\x01u\x9c]\
\xcb)\x15\x90\xde\x10q\xbe\x16\x89Gf\x82\x01\xf1#\
D\xd3\xa8\x8c\xc6\xe6\x86\xf0')\xaa_~\xbc\x8f\x0a\
c\xd9\xeb\xce\x0d4\xbb,\xfdsqC\xed|^\xbc\
jt\x05\x9f{\xcf\xee\x03\xa0\xf8].+\x96\xae\x95\
m[\xf7\xc8\x81\x03\x89\xc0\x01\xa4 \x0a`\xea\xf4Y\
\x1e\xc8t\x00\x05t\xf8\x99\xee\xeen\xa8}\x0f\x90\xd8\
\xd2\x91R\xa2T\xb8l\xdc\x96(S\xff\x05\x8e\x03,\
|&\xafo\x0e\xc7<:F9\xcf\xa4<\xe5\xe8\xed\
\xcb\xa5\x1d\xa3\xd4\xf3\xc2JE8>\xd5\xe9\x8e\xf5-\
\xca\xfa\x90\x96\xf8\xcbz3\x7f\x0e<\xa3\xe39\xb5\xe4\
\x12DL\xdc{\x5c\xce\x1f\x960\xff}\x12\x8a~i\
\xd4\xa6\x83x\x00[\x94\xdbFN\x93\x03{w\xcbo\
\xdf\x0c\x95E3&\xeb\xdb\x98\xfab$\x8c\xe0\xd8\xb8\
P\xff,/\xc5q\xd9\x95t\x16b5)\xb2\x16\xa9\
\x80\xac\x0c\x00\x8aB\xd5\x8er\x83\x1c\xb0\xa7x\xc2[\
\xbe\xd2\x1b\xab\xc9\x9e\xf9u\x96\xd2\xf0\xb2qM6B\
\x84\xafm\xed\x049\x86\x08\x95\xe1\x0cIm\xacj(\
\x07\x03\xddO\x0dt\xfbw\xf93\x00\xf8n\xd2\xda\xb3\
\xf4\x8f\xea\x9b$\xe0\xe2\xac.\x81\x92\xf2\x87z\xde*\
\xfd\x1fj\x9f/\xf1\xa1Bg\x008\x0f\x00'\x22K\
\x96(\xe8C\xeevv\x98\x07\xf2\xb4\xccY\xde\xda\xbc\
1\xc2',\xdfH;\xed\xce\x81\x14d\xfb\xca\xa52\
\xfc\x97\xbf\xe4\x97y\xab\xb4\xa3CC\x82\xa5\x17\xb0\x03\
\x0ft\x83\x01\x80\xb0&y\xf8\xe9\xf9\xf3\xb0\xcen{\
\xe1\xa5S`\x00\x0cy\xf55y\xed\xcd\xb7u\x83\xe3\
\xe7\xb7\xb9\xed6\x09\x84\xb0P\xc3\x86\xf5\xe4\xfa\xeb\x9b\
\x19\xaa_]\xc2\xd6B\xce~/\xbf\xd2\xd7\xc9U{\
\x7f\x1a\x01B\xcar\x04\x8c\xb5w\xde\xfb@\xd6\xad\xdf\
\xa0\xacp4\xc4j\xc7\x84\xc9=\x0d*\x80\xc3!P\
\xbd}\x1e\xde\xab\xc0\x0eFZ\xe0\xb9\x08\x8d3GH\
\x0c\xc9\xad\xe0\x89\xe8\x82\x92\xb89\x8b\x97\xc97?\xff\
\x01j\xe9D-\x0fd\x0a\xe0\x8e\xeae\x95d\x889\
}\xb3)\x9a\xc9\xa7[\x82\xe3@1a|\x1e\xbao\
N\x5c(S\x98o\xd7:uD\x01\xc0\x1cI,@\
i\x1cx6\xb2\x98\x9bri\x7f7\x09\x84\x04)7\
\xd4\xcc\xa6Nv\x87\x7fv\x07\xbfzd\xf8\xdfN\xe4\
\x1d\xbf\x07\xef\x01\x05Q\xec\x14C \x90\xe5\xbd\xef\xba\
]zvh\xe3(;\xe2\xa1\xe1\x07\xb6=\x96\xac\xe6\
\xb7\x1d\x83\xc1\xb3\x11Q\x80\x15\xcb\xd6\x81\xeew\x1bp\
\x00\x07\x14\x18H\x99_V\xd5\x90&\xdb\x03\xd1\x90\x80\
 \x1f\x89@\x89d4\x8c\xa2\xc8\xa8\x08|\x1f&\xfb\
\x0f!-3b\x9a\xfc=iy\x8e\xa5Pv\xae<\
+\xec\x84\xe3\xfe\xb38\xe85\xea\x97\xadUA`\x9e\
5\xbe\xfa\xc5yp\xacQJu\xdb\xd3\xdd\x86y\xad\
\xce\x1139Rw\x07\xa6y\x1cs\xc7\xfa\xb9z\xfd\
\xe6\xb5E\x98\x22\x82Q\xa4\xf7v\x1a{\x97\xe7V\x10\
\x03\x894\xbe\xa3\x93\x04E\x94\xb0\xf6\xab\x9cG\x87\x11\
\x9d\x14\x88\x97\xfd\x8e\x08\xc0\xac\xbf\xc7\xa1\xefO\xeb\x9c\
\xab\x19\x15\xa2\x06@U\x942g\xd5\xd8\xb7{\xc1\x05\
0\x16U\x00Kw\xe2\xa0\xcab?s\xc1\xf5\x1a\x97\
u\x93\xdb\xaaxj\xa4\xedJo\x0c\xfd\xbf>a\x81\
F\x94\xd9\xbf4\x00\xaaG\x06K\xf7\xc6U%\x09Q\
\xa7\xe2\xce2\x97\xd6\x88\xc5bm\x86\x83\xc1\xf3B\x89\
\xdb\xd8\x85\xfb\x01\x18\xffy\xd1F\x19\x83\xc8#\xf5\x09\
\xd8*\x81-\xf4E\x94\xff\xb5\xbd\xa5\x01\x81\x0ay\xee\
\xc2Bk\x00\xd8V'\xb9\xdb?E%\xc06K\xb1\
\x8c?\x7f\xac\xe7]\xca\xea\xe7\x0f\xf62\x9b\xba\xd5\xf4\
\x9c\xa1\x0c=\x0b\xfa\xde\xb9\x0b\x97\xca\xa8\x893d\xfd\
\xf6]\x92P\xb1\x82\xf4\xe8\xd6Y\x9a4\x00\xb3\x16\xc9\
DTE\x8c$!\xf6\xf6\x9dy\xbfs\x0d\x92\xd6u\
\xdc\x1f\xe3\xe5\xd1~\xfde\x1f\x80f\xc1AA\xf2\xf6\
[C\xa4f\x0d\x88\xceD\x96\x00\x87:\xcaD\x9c\x8c\
\xc2\xfc\xd9\x87y\x1e\xf7ko\xc8\xa2\x07X\xe1\xb1q\
\xd3fy\xe5\xb57d\xec\x1f\xe3\xc0\x0b\x9f\xac;\xbd\
\x02\xa0\x90\xcbo\x0d6\xb4\x10\xf0\xa23<\xbb\x07\x15\
\x1eL\x01\x10\x07\x90\xa2\xa2S\x225*\xc7\xcb\xc3w\
w@\xda\xc8\x07\x0a\x93\xa3e\xca\xac\x05\x9a\x0a\xe0\xa1\
\x1f\x1f\x065I\x5c\xa3A\x99\x08\xfdwV~)\xe7\
\x00\xef\x83|\x00\xefM^j\xbcnn\xee\x98o\xa4\
\x1d\xbe\xb5zy\x08UQ\x97\x9d\x0d\xea\x92\x04\x1b\xf9\
\xba\x22\xd7h\xfc\x8c\xf4\xfbmf\x06@v\x07\xbf\xdd\
5\xbc\x0f*k\xce\x05\xdf?\xc3\xff[\x0f\x1ap$\
#\x10\xd5\x12\xca\xcb\xabO>\xa4\x02Y\xb6F:I\
\xaa\x82c\xa8\x88i\xe3\x01\xf2>\xcd\xb8\xb1\x1eA\xbf\
\xee\xdc\xb1\x07\x11\x80\xdd\xb2\x17\x11\x81d\x84^\xd5x\
F\xc5\x81\x0f0\x16\x81(\xb3\x0c\x06\x19M\x10\xc8n\
\xfc\x91V\xf1\xe2x \xf5\xf6\xe7\x84%0\xb4\xc7@\
\xe0\xe9\x80\xe1\xcb\xd0\x837\x87\x15\xe5p\xb6\xd3\xbd\xce\
>\xdc\x1dy\x00\xbbg\x1d\xbfp\x0a\xbb\xa7>g\xaa\
M\xc0C9\x93\xcfN\xef\x0e;<y\x0e\x9c\xd3\xe8\
\xa5\x19H\xcb5\xb0\x7fO#\x803\xd0\xbe\x96\xc5\xbf\
\xaf\x8f\x8a\x08#\x8d\x00},\xfc;\xd0e\x1bDi\
\x0eK\x9dV\xb7It\x85\x04\x83\x03\xc8\xderq\xcc\
+\x12\x00\xfd\xf9\xc3\xd72\xf5\x8f\xd1r\x02e\x81\xbc\
f\x02*R\x08l%OF\xc6\x08\xa5\xfd\xbc\xd0\x8a\
\x00=\xf0\x9f+\x8f\xcb\x9c-8\x19\xb3h\xae80\
[\xc6\xbb\xcb\x0d\x15=\x9c\xe8\xb2\xf3>g.\xd5;\
\x08$\xff\x0c\xfc\x1f?b\xcds^\x11$\x5c\x0e\x91\
\x90\x87  v\xe8T\xd1\x0ck\x9a\xdd\x5c\xd2\x07\x8c\
\x80\x90\x0c&\x81O\xb6\xf6b\x8e\x0f\x01`%Jp\
\xbf\x873;\x15\xfb\x02\xd7\x1c\x0d\xb2f`\xfe{o\
\xf0\xfdR!>\x86\xf4\x949^%\xfd\x0b`\x00\xb4\
\xe3\xd6\x92\xe77^\xb9o0\x93\x90V2\xb7\xd8u\
\xa8\x04x\x0b\xca\x80\xeb\xf6\x1d\xd6M\x95\x0b\xa7\xe3-\
-\xc1\xeaw\xa7DB!\xd0\x88R\x98\xd5B\x8f\xde\
\x17B;\x04\xf7%\x01\x00\xb8z\xc3f\xd9\xb5\xff\x90\
\x94\x02`\xb0R\xc5x\x0d\xf1\xe6\xb5\xd1{\xdb\xbes\
\xa7|\x00A\xa0q\xe3\xff\x92\xeb\x9b5\x91g\x07<\
\x83\xda\xcd0erK\xd3\xf3\xa9{K^?\xe6\xda\
\xeb\x0b\xa8\x07x\xd0\x90\x03\xe2W`6\x06\xbd\xf2\xaa\
\xac]\xb7\xce:H\x8aH\x05\xa8\x05v\x87\xf7S+\
&\x14\xf9?xH8\xf4\xc7B\xc5\xf1\xa7\x85\x1b\x95\
k\x82\x83Y2,D\xee\xeb\xd4Vno\xd9L\xfe\
\x9a>G>\x1f9F6m\xdb\xa9wG0Pu\
\x90\xa90\x87Z\x09\xb9\xfc\xacB\xa3|-m\xf9\x83\
\xe0\x1bx\x1f\x15\x01\xd3\xb1\xe0U$\x05\x7f\xdc\xa9I\
Q-\x0e*d\x11\x9a\x83\xe4\x94a\xf8\x9fdC\x14\
\x1eJ\xefH\xa5?\xfcss\xf0\xebr\xb0\xfeR\xa0\
\x8a\x9b\x0e\xab\x12h\xcc\xf2\x9e\x83\x11\xbd\xe23\xf2\xaf\
\xb5t\xd4\xe3&h\xd5\x1f\xb8\x18[\x5c'\xbfCB\
\x0f\xf2$\x8c\xf0\xa3\xe8\xd3\x14x\xfe$\xde\x22\xda\xd9\
\x1d\x9e\xbf\x1b\x22hn\xe0hpE5\x8e3\xdf\xf9\
\x8e]\x89\xf2\xc5W\x93\xe4\xeb\xe1S\xb2>\xdf\xd4Q\
N]q6?}n\xef3\xeb\x5c=\xb7\x1c\xe7\x95\
ly\xe4\x8e\x0b\x9b2=\xb3\xbcSK\xf6\x9c\xc3\xfa\
\xe6\xb6l\x8f\xde\xfa^\xff\x99z]\xc5XX{\x9b\
\xeer\xd6{\xf4\xbe\xacp\xc1y\x0a\x1b!\xb2i|\
\x93\xa2\xe2\xe3\xb2G\xbc\x8b\xc2\x89\xa9\xd7P\x12\x1a4\
V\x07'\xd7\x0d\xd7\x9c\xfc\xeb\x8f\xf2\xcf\x98\x91\x92|\
\xf8\x90\xce\x88\xb2(o\xa5Lu\x93\xb8\x92\x0e\xccG\
\xc6\xeb\x81\xd4*\xe5\xac\xfc\xb3\xf6\x04\xe6.(\xce\xad\
\xb9\x94\xfeu\x1e\x98\xac\xad\xabx \x8c\x0e\x87\xca6\
\x84xP\xe6\xca@\xc9\xf5S\x14\xd0\x0b\x8d`\xd7h\
x\xdf\x1fO[f\x84\x8f`\x00\x94\x80\x0a\xdf\x137\
\xd6\x92d`N\x8c\x22bj\xe3\xd1\x12\x02lC\x1c\
\x98;\x19-\xc8o\xb3+d\x16A\xdf\xe6\x1b\xa4\x1c\
)s\xcf\xe6\x05|Q\xe7\x87r=\xbb\x00\x00 \x00\
IDAT\xb6M\xe4\xed\x97{)\x19W\xee\x0c\xbb\
\xb4wQdF\xbf\xf69\xa5\x07\xf3{\xdf\x97\xe9}\
\x96\x01\x80OgI\x047\xe6W\xfe\x5c\x80P\xd4\x01\
\x1d@\xfei\x04\x22\xa0\xfe\xa0\xdb\xadT\xbe\xacY\x90\
\x9c\xa0\xcc\xcf#w\xe6\x0fT\xbf\x0fHw\xd8h\xf1\
\x11\x99\xcc\xd0.\x010\xf95\x93\xe8\x01n\xda\xbaM\
\x96\xaeX!\x15\xe3\xe3\xa5B\x1c\xc5Q\xd2\x06\x85\xae\
y\xfe\x97i\xba\xa4\xfbX\xdb\x06\xdb\xbbo\xbf<\xfb\
|\xda\xb2@\xe6\xffo\xae\x1c#\xb7W+\xa3\x0b\x9f\
\xc6\xc2\x140\x83\x91lj\x13U\xb90A\xdc\xb1\xf9\
\xde\x89\x92\xce\xc7{uUz\xe9\xe1\xa0\x96\xfe\xfe\xd7\
?\x11\xc2\x06\x06\x05\xbf\xf7'm'\x80T\x9d\xeb\x94\
\x83\xc4*\xf3\xe4\x99l\x9f\x96W\xca\x0d\xe4\xdf\x8d\xbb\
\xe4e\x08\x04\x9dD*\xc90\xd7!\xe4\x8fHBk\
\x94\xfe\x84B\xb8\xc8\xdesB\x90\x02\xa0\xee\x00\xa9\x82\
\x9d\xe7iV\xc8~\xfdT\x87\xf7\x9b\xc9=\xe0\x97\xf4\
\xfe\xa7\xadM\x15\x1d\xe1\xbe\xcc\xdc\x7f\xad\xaa\x15e\x10\
\xea\xfe\xa9Y\xc1\xd2V6\xe6\xfcY\xf7\xef\xe6M\xd2\
\x99\x82\x19K~\x9e\x96WY\xe7\xa9\xf3\x01l\x7f\x04\
{\xe4$\xc5Q\xa6\xaf\x92\xf7?\x1c/\xcb\x91\xa6 \
.\xc7\xf9\x10\xb1\xcf\xd6\xbc\x9d+\xb6\xd7\x9d\xf6Y\xd4\
d\xcf\xec\xf9\x9c\x1f\xda\xe1\x99\x9bN\xb6\xcfq[\x11\
P\x7fb\xdf\x94\xf5K3\x14\xe6\xe7\xa9\xbf\xe7\xdb\xad\
\x90\xbfu\xf8\xdb\x87\xbe\x03W\xa9\xde\xbf\x13\xc5\x14\x0f\
\x1a[u\x11\x06\x80g\xf1C\xe2[l\xbbD\x82d\
\xac\xceM\xb7!\x8a\xe2\x95\xab\xc11@@\x17\xf9w\
\xc2o2\xe1\xa7\xe1P\x05\xdc\xa5\xf7\x16\x05\xf0_\x97\
\xda\xe5\xe5\x06\xa4\xb2x\x00fe\x14%\x1f?+\xd3\
7\x9c\x90\x89\xab\x8f[z\x09\x19?\xd6\x17y\xff;\
kzH\xcdHF\xd4L\xbb|\xe5\x979u\x8b1\
\x00\xa6\xc1\x18g\x1a\xe0$\xc2\xed\x1c3\x7f\xd4\xf9?\
ucm9\x8f\xf9\x9fz\x90\x9a\xd1\xe4\xfa\xf5\x85*\
h\x85\xc0\x0bKq\xa8A\x0c\xef\x9e\xbc6\xc3\xb1\xd7\
\xd0(g+\xa5\x0a\x80\xad\xe5\xf1\x87\xef$\x89\x88c\
,\xf2\xd2\x87E\xa6\xc3\x00\xc8\xf7\xc9\x96S\x9f]\xe6\
\xdfsY\x9c@\xc7\xbd\xf9\xf7\x22EO\xf2{vf\
\xd9\x98R2\xe0\xa1\x9e\xd2\xb0v5\xdd,\xec<>\
e}I\xeaCO\x86\xf5\xfa\xce\x16U\xfe\x01y\xd6\
nA\xfeq{\x92[\x9b\xa6\xf3\xa1\x7f\xcd\x00\xb8\xcc\
\x93\xc5\xe9\xe3\xf5\xa0\xc0F:q\xf2\x14y\x19Q\x80\
y\xf3\x17*\xe8\x8c#\x19\x17\xe6\x872\xa8x\xa9\x87\
\x10(\xa9~W\xc0\x1a\xff\x1ae9\xf3\xb4,\xc7l\
\xf8\xcd\xea\xd7\x02\xa9Sw)\x03\xcd\x89%\xab\xd6A\
c\xe2g\x999\x7f\xb1r>\xd8^C\xbb\x1ae\xb4\
\xa4J\xf1\x00Y<:o\xe3\x18>\xf7\xed\x89KP\
{\xbf\xc3Qj\xc4(@\xf3J\xa5\xa5flI\xa8\
T\x1a\xf0\x14i\x81\x89\x05\x08H\x87\x05\xc8\xd6\x00\xc8\
\xe6sy\xf0\xae\x03\xb8\xf1\xebY\xab!\xf9\xbb\xdb\x98\
\x1e\xa4:\x0e\x0a\x00\xc6\xe1&y\xa0K;\xab\xac\x8c\
|\x00\x90\xafF\xe4\x8cU1|M\xfe\xd7J\xba\x1b\
\xca$f\x9a\xbe\xa0\x80c\xb5\x0b\xf7\xf9\xedw\xd3\xe5\
[\xe4\xffS\x8e!\xe7\xac\x03h<I\xae:\x96J\
y\x01-\x1d\x08Z\xe7\xa0@o\x1c\x82F\xe279\
\xf98\xe8\x9f\x13\xe5\x0049\x08.\xd45\xefh\xd6\
\xf7\x19\x06\xc7\xc9\x00p\xbc\xc4\xfe&\xed{\x0c\xfb\xa3\
\x9e\xf0\xa9\x07\xbe}}\xfe\xce\xd9Pp|\xeft-\
\xbe\xcd\x0e\x1d+\xc9\x92m\x09\xe9I\xa9W\xb2\x19\xfe\
\x1c\x9f\xa5\xcf`q\x09\xe0\xab[\xd1\x14\xf1w\xd9*\
\x01H\x954\xbe\xa3\xa3\xf8\x04\x82g$\x17KM+\
\x96\x10-\x98?m\xa2\xa6\x01vm\xddd\x22\x5c\xa0\
\x9d\xed\x04U\xc0V\x091\x16\x96%\xf3\xd9{\xf4\xe4\
9(\x9c\x9e\x00h\x0d\xd8\x8dL\xe9\x80\xcf#\x95V\
\x1c\xd10o\x00\x0a\xc1)pa\xf1\xf1\x5c<\xd1\x85\
\xbf\x84\x06\xc02`R^\x84\xc6\x0c\x05y\xd8\x98v\
\xeb{C\x0d\x09E\xbf\x12\x08h\xef\x01&\xd6\x0c\x83\
\x19\xe3\x91\x10\x0c\x90\xa3\xb5N\xf3{\x17I\xa0\x22\xfe\
\x03\xb5\xff\xa3\x16mp(\x12V\x814\xf3\xc0\xfew\
\xc9\xed\xb75\x96\xf3 \x08\xca\xcf\xba+\xb4\x18\x00\xe7\
uL\xda\xd6\xdf\x10\xaa%\x9f3gq\x10\x00LO\
\xf5\xb9\x1b\x82;\x0dA\xb5jx\xdaMh\xae\x88\xf8\
\x86EBt\x07\xd6\xad\x02\xfc.\xbce\xa6\x84u\xe1\
W\xbdv\x85\x8b\xdd\x03\x1c\xb7\x94\x13\xe0\xff\x06\x18\xf0\
\xf3/\xbeB\xd9\xe6.#\x8b\x8a\xc3\xe4z\x88\xa2t\
\x00\x19J\xe9\x10_\xd9\x0d\xb9i\xf2\x01(@\xce\xba\
\xa9\xca\x88,=\x04\x1c\x00%\x9d\x8f\x22\x84=m\xce\
B-+]\xb9v\x83z\xccL\x1f\x94\x0fG(\x15\
\xe9\x04\x1a\x12l\x06\x11\x90\xd6\x0cT;\x04\x93p\xed\
\xde$y\x19\x15\x01\xdb\x15\xc7bfT4B\xb1\xc4\
\x02\x84\xfb\x83\xfb\xdb:$Xw\xcc(\x80\x17T\x08\
\xed*\x01\xa7\xf3F?!\xa7f\xdf\xc1!\x1c\xa4\x14\
=b\xf8\xff(7\x17\xfc!^\xa52t4\xfa\xf7\
\xee&uP\x01`\x1a\xa8\x89\xbd\xbc\x91\xfb\x8fW]\
\x0c\xf3\x93K\xd3LhTd\xf1\xf2\xad\xf2\xd1'\x13\
d\xd2\x94\x15\xfa\x88vZ\xcf\xdf\xdf\x0be\xb6\x11R\
\x1a}\x5c\x02)\x97\x92%\x83$\x0c\xd1\x13/Tu\
\xf0\xbd\x89\x87\x8e\xca\xa6M{d\xd5\xaam\xb2\x04`\
\xe1\xedPc\xd4\x88\x83vB&O\xa1\x07\xba\xfd\xd8\
\xce\x87}\xea\x01o\xbf\xcdx\xf3\xd6\xeb\x1d!z\xcb\
\x09p\xbc<\xd58p\x84\xf1\xd3G\x12\x1c\x91B\x8b\
\xec\x81\xd7\xb5\x0d\x15}\xbb\x9d\x160\xd7\xd2\xb7S\xe3\
\x81\xa7.\x0fq9!A\xae[a(\x9e\x91\xc6\xb7\
w\x94\xb0\xa8\x98\x0ch\xf5\xccFK#\xa2\x00</\
\x9d3]\xc6}\xff\x95l]\xbfF\xf7GF\xad\xee\
\xac\x11'\xb7V\x89\xd5\x94VV\x87\xce1\xa0i\xe7\
o\x83j\x1d\x80\x80\x94\x0cN\x0fOcOD\x07\xba\
\x80c\xc3\x07\xe2[\x8c\xd8X\x86\xcb%\x9c?y\x9d\
\xa5L\xe7n\x01\x0e\xe6\x85?\xe6\xe8Z\xe4Taj\
\xaaw\xa3JR\x15U(\x07\xb0f\xd2\xd2\xfeR5\
\x10\xe2oA\x9e\xe2\xa7\xa2by\xfdD{\x85\xc1\xc8\
\x05\x0e\x86\xd4\xf6\xdcg\xc8JX\x1c\x06E\xf3F\xd5\
\xe4\x95g\xef\x96\xeaU\xe2T\x01\xf0\x9a\x01\x90I\xff\
\x12%\xfd\xd7\xaa-\xca\xda\xb6\x13\x9b5\x07\xc8\x13\xf9\
\x92\x87\xa0\xecw\xe7-\xcd\xad\xbc\xbe\x19\x19n\xf0\xb6\
'S\x9c\x04<\xb9\xd80\xf37\xa4\xd7\xdeu\xa5\xf6\
\x80}\x00\xeaQ\x09\xafk\x0e\xbc\xffW\x01\x08\x9c2\
u\x1a\xc2\xf8\xa6\x92$\xd4\xc7S:\x81\x1d\x90:\x01\
\xcc\xed\x8dZ\xb8NF\xfe?{\xdf\x01Xey\xbd\
\x7fB\xf6\xde\x0b\xc2\x9ea\x0a\xc8FD\x04Q\x19\x8a\
\xa8\xa0\xa8 \xae:\xaaVkk\xad\xfd\xdbV\xfdY\
\xedp\xef\x8a\x8a\x22\x22(*\x8a\x82\x03\x01A\x10\xd9\
{\xefM\x12\x08\x09I\x18\xc9\xffy\xce\xfb\xbe\xf7\xde\
\xb0r\x03\xb1\xac|6M\xb8\xf7\xfd\xd6\xbb\xces\xd6\
s~^\x01Ai|\xe4\xe9(\xe4t\xd3\xd5\xbd\xe4\
\xa6\xabz\xab\xafz'x\x01>\xfbv\xba\xfc\xf7\x83\
1\x92\x05\xa2)^\x83\xf5\xd5\x19\x0fpk\xe7&R\
\x17\xc2\xfcxs\x8d\x0b\xfb\xcd)\x8be4JG3\
;\x80\x11\x02\xa4\x1bn_\xaf\x86tA\x140\x19\xc9\
\x9c\xe0\xad\x8e\xea\x83i\xa8>H\x90\xa1s\xda\xca|\
#W\xfc\x03\x00L\x9f]\x00\x97\xd9\xdb\xd0\xfe\xe7k\
\xc1\x11\xa3\x89\x92\x10\xab\x0f\xb2g\xee\x03\x91V,h\
\xb5\xf9\x19\xcd\xc4qZ\x0d\xb3\xfa\x89\xeeo'<\x15\
(\xa4\x0a\xa1u}\xf3\xfdBy\xe9\xe5\xf1\xb2l\xc5\
V}\x860\xc4\x08dfV\x97\x8b\xba6\x93\xf3\xce\
\x03\xff\x02\xfa9\x06\x15\x1e\x99=\x10\x8a`N\x926\
\xf1`:a\x1eH\x8dv >h>\x00\xc0\xd7\xb0\
\x14~\xff\xc3B\x1fm\xd4\xeb\xaf\xf7tp)m\xde\
Ir'\xb5\xd0\xdecE\xf0\xd1\xfc\xf5Oc\xe91\
\xf3\xcaj\xee\xf8\xad\x0c~,\xa0\xc4\xf3\x0e\xb3\x02x\
A\x81\xed\x22KWl>\xd7Aq\x17+}.?\
\xa6\xb5\x13Y\x00\x01`BH\x0a\xdd A\xc5\xbb\xa5\
\x1d\x5c\x00\xb5\x9a6/U\xce\xfch\x9d\xcfg4\x9c\
%!\xb2t\xde\xcfZ\x15p\xf5\x92\x05z\xbbD\x04\
\x5c2\x9b\xa5\x1fx-8\xef\x8e%t8.s7\
\xedG\xb9\xf3<\xcc\xd9#g\x1e\x87\xa0i\xd5`\x19\
t~\x14\xc8\xad\x18\xcbr\xfa\x03\x00\x82wf\x93=\
\x8e\xaa\x80K\xb6\x80\x1e\x19\xfd\xc48\x94k\xc0\x8e\xd8\
\xbbUCY\xb7\xa7\xf0\xb08\x00\x13\xb7\x93\x09.\x80\
\x04\xa4\x02\x9e\x88\x80V \x86\xceb\xc6\xd1\xb0\xe9\x8b\
\xe5'T\xb7\xe5\x11\x83=\xe8jh\xfe\x8f\xfda\x90\
TMqL\xb4\xe5_Jg\xbd\x05\x80\x00\x80\x0cN\
\xcf`q\xaf\x84&\xc5y\x16B\x0a\xc7\xbe\x97\xca\x90\
k\xfa\xc0\x8f\x92\xea\xe9\xb5b0\x8cE\xc5\xa7 \x8d\
\xa9\xae\xd5f\xca\xde0\xcb\xdf\xe5\x95g\x9c\xce=\xe0\
;\xe2\x5c|{\x11\x81\xff\xf6;\xc3\xe5\xd5\xd7\xdf\x90\
U\xab\xd7X\xdfr\x89\xd2\xfc\x92\x11\xad\x15\xd2\xa2\x98\
#\xff\x0e\xa2\xe4W\xef\xd8\xa3\x9bdTd\xa4\xf4E\
: \xad\x00\xa9IH\x1b\x0c\x0c\x96\x0d03\xbf\xfa\
\xdeG\xf2\xf9\xb8/\xe1\x0a09\xbc\xd1\x88\xd6&\xd5\
\xf0\x00\x80\x89dh\xa5G(\x08\xd4\xec\xe9.\xc2&\
\xb3j\xdbn\xf97X\xf8\xc89@&<\x0a\xf68\
l\xc6=\x81\xfeY\x828\x14\x16+>{4h\x01\
Y|(\x96EHl\xa2\x81\x89\x18\xf7\xaf\xd7y\x8d\
]\x08>\xfcb\xc1:\x193{\x95\xe4\xc2\x0a\xc2\x83\
\xc0\x99Y+\x0f\xdez\x03,g\x1d\xadK\x00)y\
(\xf9\xcbj\x98$\xad\xfa_\x1f|\xd6\xdd\xb9\x852\
\xf2\xa3i\xf2\xfa\x9b\x13\xc1\xdb\xb0\x1fZ~\x82\xb4\x83\
\x8f\xfa\x92KZI\xfb\xf6\x0d%\x0a\xa6\x7f\x7f|\xa2\
\x8c\xd3Y\xb0p\x9d<\xf7\xfc\xe7\xf2\xe3O\xcb\xed8\
S\xd0\xda\x9a\x81\xbe\xc2\xd7#\xef\x8f\x14\xda\x87k\xfd\
F\xe0[s?e\xbd\x9eK-\xde\xa4\x82\x9a\xf9\xe6\
4w[\x88\xc8\x82\x083f\xf4\xe9\x1b\xebP\x80#\
4\xb2\xc2\xdf\x01\x04\xb5\x099@\xe0\xac\x0dx\x9fb\
D\xee\xf3\xcc\x84\x90-\x12R\xbc]\x9av\xec\x22\x99\
\xed:Hh8\x03\xc6\x8e\x1c-\xcdp\x82K\x94Z\
-\xb3(B\xe0\x02X\xb9h\x9e\x8c\x1e\xf6\x8a,\xfa\
\x05d@\xb8G\x1c\x09\xa9 \xfc\xaf\x06\x08\x88\x06\xd0\
:\x96P\xa3\x8f|!R\x00G\xa3\x1e@\x1e\xa7\xfb\
a\x07\xab\x00j\x0a`\xb3\x08\xcd\x008\x13vZ\x12\
\x1c\x91\x97\xe3\x99\x09\xb3e\x06R\x7f5j\x03c\xd5\
\xadA\x86\xdc\xd9\xad\xa5,\xcd*82\x10\x10mX\
\x168\x05\xf5@N\xa8(\x10:\x86`\x89\xd9lo\
\x80\x00\x88\x99\x00\x1c\x87\xaaHG\xbe\xf5Fp\xd3\xfc\
\xa6\x1f\x18GC\xcbL{=\xd6\xda<\xeb\x01\x00\xd7\
\x12\x07\xed\xc9\xaff\xc9lDQR\xbb\xa1\x1f\xb6\xc7\
\x05\xed5\x13 \xb3^\x1d\xcf$&\x87yxt\xbc\
\xc4#\x8f\x99\xbf\xfd\xd1\x98\xfe\xd7\x9b^\xe5\xfd~\xfd\
\x1e\xf05\xc4\xd3\xc4\xbch\xc9R\xf9\xc73\xff\x92/\
\xbe\xfaZ\xf2@M\xcbyA.\xf4\x1e\x8dk(\xfa\
?\x80F\xc3\x11\x9c\xf3\x83e\xc9\x0b\x81\x8f\xbe\xe3\xf9\
\xcd\xe5\x9e\x9b\x06H\x8b\xc6\xa8\x14\x89\xb4\xd1\xa0\xa8x\
\x99\x8b\xfc\xf6\xa7\xc1\x07\xf1\xd3\xcf\xb3\xd4\x15\xc0\x0d!\
\x0d$A\xe4W\xef\xd5\xb4\x16b\x0a\x8c?_M\xfa\
>NQ\x12\x0f1\x18u,\x22\x90\xc9;\xb0\x17\xa4\
8.\x82\xbd\x06\x0a\x16uoVOj&\xc5\xab\xa6\
\xc0sS\xb1\xd9T\x83\x15\x80\xfeI\x93\x8a\xe6\x9f#\
\x8a-y\xaf\x05\xd0n\x86\xff\xb4L\xe6\x81B\xdbp\
\x9c#\xfb\x00\x9bL\x97\xb6\xad\xb4\xe8OZr\xa2\x9a\
\xdeY\x9d2\x1e\x8c\x7fQI\xe9F\x8c\xf9\x8b2*\
j\x08!\x94\xd7\xa2\x16\xc3ko~#\xe3\x91\x02\x98\
\x09\xa2\xa6Kz\xb4\x94\x0b\xbb4\x93Z\xc8\xd4\x08\xb2\
\x14\xace=\x97\xeb\xebCx\xf9\x99(\xf0\xf4\xb7'\
?\x02\x07\x04\x5c>\x1a\x07d\x1e\x96\xbev\x8d?\xb0\
\xef\xe8~\xab\xef\xddGs7\xde\x03\x0b\x0c<\x9f\x1b\
\xa1\xaf\xc4D\x16\x88\x1d\xde\xc6#\xec\xf9\x87\x07\x00\xf0\
\x1c\xa3\xed\x9b{\xf8\x5cW\xff\xe9\xe3\x16pml;\
\x02\xc7\xe2=\xbb5\x9f4&d\x87D\x06l\x96\x06\
\xcdZ\xcay\x17],At\xd5\x90\xa2\x1fm)\xec\
\xd9O\x9c\xb3\xb4\x8e\x84\x83C\x80\x15(\xf9Y(\xc6\
w\xf9\xe2\x05\xf2\xe6\xb3\xcf\xc8\xf4I\xdfi?\x90\xb0\
\xac\x0fbW\x98\xceJ0p\xac\xbe%S\xe6\x92\xad\
\x07`\x1d\xcbG\x09\xe9\xd2\x0e\x00>z\x5cx\x80\xf4\
n\x1a!\x1d\xea\x98\xa2lg\xc2A\xf6I\xf2\xc2\x90\
^~\x22\xd6:\xe7\x0d\x83\xb9\x9b\xc3\xbd\xf4\xc4\x95\x9d\
eQ\x96)\xe0\xe5=@\xd2\x84\x0f\xea\xc0-\x97\x8e\
\xf5x\x22\x00\x80}\xb5\x1f\xc1\xe8,>\xc6\x0c\x00\x02\
r\xf6yf\xfd\xea\xf2\xbb;\xfb\xc9\xf5WwC\xfc\
\xcf\xb1]1e\xf5\xebY\x0f\x00t\x05\xa3\x17\x9f\x03\
\xb5\xea7\x18\xb4<\xa4\x17\xb1\x03[5i$\xf7\xdf\
z\xbd\xb2\x99\x05\xba\x0e\xc4`\x85\x80\xdf<\x16\x81\x80\
\x91\xa0\xe3e;?\x15\xa7\xb2\xfa\xb9\xf2\xfb3\xa6\x07\
|\xc5\xbf1\xa1\x93tc\x1c\xea6<\xfd\xcf\xff\xc8\
\xdcy\xf3\xa1\x95\xb3\xbcL\x80\xd4@P\xd95\xad\xeb\
J\x87\xba\xd5d\x22\x08{>\xa0pF\xb4?\xe7M\
\xa3\xba5\xe5\x0e\x04\xca\xf5\xea\xd6Y\xcd\xe4\x14\x92%\
\x11\x09\xa8\x09\xf1\xa5<\xf5\xf43\xb2n\xc3\x06\xed\x11\
\x92\x87\xd4\x85\x10\xa75\xe1Bh\x12FX\xab\xc8\xd1\
\xbf\xdd\xc1\xbf\xb6#h\xedU\xa4 \xd1\xe2p@s\
~a\x82\xc7\xf9-\x91\x12\xd8%\xb3\xb6\xc4C\xdb\xa5\
\xa19\x1c\x9b:+\x05&\x86\xb34\xa8\x7f\x1d\xef4\
\xd3\x1c\xb81\xc6\xc1\xcf\xf8\x11\xdee\x0f3\x17\xac\xf5\
 #-U\xee\xbc\xf1j\x19\x08\xa6C\xfa\xd8\xa9-\
F\xc6'IB\xf5z\xa7\x84\xb5R7Zh\xabS\
\xa7/\x97\xd7\xde\x98\x080\x02\xab\xde\xc0\x0b\xa5\x1dR\
,cmvDY\x82\xbft\xcf\x00R!\xd5r?\
r\xdf\xdf\x1f9Y\xfe\xf3\xe2\x97\xb2\x0f1C\xaeT\
\xb7Z\x11\xac\x00\xf6h\xdb\xc6\x0e\xef5\xc7\xeb\xc0\xb9\
\x7f\x1f\x16\xb4\xe7\x84\xb7\xfd\xde\x17\x008\x10\xa1#\xee\
\x03\x1e\x0e\x0f\xfa3\xff.\xfdc\x82\x22\x09\x1a\xcc\xbd\
9.\xfa\x9c\x98\xa3\xc5YY:V\x11\x81\xd9\x12\x1f\
\xb2\x09l\x89\xf5\xe4\xd2k\xaf\x95\x80HPRC\x98\
Q\xe8S\xe0S\xf0\x87A\xe8\xd3]\x15\x8a\xcf\xe8\x22\
\xe1\xf3\x91\xefa\xd9\xe2E\xf2\xe2\xd3O\xca\xa4\xaf\xbf\
\xd4\xd47f\xc2\x5c\x06\xb0\xca\x82@I\x98o\xc7:\
X;b\xf96\xd4\x03\x80\x05 g\x9f\x99\xab\xee \
_NU\xf8\xfd\xafm\x1d%\xf5\x10\x00\xe82\xb1\xfd\
\x9b\xa9\xa7\xae\x15\x05>\xebs\x90\x13\xe3\xe3\xb9\xab-\
8\x0e\x90\x0c\xc4\x9a\xbc1\xe8bY\xb6\xbb\x10\x81\xe6\
\x1e\xc4\xa8\x9b\x07\xdf\xad\x168:\xaaF\x87\x1ea\x1d\
8\xe6\x9b\xf8lA\x04\x0d\xf4\xff\xbf\x87\xf58\x1e,\
\x80\x9c\x8f\x1c\x97\x8em\x1b\xcb#\xbf\x1b \x17\xa1T\
8+\x02\x9e\xe8q\x0e\x00\x00\x93'=\x02\x1a\xda\x87\
\xa8\xe5L\xdevN\xee\xda5\xaa\xca\xfd\xb7\x0c\xd2\x88\
mj7\xcet\x17\x88\x05\x10\x93\x9a\xa1|\x00U@\
\x9aQ\xbeM\xe4D\x87\xa1\xf2\xbc\xd3\xa7\x07\xb0\xfa|\
C\xcd\xed?\xf7\x80\x8e\x96\xec\x80\xc3\xdeyW\xeb\x04\
8\xdf\x1cK\x05\x0fj\x9f)y%\x81\xf0\x99/\x91\
e\xeb\xa19\xe2eh\xfa\xbf\xfe\xca\xcb\xe4\x96\x01}\
\xe1{\x8e\x00\xa0LF\x8ai]\xd9\xb4u\x87<\xff\
\xc2\x0b2\xfc\xbd\x0fd\xcf^\x12\xeb`Ac\xd3n\
\x88\xe0\xb4[:5\x91F\xe9q\xc6\xb7\xea0\x00\xb7\
N\x5c\x90:\x147\x83\xc5\xd0\xce\x9f\x079\xd0J\xf8\
\xad\x0fB3\xe0\xc1\xba\xe4\x177\xab+M@\x12\x14\
f\x83W\xe3\xe0W\xad\x0e\x10\xc0T+\x7f@\xac\xd1\
\xfe\x03d\xf6\xe6l\x0dj\x5c\x04\x1a^k\xfcVM\
\xb0s\xdb\xf3\x94A\x93\xfc\xff\x1a\xc8\x88\x82?\x09\xd5\
\xebJ8@\x80?\xd7\xaf\xe8\xf1\xa5\x90+\x04X\xf9\
\xe8\x93\x992y\xda2\xe9we{\xb9\xb8[\x0b\xa5\
\x06>\x11MK\x9f\x0f\x9dp\x08\x82q\xd3\xa6,\xb9\
\xef\x8f\xc3e\xe1\xd2\x8dr\x10\xff6\x8a\x80\xd1\xc6\xf5\
?\x82\x01\xba\x06\xac_\xff\x08\x8d\xdf\x0ar=O\xdb\
\x9a\xb77V\x04\xf3\x99\x11\xf6&\x85\xcf\x03(|,\
\x09\x9a\xca\xe7zV\xf7w\xab\xed\xbb\x92\xcbV\xfb\xf7\
X%\xd4Z\x813`Db1Z\x0c\x92\x1cB*\
k1\xc0kh@\x9e\xa4\x84\xaf\x87{$M\x86\xdc\
u'h\xcc\xc1\x08\x88&t\x85\x92\x9a\xdc\xe5\xa8\xab\
%\x04?\x0e\x82\xd2\x1d\xb0\x1a\xf5\x00^\xfe\xe7S\xf2\
\xcd\xb8\xcf\xb5\x0e\x03\xadT=\x91\x02x=2a\xd2\
\x10Wq\xac\x83\x16\xab\x15\xdb\x0d\x00\xc8\x02'\x80/\
\x00@\x8c\xaa4\x84\xe0\x1f\x00\x00\x90\x10\xc5\xba\x05\xbe\
3\xa84\xf0\xad\xe8ys\xb2\xd7+\x00\xf7\xc7\xc7s\
W\x82\x8ew\x99\x16\xc8RW\x1e\xe6\xdc\xf0\x9b\xba\xcb\
Nd>\xec*t\xefj21\xd8\xa2V\x0c,r\
\xa8\x0ax8O@\xd9\xcfb\xc0\xc4\x0c\x04\xaa\xbe\x83\
5\xb9t[\xb6\x8e[\x04H\xc0\xfa^\xdaA3\x00\
\x1a\x00\xfc\x9f\x8c\x9a\x1a0\xf5\xf7\xe0\x018Sl0\
e\xf7\xd8Q[\x84\x00\x00\xb0\x84)}(k\xb3\xc0\
\xec\x86.K\x00\x0b\xe0]7^\x83\xea\x80\x17!\xb8\
\xc9[\xea\x95>\x1djk\xb1\x08jbn\xf3\xa9\xd8\
\xdcN\xf05+O;\xd9\x1ep\xeb\xe0\xb0A\xd7\x05\
\x02\xe6\xc7\xb9\xf3\xe6\xc9\xbf\x9f}^\xbe\x84+@K\
\x06\xe3\xf3\x18\xe4\xf5\x93\x1b\xa0}\xd3\x062y\xedN\
\xf9z\xc6\x02)(,T3\xea%]:\xc8\xefn\
\x1b\xa4U\x02C\xe1RJ\x84\xb6|\x00\x9b\xddL\x04\
\x16>\xf5\x8f\xa7\xe5\xfb\xc9S\xa0\xa8\xd9<zl\xb6\
\x99i\xc8\xef\x07\xd3`\xbb:iZ3\x80\xb7\xb5:\
\xa6\x22\x7f\x0a\x0f\xfaK\xc7\x91\xde\x1a\x1a\xc1\x96=\xf9\
\x1e\x16\xbe\x06`h\xbb\xacE}IA\x9a\x96\x15W\
\x1a\x0cX\xd5\xba\x02\xca\x9a\xc7\xd4T\xd6#Hv\xcc\
\xdc52\x01\xd1\xffEH?T\xb1\x83\xf5@\xa1?\
\x18%\xb4o\x19x\x05\x0a\xf60=,\x18e\xaaQ\
\xf9\xb0Z-lH\xfe\x01\x8c\x93\x1d\x1a\xdf\xf3u\xbf\
\xc2N\xb8j\xed\x0e\xf9\xf4\x8b_$\x22:R\xae\xbb\
\xe6\x02\x89G\xe5\xc6\x93\x05\xecJ\xc3\x0c\xcd\xff\x9f/\
\x8d\x97\xf7F\xff\xa4`\xc7L\x0b\xaf\xa6\xef\x11\xf8\x87\
k\xf3\x04\x09*\xe8}\xad\x02Ncw\xd7\xb04\xd0\
\xbe\x9a\xfc\xe1\xe7\xa8FoF\xde\x80\x03\xe3~\xd0+\
8`\xc0\xcft\x80\x0c\xb00\x96\x01\xbd\x90\xf9\xc1\x80\
\x1e\xd8\x06\x10\x07\x8bg02\x01\xd2\x22\xd6\xa2fB\
\x9c\x0c\xbe\xfbn\xa9\xdd\x001\x1b\x18C^\x80\xd78\
\x9a\x00\xd0)\x8f{m\x5c\xbfV^\xfd\xf732~\
\xec\xc7`\x16\xde\xaf\x94\xbd\x177\xca\x90\x1b\xdbfJ\
\x06\xfa\xfbX\xb2\xc3\x00\x80\x032\x0a.\x80]\xfb|\
]\x00\xb0H N\xa5}\xad\x10\xa4\xc1F\xc2\xe2p\
\xe2\xdakE\xce)\x7f\xaeE ^\x08\xd0=q\x09\
\xb2N&/\xd4\x0a\xb3\xec\xc1@\xf4\xff\x9b7t\x93\
h\x04\x97\xaf\xde\xbd_\x0b\xc89\x0b\x1e\xd7U]\xa4\
\xe7\xa6\x82\x0e\xb8\xbc\x00\x80\xc3\x99\x0b\x97\xc3\x18\xa4\xfe\
\x8d\xc6\x0f\xad\xd7\x1c\xe3\xb4d(\x0b7\xf4\x94\x07\xef\
\xea/1\xa8'S\xd6\xda>\xde\xbb\x9d\x85L\x80G\
\xbe.S1V @\xeb\xa5\x1f\x16 0e\x97\xc6\
\x01\xd0\xdcE\xce\xf6\xa1\xd0\xd0T\xab\xf1\x99\xc9\xe4\xfa\
\x8fM\xaf)aQ(\xe1\xea\xcf\xcc\xa8ls\xd6\xf7\
\x80\x9a\xff\xb0\x00\xc7~:\x0e\x843/#ml\xbe\
jD<2@\x0a\xd4\xb7sk\x09\x8d\x8d\x97\xb1S\
f\xc9\x86M[u\x13n\xd5\xb4\xa1\x12\x02un\xd3\
R\xaa@c\xd6`9\x14\x92\xca\xde\xbd[>\xfb\xec\
\x0by\xea\x99\x7f\x22\x0dm\x9dj\xdajr\x85m\x94\
5\x03\xae@\xe4z\xcf\xc65m$\xbf\x0d\xe0\x83\x04\
0\x82/@7\x85a\xd3\x16\x83d\x85.-[\x14\
\x07\xf3\xb9k\xe3\xda\xd2\x06\xee\x88\x08\xd6\xb8\xc0\x11\x8a\
\xebUCV@\x12b\x02X9\xf0\xc8\xb9\xec\xb55\
\xeeF\xa1\x93\x89\xb8\x1e7\x9am\xe0\xfeWa\x83{\
\x85#\xd0\xabM\x8b\xa6\xb0\x96]'-2\x1b\xe8\xd6\
\x16\x16\x0d\x1a\xde\xea\xf5\x95\xf2\xf7\xd4$p\x83\x94\x05\
\xfd1\xf1{\x94\xfa\x86)\xb6\xfb\xc5\xad\xa5C\xbb\xc6\
'!\xfc}l\xaex?\xa6{}\x02`\xf1\xff\x9e\
\xf9T3\x05\x0c\xe5\x8b\x13\xae\xdc\x83!|=\x82\xd8\
G\xe8Z\x0d\xde\x98\xe4\xad@\xf6h\xee\xdeX\x01g\
\xe6?\x02(\xd8>\xf7\xf8\xf6\xb5\xc2\xa2\xb9\xbe\x0a{\
k=p\xbf\x15\x14\x98\x06\xc6\xaa\xa0\xed\xbc@\xe0\xc0\
\xe6-\x08\x04D`\x9a\x14I:\x00@||\x98\xdc\
\xf8\x9b;\xa5A\x93&\x1a\xbfq\xbc\xbd\x8ds\x92\xa6\
\xe5\xad\x9b7\xca\xeb\xcf\xfd[\xc6\x8d\x1e%\x85\xa8\x96\
\xc9\xa0\xea\xae\xa8n9\x18V\xaf\x9a\x98\xab\xc7\x03\x00\
\xcb\x01\x00>\x04\x00\xc8\x06\x00pz=\x1f7.\xac\
\x0ajb\x84!\x08\x10\xc2\x0b\xff.\xdd\xfb\xa5\xffu\
\xbam,\xe4\x8b\x98\xb6v\xab\xb2\xcb2\x1e\xc0\xb9/\
~\x0f.\x80vu\xd2e\x0b\xac\x1d\xfb|8\xf99\
\x0d\x1a\x81\x090\x0e\xb1\x13\xce\xc0\xe3\xef;q\xcfa\
\xf4\xffp\x80\xfd\x19\xb8\xa7*\x04\xb8H3\x14\x16{\
\xf8\xbek5\x0b\xc0:\x9a\xfc\xbd\xe4\x11\xed\xce\x09\x17\
\x00\x85;\xab\x01\xbe\x0a\xd4F\xffi\xbeM\xd7\xea\xde\
\xb9\x1d\xa2\x9a\x07I\xa3z\xb55\xc8\xcaM\xc6\xd0\x88\
(\xa46\xd5\x94\x08k\xde\xf4\x22~\xf4\xdf\xd9n.\
9\xe1\xa9tv\x9fh4%\x91M(\xe3\xfc\xf2k\
\xaf\xcb{\xef\x7f \xdb\xb6#\x12\x98\x9a\x12\x16y\xeb\
\xcc\xfa\xd2\xaee3Y\xb2f\x83L\x9d5O\xcd\xf3\
\xf5jU\xd7\xba\x00\xfd`e*\x09\x0c\xd1\xec\x92\x08\
\xb8\x02\x98m\xb2\x03\x14\xd3\xef\xbe;\x5c\x9e}\xe1%\
\xd9\x05_-5M\xce?G\x144\xb4SS\xe9\x08\
K\x005$]\xe4\xdc\xdc\xcd\x0e\x00\xbf\xae\xc8\xbcM\
;\x01h\xe7\xcb\x9a] \xb1\xb1V\x04j\xff\xe4\x06\
`\xb1 g\xd6\x8d\x09\xad\x22\x19\xf0?\xc6\x86\x82:\
\xd7\xc9$\xcfP\x19s\xefAh\xf5\x0b7g\xc9H\
\xe4\x19\xcfZ\xbf\xddX\x15\x08 `\x22NOM\x94\
\xbe\x17w\x95\xa1\xd0\xfe#\x11=\x1e\x8c\xf4\xd8\x18T\
\xc2\x8cM\xc98\x09\x81{2s\xc58&\xf2\x90s\
=r\xf47\xb2l\xf9j\xb9\xfe\xba^\xd2\x1a\xd5=\
OV\xfbwO\xc5\xb1\x98>{\x8d\xdc\xfd\xc8\x08\xc4\
\x01\xb8M\xde+X\x8dY\xdf\xa6\xf5\xa9\xc2m\xb5n\
\xab\x85{}\xf5\x94\xcd\xceto\xdbx\x80\x84\x03\x04\
\xceMP\xda\x15P\x0a$\xb8s<\xc2\x1d\xf7.\x15\
(h@\x89{\x0e\xba'\xe8\x0b8\x00\x0a\xf2b\xd4\
\xb2\x08\x90\x03j\x01\x88\x85\xb9}\xd0\x1d\xb7K\x93\xf3\
Z*\xeb\xe9\xf1\x95\x1b3\xd7vm\xdf&\xff}\xf1\
9\x19;r\x84\xe4\xe7\xe5\xe9\x1c\xba\x00\x15\xf0\x86t\
\xc8TZ`W\x07\xe2\xf0\x11\xa5y|\xe96X\x00\
P\x11p\xb7\x02\x00\x93\x12\xc7\xf9\x9d\x16\x1d\x88\xca\x98\
\x11\xa8+\x00B&\xebh:\x13\x14->#\xd7\xf5\
<\x90\x01=\x01v\xce\x1c\xc4\xc8XN7\x14\x09\x8b\
\x97.\x88\xe1\xa9\x81\xfa\x14\x01H\x9f\xd4q\xc7\xbb\xc5\
\xc2\x05W\x1f\x16\x00f\xe9\xf0(\x0f\xbc!\xc0\xf8\x0a\
~\xff1\xf3\x00\xca\xf70\x05\x99a/U\xa4W\x8f\
6\xf2\xe4\x9f\x87Hf\xc3\x9a\x12\xe0J\x93\x9e\xe0\x92\
:'\x00\x007NFR\x0eG\x19\xc5/\x11\xe0\xc4\
\xac\x00.\x99\xcc\xfa\xb5\xe4\xcf\xf7\xdc\xac\xa5\x81\xdd\xa6\
\xe7\x18\xb0H\x06\x14\x93\x5c\xcd\x14\x15q\x0b\xb0R\xf8\
\x9f\xe04;\xf3OS\x0d\xcc\xae\xde\x9ff\xce\x92\x7f\
\xc1\x150\xf1\x9b\xef,7\x00\xb4\x1a\xe4\xc8wm\xdf\
ZR\x12\x13\xe4\x87\x99\xb3\x11\x9d\xbe\x19er\xd34\
p\xee\xda^=\xe0K\x0e\x90x\xcc)Z\x96\x18D\
\xc8\xcdu\xcb\xd6\xed\xf2\xf7'\x9f\x921\x9f\x8c\x95\x9c\
\x9c\xdd*\xe0)C\xe8\xc3\xae\x0aa~k\xe7\xc6Z\
w F\xab\xbby\x89diPe\x9a\xd5\xdb\xe0\xb6\
 Y\x0f7\x0a\xe3\x9f\x16\xe9\x80\xe8\xe0N\x0djj\
@ \x0fn\xd8)(\x16DW@\x84\x87\xb8\xc5\x18\
\xb5\x15\xd4\xe0\x87\x9b\x0b\xabf2\xc8\xc81\x9cE\xc1\
\xb4\xc88\x86\x86u\xe0\xef\xbd\xe22i\xdf\xaa\x99\x9a\
\xfb#b\x98%\x834Y\xc45\x9c\xaaC\xdd\x15(\
\x16\xf4\xde\x07\x1fK\x16\xaa-\x0e\x19<\x08\xf9\xfex\
\xbe\xf2\xaaX\xc7x\x01\xa6Y\xceY\xb4In\xff\xd3\
\x08M-d\xdf\xab@\xe6\xaea\x06\xc8\x084\x8f\xc0\
7B\xbeT\xc4\xbe\xd3\xd6Uh\x97\x06\x08\xce\x5cO\
\xa1}\xd4\xefJ\xb9\x1b\x0e3\xef\xbbg\xb0\xd7\xe4\xf3\
\xb0\x1c\xb0\x03\x1d\x9e>\xc0\xbeu`\xcb69\xb4s\
'bH\x0eJ\x1ab\x00\xa2#\x0e\xc9u\xb7\xdd*\
\xcd\xcf?_k*\x94}\x80,\x09\xe0\xf4\xedW^\
\x941\xef\xbf\x8b\xa2LH\xa3\xc6\xd1\xb1v\xba\xdc\xdc\
\xa9\xb14\x02\x99\x15]BG\xeb\xf7\xfd\x98\x9f\x8b\x90\
\x050\x1a\x00 \xb7\xc0\xcc]Z,\x98\x98R/9\
H\xfa\x9f\x17%\xd5\xe2\xc0\x00h\x1d,e?\xcb\xa9\
oA\x5c\xc5\x18\x91\x15;s\xe4/\x9f\xcf\x94\x1d\x88\
's\xee\x13\xce\x8e\x08\x80\xec\xb6\xe8\x9b\xa6\xd5\xd3$\
->V\xddx\xe9`;L\x84\xf6o\xe2R8g\
\x00\x86J\xc5<\x1c\xeb\xbdJ4\xdeg$\xaap\xce\
X\xb7\xcd\xc6\x1b\xb0\xe4x\x94\xdcvcOy\xf4\x81\
\xeb\x11\x0b\x80\xd85\xb3\x94O\xf88g\x00\x00'\xda\
8l\x96\xac\xe4\xb4\x05\xbeN\xfe;\x0eu2\x1f\xbe\
{\xb0\x5c\xd1\xa3\xab\x16\xc9`d\xacjt\xf0\xb3\xaa\
\x8f\x13\x9b5\x09\x81N\xba\x97Oxx*O<\xdd\
z@\x85/\x22\x81i\xc2\x7f\xee\xc5\x17e\xce\x5c\xe3\
\x0a\xa0\xbf\xb4N\x8d\x0c\xe9y!\xf2\xac\xa19\xff\x00\
\xf6?\x82\x82!W\xf7\x91\x0b\xdb\xb5T\xb7STb\
\xaa$\xd6l\xe8\xd90\xf7\xc3\xcf>\x7f\xc1bd\x17\
\xfc\x0bq\x05\x13d?|\xac\x1e\x10\x80\xeb\xd5\x86\x89\
\xb5\x1f\xdc\x01\x177\xaaa\xc9~\x1c]\x8a\x11D\xac\
?\xf0\xecw\xf3\xd4Lh\x02\x92P\xa8\x07\x04!\xdd\
\x9a\xd4\x91F(\x95K\xa66\xee\x0ft\xb3\xb2$i\
Z$\xa2\xbd}\xaa\x05\xf1;\xba\x13\xbe\x07\xcd\xf0'\
0\xa5\x9bj\x7f&\xe5\xafA\xed\x9a\xd2\x1cV\x8d:\
5\xaa\xa9\x05#:\x0a\xf9\xdaHg\xe4\x9a\x88Nf\
%\xb8\x8a\xf1\xdd\x96G#\xe2\xfb\x11\x83\xefG\x7f\xff\
\xf8\xd3,\x00\xa7/\xa4a\xc3F2d\xc8\x0d\x12\x8b\
*\x81\x15\x01\x00\x0c\xbb`\xb1\xfc\xf8\xcb\x1a\xb9\xf7\xef\
\x1fK\x01\xac\x85\xc6=huT\x0a\x7f\x05[\xd8\xcc\
\x1d\xe9\x8f'\x98\xcfX\x09<y\xf9\x1e7\x81\x0f\x00\
\xf0\x11\xee\xbe\xc2\xdf\xc8\x07#$\x1c@0\xe4A\xbe\
\xff6\x7f\xab\xa5R\xdb\xd2\x12\xc0^\xb1\xcf\xc6\xefp\
O5\x14!\xa6\xe4\x10\x84\xf7~\xd4 \x91bX\x00\
\xc26HT\xc4~\x190t\xa8\xb4j\xdf^B\x00\
\x00\xca\xd2\xba\x95\x07\x03\xa9\x84\xef\xbe\xf1\xaa\x8czg\
\x98\xec\xceFV\x01>ci\xec[\x00\x00\x9aUM\
\xb2\x96\xd3#\xafD\x80\xba\x00D@c\xe6\xe6\xa3h\
\x96W\xcc\xb3\x02`\xcb\x8c`p\x09\xc0\xca\x1a~f\
\xe4\xff\xfb\xeeA\x94\x11\xe4\xe2\x7f\xe4\xb3\xe9\xb2\x01L\
\x92\xee\xa0\xc5\x0d\x89\x97\x12\x84\x01\xa9\x95\x14#\xdd\x9a\
\xd6\x97\x0b\xb1\x0e\xd3a\x0c\x08Dz\xb9\xf7({\xc6\
sh\xf3\xe1n\xfcl\xfeZ\xcd6`\xe0\xba\xce*\
\x8cm\xd3F5\xe5\xe1{\x07\xc8\x80\xab\xba\x9e0\xfb\
\x9f\xef\xfb\x9c\x13\x00\xc0\xbcp\x89\xfc\x0c\xf2\x86aH\
\xe1X\x8e\x0a\x81\xd4\xf89h\xb7\x5cw%\x22\xb5\xaf\
\x90\xe4\x84\x04k\x86\xe5\xea\x02S\x1b5\x1d\x14\x06\x0a\
\x03\xd1\x89\xda\x5c\xcbZ-\xa7\x9b\xa4\xaa|\x9e_\xa9\
\x07\x8c\xd9\x9c\x9a\xe7\x9bo\xbd\x0d\x02\x9a\xb7@!\xbb\
Y7F\xe6N\xb7\x87\x1b`@\x9f\x1e\x12\x0d2 \
n\xc4- Dc\x11d\xcaeO\xd2\x9c\xa4Z\x99\
\x12\xc4\xcd\x97Z%~\xf2ab\x9e6c\x86\xfc\xfd\
\xf1'e\xa6\xe5\x07\xf0\xb5\x04$\x81 hP\xbbL\
\xe9\x81\x1c\xf7\x08\xa4`Y\xa5S\xa3\x8b\x19|\xf4)\
\xf2\x83\x19\x10H\x862S\xa1\xac\x8a4\xc9H\x01\x08\
\xa8\x8b\x80@\x06\x08\x99\x89\xcbL\x98\x0cX\x01\x92\x11\
\x0f@?.\x9f\x87\xd5\x0c\x7fD\x8d\x8c\x8f\xc10\xb8\
\x8a\x04Cj\x81@\x0a!,\x17=\xe0\x1eci\xe3\
:\xd5\xabI\xfd\xda5T\xf0D\xc4&\x22\x8e\xa1\x81\
\x04\x96\xe1?\xf6\xb7\xe3]\xdcMy\xa2\xf6\xd9\xa79\
{\xf6\xca\x98O\xbf\x00k\xdfO\xd2\xbbw/\xb9n\
\xe0U\xb0\xd4\xf9D\xcd\xfb\xfb\x00\x87\xb53n\x9eb\
\x00\xbab\x191n\xb6\xfc\xf3\xadI\x0a\xdc\x8c\xe1\xcf\
\x9a\xec\xdd\x00XK\x80G`\xf3{\x1b\xb8W\xda\x1a\
\xe0\xa3\xc1\xdbkxL\xf5V\xb8{b\x01\xf46\xc6\
\xc2\xe0\xc0\x80\x0156\x93\xc0\x03>\x1c\x00\xf0Z#\
t\x87C[\x02Q\x05\x00\x98\x07\x87\x90e\xb2\x7f\xc5\
J\xc8\xff\xfd\x92\x0a\x0b@TX\xa1\x5c3d\x88\xb4\
\xe9\xd4\x09\x95\x15\xcb&nb_\xd0\xec?\xe2\xad7\
d\xe4\xb07e\xd7\x8e\x1d:g\xc9`I\x00\xd0\xba\
F\x8a\xd2\xfc\x1e\xcd\xf0R@&@P\x01\x8f\x9d\x97\
\x8f\xd48X)\xac\xbd)\x1ch\xb4k\xfd0\xe9\x9e\
\x19^\x0a\x8c\x9e\xe0\x90\xfd\xefO\xc3\xfb\xef\xc8\xdb'\
\x7f\xfe|\x06\xd2\x1cs<\xf7O\x04\x00%\x19\xd6\xce\
](:\x070\x9e\x91\x92 \x83.\xeb&\xdd\xeb!\
\x00x/\xd84\x91^\xaac\xa4k\xec\xf8\xc2\x84_\
\xcf\x05g\x0d}\xffs\xc1s\xc1uip#\xea\x8c\
tl&\x7f}\xf8&\xe9\xd4\xa1\xa9\x94`\xfd\x96u\
\xad\xb2:\xe8\x9c\x01\x00\xec\xd4u\xc8\x00xm\xcaB\
\xf9e\xfd\x0e\xb8\x04\x8c\xc6\xd4\xb5Ck\xb9\x7f\xe8\xf5\
\xd2\xbcQ}E\xfe\xba\xd8\xd0\xe1!\x18\xcc\xf8\xaa\xb5\
\x91\x11@\xae\xf6\x93\xb4\xb3\x945\x0a\x95\xdf\x9f\xfe=\
\xa0\xf9V\xd6tN-\x11\xf3d68\x01\x9e\x7f\xfe\
%\xe5\x08\xc8\xc3F\xc9#\x1c\xc2\xfd\x8a\x1e]\xe4\xbe\
\xa1\xd7\xc1\x7f\x9elR\xf5\xec\xf4\x09E\x00`R\xad\
\x86\xa8\x98\x87\xb2\xd2t\x1eZm\xb1\x00\x81|\x93\xa7\
L\x91\x87\x1fy\x14\x044\xabP\x0a\xb7\xc8c\x09\xe0\
5I\xd6\xf2\xbb\x8bAp\x83\x12\xacQ03:\xa1\
\xc0m$\xb7\x88%\x83\x17\xc8\xf4U&\xb6\x85\xf0$\
\x02\x19\x08\xb4\x02\x9cW3M\x22\xf1\xb7;\xe8\x8f\xcc\
 K \xf2\xb0\x0aA)L\x7f\xffh\xb0\xfd10\
\xd6\xcd\xf0\x18D\xd4w\xef\xd4V\xaeFE\xc3\x8c\xf4\
\x14\xd0\x1a'\xab`\x0b\x05y\x0c\x01qD\x5c\xb2\x01\
\xc4\x15p\x94\x17\x00\x98l\x8c*\xb2\x1e\xee\x95\xf7G\
\x8c\x96\xa93\x97H\xaf>W\xca\xcd7^\x01\xc6?\
\xf3\x9e'\x93\x12\xc5\xeb\xd3\xc4\xbbe\xdb^\xf9\xdbk\
\xdf\xc8\xf4\xb9\xeb\x14\x00\x18\xad\xdb\x0af\x1b\xd4G\xa0\
\xe4\x04\xb7\xc1\x07\x9c\x1f^\x7f\xbf\xd9\xe3\xddg\xc62\
\xe04~\x8f\x05\xc1\x17L\xd8\xf6^?\xbe\x0b\xec3\
\xe7\xb9{(\xccQf@\xaf\xd6\xaf\x17W\x973-\
\x02l\x89\x7f`\xce\x14#h\xafh\xf1\x12\xfc.\x94\
\x14Z\x00\xc2\xf6\xc9U\x83\x06I\xbb\xae\x17\x82\x0e\xbd\
l\x17\x0ec!\x0a\x0b\x0bd\xd4\xbb\xc3d\xc4\x9b\xaf\
\xc96\xd6\xc3@\x1f5EM\x85\xa1\x1d\x9bH\x87\xda\
\xa9\x00\x00&M\xf2\xf0#\x1f\xb5\x00f\xae+D\xc6\
\x0a\xca9c\x09\x10\x00\xb0ULh\x80\xf4i\x1e\x09\
Sy9\xf2\xe2+`\xaeU\xdc%J\x84\x85y\x1e\
\x07\xb1\x1c\x15J\x17\x9b\xd3\xa0n-\xe9\xdd\xab\x97|\
8\xfa\x13\xd9\x0e\xa0\xc4\xbe\xab\x96QM\xee\x1dt\xad\
\xb4\x0a\xde#!\x05\xc8>\xf3\xc3\x85\xcc>b\xcd\x9a\
\x0f@HE\xb7\x5c>\xf6\x06;\xb1\xb5\xff\xba\x22\xef\
\xff\xaf\x7f\x1a,\x9d\xda\xa3\x16G%\x00\xf0\x7fXu\
\xb3\x84\xb9\xf3\xf5\xa9\x0b\xd5\xe4I\xed\x87\x93\x99\xda\xce\
Cw\xdc\x08\xd3m\xc7R5\x9biB\x8bCa \
\x9a<\x89\xa6+\x8fs\xbb\x07\x0eG\xee\x5c\xcb\xf9\xd8\
`\xc7\x7f=Q^x\xe9e\xad\x18\xe8\xb2\x02je\
\xa4\xcb\xe0\xfe\xbd\xa5\x1f4\x80Hn\xb4\x14 8\x81\
Y%I5.\xcb'\xc7\x00\x00 \x00IDAT\
Q4\x07\xd6\x01\xdf\xcd\x80[6\xf3\x8b'N\xfcV\
\xfe\xf9\xefg\xe5\x97\xd9\xb3\xd5\x1d\xe0\x0e*\x84i \
\xb7\x19\x0a\xad\xab3\x02\xb0XG\xc0m<\xfcn*\
\x84\xff\xbb\xb0l\xad\x01\xdd\xf0\x01\x8dJ\x0a\x80\xf6\x1f\
)\x17\x03\x044\x84\x99\xd6\x05 1\x9c\xa5*\x5c\x01\
\xf1a\x81p\x1bd\xc9X\x98\x17\xe7@\xc3 \xd1\x11\
\xdf\x87\xa40$\xc6\x22Ev\xdb\xf3\x10)\x0e\x9f?\
s\xc5\x03\xe1\x1ec\x85\xcc\x98\xb4\x1a\xd6\xfc\xed\x9f&\
S\xd6\x8c9!\x00\x80`\xaayp\x9b\x0c\x7fo\x14\
*,\xae\x93\xc6\xcd:\xcb\xed7\xf7\x966-Q\x9d\
Nc\x1c\xac\xe0-\xeb\xe6>\xdf\xabpU\xd3?\x82\
\x85an\x1d=q\x91\xbc\xfe\xc9,\x04\x00\xba\xcd\xd7\
\x09p\x1f\x9f\xbd\xb3\x08X\x81\xebe\x04tA}F\
p\xbb\xe8|\x07\xf6<`\xc2\x09M\x05\x01\xf6\xfa\xce\
\x22@-\xdej|\xa5,\x00F\x0d\xf4\xa6\x08\xea;\
XJa\xcfu\x8c\x15G\xef\x07\xe1\x5c0\x7f>,\
\x01\xf9\x92\x0c\x00\x10\x1d\x9a'W\x0c\x1c(\x1d/\xee\
&\x11\x9c\x83^L{\xd4\xde\xa2\x10\xe3<\xfc\xe4\x83\
\xe12\xfc\xf5Wd\xd3\xfa\xf5\xdaO\x0d\xc0Y1\xb4\
cc\x10WU\xd3R\xccG\x03\x00{\xc1\xfe7u\
U\x81LX\x82j\x80\xcc`\xc1\x7f\xdcES\xa2\x03\
@\x00\x14\x0d\xde\x0b/0-\xc7P\x9d\x16M\x0b\xe0\
\x02\xfc\xcf\xf7se\xc2\xe2\x0d\x9eu\x18\x17\x17'_\
}>V^\x7fk\x98\x8c\x19\xf3\x09\xe6\x8e\x89\x0f\xa8\
_\xbf\x81\xdcsi;i\x1cR$\xc1p\x05\x1c\x09\
\x95J\xbf\x123P\xc8\xf7\xcf\x12\xe3KAao\x95\
\x7fm\xc4y\xda\xed\x82\x16\xf27\x00\x80\x0em\x1a\x97\
*\x01|\xa2\x1dsNX\x00\xcc\xf43\x9a\xfdGs\
V*\xc7\xf9\x8e<\xe3W!\xc9\x09#\xb5o\xe8w\
\xb9D\xa3\xc0\x89\xb7\xc3\x8d\xcf6\x1e\xe4-\x8c|\xf6\
l\xd8e\x8d\xe0\x89\x8eD\xe5yg\x5c\x0fpA\xee\
F\xa1\x9f\x91\xa3F\xcbK\xaf\xbe.+V\x99j\x7f\
a\x98S]\xda\xb5B\xc1\xa9\x01\xd2\xa4A\x1d\x9dg\
,\x99\x1b\x89:\x13L\x05\xacb)j\x8d3\xd7k\
U\xc8\x03\xf2\x9f4y*h\x87\x9fA\x85\xba\xa5\xd0\
\xbe\x8a\xd4\x1a\xa0\xf1\xe6\xf8_\x1d0\x06\xde\xd6\xa5\x09\
\xea\xa7\xa7\x22EPUJ\xbd\xf6^\xf8\x0b?@1\
\xa2/\xc1e\xef*^\xf2\xabz\xa9\x09r!\x18\x02\
k!Z\xdb\xe4 \x83\xe3\x228@r`\x1a\xfef\
\xf1:X\xc2\xb6k\x9dq\x1ed\x85;\xafIC\xb9\
\xf9\x9a\xbe\xb0\x8a\x9d\xaf\x9c\xf0<X.\x9bi\xb1\xb4\
\x86\x05\x87QhT\x9c5\xec\xc4\x00@\x88L\xf9\xf1\
'y\xe7\xdd\x912\x7f\xf9n\xa9\x12^Wzvo\
#C\x06t\x92\xda5\x93\x14\xc4\x1f\xd5,\xaa\xaeW\
\xf7\xec\xdeE\xccO\xa8\xe4\x17\xc3R\xb33g\x9f|\
1u\x99\xbc\xf5\xd9\x1c\xc9\xc9#\xe5\xaa\x0b\xee\xa3\x8c\
\xa60\xb7\x00\xc0\x8e\x87\xea\xda\xb4\x04X\x81m|\xff\
\xde\xa8~#\xcf\xad\x80\xf7\xd5\xd8\xb5\x0d\x9f\xc7\x8e!\
5\xfcRm\xcdw:=<\x81\x82\xd6\xba\xe1\x01\x0b\
\xae\x8d}\x17_\xae\x00m\xc3\x97\x0a\x90\x02pW\x1c\
\xc2\x1cM\x0a\xdd,Q!\xbb\xa5\xf75W\xcb\x85\x97\
\x5c\x22\x11Q\xe4>9\xfe\xc1\xb9|\x08\xa6\xeb\xcf?\
\x1a\xa9\x81\x80\xebV\xaf\xd6\xf9Z\x1b>\xee!\x1d\x1a\
\xcb%\xa0\xc2\xf6\x05\x00>F2\xc9A:\xdc7\xcb\
\x0a\x00\x02\x10)oo\x03/\x14\xce\x0d\x02\x8b *\
\x00\xc6\xb2\x02`YOpz~\x7f\x00s\xe5\xbfH\
\xc3e\x80\x1e\xddW\x9c\xc7A\x00\xa6?\xfd8Yr\
\xf7\xe6\xca\xdd\xf7\xdc\x8f\xba!\xab\xd1wfmuh\
R_nk[Wj\xc1%\xc7,\x88c\x1f%\xea\
\xcac\x9c\x1aSrs\xb1\x1fp(\xc9\xfd\xc1\x83q\
>\xdd\xbb\xb4\x94\xc7\x91\x01\xd0\x16\xc5\x87J\x90\xa2Z\
\xe9\x02(\xc7\x1c\x09Bo\xce\x04\xc3\x19\xdd\x00dR\
sh\xbc\xffe\x17\xcb\x1d\xd7_\x05v\xc0j\x9eI\
\xa9\xa5_\x11\x07\xc0\xd4-\xe6={l\xa4\x15\xb8\x01\
\x96\xe3\xd1+\x9b\x9e\x86=\xa0\xd1\xe1X\x9c\xbbw\xe7\
j\xc9\xe0\x17_~U\xcd\x7f\x5c\xf8\xf4\x9b\x93\x0a\x98\
DS4\xdb\xb2T.3\x00\x08\x02P\xab\xf5\xa8\x0b\
\x97\x1b\xe2\x01\xe5\xa3\x9f%\xef\xbf?B\x16.^,\
\xf3\xe6-\x00\xe3\x1d\xb3V\x8c\xef0#.J\x1eB\
\xceq\xc3\xd48\xa4\x08\xb2d\xb5\x11\x14k\xb2\xf6\xc8\
s\x08\x08d\xe407(\x8a\x0b\xba\x0e\xce\xab\x91.\
\x1d\x1b\xd4\x90\x14X\x10\x08\x837g\xef\x91IK\xd6\
\xca\xf2\xad0\xfb\xabu\x1b\xcf\x06\xe1\xdf\xb8~mh\
\xfe\xbd\xe5\xd2\xae\x9d\xbc\xd4\xd8\x04\x06\xf0\x15\xc7\xf9P\
c{A\x8bJ\xd4\x93\x1a\x95\xf2\x02\x00\xae\xc1\x12\x80\
\xa7\xaf&L\x92w\x86\x8f\x92\x15\x1b\xf7K\xde\xa1t\
IIN\x82\xb5\xa5\x95\xf4\xefs\xbe\xa4&\xc7\xe2}\
LA\x9b\xa3m\x8eN\xe6p\xec\x98>I\x01\xc6T\
\xbf-\xbb\xf2\xe4\xb3\xc9\xcb\xe5\xa3o\x16\xc9!\xcaO\
\xddt\xf5\x0fk\xbe\xb7\xc2\xdc\x0ay\x0a;\x0ag\x15\
\xf8\x9e@<\xeb\xab\xf7\x11\xe6N\x837Z\xbeuP\
X\x81o\xba\xcf\x02\x04\x0b\x1c\xcc\xbfm\xd7\xba\xe0B\
\xdb\xcb\xbe\x81\x87j\x01\xf2y\x06\x0f\xbe\xd0K\x9aq\
a\xaab\xd1\x9c9r0k\xb7$\x84nA\xa1\xa8\
]r\xe9UWJ\xb7\xcb.\x97\xc8hp8\x94q\
0\x06\x80 `\xfc'c4\x15p\xd5r\x94\x04\xc6\
9\xd5@\x00t\x13x\x00\xfa\x80\x00K]\xa9|v\
\x1fa\xce\xbe\xdd\x91\x87\xf3\x16\xe6\xa3\xae\x04-YF\
H2\x18\xb5Y\xb5\x10\x14\x12b\x05\xc03+\x00\xd0\
Y\xdc\xf8\xfe\xd4\xd2I\xce\xf32\xe4\x88Q.\xe9\x99\
\x0a\x94\x09\xe3\xc7I\x97\x0b:\xcb\x13O\xfd\x03\xd5)\
_\xc3\xbe\x00\x19\x83#\x14svh\xc7L\xb9\xbcI\
-S@\xc9s\x96\x17\x90j\x8c\x04\xfah\x06\xb4\xff\
\x11(\xc1\xbdd+\xe3\xd4 \x83\xb0\xc6\xa3\x91MP\
\x08\xa0\x9e\x8b\xec\xb5\x9e\x17\xb5V\x00\xd0\xaaE=n\
\x16\x95\x00\xa0\xacI\xec\xfb=\xc1\x175\xff\xff|;\
G\xab91h\x8aG\xdb\x96Ma\x05\x18 \xed\xce\
kjkese\x15C\xe3\x89\x90\xb8\xaa5a\x09\
`\xd4\xf3\xc9mv\xe5y\xce\xca\xb6gN\x0fP\x88\
\xd2\xfc\xbbb\xd5j\x196\xec\x1d\xf9x\xec\xa7\xb2\x15\
\xfc\x00\xc9\x090\x93\xc2\xffw\xcb\xf5W\x83\x9e6\x5c\
\xc2\xe3\x12\xb4\xc0\x143L\x8ey\xf0Z\xdc\xb8\xd1&\
\x0f\xf9\xdb\xbf@{\xfb\xcbc\x7f\x97Y\xbf\xd0\xbd`\
\xcd\xd1\xf8\xbeNR\x9c\x0c8\xbf\x9e\xb4\xa9\x09\x0bU\
$\xa8o\xb1\xa10\xf8k2\x0a\xd8\xb0\x1e\xc1\xca\x9d\
\xbbQ+\xc0l\xcc\xa4\x15nS7C\xeb\x05\xec\x83\
?q\xfa\xca\x0d\xb2b\xcbN\xdd\xb89\xa5i\x01k\
\xd2\xa0\xae\x5c\x07\x8e\xff\xee\x17\xb4\xd3\x5c\x7f#C(\
\xd8\xc0\xf7\x8f\x9a\x18\x09\xf0\xfd\xd3\x0d\xa0An\x15\xa8\
\xb6yx\xf6\x8f\xd1!G\x85\x18\x10j\x9f|\xfe\x95\
\xbc\xfb\xfe\xc7\xb2~\x07\xfa\xe9`*\x84K\x10\xb2\x00\
\x22\xe0\x17m =\xba5\x97z\xa0gN\x8e\x8fD\
\xbf\xa3\x16\x82\xd5\xd0\xb9z\xb9\xdc\xe9\xe3\xe7\xc6Z\x84\
x\x89mY\xf9\xb2\x1a\xd4\xc7?/\xd9*\xbf,\xdd\
*\x9bv\xedE0\xa1\xb1|\xe8\xbd\x9d\xd0VA\xeb\
\x04\xb3\xb1\x02\x98\xed\xc0\x08o\x0f\x1f\xbf\xd5\xceUX\
X\xa0\xe0\x11\xfaj%\xb0\xb1\x04\xeeZ\xa6\xa3\x0f\xfb\
1\xd7\xf5\xc42\xf8\xe4\xfb{\xd2\xfd,\xe8sD@\
\x9e\xb6\xfa\x9c\xf6\xb9\x8cX\x02\x00\x98+\x07w\xe5H\
\x5c\xc8f\x89\x01\x00\xe8ye\x1f\xb9\xb8w\x1f\x89\x8c\
b\xd6\xc4\xf1\xd7\x99\x02\x5c\xf4\xd77_|.o>\
\xff\x1fY\xb6h\xa1\x9e\x90\x84\x8c\x90\x1b\xda5\xd0\x22\
V\xe4\x90\xf0\xbc\xa3\xed7\x8a\xc4\xec\xbcC2uu\
\xa1\xec\xdak\x84T\xd1\x01\x02.\x94\x00F\x06@\xd7\
\x06(\x8ee\xc1\xcb\x99\xb3\xd2\xcd\x93\xea<\xc2\xcfw\
\xcb7\xca\xdf\xbfD\x85D;\x16\xfcf\xd4\x07#\xa4\
o\x9f^\x92\x95\x93-7\xde8D~\x9c\xfe\x93\xba\
PxNk\xcc\xc9;\xbb4GfO\xb4\xce\xc9\xa3\
ag\xa6\xf3\x8eBi\xf1/\x90\xad\x96\x9d\x0f\xcb\x1f\
\xfa\xad&\xac-1H\xf7[\x8f\xf85\xd6\xe6\xb8\xec\
br\x00\xdc,\xcd\x9b\xd6\xa9\xb4\x00\xf8;y\xbc\xa6\
)\x83\xd6\xde\xfcq\xb1v\xf2\x1e \x7f\x1e5\xe1\xb3\
%-\xf0e\xd0~\xe8\x07u\xc2\x9e\x9bA4j\x02\
0\x0e\xa0\x0a9\xd6\xb9b*p\x03\xf4\xf7\xf9+\xdb\
\x9d\xbe=`\xfc\xc7 \x08\x81\xc0]\x0b\x1f\xe9\x97_\
\x7f\xadT\xc1\x9467\xdd8H\xae\xee\xdfO\x19\xfd\
\x02QW\xc2w\xdf?\xf6\x1b\x999F2\x17j\xa7\
\x13\xbf\xfdN\x1e|\xf0\x8f(\x1e\xb4^\xa3\x8b\x9d%\
 \x05y\xfe\x976\xad)\x97\xc2\x0c\x9b\x0a\xed\xdeD\
\x7f#\xd5\x15\x81C\xd4N6\xe5\x90&\xd8\x18_\xc9\
U\xde\x08%\x83\x99Z\xb4nG\x0e\x02\x00\x0f\xa8p\
\x8fB|B\xeb\xe6\x992\xb0\xcf%\xd2\x09\x5c\x18\xe4\
\xd1\xb7\xa2O\xcfc\xd0\xa2V\xc6\x8cEIc\x5c\xbb\
,\x81Q\xdeQ:\x11\x1b\x02\xdfq\xd4\x98q2|\
\xe4X\xd9\x92\x13\x0e\x00\x00\x16O2\xf3\xd1\xe2\x01\xee\
\x82D\xb8G\xea\x81;\xa1A\xcdD\xc9H\x8d\x95\xf8\
\xe8p\xcd\xcf\xe6\x9e\x8b0\x0b\xc4m\x14I\xf6\xde\x22\
h\xfc{e\xf9\x86lY\xbb-\x17\x9a\x95\xd1RI\
\xb2\xc2\xdf\x1ee\xd6\xc7\x17\xef\xb4uO0\xa0j\xf3\
V\x0b\xb7\x7f{\xdb\xf02N\xe3\xf7\xc9\x02\xf0\x98\x7f\
-\x98P\x89b\xd4}\xddZl\x94\xbf\x03\x00\x060\
X\xa9c%\x86\x87\x8f\xc0N&mc;\xd2\x00\x0f\
\xafl\xe1\xdf\x85?\x03<f\xef\x96\xd8\xe0-\xa8\x0a\
\xb8S\xba#k\xa2\xe7\x95\x08\x9a,\xc3\x02\xc0\xdb*\
\x00\xc0\xef\xc9\xdfLP\x00\xb0`\xce/\xfaY\x0c\xb4\
\xd8\x81(a}\x03\x0aX\x1dm;\xe49E\xc8\x02\
 \x03 \x85\x18\x99X\x8b\x90-\x90_D\xde|\xb0\
S\x22\xff\xdfw\x9e\x95w\xde\xfc\xaf\xda\xbb\x1c\x7fw\
?\xaf\x12X\xa2\x95e\x1f\x183U\xdf\xdf\x81\xfa\xd7\
^~Q\x06]?P\xc2\x11_1\xec\xad\xb7\xe4\xff\
\xfd\xedq\xd9\xb6\xcddN$\xa0^\xc7\x9d]\x9a\x82\
D\xa9\x9a\x84#\x9bG\x87^\x95\x07su\xba\xe8x\
M\x16\x1aZ\xb0\x09\x99\x048\x87\x15G\xdb \xd0\x92\
\x19k3\xd7\xa0\x00\x18~\x1b\x12\xa0\x9b\xa5if\xad\
\xca4\xc0\xf2L\x04.$j\x1c\xdc\x8c\xbfC\x10 \
\x0b\xb7\xac\xd6\xda\xca\x01\x12\x0b\xdf\xff\x8d\xfd/\x87\x16\
t\xa9\xa4\x82\xc8\xc5\xb3\xd3\xe1\x9c\xc8\xb8$\xc4\x01\xc0\
\xff\x19\x1ey4\xd0V\x9eG\xa8l{\x96\xf7\x005\
Lj\xd6d\xf6+@-\xf6TD\xd03\x1d\xd0\x08\
O\x7f,H&V\xc5\xb5,\x81vu\x10\xa6\xc5I\
\xdf\x7f/w\xdes\x9fl\x06\x0b\xa1\xe1\x0a0\x82\x9d\
\xa6\xc5\x0eu\xd3eP\x9b\x86\xc8=\x86f\x01\xa1\xce\
`B\xfa&\xbf^\xbc\x1eZ\x04\xfc\xafv\x876\xcc\
\x80&\x12\x9b4\xd8\x89\xf1qr\x11\xa2\xfd\x07@\xf8\
7B\x04\xb3\x17\x9d\x183\x04\x01o,\x88\xb0\xe2\xa0\
\xfd\xeb\xa3\xfb:xO\xd18\xf2\xe9\x0fA\x8d\xfc`\
\xd4'\xf2\xde\xa8\xcfeGn4\x5c\x00)V;\x07\
c\x22\x84Z ,/\xf4\xd5k\xf1$\xbc\xb2\xa9m\
o\xf8\x10\xf8c\xac\x00FL\xf2sO\xd4\xbd\xee\xc8\
\x1aR\xa7\xe7\xaa\xa6\xa7y\xfc\xf6\x0b\x8f\xf6n,\x03\
\xca\x01`\xd3\xfe\xd85\xca\xd7\xc8`7\x9e\xe0I\xe3\
s\x96\x14;\xa2\x9e9\xe0u\x158+\x82\xb1*8\
\x0b\x01\x1f\xc0\x9c\xe3\xb1.\xd8\xc7\xf0X\x16\xecs\x99\
y\xa5okF\xc5\xe7\x1e\x90\x1c\x92?\xf3'\xc4\x00\
\xec\x05\x00\xd8\x0e\x0b\xc0V\xb9\xb8\xd7er\xd9U\xfd\
\x00\x00\x90\x89R\xc6\x8e\xe6\x04\xe0\xcc\x1f\xa7\xc8\x1b\xcf\
\xff[~\xf9i\xba\xb2X\x86\xc3\xc5\xd2\xbfe=\xb9\
\xb9}c\xd0W\xb3o\xcd\xfc>\x5c`\x96\x92p\xe6\
m,@\xf1g-\x9c\xa2I\xe6s\xdb#\xde\x87\xf1\
%\x5c\xcbx\x8b\xb5`\xe0\xbc\xe3\x83IZ\x0f\xc0\xad\
\xed\xbf\xfd\xf5/\xf2\xe0\xfd\xbf\xd5\x18\xa05\x1b6\xc9\
\x1dw\xdc%\xd3g\xccD,O\xa1\x02\xa1^(\xa3\
|\x1b\x02y\x13\x22\xc3<\x14\xc2\xceu\xc2\xe0]\x16\
\xe1\xfat\xc1\x1a\xcd2\xe0\x91\x06\xd2\x9f\xd6\xb0\xdc\xed\
B\xda\xe1\xcfk\xb6\xe8\xd0\xf6\xee\xd1V\x9ext\x88\
4iX\x09\x00\xca1Ct\x07\xd3\xf6\xd4\x94hN\
y\x19eU\x7f^ghO\x19\xe8\xd4\x03\xe6\xcf\xbb\
\xc1\xdaFs\xa8\xba\x06\xcc\xae'\xa1\xe1\x96\x16X\xcb\
\x03\x9f\x09\xb8\xb5\x1c\xddR\xd9\xb4b{@e\xa7\xaa\
\x04\xfa\x13@\x0d\x5c\xcd\xa8\xfe\x02\x80#\x1f\x87Z|\
\x95\x90p\xf9\x02\xd5\xd8\x9e|\xeaiY\xbad9h\
p\xf3t\x8e\x1a\x81\x01\xaeq\xd0\x90^\x05sl\xeb\
\xea) W\x09\x91\x9dpsq3\x99\x8a\x1c\x7f\x9a\
\x15\x9dZ\xa84\xc3\x88!h\x87\x98\x80\x9e=\xbaI\
\x9b\x0e\x1d@\xf0c8\x0aJ\x1dx\xf6\x08\xb8+\xe2\
Q\xec'\x04\xa5c\xe9\x0e\xf3\x0f\xc0Tlw\xba\xab\
\x99\xe73k\xb2\x00\xef\xf3\xfe\x07c\xe4\xc3\x8f\xbf\xc2\
{\xc6I\xfe!\xa4%\x9a\x85-\x81\xb1\xb1\x12\x98\x84\
\xea\x84\xec\x7f\x8f@\xa5\x9c\xb3j\xb4u\xbf8MY\
a\x94j\xef\xfcm\x7f\xf4NV+\xd7\xaf\x8d`S\
A\x0c0f\x84=\xef\xc76\xf8\xb7j\xed<\x09m\
h\xee\xe5\xf5X]\xd4\x06#\x1a+\x01O\xe6o\xaf\
~\xeek\xb6w\xd6\x02\xf7\xcc\xe6\xf6N\xa0z\xdd\x0d\
F\xb6\xdb\x07=\x0cP\xba\xf1Q\xa0c\x81\xcc\xa1\xfd\
ER\x00\x01t(7_b\x82\xb6K\x5c\xe8v\xb9\
\xe8\xb2\x9e\x00\x00WI4H\xd0\x8e\x7f\x18\xfe\x03^\
w\xde\xac\x99\x0a\x00\xa6\xff\x00^\x04d\x8c\xb0ze\
\x9f\xe6\x10f`\xaad\x9a\xa9?F\xd1\xd3\x00?\x96\
kr\x1a\xf7\xc7\x91\xeb\x96\x00\x91\xefB\x1a\xe0\xdf|\
\xf0\xbdl\x05\x8b\xa6\xeb\xfb{\xee\xfa\x8d\xfc\xdf\xe3\x8f\
\xa1\x10X(\xca\x06\x17\xcbc\x8f\xfd\x15\xb1*\xef\xcb\
n\x90)qV\xd5I\x8c\x95G/o\x0b&D\xd4\
P\xf0\xc2|\x05\x07KP\xe9\xef\xb5)\x8b4\xef\xdf\
\x18w\x024\x83\xa7az\x128:\xb2d\xf1\xa6\x1d\
:M\xfa\xf4loh\x80\xc1\xf6Y\x82\xb18\xd9u\
yNd\x01\x1c>\xf2\x0c\xa8`\xda\xd4\x97\x96\xfa\x94\
\x9d\xd8\x00\x94\xa7\x0f\xa0<0\xeb\x03\xe82\xb5\x0b\x8c\
\x9aPLRUT\x07\xaca\xdd\x00\xe5\x9aG\x95\x8d\
+{\xe0\xa4{\x80 \x80\xbc\x03\xb3~\xfe\x19)\x87\
\xaf\xca\x04\xb8\x05X\x8d\xd0h(f\xa3fmv\x9a\
\x0b\xbb5\xac.M\xaa&\xaa\xf6\xcf\x12\xd8\xd3V[\
\x10\x80\x96\x8c&n\x03_\xe4\xe0\xceM\xa5}\xa7\x0e\
\x12^'S\xaa \xb2\xbf\xb4>\x86\xa0@\xd0\xfc\xb2\
\x1afT\x22A\xef\xe9\x92\x02KiT\x05Q\xd6\xf9\
\xf0\xff\x8f\x92\x8f?\xfbV\xb2\x0a\x12\x01\x00 \xf0U\
\xb8\x02\x00\xc0\xaa\x11\x94\x82 K\x8f\xc0\xb5Z\xb5\xee\
\xa8\xbe\x91\xf6fHT\x08\xbb\xcf\xed\xc6\xce\x8fL\xbf\
\xea\x1f\x00q\xbc/\x05>\xa3\xfd\x09\x00\xac\xe8f\x16\
\x86\xe5\x02\xe0\xfd\x0f\xeeB\x5c\xc5\xca54\xafHh\
f#\x09\xf4\x08Xs\x8f\xa3*\xdb\xf6\xda\x8c\xf90\
V\x05\x1bT\xa8\x0f\xe7@\x88SF\xac\xf0W%\xc4\
\x5cO)\xffU\xe0{\xdd\x16^\x5c\x00+\x088\x22\
\x0a~BECD\x96G\x03\x00\xc4\x86l\x03\x00\xe8\
!\x97\xf7\xbf\x06\x00\x80A\x80\xa5G\xfeh\x13\x95\xcf\
\xb5\x04\x85\xaf\xde|\xe1?\xf2\xc3\x84\xaf<>mf\
\x00\xdcyAS\x8d\x078\xa8H\xc1<\xcf\xd9r\x1c\
\xa1\xfd\xdb\x17sr\x81\xd93\xbf\x1b3E\x16\xa1\x86\
\x86\xfbl\xd0u\x03\xe4\xb9\xff\xfcS\x19f9~#\
F\x8eR7\xc0&\x10\x85\x91^\x9a\x16\xbb\x87z\xb4\
\x96\x8b\x1aTEU\xc5 \x0fp:\x88\xf5\xfd12\
\xd3\xc6\x80\x90\x8b1j\xcaC\x03+\x0b)\xbd\xd3\x01\
\xd8g\xae\xda$kvd\xab\xa2\xda\xf7\xd2\xf6\xf2\xc4\
\x9f\x07K\xc3\xba\xd5+]\x00'2\xd9\x1c\xaa\x9b\x00\
\x13\xe9\x08\x90-\xac\xcf6\xe5\x81\xe9\xfb\xbfu H\
E\x90\x06\x15\x8b\xc5a4,\xb3DBc\xe2\x10\x08\
U\x1b\xd9\x00\xf1j~-{\xd9\x9c\xc8\x93U\x9eS\
\xd9\x03\xc7\xee\x01\xe7\x8f\xdd\x81\x9a\x01/\x82|\xe8\xad\
w\xde\x95l\xb0\x11R#\xe3w\xc6\xea\x1c \xa9q\
\xa8I\xd0\x22S\xfa\x83\x8c\xa8\x0a\xb4\xf77>\x99 \
Sf\xcd\xd1\xbcd\xee8\xdc\x84\xfa\xb6j C\xfa\
t\x93\xba-\xcf\x97*1(^\xe2\x84\x1a\xbe'\xcb\
\x9f\xe6\xfc\xa7T\x87\x89\x9cq\x0b^]\xe5T\x8e\x8f\
'\xe3\x02Y\x0c\xef\xbc\xf7\xa1\x8c\xfdr\xb2\xec\xde\x8f\
\xb8\x86\x83x~\xabe\x07\xc2}\x17\x94\x8e\x80]\x08\
j\xa7E;\x13\x7f\x00Hr\xa8\x81{\xca\xeaZ\xe1\
\xef\x16\xb3\xd3\xd2\xf5\x1d)\xd0\xf8\x83l\x8a\x12\x0d\x96\
\xc4\x1dH\xab\x8c\xfe\x08`v\x01w\x0cg\x01\x00\x10\
(\xd9\xbb\x07\xe9v\x0b\xe5\xe0\x0eho\xf8>\x02\xf1\
\x14\xc15j\x02q\xd1\xd7kv\x0b#$\xec\xceA\
\xed\x92\xd6!fkP\xa0S\xf0\xd3\x1d\xa1\x96\x0b\x0b\
\x02\xac\xb6\xef4z\xd3\xf7l\xcc\xe0L}H;\x1c\
\xfc\x87\x09\xf84\xcfn\xef\x82\xe7;\x04\x02\xa0\x02\x04\
\xa2\x1d\x82\x099\xaa\x0a,\x00a[\xe4\xc2\x9e\x97H\
\x9f\xab\x07H4\x98\xeb\xca:\xdc^\xb9v\xe5\x0ad\
\x01<+\x13\xc6}&E0gsodE@\xfa\
\xb4\xabc\xbe\x19\xb2\xa4\xb2\xaevf}\x7f4\x00`\
\xac\x18\xde\x18\xfe\xa7&\xfc\x02\x9e\x83\xf5:.l\x7f\
u\xff\xab\xb06\xff\xad\x01\xc0\x9c\x83s\xe7/\x92\xdb\
\xef\xbcK\x16#\x9bg?\xb8\x038\xa7\xaejYW\
3(\x12#\xc3\xd5=G\xe8\xb6!g\xaf\xbc\x85\xba\
\x1e\xd3\xd6lC\xec\x84a\x0c\xac\x1a\x1f\xadl\x9e\xb4\
POZ\xb2\x06\x15:\xf7*\xcfE\xbf^\x9d\xe4\x09\
\xf0\x00\xd4E\xcd\x0177O\xa6g\xcfI\x0b\x00;\
\x8ct\xc0\x0c\xb80\xac\x80&_\xb3c\xeb\x16r\xff\
\xcd\xd7\x81\x04\xa5\xa9'\x80\x8a+*0(XbA\
\x0a\xc4\x02A\xde\xc5|2\xdd^yne\x0f\x94\xa3\
\x07\xec\xe6N\xa1\xc1\x8d\xa6\xa88\x10i\x82\xc3\xe5\xc5\
\x97^Q\xe6@\x82\x00\xa6k9\xa1@\xd9\x95Z\xb5\
\xaa\xf4\xbb\xe2\x0a\xad\xdf\xfe\xf5\xd7\x13d\xf5\x9a\xb5\xea\
\xbf\xe5\x11\x1d\x1b'\xb7\x0d\xbaFnD\xe4?S\x8c\
\xdc\xe6M\x01\x14\x8d\x8c\x17\xc6\xbcTa\xd4\xbf5\xbb\
\xfbe\xe3-\xc7\xeb\x9cHS\xdd\x90\xb1\xa9\xee\xdc\x85\
\xe24\xef\x8c\x94q_O\x93=\x07\x0d\x00\xd0\x83.\
\x80\xc4D\x09\xaaVU-u<\x9c\x88T\x01n\x85\
\xab\x9a\xea\xf9\x1d?c\xee\xbc\x95\x98\xfa\xbd3\xfb\xb2\
\x01\x81\xd5!l\xda*\xdc \x94\xb1\x07\x04 x\xcb\
i\xe9\x9a\xff\xcd A\x04T\x16\x82lg\xff\xc6-\
8\x07\xed\xa1\x19\x86\x80\x01.\xace\x0b\xc4#\xf0\xd9\
\xbcY\x03z/\x0b.\xb8y\xd3\x84KFH\x8dQ\
@*f\x00\x01\x97\x229\x9b\x82H\xd1\xa2\x82\xd5W\
\xb56\xd6\x09c\xf50\xaf\xeek^\xf7h\xe1\xb8N\
1|\xc9\xfb\xa6\x11\x00\xe4Kd\xc0\x0e\x10@m\x95\
\xae\x97\xf6P.\x80\xe8\x18\xa46\x97q\x98>\x0f\x90\
\xcd\x1b7\xc80\xa4\x01\x8e\x1b\xfd\x91\xc6\xb6\xf0h\x8f\
J\x95\xb7\xc3\x92\xd40%\xce\x00\x80\xb3\xec8\x96\x05\
@_\x13\xfd\xce\x94\xf2\xb7\xa6/\x96a\xd3\x97z,\
\x00W\xf6\xed-/\xc0R\x92\x9eL\xf6\xcc*\xa0\xac\
\xce\x95!7\xdf*\xdf~\xff\x83\x87\xdd\xb3IZ\x82\
\xfc\xbeg+\xa9\x8bL\x1e\x1e\x04S\xdf\xad\xd8\x04\x1e\
\x8f\xe5\x88+\xd8\xa3\xa0\x80s\xabC\xfd\x1a\xd2\xa9a\
\x0dY\x092\xa0\x1f\x90\xb6\x9b\x93_\xa0\xa4\x5c\x03\xaf\
\xe8\x22\x8f?|\xa3d\xa0\xd6G\x89u\x03\x96\x9e\x1f\
\xe5\x1b\x88s\x12\x00p!\xe6\x15\x1e\x00\xdb\xd22\xf9\
\x0a\x08\xce\x04]\x80$\x05\xa8\xec\xf6\xeb\xae\xd2\x02.\
\x91\x88(\xf6\x9d\x04\x11\x88\x84N\xac^W\x82\x10\x13\
\xe0\xbc\x84\xe5\xeb\xea\xca\xd6\x95=P\x11=\x00\xc6:\
\xe4\x831%\x8c\xb5\x03\xde@-\x82\xef\x7f\x98\xac\xfc\
\x03\x07\x915`6\x03#$h2\x8c\x815\xeb\x00\
\xb8\xe0\xf3\xb1\x81\x98\x92\xc3FxTOO\xd5\xd4\xbf\
~\x97^$I\x09q\xaa\xd1F\xc6\xa7\x22\xed\x15~\
\x7f\xb8\x00T\xfb\xab\x88\xc7\xad\xa0k\xe8Z\xc4\xfb\xec\
\xd8\xb9K\x01\xc0\x17_O\x97=\x07R\x01\x00\xe2\xad\
-\x1c\xef\x0b\xff\x7fH\x8d\xea\x12\x80 GJEO\
\x14=\xa1\x8c\xc7W\xefk\x8e\xf7q\x0b\xa8\x16g)\
k\xe8r\xa1\xc6\x06\xe1N\x81\xad\x19@\x10\xd0\x88x\
S\x10\xa2\x16\x06\x1b\xd1\x7f\x00\x99\x1f\x85\x8b@\xb7\x0b\
*h\xed3\xe2\x05l\xd4\xe1\x00\x00!u\xeb\xe2o\
SL\xcc\x13K\xa0\x12\x1b\x8dp\xed\x12\x8cK\x09\x94\
\x0f\xbd\x1e|\xe9\x04]te\x18\xe3\x84}N\xaf\xc9\
\xc2Xc\x88!\x9c\xb9]\xed\xff\xbe\x1dl]\x17*\
\xa4\xf0>\xd0\xd6\xf3i\x01\x80\x0b &p\x07b\x00\
\xb6\xca\x85\x00\x00\xbd\xe8\x02\x88\x8d\xf1<\xd3q\x87\x08\
\xd7\xd9\xb1u\x8b\x12\x01}\xf2\xc1{Z\x1b\x80\xef\xd9\
\xaaF\xb2\xdc\x8a\x80\xb6\xf3Pw\xe2\xdc\x01\x00\x16|\
\xa1\xc3X{\xe2\x9beH\x05\xfc\xe2g\xed>\xf6I\
\xcf\x1e\xdd\xe5%\x00\xa5Z\xa8\x9f\x11\x881\xe5\x1a}\
\xec\xaf\x7f\x97W^\x7fK\xf6 \x0e\x80\xc2\x9e\x19\x14\
\x8f\x5cv\xbe\xb4E\x0a/]r\xd9\x88%\x18>c\
\x99|\x8b\xb4B2\xd5\xd2\xbe\x90\x8c\xac\x9eK\x9a\xd5\
\x95\xba(\xc5=s\xe5FM\xdde,\x0f\xab\xff\x0d\
\x1ep\xb1<\xf6\xfb\xeb%)1\xce\x94\xa89\xc9E\
z\x0e\x02\x00n\x80\x06\x89OZ\xb1Y;\x7f\xf5.\
\x06i\x183\x0ek\x03\xfcv\xf0@i\xd9\x94).\
nA\x81\xe9\x09\xa6Q\xc6\x01\xd04z\xb2\x9d^A\
{b\xe5e\xce\xa5\x1e\xf0\xd9\xdb\xcd\x86c\x83\x91\xa0\
eLE\x1d\x01\x16%\x9a\x86\xcd>/\x9fAIF\
\xc6h;\xd7G\xee\x03\x95\x0d\xe4\x0d\xa8\x82\xd2\xc5\xf1\
rM\xaf\xeer\xc3U\xbd\xa4V\x9dz\x12\x95\x92\x01\
\xbab\xa3\x19\xea\x1c?\xec\x9e\xa7\xb2\xbb\xbd\x00\x80\x16\
\x80\x0f\x0c\x00@\x0a\xa0\x02\x00\x1ex\x9f h^!\
\xb5@\xdd\x0dm]\xd73\x05\xa6g\xb1\xfah\xfc|\
5c\xc7\xb7Vu\xa6\xd2qO0\x1by\x004\xf9\
\x12p&\x94\xf07\x9ba\xedW!\xa8\xe0\x0f6v\
M\xfbb\xa6\x01X\xdf\xf6\xcdE\x9e\xfdv\x98\xfe\xad\
+\xc6\x08\xfab\x09\xad\x03\x97a\xf3\xe6\x88K\xb0\xcf\
\xa7\xf6\x14[XH\xdd\x0b\x00\x17\xac\xf9@+@\x00\
@\x85\x02\x00Z\x01l\x9c\xc117\x19\xaf\xd47\x19\
#\x06\x14\xa8\xc0\xf7\x1d0<b\xf1\xbe\x02c\x01\x00\
\xf8c\x16@l\xf06\xe9v\xf9\xa5\x1a\x04\x18Uf\
\x10\xa0\x1dm\xdc.;k\x97\xbc\xf3\xcaK\xf2\x11j\
\x02\xe4\x81E\x92\x1d\xd5\x18\x9a\xec\xd0N\x99\xd2\xa1N\
U%T:\xdb|\x00G\xb7\x00x\x17\x04\xa7\xc0\x22\
\x90n=0z\xaa\x92\xf4\xb0}\x9b\xd6\xad\xe4U\xf4\
S\x8b&\x88\x01\xe18\x06\x06\xcb'(\xf5}\xff\x03\
\x7f\x90\xad\xdb\xb6*\x00\xa7\xd0\xff-\xb8*z\xa0\xc2\
g|D\xa8LY\xb9\x19\x96\xe8\xa5\xb2\x02\xc5\xb8x\
u\x06\xea\x92\xb3\x83\x0c\x9e!\xb8\xc6\xb4\x15\x1bd\xd6\
\x9a\xcd\xc8\xee9 \x09\x88\x07\xb8\xfd\xa6\xcb\xe4\x8f\xf7\
^\x8b\xd2\xcee\x17s\xf2g\xbd\x9eS\x00@\x05\xbf\
\xdb\xd7\xb0`\x98^\xf1\xdc\xf7\xf3e2\x80\x80\xdb)\
Y\x03\xfd6X\x01\x98\x1e\x15\x11njf;\xc4\x1d\
\x012\x97\xc4\xea\xf5Q\xcd-\xfc\xb4\xd2\x8e\xfc\x19\xe8\
\xca6g[\x0f\x98\xcdH\xe9Fa:\xce\x83\x99w\
\xd4\xa8\x8f\xa0m\xbc!K\x97\xadP\xb7\x00\x85\x117\
\x1d\xeff\xe6\x15\x1e\xce\x12@6\xc1\x9b\xc1W\xf0\xc8\
#\x7f\x94\xaa\xd5\xaa\x19Ax\x1a\x1e*<iVE\
N\xfb;\xc3?\x94\xcf\xbe\x9c\x229.\x06@\xcd\xe1\
\xe0\x01HM\x95`\x08^\xba\xec\xd4\x0e\xe2\x13\x95f\
\xac\xea\x0c\xbc\xb2\xd9\x13V\x93\xd6\x0azlk\xcd\xff\
j\xf2\x87f^L\xe1L\xbe\x04\xfa\xfd\xa9\xfdC\xab\
\x0f\xa0%\x80DA<\x07\xdaz\xe1\xc2\x05R\xb4l\
\xb9\x16\xdb\xf1U\x16\xd8}A\x08H\x0cku\x1e\xdc\
\x01\xa8\x9f\xa0\xe7\x984d\xddh\x98\x1c\x02\x8a\xdd\x12\
2<\xd2\xca\xc0a\xa1\xcb\x05\xd1\xe3z?\xc7\x07P\
j,L\x1a\xa7\xdb\xa8\x02\x00\x1aLI*\xdf\xc3\xa5\
\x03\xd2\xe5\x81\xc0D\xf4U>\xb2\x00\x8aA)\x1d\x17\
\xc24\xc0\x1d\xd2\xbd\xcf\xe5\xe0\x01\xb8\xb2L\x1e\x00c\
m0\x01\x8f\xb9\xb9\x88\xbbx\xf5eT\x05|]r\
\xf70u\x1a4\xd30\xfd\x0f\x86/\xbb[\x83\x8cs\
\xc6\x02\xe0\x9b\xb7\xcf\x91`\xb6\xcd}\xa3\xa6\xca\xd6\x5c\
S\x08\xacF\xf5\xea\xf2\x0ab%\xbaw\xeb\x0a\xe1\x0d\
k\x0e|\xf6\xcbW\xac\x90\xbe\xfd\xae\x95\x95+W\x02\
8\x1a\xc8vM\xeb\xfa2\xa0u\x03d\xec\x84\xcas\
\x93\xe6\xca\xc4%\x1b4}\x97k2\x01\xc1\xbc,\xe4\
\xd5,#\x15f\xffB\x99\xb2l\x9d,\xd8\xb8\x0d}\
\x8c\xe2Bi\x89r\xd7\xad}\xe5\x9e[\xaf\x90\x08\xad\
{q\x92\xea?\x97\xc4\x94\x07\xaf>=W\xfc\xaf\xb2\
\x09\x99\x05\xe4\x02r\xd8}\xe3\x17\xafU\xea\xc5\xf5Y\
y\xfa9\xfd,=\xbbt\x90\xdb\xae\xef'\x8d\xeb\xd5\
VM\xca\xb4\x07\x95e(\xa2\xa3\x11\x07@?\xa9\xd7\
D\xa7\xfbp\xe5Q\xd9\x03\xbfz\x0f\xf8*\xe4\xa5\xfe\
\xa6\xf0\x82\x84;\x88\x0d{\x13\x08\x83XTh<\x08\
\x89\xe6\xcd_(\xdbw\xee\x80<\xf3\xb2\x08\xfa>\xa4\
\xdb@Z4k*\x0f\xff\xe1\x01\xe9\xdf\xefJ\xd5n\
}\xa7\xf3)7\x02\xa89\xc3\xc8=\x0a\xeb\xfc\xfc|\
\x19\x8eJ\x80\x1f}:Q\xb2\xf2\xe35\x0d\xd0p\xf1\
\x1b\x00`\xcc\xee&\xf8\xce\x9c\xeaL\xea*\xe5\x8d\xc8\
\xd4\x17\xf4\xc9\xb9\xe7\xdf\x96\xf6\x96Q\xff\xc5H\x9f\xa3\
v\x8e]\x17\xbey\xf4\x07\xcb\x1f\xe3\xa7\xa4J\x90\xa6\
\x1138\xb287\x07\xe6\xf5\x9f!d\xb34N\xc0\
\x01\x00\x030`(\x00h\x08k\xdaDB\x1a5\x94\
*Z\x10\xca\xdc\xdf\xbc\x0b\xda3\xc0\x10\xc4L\x88\x0e\
3\x9a;\xdaWA%I\x8d\x07pi\x8c\xfa\xd2\xe6\
Y\xdd\xbee\xf6\xa3\xc3\xa7\x9a7\x95\xd1a\x1e\xba-\
\x0a\xd6\xae\x91\x82\x05\x0b\xa5\x18\xef\x11\x0f\x0e\x80h\x10\
\x01\xf5\xbc\xb2/\xc8\x80\xfa\xa0z\x22\x5c\x99e\x0a\x10\
s\xa3}\xf9{\xe5\xdd\xd7_\x95\xf7\xdexU\xf6\x80\
\xe5\x8e\xf3\xa6F\x02\xe9\x80\x1b\x81\x88\xaa\x96\x06\xaa\x9d\
M\xc7q\xfd\xff\xf6E\xd9f\x1f\x02\xf6\xfe\xf0\xc94\
-\xac\xc5y\xc6\xe0\xf1\xc7\xc1\x05p\xf3\xd0\x9b%\x82\
\xd6\x22\x8c%\xe7k\xbfk\x06\xca\xd4\x1f\xa7\xab+\x8e\
\xe3\xd9\x15Y\x00\xb7tn\x22\xabv\x00XA\xfb_\
\x07N\x01\x0e1\xebJ4\x85K\xe5\x02\x90\xfc0\x08\
p#\xe8\xbd\x19\x00\xb8\x82\xd7\xc7y\xf5\x11\xf8w\xdf\
]\xfde\xc8\xf5\x97\x08\xa0b%\x00(\xcf\xa4s\xda\
\xff\xe1\x1b Q\xdc[?.\x91o\x97mPS\x0e\
\x97R\xdd\x9a\x19\xe0q\xbfJ\xfat\xef\x02\x22\x11W\
~\xd5\xf0=G\xc6\x1bb\xa0 \x16\x08\xaa<*{\
\xe0\x7f\xdc\x03N\x83=\xdam\xb9\x0d\x1b\x05v\xbfl\
\xdb\x91%\xf3\xa1\xa1~\x8b\x94\xc1\xef\xbf\x9f$k\xd6\
\xad\x93\x22V\x18\xc4\xf7\x9c\xc7j\x1d\x80\xd0c`a\
&\xd2\xd6\xfe\xf8\xe0\xfdr\xfd\xc0kJ\xd5\x01\xf8\x1f\
\xbf\xda\xb1og\xb5u\x0a\xac\x83\xd8tI\x04\xf4\xfe\
\xa8/d;\x88\x80\x08\x00LZ\x1cb\x00\xe8\x02h\
\x80bK\xa03v2\xd2\x93\xb6g\x85\x9d\xb3\x01\x1a\
\xf0\xe3\xd5\xaaU\xd9f %\xcd\xb9\x14\xca\xd0\x9a\xd5\
\xc9\x0a\xbf\x7f@\x08\xf2\xfa\xa9\xa1\xdbH}ZI\xf6\
\xcd\x9d#\xfbW\xafA[\xb8\x09<\x9a\xba\x15\xd4\x16\
5\x05\xc3\x17\x1c\xde\xba5b\x13\x00R\xd8\xd7\xce\x00\
C\xc0@\xcb\x0d\xef\xc31al\x06-\x0c\xb4\x00\xd0\
\xda`\x83\x00\xb9g9w\x8e\x8b!p\xa0\xcdQ\x0a\
\xf0V\x84lzi\xfd\xd0\xb2\x18`\x8c\xf7\x02\x00\x16\
\xa1(\x0d\xddE\x89\xa0\x02\x8e\x0a\xc9\x96\xde`\xa6\xbc\
\xf0\xb2\xcb@\x05\xccX\xa6\xb24\x17\xf3\xc0\x85\xc8 \
y\xff\xbf\xaf\xcb\xbb\xaf\xbd$\xd9\xa8w\xcfg\xa8\x16\
\x17\x09&\xc0F\xd2\x1b\xe46\x8e\xd2\xd9\x1f\xc1y\xda\
\xcc\xa9\xe3<\xc8\xb1\xde\xc37\xd8\x92m\xf6cL\x9f\
\xfa\xea\x17\xf9\x81\x16d\x1c4\xfb\xff\xe6\xb6\xa1\xf2\xb7\
\xc7\x1f\x87v\x1ff\xf0UP\xa8\xdcs\xef\xbd\xf2\xc1\
\x87\xa3\x10\x07\x90\xab\x82\xbcEF\x22*\x22\xd6\x87\xcc\
\xd9\xa8\xdc\xff,\xcd\xcd\xeb\xc5\x81-\xb0+L\xff-\
j\xa5\x81-0\x04\xf5:\xb2\xe4\xbbE\xab\x01\x04L\
M\x81\x16\x00[\x0f\xdd;@\xfa\xf7\xbd@\x82\xac%\
\xebd\xfb\xf3\x9c\xb1\x00x\xcc\xff4k\xf9&\xacb\
\x94\x98\xca\xc1\x9ci\xb2;q\xd0\x82\x81\xde\xfav\xbf\
P\xab\x04\xd6\xca\x80\x8f\x8b\x0b\xd42m\x85\x22@*\
\x0e\x00\x80E]J\x8eQ\xd4\xe5d\x07\xa5\xf2\xfc\xca\
\x1e\xf0\xed\x01\x0f\xcf\x9b\x93\x06Gt\x8f3\x0d\xdb\x02\
+\xd8\x1c\xc8\x1dp\x10Bf\x1f\xb4\xccM\x9b6\xc9\
l\x94+\x9e\x03\x7f\xf5n\xa4\x116\xce\xcc\x94\x94\xd4\
\x14-6\xb4\x05\xec\x82]\xbbt\x96~\xa0\x87M\xc3\
g\xeep\xb2\x8a\x1b\x13\xa3\x92O\x87\xc3\xe9\x99\x1f\x7f\
:^\xde\x1d\xf1\x89l\xd8\x15\xac\xb5\x00JP\x0b\x80\
G\x15\xb8\xefB\x1b5\x90 \xb0\xdc)P\xd2@=\
\xe7\x19\xf7\x16\x9f9B\xa8\xb2\x95Z\x00\xa0\x00\xc0\x9f\
]\xccR\xae\x0c\xd0c\x9455sZ\x00\x82\x01\x02\
\x08\x00\x90\xe6w(;[\xf2\xa7M\x97\x12\x98\xc35\
3\x83\xa2\x94n\x08\xdf8\x0b\xf6[t\xa4D\xb4k\
\x87\xb8\x84\xda\xfa\x1cN\xe0j;Z\x00`i\xa0\xab\
\x81RA\xef\x03\xa5Bc\x0d\xf8\x80\xf8\xe1\xd3\xeb\x9f\
*y\xcc\xf5=)\x9b\x0az\x1c543\x18\xd8\xb8\
\xb4&\xbeg\xfa\x0c9@*Z|\x95\x14\xba\x09T\
\xc0\xb9\xd2o`\x7f\xe9\xd0\xbd\x87\x84\x13\x00\xb8\x00\xc3\
\xe3\x0c.\xef_\x0404b\xd8\x9b\x88\x03xQv\
\xed\xd8\xae\xcf\x90\x8e@\xb5Am\x1bH\xdf\x16uK\
\xbd\xf7\xe90ON\xf6\x19\xca\x022\xa6\xabi\xf5)\
\x96W\xa6.\x96\xd1\xb3Wj\x1f\xd3z\xd6\x05k\xe9\
\xfd\xf7\xdf\x93\xd4\x84X\x95\x18\x01!\x11H\x0d|N\
\xfe\xf1\xcf\x7f\xcb6\xd4\x08\xe1Q+1F2QR\
y\xe1\x96,\xd9\xbc'\xdf\x18\x86\xf0\x7fd\xfd\xeb\xda\
\xa4\xb6$\xc5\x98J\x8d\xf3Q\xb8n\xd2\xe25`\xbc\
\xcc\xd7y\xd0\xe1\xfcL\xf9\xd3\xfd\x03\xe5\x12\x14\x04\xaa\
b\xe7\xc2\xc9\x12,\xfdj\x00\xe0x\x9a\xca\xc9\x0eP\
y\xcf\xd7M\xec\x08>\x13C\x9e\xc1E\xc6\xf4\x8b\xf7\
\xe1\x06\x98\x8ab*\x85\x0c\xca\xc1\xa7\xb5\xaaWE}\
\x80\xab\xe5\xaaK\xbby\x16\xae\x1a\x14a\x11\x88NJ\
\x97\xf8\xeau\xd4dSyT\xf6\xc0\xff\xa2\x07\xdc\xd6\
~,Q\xec#^|\xe6\xab\xf1;\x93\xfav?\xb8\
\xd8\x0f\xc0\xdf\xcc\x98\x00\x02\x5c\xf2\xde37\x99\xf5\x05\
\xc2\x10\x80\x16\x0e\x0d\xd4CU\xff\xbfx\xa1\xf2\xde\x83\
\x1b.\xcf\x81i\x9b\xd5\x00\xdfe5\xc0\x0d\xfbe/\
\xaa\x01\x16\x97\xb0\xb6|\xb1\x12\x01\xd1\xe4\x1e\x84t@\
/\xd7\xaa\x81\x00Jh\xe4#\x1f]a\x1d\xedO\xdd\
\xcc\xadP\xa6o\x1eYA\xc5\x07\xe0\xd7'\x00`\x00\
\xa0j\xe6\xb8\x07\xcd\xff\xac\xb0\x07\xbf.M\xeb\xf4\xe1\
k>\xbf\x0a\x04\xe3\xa2\xf0\xdcD\x01\x088\x01\x90R\
\x1c\xda\xa4\xa9\x04\xa0\xb0\x98\x89\xaf\xb0\x81\x80\x00\x1bt\
\x01\x10\x04\xf0\x1a\x06\x00\xa0\xb0\x93\x06\x1a\xfaX\x1d}\
\xfbI9\x19\x14\x16\xa8\xf0ww#@3\xc0@\xdf\
\xd4|\x8f\x00\xc6\xac\xef'\xcbA\x04\xed\x95\xe0e\x93\
\xc2\xd7KLh\x9e\x5cw\xc3@iua7\x09C\
\x96SY\x00\xc0\xed\xe1\xfb\xf1\x8c#\xdf~K\xde~\
\xf9\x05\xd9\xb9}\x9b\xde+-&B\xaeG=\x80+\
\xcf\x03s*^\xeb\xf4\x80\x88\xe5\x9dTGo_\x16\
\x00pcH\x000v\xfe\x1ay\x0d \xc0U\xe0\xac\
Q#C\xbe\x1e\xf7\xa9\xd4\xaf\x07W\x14.O\x16\xcf\
q\xe3\xc6\xc9}\xbf\xfb\xbd\xac[\xb7^G(\x02.\
\xaa0X\x96\xf2P\x90j\xbf\x96\xe3\xc6\xf8\x80\x1e\xb8\
\x17\xe8\x95\x1b\xc1\xf7\xaf\xec\x00\xe8\xd3\x99\xab7\xc9d\
\xa4\x00\xe6\x22\xc6\x84\xf4\xdd\x97tm%\x7f\xbao\x00\
J\x0172\xa0\xb1\x02\x80\xf9\x09\x03\x80\xb2;\xc9t\
nE<\xe4\xc9\x0e\xeb\xd1\xcc\xff\xba\xeeu\xed\x07\xa8\
~\xceN%\x00\x00 \x00IDAT\xd0\xff\x0a\xf5\
\xd1\xc7\xcc^-\x9bw\x9b\x80\x0e\x92.\x5cvQ'\
\xad\x12X\xafVuO\xe5@\x9e\x15\x82\x22)\x09\x00\
\x00\xe1\xb1\x89\x9eE}v-\x81\x93\xed\xf1\xca\xf3+\
\xb6\x07\x18\xecw\xd0\x00N\x0f?\xfd\x91wp \xc0\
\xfc\xb6\xffo\x05\xa7\xdb+\xb8\xb1\xe8fml\xc6n\
\x91\xda\xf6\x15\xfb\xd4'{\xb5\xc3A\x8d\x9a\x9a\x11\xe0\
7\xf5\xc7\x99\x00\x00\x1f\xc8\xfceY\x00\x00\xd5\xe4@\
\x09\x22\xa2\xb1\x19W\x01\x15p\x18\x01\x00\xd8\x00=A\
y\xf6\x15\x8d\xec?\x0cFi\x1f\xe0<\xf4\x83\xbaC\
\x18\xcd\xce\xc8\x7f\xa4\xcf\xa9p\x07yP\x15\x80#\xd4\
]V\x01\xad\x5c\x01\x90v\x05j\xfe_k\x5c\x05>\
Z\xbf\xc7Wo_\x9c\xdf\x85\xa2\xc4x\x04\xa2\xc3\x03\
\x93Su\xd3\xd6\xa7\xe0{\xd0r@\xe1oA\x04c\
\x06\x18\x03\xa0\x81\x86\xb8\x8fFb\xa8\xe2\xef\x15\xad\xc6\
\x22`\xac\x01\xbe\xef\xa2\xae\x02\xd7\xd9\xfau\x159\xb0\
{\x0f\x00\xc0\x14\xf8\xff\xf1>x\xe6\xe4\xb0\x8d(\xc4\
\x03\x000\xf8\x06iu\xc1\x85\x12\x06K\xa6?\x07o\
\xb5\x1f@e\xe4;\xc3d\xd8\xcb\xcf\xcbND\xb3\xf3\
\x19RQd\xe9z\xd4\xa0\xe8w^=kc\xf1\xe7\
jgF\x1b\x7fe\x1b\xd3\xfa\xa6\x81\xa3\xff\x99\x89s\
d/\xb2Fx\x84!\xcdo\xec\xe8\x0f\xa5\xebE\x17\
\x812\x99\xf1\x22\xc12\x7f\xde|\x19r\xdb\x1d\xb2p\
\xd1b\x0d\xda\xd5!\xc4\x7f\xc6u\xc2B@U\xa43\
\x8a\x04u\x86\xf9?\x1an\x00\x02vV\xf3d\x00\xe0\
\xf4\x15\xebQH\xe9\xa0\x06\xa4\xf7\xeb\xddI\x1e\xba\xe7\
\x1ai\x8c\xea\x9e\x15%WO\x08\x00\xf8\xdbA\x15\xf5\
\x90';m\x0e\x07\x00\xbe\xd6\x09\xb7%0\x0d\x83\x01\
\x19?\x81\x8d\xc9\x15P\xa9^5Un\x01;\xe0\xb5\
\xbdzh\xcdtc:\xa45\x01\x95\xd4\x10\x08\x98P\
\xbd\x9eaK\xf3U-N\xf6a+\xcf\xaf\xec\x81\xa3\
\xf4\xc0!\xf8\xbe\x992V\x05\x91\xc3\xa5\xc3\xf4\x8e\xd2\
\xd8c\x17\xf4\x8a\xd0#[\xd9\xefL\xb5\x19\xcf\x1c>\
\xde\x19\xa7n`\x9c\xe0\xc4\x13@@\xce_\xb0D\x86\
\x0f\x1f)?\x01\xb0\xef\xde\x9f.E%H]\xa4;\
\x0e\xe46a\x8d\x1aIp\x9a\x05\x00N*B\x90S\
Ew\xfb\x96\xaf\xe2\xa4\xeb\x19\x97W\x22%\x0aeM\
\x01D\x16\x00@\x80\x0a`\xf8\xff5EO\x05\xb3\x89\
\xe6/D=\x86\xa2E\x8b\x94jW\xf7\x12M\xc9\xf4\
\x85_\xaeKA\x22\x067@d\xbb6\x12R\x9bE\
\x95\x9c\x15\x82\x00\xc0X\x00\x0e\xa9\x0b\x00 \x04\xd7W\
\x00`\x81\x86\xcb\xd2\xb0\xfa\xbcG\xbfp\x01\xc9\x1c\x0b\
m\xa3\xb6g326\x12@\x01\xc4\xbe\xf5\x9b$k\
\xfaL\x8bI\x08\x006\x00\x00\x14\xc8\xb5\x83\x07\xcb\xf9\
\x9d;\x01\x00\x1c?\x8d\xcc\xd8\x12L %\x0bP}\
H\x00\xf0\xd2\xf3\xb2\xc3\x02\x80\x14\x0b\x00\xae\x82\xd6\xea\
\xaf<8u\xf3\xa7|w\xf6\xf7}H\xd0\xbdl[\
\x8e\xfc\xed\xcb\x9fegn\xa1`DuL^{\xf1\
y\xb9\xe1\xa6\x9bP4I{P\x8bx\xddt\xcbm\
H\xd3\x9d\xa1\x84@\xbe\x07\xfb7\x1d\xd6\x94\xcb[\xd4\
\x97\xba\xe9\xackA\xca\xe9\x00\xd5\xfa\xbf\x85\xff\x7f6\
R\x009\x16\xb1p\xb9\x5cw\xcd\xc5\xf2\xc0\x9dWI\
\xad4C\x7f\xad\xab\xf6$-\x01'\x0d\x00N\x17!\
\x7f\xac!>\x96\xf6\x7fx{\x06\x00~<g\xb5\x8c\
F)\xd5,\xe4\xcd\xb2{\xc3\xb1 {v\xed(w\
\x0e\xea\xaf\x81\x81\x1e\xad\x09\x9d\x1e\x12\x19%I5\x1b\
Hh\x14HT\xce\x14\x00P\xcaatzn\xf5\xe5\
[\xaa\xe7Nk.\xf4\x12M\x15\x82/\x1b\xe6\xc3\xd3\
\xda\x5c_\xc1\xc3\xe2\xd1\xdb\xa9AC\x08\xafZ\xb3N\
\xde\xfb\xe0#\xf9~\xca<\xc9)J\x95}\x87\x90k\
o-\x00\xa1\x00\x00Ai\xd4\xb6\xbd\x0f\xa1{\x00}\
\xe8\xd6\x5c\xef\xfbx\xbe\x00\xa0\x84L\x89\xcc\xe7\x87\xcf\
\x9b\x99\x00\xc6\x84K\x0b\x00@\x00\x99\x00m\x10`1\
\xa8\x7f\xf7N\x9a,\x87\x10O\xa1\x1b\xb05\xbe\x1f\xfe\
\xdaZ9\x0e\x00\x22\xba\xed\xf9\x12\x8e\xd8\x04\xc6\x10\xe8\
\x83\xf1\xd9JY\x00h\xd9\x80[\x06Z\x1e]\x00\x04\
\x1a\x1cg\x0fP\xb1\x18\xcdXn\xbc\x12\xdfX\x04\xf8\
n\x06X\xb8\xbd\x8e\xcf\x93\x03j\xe2=K\x97\xe3/\
V\xb0;$)\x11\xeb%*l\xbf\x0c\x1cz\xb3\xb4\
l\xdf\xde\x02\x00_K\xc21\x06\x0dM\x18T:\xea\
\xdd\xb7\x00\x00^\x94\xed[i\x01\x10!\x00\xb8\xee\xfc\
\x86\xa8\x0a\x88\x18\x00\xfbX~\x84\x14T\xf0\xcc\xf8u\
.w|\x00\xe0\xdd7\xa9(\xee*\x09\x96?\x7f\xf2\
\xa3\xac\x01\x13\xa4\xe1\xd9\x0c\x90\x87\x1fz@\x1e\xfe\xd3\
\x9f\xc0\xb2\x89tT\xe0\xca\x1c\xa4\xe8\xde}\xf7=2\
\xfe\xab\x09\xb2\x17DJ\xeeP\xed\x1f`\xad}\x9dt\
\xb9\xa0Q-\x89\x8b\x8a\x84\xf6o\xb8\x00\xb6\xe6\xe4\xca\
7\x0bW\xa3\x08\xd0N\xed\xefd\x14\x12\x1azCO\
\xb9\xf7\xf6+%\x05\xf4\xcb\x1asb\xad|^\x1bQ\
\xf9\xfb\xe3\x84\x00@\xf9osj\xce\xf0W\xf8\x9ba\
\x0b\x90\x15;w\xa3H\xd02\x99\x86*j\x87\xb8\xa1\
`a5\xac[Sk\x04\x5c~Qg(\x1f\xce7\
g\xe8\x81c@\x9c\xc2\xa2)\xba1\x9c\x9aW<\xe1\
\xbbV\x8a\xff\x13\xee\xbaSz\xa2nN\xea\xef=7\
\x0f\xce\xdb-\xdb\xb6\xcb\x87\xa3\xc6\xca\xf8\x89\xd3d\x17\
R\x01sA\x09\xac\x848(\x07\x1c\x9a\xd9P\x82\xab\
\x92\xcf\xc0\xb2\xfa\xd9nR\xff\xbc\x0f\x00(5\xff\xd9\
\xa5\x14\xc8\x00\x00\xc5\x8c\x01\xa2\x05\x00\xda=M\xf6U\
h\x01@\x9d\x10\x8ffN+\xc0!\xc4\x1e\x80}q\
\xff\xa6-j^?\xd6A\x00\xc0\x14\xc0\x18X\x00\xc2\
\xeb\xd7W\xb2\x22\xebx\xb4A\x80\x86o\x80n\x05u\
\x01\xd0\xbaC\x00@b \xc7\x5ch\xf7&\xdd\xa3,\
\x901V\x013\x03\x14$\xd8\xf9`\x00\x02\xee\x00k\
\xd1\xb6)3d\xdfV\x06\x9da\xaf\x02\x00H\x8b\x5c\
\x8b\xd2\xd4\x22\xd7\xdfv\x9b4m\xd5JB\xa1\xdc\xf8\
u\xa8\x05\xa0HF!\x06`\x18b\x00v\xa0\xefy\
\xcf\xd4\x18\xeb\x02`\x10\xa0_\x17:s\x1a\xf9k\x01\
\xe0\x1b\xed\x8fM\x95G\xc6\xfe(\xb3\x91q\xa1 \x13\
c~\xdd\xb5W\x83\xa6\xfbE\x89\x8b\x86\x9b\x05n\xa5\
<T\x06|\xe4\x91?\xc9\xc8\x0f?\x92\xec\x9c\x1cO\
Gh\xde?|\xff\x974\xaf#\x99\xd5\xc0\x0c\xa8\xd6\
d\x16\xed\x0a\x90U\xa0\x00&\x00X\xbb3G\x85}\
ZJ\x82\xdcys/\xb9\xfb\x96>\x12\x0b\xc6\xda\x8a\
R\xbc\xcfj\x00\xe0Y4~\xcc=\xe2xF\xfb\x8f\
_\xb8N>@=\xf5\xad\x88\xce\xe4\x11\x8d`\x99\xbe\
(\xac\xc2\xb4\xc0j\xd0,\x9c\xcb\x8f\x03\x10\x1e\x13/\
\x09\x19u\x11\x13\x80\x95u\xa6\x1d'\x1b>z\xa6\xbd\
\xef\xd9\xf4\xbc\xc6\x17u6\xbd\x91\xdf\xefB\xad++\
g\x8f\x8c\x19\xfb\x85|6\xee[\xd9\xb6'RrA\
\x09\xac\x22\x11f\xed\x90\xfa\xf5\xc0\xc2WK\x05\x9fF\
j[A\xc9X\x1f\x06\x0a\x1a!\xe9\x85O\x1e\xb7\x80\
\x02\x00\xc3\xcf\xaf\xda\xbf\xfa\xe6\x09\x00\x90\x01`M\xf3\
UX\x08\x88\xe7B\x903\x0e \x1f\xae\x88b\xa6\xf1\
\xf9\xfa\x14|\xde\x84m#\xea\xd5\x91\xa8\x96(\x0e\x84\
\xc0Dg)T\xcdM\xd3\x0d\x99\x05\x00\xfaW{\x1f\
\x02\x00O\x0c\x80\xa9\xee\xe4\x01zz[\xcf}LP\
\xa3\x85\x00\xc6\xa7l\xad\x04\xfc\xf0\xc0\x9e<\xd9\xfc\xfd\
T9\xb0\x97\xb4\xbd,Z\x5c$i\x11k$>>\
BnBq\x9a\xfa\x8d3\x91\xd5\xc8\xc0\xc9\xb2\x0fu\
\x01\xa0/F\xbe\xf3_\xb5\x00\xb8 @\x0f\x00@\x10\
\xe0\xd96\x15\xfd\x05\x00\xea\xc7\x07E\xfc\xff}\xb7X\
\xbe\x9d\x8a\xac\x10\xdb\x9d\x9d:\xb4\x97\x8f?\x1a\x09\xad\
=AAeaI\xa0<\xfd\xd4S\xf2\xea\x1b\xff\x95\
]\xa8\x1ai0\xbc\x01\x0b-\x91\xf2wa\xe3\xda\x92\
\x82\xc8\x7f\xb5$Y\x0b\xc0\x82\x0d[\x91\x02\xb8\x06\xa9\
\xaeF\x0e\xd5\xc8H\x96\xfb\xa0\xfd\xdfv\xe3\xa5(7\
\x0ck\x94\xf3\xfb\x94=\x84\xc7mq\xd6\x02\x00\x8f9\
L}\x7f~\xe8Kh\xc35\xb7b\xc7n\x19\x8e\x1a\
\x01?\xae\xda\xaa\x80\x80\xc4\x1fM\x1a\xd4EF\xc0\xb5\
\xb0\x02t\x92\xfdd\xee\xb2\xbe\xb1`\xf0|\xc7\xa6W\
\x97hTO\xd3\x08\xdfcl\x04'9F\xe5>\xdd\
c2=\xea\x99\x95\xba\x7f\xb9;\xb4\xf2\x84\xd3\xa6\x07\
\xb8i\xee\x01\x83\xe7g_L\x90O>\xfdR6\xed\
\x0a\x92=\x88\x03@\x0e\x80\x0a\xcf\xe0\x1a5\xb4\x1c\xaf\
\xb2\xef\x1d\xe1\xf2:\xf25tg\xe0\xdaUN\x04K\
\xd0\xb3\x9fA\x80\x10\xec\xac\x04\xc8\xec\x08\xa4\xe7\x91\x5c\
\x88\xf1>\xeaw\xc7}\x0el\xde,{\xa6\xfc(\x07\
Q\x96\xd9\x1c&\xba\xdfl\x01f\xbf\x09\x82v\x17\xd7\
\xbe\xadD@\xfb\xf7T(\xd4\xa6\xa6\x12\xe0!f\x01\
\x10\x00\xe0\xa3*\xb8~\xa0O\x0c\x80\x89\xec\xb7W\xd2\
\xdf.\xd2\xdf\x5c\xde\xfc\xdb\xact\x0f7\x00\xc5\x02\xbe\
\xcb\xdd\xb8Y\xb6L\x05\x03 \x5cF\x8cm\x08\xa9\xb2\
OR\xc3\xd7J*|\xc7\x83\xef\xb9[j\xd4AM\
\x13[0\xa9\xac\x81\xe5\xb3\xd1\x02\xf0\xe1\xdb\x00\x00/\
\xbf(;l\x16\x00\x01\xc0 \x04\x012\x0b\xe0\x5c\x03\
\x00n\x07\xd5\xb9\x00\xea\xec\xd7\x17l\x93\x91\x9f\x7f\xad\
\x02\x9d?5k\xd6\x94\xef\xbe\xfeBj\xd5D\xf18\
\x8c\xf5!X\x8d^}\xf5u\xf9\xe7\xbf\x9eE<\x00\
\x8aF\xd9#%6Jz\x82\xf3\xbf>\xc6%\x08\xe0\
\xd2\xcc\x223\xe63Wo\xd4\x22@{P+\x80G\
\xc3z\x19\xf2\xd0\xdd\xfd\xe5\x86k\xba\xc1B@W\x92\
\x1f2\xad\xac\xc1\xe5U\xceV&@C\xa2a\x16\xc8\
\xf1\x00\x80'~V7\x01\x91|\xa4F\x8dG\xa9\xe0\
\x8f\x11\x0b\xb05w\x9f\x0eITd\xa4\x5cyIW\
\xf9\xed\xcd\x03%)>\xd6\x96q\xc4\xe03\xcd'\x16\
V\x00\xd0\x03\x07\x9fF\xc4@&\x1d\xc9\xce&\xdd!\
\xf8?\x9b~\xe4\x99:lsnj\x91~\xac\x8b\xd3\
\xb6\xc9\xb9\x0e\xdf\xb8\xc1\xeeC\xc4\xf5\xd7\xdf\xfe \xa3\
G\x7f*k6\x15I\xce\x81t\xb8\xec\x90\xa7\x0f\xe9\
\x17\x94\x9a\x06\x06\xbe\xc6jz\xf7\xc4\xe5\xd9\xd1t\x01\
SF\xe8\xbbu\xc1\xbfI\x97\x8c\xdf\xce\x0a\xc0\xe8~\
Z\x00\x18\xb1\x8dl \x0af\xb5\x04(\xfd*K\xf7\
b\xb3\xc6\xf79\xdfM\x92Bu\x03\x94v7\xd8M\
G\xc2\x92\x13%\xbes\x07\x09\x07Eli)\x89\xb5\
HK\x03b\x0dH$\xc4\xf5\x19\x88@\xc3 M7\
4%\x87\xe9~tXB\x01\x82Y\xc4\xfa\xd0\xbe\x1a\
??r\xa0\xc3\x84\x9c\x95\xc8vX&\xb6\xcf]d\
\xb2\x1a\xf0\xef\xc8\xc0\x1c\x89\x0b\xde\x00\xcd\xbf\xa1\x0c\xba\
\xfd\x0e\xad\x14\xa9\xf5\x0c\xfc<\x0e\x82\x13a\x14\x00\xc0\
[/\xbd \xdb\x8f\x00\x00\xe7f\x10\xa0\xa3\x05\x0e\x04\
-\xfc\x87k\xf6\xca\xab\x1f\x8dS\x9f<3\x03\xa2\xe1\
\x8a\x9a\xf4\xcd\xd7\xd2\xa2ySD\xf8cZ\xa1\xaf\xc7\
\x8c\xfeX\x1e\xfb\xfb\x93\xb2\x0a\xe4Q\x0a\xca0\x9f.\
m\x85bJ\xd5\x12%\x0c\x15;\xdd\xa1\xd3\x10\x93q\
\xea\xb2u\xf8Y/\x05\x96=\xf0\xbc\xa6u\xe5\x91\xfb\
\xaf\x95~\x97w\xd2Q\xae\xa8\xe3\xac\x05\x00\xbaT\xfc\
\x00\x00\xda\x97>r\x90\xe9@,\xf20r\xd6r\xf9\
y\xddv\xe5\xb9&\xd2k\x84X\x80;\x10\x0c\xd8\xab\
\xdb\x05\xa5\xfc/A\xd0\x10bQ (\x06\x85\x82N\
\xa5\x01\xc0\x09\x86\x22l\x8e\xdb\xb6gK\x16\xb8\x0d\x82\
\xb0aEEE\x80\xf7;L\xa2\x11`\x12J\x13#\
Q\xab\xdd\xf0N\xe5\xf3V\xd4\x04>'\xaes\x14\xa9\
\x7f\xae\x02\x01\x0a\xf1\xfdH\x89\x9c\x82T\xc0\x91\x1f~\
\x22KVe\xc9n\x00\x80\xa2b\x9aP\xa1uC\xe8\
\x86!\xef>(\x0ed@vr\xa8\x90\xf4\xf8\xee\xac\
\xff\x5c;\xd0\xf6\xa2\xc6\x0b\xa0\x15\x7f\xd3\x0a\x80L\x00\
\x0ag\xa6\x04\xd2\x92P\x051\x00\x81d\x03\xc4F\xad\
\x00\x80\xd9\x98\xc8\xd5\xcf\x05\xcf\xfe\xde\xc5K\xe5\x10\xdb\
\x1e\xe5\x88D\xe0pB\xc7v\x12F\x82%\xee#\x06\
\x19\x18M\x11~zO\xbd\x01\x5c0\x10\xc2?Hc\
\x0dL\xb1!\x97\x05`D\xbe\xfdQVc\x03\x04\x9c\
\xc80\xed\xec\xab\xe8\xd5\x8be\xed\xa4\xe9\xb2{\xed&\
\xc30\x88O\xe2B\xb7IH\xf1\x16\xe9zI\x0f\xe9\
;p\xa0\xc4\xa2@Q\xb9<\x80\x07\xf7\xcbG\xef\xbc\
)\xaf\xbf\xf8\x82l\xd3\x18\x00\xa4\x01z,\x00\xe7\x16\
\x008<\xea>\x10\xfc\x10\x13\xb3J\xe4\xc9a\x1f\xe9\
|sYb_\x81\x0b\x80\xa4@,\xe8\xc3\xcf\xbf\x9f\
<U\x1e~\xe4QM\x05$\x1f\x07)\xe7\xfb\xb5m\
&M\xaa&\xa0\xb4\xb0\x1be3\x89X\x9e\x9e\x04@\
\xd3Wl\xb4\xfc\x02 \x01j\x93)\x8f>p\x1d\x82\
\xd2[\xdb\xc0\xd3\x8a\xd9\xf9\xcej\x00p\xa2]\xb4\x07\
\xa5\x17\xc7\xce[-\x1f\xcf]\x85t\x0c\xb3\xb8#\xe1\
_\xecuqg\xb9\xf7\xe6\xebP\xef9\xa9\x94\xee\x1c\
\x16\x15-\x895\x1a\x22# \xfa\x08\xdfly\xd24\
\x8eo\xba?\xf6\xdb\xe8y\xd8T\x08V\x16\xce[!\
\x9f\x8e\xfeF\x96\x82C:\x10\xf03\x0c\xdaK4\xa2\
\x7f\xd2\x90b\xd2\xa4i=i\xd1\xba\x91\xd4\xacmk\
\xa6\x93\x8d\x8c\x1bS\x99\xca\xc0\x89Z\x0b~\x1d1u\
\xdc>=\x87\xfd\xe3':\xdf\xcf\xa4\xf3\x9c\x99u\xd6\
\xdc\x85\xf2\x1ej\x02\xcc^\xb0\x0eA\x80i\xc8\x04\x88\
UA\x19\x98\x10/\xe1M\x1aKHb\x92\x8aC\xdd\
Z=\x82\x9e6z\x0ab\xef\x84W\x9dY\x0b\xdfp\
\x09Yr\x1d\xa6\x02\xc2|\xae%{aU\xa0v\x1e\
\x88\x0d\x9bE\x97\x9c`\xae\x020P\xb8z\x1dR\xed\
\xc0\xb6\x87\x9c\xfb\xc3\xcd\xe0\x0c\xe2\x8b\xc9\xac/\x09m\
ZK(\x9e\xc9c\xdbU\x15\x0f\xeb\x0e\xd7V\xe0\x00\
 @\x90A\xe1\x1fD\xfaX\x02\x0e'\xd4\xad`\xd0\
\x8c\x0f|\xe6yjk\x0c8\x02$\xe0\xf3\x830\x19\
/\x1d\xf7\x8d\x14d\x99\xe0\xb1\x80\x80C\x92\x08\x0e\x80\
*\x07\xb3\xe5\xa6\xbb~#\xed\xbbt\xf1?\x00\xd0N\
\x8c\xa0b\x00\x80\xb7\xdf\x94W^x\x1eU\xedvx\
\x00\x80\x87\x07\xe0,\xf2\x01\xf8\xeb\xff7X\x0e\x01\x96\
\x00\x86s$Q~\xf7\xafWU\xfb\xe7\xf6C\x0d\xff\
\x83\xe1o\xcb\x15W\x5c\xa1\x04[\x9cWs\x16.\x91\
\x87\xfe\xf0G-\xe1]\x88\x14S\x8eM\xcf\xe6\x0d\xa4\
M\xdd\xaah\xc3\xf2\xd5f\xba\xf2\xfc\x02\xcc\x89\x89\x0b\
V)\x11\x90{\x9e\x8b.h!\x7f\xf9\xfd \xb9\xa0\
]\x13\x8d\x19\xa9\xa8\xa3\x12\x00\x1c\xa5'i\xca\x99\x87\
\xf4\x8b\xe13\x96\xca\xdc\x0d\x08\xda\xd0\xf5WE\x9a5\
\xac+w\xdex\x8d\x5c\xdc\xa9\xad\xc7\x84\xc6\xef\xe8O\
\x8bN\xae\xaa\xb5\xd4\xc9\xb3^~\xd3\xbaW\xf4\x97\x12\
\x99>0\xfd\x885v\x98\x15\x88\x13\x85\xe4\x11\x93\xbe\
\xfdY\x86\xbd\xf2\x11\x00\xc0j}\x0ej\x13\xacM\x1d\
\x82\xc0\x91\x04\xd0S\xd6\xac]M\x9a\x9eW_\x9a\xb7\
\xcc\x94z\x0dkI\x02\xd2KBh\x82\xc2\xf9\xfeD\
\x96\x1eM\xa4\x97\x07\xe4\x94k\xe2V\x0a\xf3ru\xd7\
\xb9\xd4x\xd1\xf25(\x0a\xf4\x91L\x9f1_\xf6\x1e\
H\x91\xbd\x07\xc1\xfe\x07a\x1e\x88\x82,\x11\xc8\x04\x08\
\x81\x99\xdbk\x1a/\xbda\xba\xfcvO\x7f\xa9U\xcc\
$UU\xb1\xf5\x11J\xc8\xd0\x06K\x03\x0fF\xe63\
J_\xa9\x80}\x84s\xf1\x9e\xbd\xb2k\xca4\xc9\x87\
\xcf\xbdX\x19\xdd\xcc\xa1&{\x9c\x93\xd8\xba\xb9\xc4\xb7\
h&A\xa0\xdd\xf5\xac-\xb52 \x83\x9c,\x8c\x04\
\x00\x00\xe1l\x1bL+\x03\x99\x00\xe9f\xd0\xfd\xc6\xf8\
\xf3\xf5z\xfa\x9bV\x01on\xbe\xfb\xdc7\x1b\x80k\
=w\xcb\x0eY>\x19\xfe\x7f\x5c\xab\x18\xf1\x09\xc1\xfb\
vH|\xd0:\x89O\x88\x94\xbb\xfe\xf8\x07\xa9Y\x17\
\x0c\xa6\xe50\xff\xf3\xde\x11%\x07d\x14,\x00\xcf=\
\x07\x00\x80\xcc\x02g\x010\x00\xe0\xec\x8a\x01(?\x00\
\x08\x915\x11\x192\xf4\xef\xcf\x22d\x84$?(\x13\
\x8d\xf1}\xf1\xb9\xff\xc8\xe0\xc17\x22\xf5\x12\xe3\x80\xb9\
\xb5v\xfdfy\xe0\xf7\x0f\xc9\xf7?\xfc \xfb\xf6\xd1\
\xb5\x0c\xad\xbe~u-\xfb\x1b\x0b\xf2\x1f\xbd\xaf\xdd\x83\
\xf7B\x01\x9d0\x7f\xa5\xfc\xb2v\xb3g\xde\x5c\xd6\xfd\
|y\xec\x8f7J\xeb\xe6\x88'Q\xd7N\xc5\x1c\x95\
\x00\xe0(\xfd\xc8IO\xcd\xffS\xd0<\x8e\x9e\xbdJ\
\xf6\xa8\x89\x0ft\x8d@\xf2W\xf5\xbcH\xc9\x81\x12\xe2\
\xa0qx\x16(\xaa\x08\x82\x17 1\x03\x11\xc8\xe4\x05\
8\x8c\x93\xbb<Ce\xb4y\xb3\x01\x18\xa1\x8f\xff3\
*\x80\xfd\xf1\xb9\x9a*\xe6f\xe2p\x02q\xe2\xad^\
\xb9Q&~1U~\x9c2[6\xac\xdb\x82jT\
\x9cl&\xfe\x98m\xe8\x16\x88\x8d\x8d\x94\x8c\xea\xe9\xd2\
\xb0I]9\xafuci\xd1\xb2\xa1TE\x15\xaa \
\x0d\x9c2\x1b\x8en\x87\xdc\xec|nWj\x1b\xd5\x87\
cC\x0b]=-}Z\x1da80W\xf3\x920\
\xe3t\xab\xcd\x94\xa7\x8fJ\xb5-\x97-\xf3\x84\xefR\
y\xe2i\xd4\x03\x14\x83\x9b\xa1\x89\x8e@Q\xa0\xaf'\
L\x96=Eq\x92\x8b\xd2\xc0\xa8\xb6.\x81\xf0\xfd\x87\
#\xf2>\xbcnm\x8d\xd1\xf1\x06\xc8\xf9\xbe\x80\x15\xa4\
V\xfb7~u\xae#\x8d\xeb\xd65G-K)z\
\xf1/\x8d\xfe'\xb0wez\x1d\x1b#\xfc\xf89\xbf\
\xcc\x95\x1c\xf8\xdc\x0f\xee+(\xd5C!\x88\xeaN\xed\
\xd0Fb\x1b\xd5S\xc1\xee\x11\xd4\x5cY\xac7@\x12\
 -\xce\x84\xa7\x86?8\x88dC\x0c8\xe4\xbd\xf4\
y\x8c\xb9\xdf\x1b\x08h\xae\xe0\x01 f!\xd96\xc6\
\xf7\xcfJ\x82\xeb\xe6,\x95\xadt\xff\xc1\x05r\x08\x00\
 h\xcdL\x89<\xb0J\xce\xef\xd8Vn\xb8\xfdv\
\x89\x06[\xa2\xff\x07\xf8N`E\x8c\x96\x832\x021\
\x00\xff~\xf6y\xd9B\x1e\x00\xfcG&\xc0\xeb\x00\x00\
\xae\x22\x00\xf0\xff\x82\xa7}K\xff\x01\x80\xc90a\xce\
\xfe\x96\xb0\x14\x19\xf4\xf4[\xf0\x18\x15)\xb8\xe2>\xfc\
\xf8_\xff\x9f\xfc\xf6\x9e\xbb$\x06.X^s\x07\x0a\
\xfa<\xf0\xe0C\xf2\xc5\x97\xe3%\x0f\x15\x02y\xb0\xf2\
_O\x08\xf4d\x90\xfc\x10$\x18\xf7A\x80\xecF\x19\
`\x02\x80\xb9\xeb\x0d\xe7\x02\x8f+.\xef(\x7f{\xf8\
&i\xd2\x10\xaef\x92\x05T\xd0Q\x09\x00\x8e\xda\x91\
f\x83\x98\xbfy\x97\xb2\x03\xce\xde\xb0C\x05c0\xb4\
\x806-2\xe5\xb7C\x06J\xfb\x96\xcd\xb4\xe0\x8a;\
\x02\xf1]Lr5d\x05\xd44\x8b\xd6\x8e\x9c_F\
p2\x89\xe9\xe2\xc6$\xe0\x80\xe3\xb2\x07`\x06\x0a\xa4\
\xe6\x81E\xbdsG6\xf2o\xb3a:\x22=)\x8b\
\xb3T\xd1g\x89@\x94qLl\x04L\xfc\x11\x12B\
\xff!&\xdf~\x98\x97\xb6m\xd9%k`>Z4\
o\xb9\xcc\x98:W\x96.]\xa3\xe7R\xf8;\xa5\x9a\
\x04\x14\x91p\x0d02\xb8\x11Ph\xd7\xee\xed\xa5}\
\xa7\x16\xea.`Q\x14RV\x1al\xe1\xde\xd1Gl\
\xe3\x22\x9c\xf8\xac~\x15\xc0(\x17\xe6-\xebnd\xb4\
(\xef\xe1\xb5l\xd8\xfd\xca\x1aG\xb8\xb9Z\xe0\xe0@\
\x8e;\xc9\xa7\xc3\xbc\x16\x89#\x90\xc4\xb1\xa7\x7f\xa5\xd5\
\xa0\x82\xb6\x86\xd3\xf72\x5c\x9d{\xa1E\xb1(\xd0\xa8\
\xd1\x9f\xcb\xae\xdc`\xa4\x02\xa6\xa1\x1c24h\xb8\xbc\
\xc2k\xd5\x94H\x10\xef\x04\xc2\x9fn\x84\xbby\x97\xd2\
\x84]>\x9f\xdb\x06\xa6\x19\xaf\xee&\xa1W\xe36\xc4\
<<\xc7\xfc\xa8+\x01\xcd\xf6\x81\xdf}\xdb\xe4\xe9R\
\x98mH\x81\xcc%\x10\x08\x06N\xf8\xf4\xcem%\x0a\
\x15\x01M\xf5Esm\x05\xeb\x00\x00t\x01\x14c\x8d\
\xf3\x0b\xba\x17\x18K\xa4\xda\xbf\xbd\xbe\x16\x92q\xcf\xe5\
cup1\x00z9O[\x03`\x0eb\x8d/\x98\
6_\x8a \xe4\x09&\x98\x05\x10\xbex\xbc\x84\xee[\
+\xd7\xde|\x13b\x00z\x22\xfd\x8f&i\xff\xc6\x96\
{Q\x0c\xca!G\xcb\x01yg\xd8[\xf2\xaf\xff<\
\xa7Q\xec|\x86d\xd4\xad\x1fx~\x03\xb9\xbaU=\
\xff.v\x86\xb4\xf2\x1f\x00\x98\x17\xe28mC-\x8a\
\x1b^\x1f'E\xfb\xf2<\x00\xe0\x81\xfb\xef\x95G\x1f\
yX\xe2a\x91b\x5c\xc6^\x00\xc4\x87\xff\xf4\x17\x19\
9j4\xaa\x02\xd2eT\x22\xb5S\xe2\xa57\x94\xaf\
j\x09\x88W!\xe0\xe4\xf5\xb0\xaf\xee\xda\xbb\x0f.\x80\
\x95\xb2`\x83\xb1\xb6p\xde\x5cs\xc5\x85\xf2\xf7?\xdd\
\x04ZzX\xb6\x8e\x16tz\x82\xfd[\x09\x00\x8e\xd1\
q\xec\xf6\xdd\xb0\x02|\xbe\xc0Z\x01\x0a\x98\xef\x0b\xda\
\xc6\x94$\xb9\xa9\x7f/\xb9m`?g\x9b3\x9b\x0b\
\x06*,*F\x12j\xd4\x97P\xd4\x0ap\x877\x13\
\xf9x#d4i.\xb8<\x94'\xfe\xf6\xabi\xb2\
v\x0d\xaaw\xc5\xc6 \x80/R\x96,Z%\x1b\xd7\
oQNngn\xa70\x0f\x83\xd0\x8fA*I\x12\
&R:\x88$j\xd6\xa9&51A\xe2\x93\xe2T\
8\xef\xce\xce\x95e\x8b\xd7\xca\xccisd\x16L\xa5\
\x9b6l\xd3\x020\xeep\x9bH8\x82\x03\xab\xd7\xa8\
*-Qm*5-\x11\xe5?\x8b\xb4\xddAnT\
\x04\x00N\xdb\xb7\xc2\x95\xa0$\x18\x9bk(4\x97\x90\
\xb0`\xf5)\x86#F\x22\x1c>\xcc`\xb8\x1a\x02\xe1\
+%\xc0\xe03\x04\xc1\xbd@\xf7\x03\x83^X\xd0\x22\
$\x14?\xdc\xf0\xf0\xfcA\xb8F\x90\x8bz\xc6&\xa9\
\xb5\xd6\xc9\x83\xce\xdf\xecS\xbb\xc9\x1d\xbec\xd95a\
\x1b\x9c\xe0\xcc\xaf<\xed\x8c\xed\x01n\x94\x9c\x9b_|\
\xfb\xa3\x0c\x7f\xef#\xd9\xbc9W\xf6\x16WE `\
\xa4\x12\xf6D@\xf8F7\xcd4\x9a\xb7\xe5\xdeQ\xc1\
z\xd8\x1b\x97\xd2\xae\xad6\xed\xd6\xabG\xc0Zk\x9c\
\xe2[\xfc\xa8\x7f\xdei\xe6\xf8\xf7!X\xd8\xb6L\x9a\
*\xbbW\xadS\xb3\xbe\x9d\xb4\x92\x06\xf3\x7fj\xbb\x96\
\x12\x0aa\x5c\xfa\xde\xb8\xa0K7\xa4\xc9\x98Z$I\
\x80(\xfc9\xf7\x1d\xc80\xf2\xddG\xcb\xb7\x81\x7fF\
\xbb\xc0\xfa\xf0\xba\xec\xf4y\xf0\x9e\xdb\xb1g,_\xbb\
\x1dq\x101\xe6D\xf4Q\xe4\xe2\xb1\x12yp\x17\xcc\
\xff\x0f\xc1\xe2\xd7T\xd7\x96?\x00\x80}LB\x9a\xe4\
\xd0*\x12\x0e\x00\xf0\xdf\xb7\xdf\xd14\xb6\x8d\x1b7\xea\
\xfb$B\xf9\x18\xd0\xba\x81\x96\xb5u\x00\xeb\x8c\x9dP\
>\x0f~<\x00p\xb8\xab\x93\xff\x0e\xc4\xcb\xef\x02\xd1\
\xcf\xe0w\xbf\x91\x5c\xf0.8\x0b\xc0\xadC\x87\xc8?\
\x9e|\x5c\x12\x915\xc6v\xac\xcc\xf9\xb7'\x9e\x927\
\xdez\x1b\x5c\x00Y\xfa\x19\xd3\x00\xaf\xc4\x9e[;\x99\
1\x22\x06\x951vd;x\x1c\x18\x03\xb0\x04nh\
3\x9fJ\xe4\xfa\xfe\xdd\xe4\xf1G\x06K\x8dj \xbd\
\xf2\x89\x010\x96b?\x11\xddQ\x06\xa8\x12\x00\x1cg\
\xd6R\xc3\xa7\xf6?|\xc62d\x06di\xd5\xabP\
\x08\xaf\x0b\xda\xb6\x94\x87\xee\xb8Q\x1a\xd4\xa9\xe9S$\
\x881B\xcc\x08\x80\x15\xa0Z\xad#6\x1b\x7f\x16\x07\
\xf5\x8d\x95+7\xc8_\x1f~A\xd6\xac\xda\x80*m\
\xa1`!\x0d\x96\xec\xec=R\x80\xe0\x1e\x1dh\x1f\xe9\
\xc7\xb9AA\x1a\x82\x02\x14\xd4\xdcSR\x13\xd5\xc7_\
\xafaM\xa9\x96\x91\xa6\x9b\xc9\xae]\xbbe\xfd\x9a\x8d\
\x08\x0e\x5c\xaeV\x81\x02pL\x1f\x0e\x00\x9c\xff)\x0c\
\x02\x9cB\xfc \xfc\x99\xc6\x02`\xb4t;5=\xe7\
\xb9 \xa5\x08\x14\x14\x89\x82\x7f3\x02\xa90\xe1\xf8\x9b\
Y\x06\xc1\xe44\x07\x00p\xc2\x9c\xf9\xad\x14\xf4\xac@\
\xc7\xdf!\x08xq\x80 \x18\x7f\x07\xe1\x87\xbf\x03\x01\
\x14\x82C\x01j\xc2C$\x02>\xb1Hl0\x914\
\xe7\xe27\xaf\x1b\x8a\xbe\xe0\xb9\xbc\x0e\x0b5i\xa4t\
)>\x5cjW|\x5c\xefb\xf0'\xa6\xc1\x9fq\xa9\
lsz\xf5\x80\x06\x02B\xe2\xcd\x98\xbbX\xde~\xf7\
C\x99?\x7f\x95\x14\x94T\x95|\x06\x02bnDT\
\xab*1\xcd\x9bH0\xcc\xafF\xc8\x9b\xff\xcc\x0e\xab\
\xca\xbb\x09\xfcSAnM\xeb\x8e\xa4\x8fB^\xdb\x1a\
+\x80\xca`\x95\xb9\xd6\x1co\xdb+)\x8f^\xabD\
\xf6\x82\x9ax\xebO\xb3e\xef\xe6\xed\x88\xef; \xe1\
 \xfd\xa9\xd1\xb5\x83$4\x80\xbf\xdd\xd6\x10qhU\
\x19\x0b\xf9\x1c\xdcL\xeczfeF\xe7\xae0\xfc?\
\xf6\xda\xf6\x09\xac\xcc7\xff\xd2{\x1a\x81\xef\x00\x0d\xdb\
\x1f\x82;b\xf1\xac%\x92%\x00\xe0XGl\x10P\
\x94\x0f\x00\xf01\x22\xf6\x83\xe4\xfeG\x1f\x95dR$\
\xfb\xbb3\xe1\xe21\xe0\xb2O\x0a\x01\x90/9(o\
\xbd3\x5c\x9e\xfe\xd7\x7fd\xfd\xfa\x0d\xda\x8dq\x11\xa1\
rm\xab\xfa\xa0\x03n\xa0k\xfdl9\xca\x12\xa6\x87\
[t\xf9\xe6{\x01\xfc\x86\x0c\xffV5w\x17\x030\
\xf0\x9a\xab\xe5\xf9g\xff\xa9d@n\xe2=\x03\x0b\xca\
\xf3/\xbd\x82TJ\x94h\xc6\xd8\xd3\xf7\x7fU\x9b\xc6\
R\x0fJ\x97\xb1<\x99\xf9\xb8\x854\xc0\x00\x00\xcb`\
\xc9u\xfb\xef\xe0\x81\xdd\xe5\xf1?\x0d\x96\xaa\xd8\xe3=\
\x19-\x15\xd0\xe9\x95\x00\xa0\x8cNdu@f\x03\x8c\
_\xb4\x0e\xd1\x99&\xd0\xc7Y\x01\x86\x0e\xe8\x0b\x94\x1c\
\xe45{c6\x84F@#\xaf\xd5\xc8Z\x01\xfcC\
f\xbe\x06\xc7\xcd\x9bw\xcas\xcf\xbc#?N\x9a%\
{Y\x07\x9a\x0b\xddj\x05\xba\x7fY\xb8\xed;QM\
d\xb4\xd9\xa8B\xe1K\x8c\x8f\x8fA\xd0\x8f\xd1<\xf2\
Q\xd7\xa0\x10B\xbf`_\x91\x0a\x7f\x22\xd1c\x1d.\
\xc2\xda\xe8\x1av\xa3:bm\xe3\x03\xc6\x1b\xe0'=\
)\x0d\x16\x8aX\x0d\x82d\xa0\xa1\x13\xc8\xc6#\xe9=\
\x9c\x86\xe06Qn\x18\x5c(\xfa\x9b\xda>\xdc\x08\xdc\
C\x0e\x15\x1f@yL\x00\x14\xdc\x9eU\xb5\xc2\xb1@\
\x22`j\x8c\x00\xf5e$\x18\x19#\xf1;\x0a\xff\xa6\
U$\x0an\x8f(\xf8\xceh\x01\x89\x8b\x8d\x96\x988\
\x14]\x89\x00E\xa6\xf2\xad\xa3/\x98\xd3]\x09\x06*\
`\x8b8\xfd.\xa1\xc3\x0a\x00\xb8a\xf3V\xcd\x04\x18\
?\xe1G\xc9?h\x03\x01\xf1yxZ\x9a\xc4\xa3\x0c\
oXb\xbc\x99\x89\x87\x81\x00\xcf|t\x02V\xe3l\
8\xe5\xbd\x82\xd5W\xb8\x1a\x10`]\x06F6\xeb\xfc\
u\xe0\x80)}\xd9\x8b\x96\xc9\xd6_\xe6\xcbA\xf8\xf5\
S\x01>R[\xe2\xfe\x98\x97zo{\x7f\xd7\x93z\
\x9e\xfd1\xdfs\xfe\x9b\xeb+\x00\xb0'Y\x1c\xa0\x17\
8\xe2\x99\xad\xd0u\xd7\xc9\x85\xd0\x987\x7f\xb5\x1cd\
&\x12\xb3\x0ch\xa5\xdb\xbdQ\x22\x96\x8f\x93L\xc4!\
\xdc\xf1\xe0\x83XK\xa6\xce\xbc?G\x10\xd6dRh\
\x80\xc4\x06\x99X\x88w\xdf\x1b!O\xa1\xa6\xfd\x1a\x80\
\x1d\x1e1X\x9f4\xff\xdf\xd0\x16\xd5\x17\xd1\xe7\xfe\xed\
t\xfe\xdc\xf9\xd4\xb6)\x0b\x00\x1c\xfet\xec\x7f\xd6\x91\
\xb9\xe5\xbdoPI\x16\xf1VV#\xef}yOy\
\x0d\xc4IiH\x01u\xe3\xf9\xfc\xcb\xaf\xaa\x1be\x0b\
\x8a\x03\xf1\x88\xc2^}U\xdb&\xd20\x1d\x19+\x16\
\x90r\x1el\xc8\xda\x03\x1a\xe0U\xb2\x12t\xc0\xd6g\
*C\xaf\xef\xa9\x16\x80T\x04mWdgW\x02\x80\
2\xe6\x1b\x07w\xca\xca\xcd\xf2\x1e\xd8\x017d\x1b\xd6\
/j\xdd\x9dZ\xb7\x90?\xff\xf6\x16\xa9W\x13\xa5\x82\
)\x80uA3\x10'\x08\xb1\x000\xc3g\xb0\xfaW\
\xd9\xc8\xd8\xe0>\x1e&\x17\xf9\x00@\xc6\x92\xa5\xebd\
\xd2\x84\xe92\x15 `\xfd\xba\xcdZ\x8d\xcb\x1ce_\
\xcf\xbd\x8e\xb6t\xe6!\xb7:\xfd>\xdd5<\xfa\xb2\
\xa6\x89?2\x0c\xa9\x85)\xe9\xd0\xe6\x91\x1f]\x01\x87\
f1\x80\xf4\x22gO\xb6\xe4\xec\xce\xd6\x88Z\xba\x10\
\x18\x14e\xac\x08\xd4\xfc\x8d\x05\x80.\x84Pl@a\
\xd0B\x08\x06\x12`fKNK@`c\x9aT\xaf\
U\x0d\xd6\x8f\x14I\x86\x1b\x84\xa9U\x5cP\xdc\x9e4\
\xdd\xd1t\x8a\xe9E\xbf\xfb\xa2\x02^\xae\xf2\x12\x15\xde\
\x03\x5c7\xf9\x88\x03 %\xf0\xf0\x91\x9fINa\x9c\
\xe4\x05\xd5PF\xc0`\xb8\xa4\x12\x9b7\x96h\x16\xf0\
b \x9f\x8e5\xcd\xeb>\xc3\xae\x7f\x1b\x90\xeb\xe6\x83\
\xd3\xc0\xec\xd2\xd1gv)x\xdev\xcej\xe0c\x11\
\xc0\x97\x07\xc1N\x98\xbba\xb3\xf1\xffW\x03\x19\x11\x82\
\x84\x0d\xd0\xf5\x0at\x03D|\xee\xa9K\xd4Y \xac\
\xdb\xcb\xfe\xdb\x08}k{+\xf5\x99\xca\x8aR\xa0\x80\
\xd6\x84\xcd\x1bw\xca\x12X+\xc9\x5cH\x0d\xb1\x18q\
9\x11\x1b\xa6I\xe8\x96_\xe4\xa2\x9e=\xe5\xaa\x1b\x06\
)\xf9\x8c?\x82\x9a\xcf\x1c\x05\xdf\x7f\x22\x96v8n\
\xc6\xa0\xb6\xf7G\x8e\x92\xa7\x9e\xf9\x97\xacX\xc9\xec\x22\
\x0a\xaf \x04\x00\xd6\x93\xc1\x1d2\xd5Up\xb6,\xa8\
\xf2\x02\x00\xf6\x05\xf7\xff;F|'\xabv\xe6z\xfa\
\xb7[\xd7.\xf2\xdf7^\x03\x85o\xba\xc6lq\xd4\
_x\xf95\xf9\xe7\x7f\x9e\xb5\x00\x00\x04s\xd8;i\
\x01hX\x95)\xab^ \xb8nW\x8e\xd6\x01X\x0d\
>\x177\x17o\xbb\xf12\x05\x00\x89\x04\x95'a\xf2\
?|!V\x02\x00?\xb6\xa65\x88\xaa\x1d\xf1\xf3r\
\xf9~\xf9&O\xa9\xe0\x1aX\xe4\xb7_\x7f\x95\xf4\xbf\
\xecb\x0f\xad\xa6\xd9@DB\xe0\x0fO\xaa\x95)\xa1\
\x91\xdeX\x80\xb2o\xa3vImV\x0c\xc1\xb7}\xcb\
N\x996y\xb6|\xfb\xf54Y8\x7f\xb9\xe4\xed\xcd\
\xaf\xc8q\xf7\xe3q\xb8[\x1d\xbe]\x80\xdb\x1c\xa6\xfe\
\x98\x988\x89\x0a\x07\xb1\x10)R\xfd\x009e\xdf\xcc\
\xb4\xe0\xe2\xdbW\x90\x0f\x10\x90#\x05\x85\xfb\xd4\xacI\
 \xe0\xbe\xd3\xdf\xd8\xec\xb4\x5c\xb3Z=\x8c\x1f\x94@\
!\x0cn\x82\xd8\xf8hI\xaf\x9a,5j\xa4KF\
\xcdt0\x9e\xa5H\x0a\x80A\x0a\xc0@\x14\xe3)`\
=\xa0eAi7\xeds\x1bs\xda\x914\xae\xfe>\
se\xbbS\xd7\x03,\xd8\xf5\xf57?\xc0?=J\
6\xed\x8b\x90\x82\x94Vr(\x00En\x10\xfd\x1e\x8b\
,\x97\xa4&\x0dM\x9a\x9d\xca'\xaf9\xdfm\xaa\x0e\
\x03\x1a\x0d\xad\xb4K\xc0\x01D\xdfsy\xde\xe11\x00\
jjW\xf1g\xec^\xce|\xef\x09\xe2\xb3\xa0\xc3\x03\
>\xf59\x1c)\x90\xb3,8ao\xc1\x85>\x8b>\
\xa5\x01\x10\xf6A\x0dX\xb0\xdf\xd8\xebr\xf6\x1eBT\
\xf82P\x97o\xca\xca\xd5\xb9\xac'\x14\xe5I\xcc\x8a\
q\x12U\x9c'\xd7\x0e\x1d\x8a,\x80\x8e\x0a\xa0\xfd\x01\
\x00\x14\xe8\x09\xd0\xfe\xe3\x98\xf9\xa8k\xa3D>\x1c=\
F\x9e\xfc\xc7\xbfd\xe9\xb2\xe5\xfad\x11!\x81\xd2\x0f\
\x85\x80\x86t\x04\xe7\x82\xd2\xd8\x9e\x1d\x88\xfaD\x00\x00\
\xbb\xfb\x9eQ\x93e\xd1f\xf8\xf6\xedr\xe8\xd8\xbe\x9d\
\xbc=\xecM\xa9\x03\x05\xd1\xc4\x05\x94\xc83\xff~\x0e\
 \xc0\xb8\x00\xb8\x7f\xc5\xc1\xc2\xd9\x0f\x16\x80z\xa9\xc6\
M\xe0\xacLk\x10\xf4\xfd\xdd\xc25\xb2\x06\x85\x80\xb8\
=q\xbf\xfa\xcd\x90\xcb5\x0b \x8e\x15\x9d*\x01\xc0\
\xffn\xd3\xe1\xb4\xde\x07\x13\xdf\xb7K7\xc8\xbb\x88\x05\
\xd8\x09\xa4\xcf\xc9\x1e\x05\x93twD\xf9\xde\x07z\xe0\
\xeaU\xd3\xcc\x02\xe0L\xc0\xe0\x042\xd5.\xb5\x86\xc4\
\xa4b\xf0-\xc7s\x99OlQ=-\x00;0\xf0\
\x1b\x91\xc2\xb7b\xd9Z\xf9\xf9\xa7\x052\x7f\xee2\xc9\
E\xce\xb1\xf1\xd5\xff\x8ak\xad\xcck\xa3*Ur\x1a\
\xf8\x04\x925\xc8\xcfW0\x97\xf9~~6`\xec\x01\
\xb9\xc7\x8b\xc0\xc7\x9e\xbf/\x1f)3{\xc1o\xe0\x0d\
\x5ct\x97\xd1\x8d\xd6.\x04\x15\xe1\x1aEk\x96\x1f\xad\
\x04\x11p\x07\xc4#\x18*9%QR\xd3\x13%9\
5I\x7f\xa7#\xeb!\x19\xbf\x13a\x1e\x8e\x8b\x8bB\
\xec\x02\x03\xc5,w\x83F\xd7z\xcd\xad~>re\
\xb3S\xd0\x03\xba\x16\x00\xfc\xa6\xcf\x9c#o\x0d\x1b!\
Kv\x1c\x90\xa2Z\x17\xc8\xc1\xb0$)\xce\xce\xd2\xfc\
\xeb\xf4\xe6\x00\x00\x98&\xc6Z\xeecF\xb7Z\xf9\xe1\
\x16!'\xc2\x5c{=\xd7gc6\xff\xf6\x9a\xfe\x8d\
F\xef\xb4|\xb3\x81\x9b;y7s\xf7\xbd\xba\xd4T\
\xab7\x00\xc0A\x06\xb7m\x94\x16\xf2\xc6R\xe0\x01\x17\
\xee\xba\xf6~\xe6\xbe\x16\x18\xa0\xd9\xee\xbc\x22\x99\xbfb\
\x13\x22\xcdM|\x0f\xaf\x1e\xbas\x89D\xac\xfd^\xea\
\xd6\xab'\xd7#\xfd/\xadZ5\x05\xcae\x1d\xd4A\
\xa2\x10\x8f\x93D\xed\x9f\xa1\x04f\x91\xcb\xe8O>\x95\
'\xfe\xf1\x8c,\x02\x93\x1d?\x0dC<\xcf\x15-\xea\
\xc8-\x00\x00\xa1~\xd6\x15(\xeb\xde\xa7\xc3\xf7'\x02\
\x008_~\xff\xc94\x99\x05\xe6X\xdd\x8b\xd0_\xad\
[\xb6\x94\xe1(\xa1\xdc\x00)\xa9\xb4\x00\x14\x82:\xfa\
\xd1\xff\xf7wy\xf7\xfd\x11\x92\xa3\x15\x01\xe1BE\xaa\
f_\x12\xb3%1P\xd0\x07\x00@\xf3\xffv\x11+\
\x01\x9a\xcc\x12Z<\xef\x1a\xda[\x1e{\xe8\x06\x14\xa7\
\x03\xc0\xb5\xec\xb4\x15\xd1_\x95\x16\x00?z\x91\x8b`\
5\xac\x00\xef\xc3\x0d0\x09\x0b\x8d\x1a(\xcd\xe0\x0dj\
\xd7\x041P\x7f-\x12\xe4\x06P7\x00,Xf\x04\
$\xd6l \xc1\xd0\x94\xfd\xc1\xc6%\x10\xa8{\x10\xb5\
?w\xf6\x12\xf9e\xe6\x22Y\xb5|\xbdl\xde\xb4]\
\xb2\xe1\x0f\xa2\xef\xbe\x98Ay\xba\x18\x8d\xd4\xf1\xdd\xf8\
\x00\x00 \x00IDAT\xb6rR\xc7\xb1\xae\xe1\xc7\
\xb5\x13\xe2\x12arO\x04*E\xe4\xb2\xe6Y\xf3}\
\xcb\xa4\x12,\xf7\xe3r\xe2\x17\x16\x16\xc8\xae\x9c]\xb2\
'\xd7[B\xd3\xef\x0bY\xb7\x0c\x17\x1f\xdd\x07a\xc8\
V\x88\x8e\x8e\x92X\xd4\xd2N\xc0\x82K\x01\x10\xc8\x80\
\xab\xa0z\xcd\xaap\x1bT\x95t\xf8\xe1b\x00\x08\x02\
\xb9\x99)m\xebI\xf6\xb1\xdf\x0fzz6<\xd2\xf6\
sz=\xa7\x01\x00A\xb2h\xd9*y\x07\x81\x80?\
\xa1~GQ\xf5\x8e\xb2?\x01ii\x05y\x10^U\
\xa4j\x9d\x0c\xac?S\xf5\xce\xd5\xce;Bh\x9b\x05\
kM\xf5*\xdb<U\xf7<\x82\xdc\x81\x07\xac;\xc3\
\xc9o\xad\x09v\xad\x97\xb6 X\xa1\xe9\x0b\x0e\xec\x06\
`\xda\x19\xc1]J\x93\xb7\xf7\xd7G\xd1\x1f\xb3\xc6K\
\xdf\xcb{\xaeo;\xf6\xc3\x92u;e\xf5\xe6\x1d\xde\
\x80\xe4\xfd\x05\x12\xb5\xe6\x1b\x09\xcaY+\xbd\xaf\xb9F\
\xba\xf7\xee\x8d@\xda\xb2K\xc8r\xcc\x89\xeb\x93\xc3\xaa\
H\x1c\x96\x81\xa1\xa85\xc7\xc7\x9f~.O<\xf5\x8c\
\xcc_\x80\xb2\xb78B\x01\x12\xfa\xa0\x8c\xedm\x9d\x9a\
H8\xd6\xd7\xd9\xb2ZN\x04\x00\xd0b\xf2\x97/f\
\xcad\xc8\x86C6B\xbf\x09*.\xbe\x0f6\xc0\xc6\
\x8d\x10#A\x8b\xee\xaely\xf0\xa1?\xca\x97_~\
){\xf3`\xcdE\x1f6\x86\xb5\xf2\xd2\x16\xf5P\x09\
\x90<\x00Fn\x04\xe3Z\x1bvf\xcb\xd7p\x01\xac\
\xdcn\xf6=\xc6u\xfd\xf6\xd6\xbe\xf2\x97\x07\xaf\x83\x05\
\x16\xc8\xac\x12\x00\xfc\xef7\xa3\x22X\x01\xe8\x02xk\
\xfab\xd9\xb9\xb7@\x8dxq\xc8\xf1\xecuq'y\
\xe0\xd6A\xfa\xb7]\xfa\xfap\xcc\xe1\x8fO\xaf%\xd1\
\xb0\x02\x1cW\x98`\xe0\x0b\x11E\xba\x19&\xff\x9f`\
\xf2\xff\xe1\x9b\x99\xb2r\xf9:\x0d\xdec\x16\x02\xfdo\
'2)\x7f\x8d\x1e\xe2s\x04!\xd3!\x12n\x80\xb0\
P\x04\xe1\xa1HR\x08\xa80\xf9Y\xc5\x1ef\xe79\
\x08&\xb6l\x00\x80\x1d\xbbL]\xf3\xf2\x1c\xaeX\x07\
\xc7\xc4htt\x1d0>\x8a\xbf\x19_\x10\xa4.\x01\
Z\x08H\x8d\x5c\xaf~\x0d\xa9U\xaf\xba\xba\x0e\x08\x06\
\xe2\xe0N\x08\xc3\xbb\x95\x834\xad<\x8fwZ\xb75\
N\x91\xd2\x87\x11L\xa7\xcf\xa1k\x02\x83\xb3\x1e\x82\xef\
\xfd\x91ce\x22\xd8\xef\x0a\xd2[Ja\xfayj\xf6\
\x0f\x85\x15.\x0d\xe9U\xd1\xf1\x08|\xb3\xae\x22\xf7\xfc\
\x1e\xbf\xbb\x13\xf6\xf6{\x95\xbb6\x05\x95o\xea\x00\x80\
\xfe\xedL\xf7\xd6&\xef\x9b\xa6zl\x00`\xb5t\xa7\
\xb1;\x00`{\xd2\x93Y\xe0\x01\x18\x16\xdb[K\x81\
/\xac\xf6\x02\x03>\x8c\x01\x07\xec\x82\xec\xdc\x02\xf9\x19\
\xd6\xc9}\xb6\x1e\x01\xdb\x05\xe5\xac\x93\xf0\xd5\x13\x91\x83\
\x1e.w<\xf0 \xe6u\xbd2\xd9\xff\x5c\xc1\xd4h\
D\xfe'\xc3\xfc\x0f\x0c\xe0\x1do<\xcf\xd8\xcf\xc7\xc9\
\x13\xff\xf7\x8c\xcc\x9d7_'\x01\xcd\xfe\xbd\x9b\xd5\x92\
\xdb/h*\x11\xc8t(\xdf\xea<}\xe6\xd1\xe1O\
r\x22{-\xc9\x92\x9e\x9a0[\x03\xc5I\xc7\xce\xa3\
A\x83\xfa\xf2\xde\xbboKs\x14\xa6\x0a\xc1\x5c\x5c\xb4\
l\xa5\xfc\x1e\x00`\xfa\xf4\xe9ps\x1aKM\xe7\x06\
5\xe5\x82\xcc\x9a\x08\xa84l\x81D\x86\xd1p\xadl\
\xdc\x99%\xe3\xe6!\x0b`\x9b\x01\x00\x91p\x15\xdc\x7f\
\xc7\x95\xf2\xc8}\x03\x14\x0cT\xba\x00N\xc1\xfc\xa1\x10\
_\xc9R\xc1p\x03L_\xb3U\x0eh\xa9\xe0@X\
\x01j\xc8}C\x07\xca%]:\x18\x14\xe7\x9e\x0d\x7f\
\x84\x83\x150\xb9Nce\xfa:\xda\xc1\xa9\x92\x9b\x9b\
'KQ\xf8a2(|gL\x9f/\xbb\x80\xfa\x0e\
\xc0\xf7\xcd\x82\x114\x87\x13\x00\x1c\xf7\xf0Ck/O\
w\xf1\xf9\x8f\xb7\x98]\xca`<,\x01\x89\xb0\x04\x10\
\x00P\x98\xfa}\xe0\xe2j\x00=\x864q&4v\
f!4\x99\xec\x1c\x14{9\x01\x0b\x80\x17\x00x\xc7\
\xc4\xdc\xd7\xdc\xd8\x84\x11\x00`\x01\x10\xf0\xa3P,\xc2\
$\xc4\x0a\x90K\xa1\x11\x18\x12\x9b4\xab/\x8d\x1a\xd7\
A\x0d\x85DM\xfd<\x17\x0e7\xee\xc7\x1a\x7f\xdf!\
;\xd5`\xc0\x85\xdd\xeeB\x96\xce\x98\xcf&\xc8\xc7\x9f\
\x8d\x97\xbdQ\xb5\xa5\xa0FGD\xc0#\x15\x0e\x83\x9a\
\x80\x0c\x91\xb4\x14\x04\x83\xdajkN\xf362\xdc\xbc\
\x81\x06\x06\xea\xe6k$\x9eF\xe4;s=\x1b\xf8\x0a\
~;o\x8d'\xdeW\x9b\xe7\x17\xda\xd8cIp \
\xc3^\xc2~m\xc4\xb8\x0av\x1fK\x80\xc7\xfc\xafj\
\x85\xf79\xb4\x99\x91\x0b\xe6\xb0@\xc2\xfd\xdeWxP\
\xe6\xc3\xf7\xbfqG\x8eZ-\x5c\xdan\xc4\xfa\xa9\x12\
\xb8y\x8e\x5c\xd8\xb3\x87\xf4\xbf\xe1&\xe5\xe8(\xf3\xc0\
\xb5C\x98\xf7\x1f\x06!\x84\xe5l\xe2\x14\xecZ\xc1\xb5\
?\x1b\xf7%,\x00O\xcb\x9c9\xf3\xf4R\xd4T\xfb\
4\xaf-\xb7w\x06\x00@\xaar\x05\xba\xa5\xcb|\xd4\
_\xb3Ay\x01\x00\xdb\xb3\x9a\xdf\xf3?,\x901\xa8\
 \xcb\x12\xf2\xec\xbd\xba\xa0\x5c&yRkPA3\
\xedy\xc27\xdf\xc9#\x8f>&\x8b\x97,E\x9a\xf5\
A\x09\x06\x80\xea\x05\x12\xa0\xf3j!\x90\x9a\x05\x83,\
\x08M\x0c\x0f\x925\xdbv\xc9\xd89+\xb54=w\
\xcb8\xb0J>pg?\x94\x03\xbeZ\xe38*\xf2\
\xa8t\x01\x94\xa37\xf7\x00\xb9M\x5c\xb2AF\xfe\xb2\
B\xb2@\xd7\xc8\x83\xa9g\xdd;\xb7\x93\x87\xef\x1e*\
)\xa0\x0a\xf6N \xe3&`}\x80\x98\xb4\x0c]L\
*\x80\xec\xfd(\xb7\xf7`\xf3\x9a\x05\x1f\xff\x0f\xdf\xce\
\x84\x9f\x7f\xb9\xa6\xfd\x1dD\x0c\x00\x01\x00'\x897\x17\
\xdf\x9f\x87,Ct\xfb\x09\x14\xca\x02\x00\xfa$\x98\xac\
\xe9\xe0;HD\xc1\x15\xf7^\xfe<\xa1?m\x08x\
\x0a\x8b\x90\xb6X\xb0O\x03\x01\xf3\xc1\xaeu\xb4\x18\x00\
\x7f\xae\xe5mc6\xb3#\xb5Z\xb7\xa32X\xdc\x04\
;1\xb6!\x1a&9\xf2)\xb4j\xd3D.\xecv\
\xbed6\xa9\xa31\x05\xce\xf4[\xbe{\x9f\x19\xad\xb5\
o<B\xa4\xecg6\xa2\xec\xd4\x1e\x1c\xaf|T\xbf\
\x9c\xf8\xc3\x0c\x199r\xb4l.\x0c\x95}5.\x90\
C\x91\x98\x97\xb0\xf2D\x00\xd4e \x084\x06\xb4\xb5\
F\x9bW\x11m\xc6Q\xff\xb6\x11\xf9\xd6\xa4\xef\xeb\x0a\
\xf0\xfa\xee\xddy\x1648Ao\xdf\xdf\x1a\x04\xcc\xbf\
\xec\xf5\xcd\xb5\xb5C}\x00\x81\xef\xbf][\xd3\x7f\xae\
\xbdG\xce[\x89\xef\x1b`\xeb\xfb\x1d\xff\xa6\x02\xb2n\
\xebn\x99\x8b\x0c%\xee\x13\xda\x16\xb2'\xf0`\x9eD\
.\xfb\x5c\xc2\x0f\xe5\xca\x9d\x7f\xf8\x03\xc0lS\x1f\x04\
q\xf4\xf1r}\x13\x87\x9c\xff\xf8\x10\xf8\x9c\x99\xbd\xe0\
\xd3\x94\xe5\xc5?\xfbb\xbc<\xf9\x7fO\xcb\xec9s\
\xf5\x1b\x05\x00j\x01h\x86\x80\xc0s\xd7\x02\xc09\x18\
\x8e\x8c\x897\xa6-Q\xe5\xd0T\x8f\x15\xa9U\xb3\xa6\
\xfc\xf7\xcd7\xa5m\xeb\xf3\xb4\xce\xc3\x9bo\xfeW\x9e\
\x01\x91\xd2\xa6M\xa8\x1b\x81\xb1K\x04G\xc5\x95\xc8\x00\
\xa8\x8b\x00@\xd7\xd7\x04qi\x91\xc1\xb2\x02\xf5\x1c>\
\x82\x8cY\xb5s\x8f\xf6u\x22\xac\x91\xbf\xbf\xab\xbf<\
\xf0\x9b~~\xc5q\x94gUV\x02\x80r\xf4\x16\x07\
n\xc9\xd6ly\x07E\x82f\xad\xa7Y\xda,\xea\x9a\
\xc8\x08`\x95\xc0\xbe=\xbaX\xcd\xc2\xbb|B\xc2\x22\
$\xa5~SL\x82\x08\xdb\x1a\xbf\xb0\xdb\xe6\x03L\xfc\
<}\x81F\xf9\xafX\xb6\x0e\x9a\xee\x1e9PD\xcd\
\xff\x90G\xf8\x97\x0f\x00\x94\xf1\x22\xce\xc6\xa7\x8fV\xb6\
\xc1\xce\x08\xcc\xa3\xb5\xc3\x050\xe9\xa3\xc0w\x90\x10\x9f\
\xa4\x04=\xe4\x01p\xb9\xfd'K\xee\xcf\x05\x95\x97\xb7\
Wvf\xef\xd0\x8c\x00\xcf\xe1\x8b\x9e\xca1f'\xd2\
\x94\x9b)S=c\x90r\xd3\xf1\x82\x96r\xe5\xd5\xdd\
\xa5i\xb3z\xc84`\xd6\x83\xed\xbeS-\xfdN\xe4\
\xc5\x8eq\x8e7\xe2\xa1\xecy\xe1.q\xba\x00\x80\x83\
\x98/\xbf\xcc_\x22#\xc0\x07@mx_\xb5\xf6\xb2\
?\x09\xect\x98\xbb!\x98\x97\xc9\x88\xf7\xc8H\x89U\
\xeaj\x8f\xef\xdej\xf5\xbe\xda\xbd'\xbe\xde4S\xa0\
\xe0\x19k+\x10\xdd\xe7\xce\x92\xe4-\xc9\xeb\xc0\x81\x11\
\x9c\xa5\xab\xf6\xd9x\x01\x8f\x04\xf7\x01\x07V\xf8\xeb.\
\xe2\x80\x85m\xe7\x8d\x11p\x13\xdf+\x94\xb9.s\xf3\
\xf7\xcb/pInG\xdc\x90w*\x06Jt\xce2\
\x09\x5c>Q2\x9b5\x96;\x1ezH\xab\x81\xfas\
\x84\xc3\xe1\xcf\xbc\xff\x08S\xf2\xe0\xa8\x00\xe0\x89\xff\xfb\
G)\x0b@\xeff\xb5\xe5\x0e\x05\x00\xe7n\x0c\x80\x01\
\x00\x81\xf2\x1e\xb2\xc4^\x9f\xbaH\x19*\x19\xf8\x9dQ\
-C\xdex\xfd5\xe9\xd8\xee|T\x94\x0c\x92\xc7\x1e\
{L\x86#\x000++[\xfb\xb6.\xc8\x7f\xfa\xc0\
\x02\x90\x8a\xb8#\x9a\xff9\xba\xb4$T\x8f\x0e\x91y\
\xeb\xb7\xc9H\x5co\x8dfu\x08\xb2\x98b\xe5!\x00\
\x80\xfbn\xbf\xb2LW\x8e?c\xed\xdb\xa6\x12\x00\x94\
\xa3\xc78p\xa4\x07\xa6\xaf\xe7\xfd\x9f\x97I\x1e\xb4\x0f\
\x1e\xb4\x02\x5c\xd4\xfe|\xf9\xe3]C\x94$\xe8p\xdd\
(\x01\x9c\x001\xa9\x19\x9e\xc1\xe3$Y\x81\x5c\xff\xaf\
\xc6M\xd6H\xff\x1d\xdb\xb3\xc0\x0f\x0dM\x97\xc2\xbf\x02\
\x00\x80\xdb\x10t;W\x93\xbbIss\x1b\x8d\x87\x84\
\x87\xe6N\xa5\xec5?\xeeo\xf7\xdb\xf1\x9f\x97\xde\x0d\
L\xde+\xeb\x05\x04UA>~\xb0a\xe9\xa3\xb5\xc3\
\xb4\xf7z.\xd5\xb2jo\xea\x0d\x9b\xb2\x02T?\xf7\
v\xbew\x03\x0c@\x06@\x112!\xb6\x1df\xfaw\
\x92\xb7\x1c\x03v\x82M\xd5\x0c\x8c]\x90\xee\x8dD\xb8\
\x05.\xb9\xac\x93\x5cyMw\x04\x0c\x22\xa7W\x03\x0a\
\xcc\xa6|6`\x80\xd2\xe1\x8e\xfe\x03\x00vm\xc5\x87\
~\x96\x7f\xc0\xe8v[\x8dJk#G\x7f&\x93\xa6\
\x22\x0e 1S\x0a\xaa\xb6\x91\x12\xc4\xa5\xd0\x9a\x13\x07\
kN\x9dj\x89\x12\x1e\x86\xf9\xa9\x15\xf5\xdc:p&\
n\x0azk\x1fr\x82\xdf\x87>\xd8L_s\x92\xd7\
\x82`>s \xa8\xd4\xf7\xd6d\xef\xb1\xf8\xe95\x1d\
\xa9\x96\xf7:\x1e\x18`K\x15\x97\xb28\xb8np\xcf\
\xa5\xf7vT\x85\x8c\x8d)\x915[rd\xde\xaa\xcd\
\xca\xdai\xac\x8e\x01\x12^\xb2_\xa2V\x8d\x97\xc0\xbc\
\xad\xd2\xff\xa6\xc1r\xc1%=\xfc\xc1\xfa*\xf0\x13A\
\xf9\xcb\xb4\xbf \xebs(5\xb7\xf1\x1c\x9f\xd2\x05\x00\
\x0b\xc0\x9c\xb9\xd6\x05\x00\xbf\xb7\x02\x00\xba\x00\xceu\x0b\
\x00\xfc\xf6\xa3a\xfe\x7f\xfe\xfb\xf9r\x00{;\xb3-\
\xaa\xa6\xa7\xcb\xab\xaf\xbc$]/\xe8${\x90\xc2}\
\xe7\xdd\xf7\xc8\xb7\xdf}\x8fJ\x80\x05\xda\xdfm\xeaV\
\x93\xae\x99u$\x8eQ\xfd\x98\x1f\xc1\x98\xab\xc9\x11\xc1\
\x92\x8a\x9f\x1f1\xae# _\xd6e\x19\xde\x99TP\
\xbd\xff\xe1\xee\xfer\xef\xadWx\xe6b\xf9W\xca\xd1\
\xcf\xa8\x04\x00\xe5\xecI.\xb6e\xf0\xd3\x0f\x9b\xbeD\
f\xad\xdd\xa6\xa2\x80i\x7fuP\xf4\xe3\x9e!\x03\xe4\
\xb2\xae\x1d\xad \xb4\x8b\x1d\xdf\x87\x22#\x80\xec\x80\xc1\
\x08\x9e\xe3B\xcfC*\xe1\x8f?\xfc\x223~\x9a\x0f\
\x02\x8fm\xb2\x0bi\x7f\xb9`\x91b\x01\xa0CX\xd0\
4\xff\x93\xb1\xcf\xaf\x18\x00\xfb\xfc^\xdf\xb6-\xb4c\
\x83J\xf8l,\x1c\x14\x8a(xR\xec\xd2\x94Mf\
=F\x93\xd2\xef\xad\x84:\xf6w0\x02L\x94j\x97\
t\xbd8G\x8b\xfd\xd8H\x7f\xde\xc6\x01\x0af$\xf0\
\x19\x8b\x00\x80\xf8\x9b~\xf4\x12\x06\xd7\xd1\xff\xa5\xbeu\
\x06\xdb\x19\xff\xba\xabr\xc5t~\xfe[]\x1c\xf81\
\xefi~\x0e\x90z\x98\x1b\x19\xcegN3S\xffv\
f\xed\xd0\xdf\x9e\xdcgk\xb6\xf5\xee\x8d\xa6\x7f\xcb\xeb\
\xb3\xf3w\xb8\x09\x82h\xd9\x88\x82\xa9\xaeAf-\xb9\
~H\x1fi\xd7\xa1\x85f\x13\xa808\x0b\xc4?M\
\xbb\xa6\x0f=\xa3\xebo\xf7\xd8>8\x1c\xea\x96\xeb\xf4\
\x0ai\xccG\xcf\x06x\xfe\xe2\xebI2\xe6\xe3\xcf$\
\xbb$\x06n\x80Nr(*E}\xf9\x9c\xf3\xb5\xab\
!\xf53\x9e\x168g\x92\xf7\x15\xe8*]=@\xd5\
\xf8\xff\xf9\x99\x817Fx\xdb\x888|n\x82\xff\x0e\
;\xdfs]\xd3\x8f\xdet@\xa3J[\xe5\xde;c\
\xdc\xfd\xec\xf5\xed\x0d=\xdf;\x90b\xeeo\xff\x8f,\
\x85\xf8\x07\xdf7\xbf\xe0\x80\xccX\xbcQ\xb6\x22C\xc8\
Ix\xd6\xe4J\xc8^,\xc5+\x90\xfa\xd7\xa8\x91\xdc\
x\xd7\x9d\x92\x94\x0c\x16:?\xa2X\xa3C\x8c\xf6\x8f\
\xffyJ\x10\x97\x1a\x1c\xdc\xf8\x13\x0d\x02|Z\xe6\xcd\
[\xa0_1\x08\x901\x00\xb7)\x00\x80\x05\xa0|\xd8\
\xb1B\xc6\xfe\xd7\xb8H\xb9\xf7\x13\xbcx(\x5c'\xe3\
\x16\xac\x93g&\xce\xf1\x00\x002\x00\xbe\xf4\xe2\x0br\
I\x8f\x8be\xd1\x82\x05r\xc7\xdd\xf7\xca\xc2\xc5\x8b\xb1\
\xbf\x15k\xd6D\xd7\xc6\xb5\xa5\x15\x82\x8f\xc9\x06H\xcd\
?\x11\x0059\x22H\xc2\xf1\xf7\xb7\xcb6*\xef\x8c\
\x03\x00i\xa9\x04\x00W\xcboo\xe9[\x09\x00~\x8d\
A/\xef5\x0b5#`\xb3\xbc6e\x81Z\x04\xb8\
0c\x91b\xd6\xab\xdb\x05\xf2\xfb;\x98\xab\xe9S\xff\
\x1b\x17\xa7 \x8d\xafV[\xa2\x98\x11\x80\xc0\xb3,,\
\x5c\xb2\xfc-\x9c\xb7\x02\xacP;$\x0b\x00`\x0f\x00\
@\x11\x18\xff\x9c`\xa4\xf0W\xe1z\xcc,\x80#5\
bM#a\x91 \x08w2\xe41\x92=1)^\
\x92\x93\x13$\x11\xc1P\xfc\x9b\x14\xc1q\xc8?e\x04\
<s\xe0\x19U\x1a\x82\x1fVN#\x8b!\xab\xfbi\
A\x1ejK\xcad\xe6\xb5'8\x9d\xc9=\x93\xf9\xcd\
L\x05\x02\x00\x04,\xea\x0f\x858~\x0e\xe2\x07R\xdf\
#\xe4)\xf8Q\x9d\xac\x08\x05\x8d\x0aQX\x89\xe0\xa1\
\x08\xbfIQL@\x94\x8f\xcc\x8aB\xc4U\xe4\x03!\
\xef\xda\x85\xc8\xff\x9d;%\x1f\x9f\xb3\x8a!\x81\x91\x82\
\x04\x16'R\x90`\x81\x86\x1f\xae\x8c\xf2\x8e\xadko\
\xdc\x00\xe0\x13\x00XJ\x03SW\xffk/\x91Kz\
uVn\x01\x8d*?\xc3\x01\xc0\x89\x0a\x7f\x17\xac\xc4\
\xfe\xe1\xdf\xa7\xda\x0a@\xb9C\x8b\xdal\xb8\x01\xdeE\
a\xa0\xf9+6\xc8\xc1\x8c\xf3\xa5(\xb9\x09L\xaf(\
D\x05\xed4\x03~\xd6:\xd5\x12\x8ci\xdbW\x9bw\
\x7f+\x06p\xa6z\xe3\xfaR\xae\x7f\xa5\x06\xc6X\xfb\
\xb8\xcf<T\xbdV0;\xd2l\xc5\x0c\xd6$\xe0\xab\
=\x9b\xfb\xb9\xd9\xe2e\xa3\xd4\xd3}\x1a:uAW\
\xb5\x03\x0d\x9e\xc9h\xe4<\xaf\xc54\xb3\xb5[sd\
\x16b\x91\x0eXZo\x9e\x13\xb1\x7f\xb7D\xae\x1c/\
%\x85\xbb\xe5\xea\xc1C\xa4S\xb7n\x06\xc0\xfb\xde\xe4\
(\x8b\x814%i\xe1\x88{Al\xd9\xd1\xc6R\x05\
\x22\xae\xf1\xf1\xd8\xcf4\x0dp\xc1\xc2Ez\x15\xa6\x01\
\xf6E\x1a\xe0\xad\x9d\x91\x06\xe8'\xc1\xd0\x89\xae\xc5\xff\
\xe5y\xe5\x06\x00x8\x0a\xf0\x09\xc8\xc4xb\xfc,\
\xd9o-\x00)\xc9I\xf2\xfcs\xcfJ\xaf\xde\x97\xcb\
{\xa8\xa3\xf08\xdc',\xa5\xcc#\x01{/\xcb\x00\
7@\x80q8\x14\xadt\xf8\xfdS\xf1\xc3\xeb\xf0P\
\x00\x80\x94\xf3\xb5GX\x00\x08\x00*v\xc5UZ\x00\
\xca;\xbb\xb0\x1e\x08\xaa\xd7\xc1?\xf3*|>3\xd7\
l\xd3\xc8O\xfa\x8c3\xeb\xd5\x96GA\x0f\xdc\x8e\xa5\
\x82)\xa4\xec\xc1\x05\x1a\x1e\x03A\x5c\x17\xd5\xb8\xb0\xe2\
r\xc0\xdb=\xe3\xc7y\xb2\x18%\x1f\x99\xeb\xbf\x0b\xc1\
\x1e{v\xe7jz\x08\x85\xa4\x0aP\xfc\xb8@@'\
p\xedZ\xd4E\xad\x15\xf9X\x08\x08\x11\xa6\xd4\xe0\xa9\
\xd9\xc7\xc4F\x22\xad-\x01\xa6\xea4\xa9]\xb7\xba\xe6\
\xb7\xa7\xa5'\x83\xb8'F\x8b\xfc !\xd5\xfbL\xaa\
\xa6\x9b\x14C\x8d\x98\xf7\x08S\xfe\xc3[1\xccl \
\xd6\x96\xaf\x1b\xa1\x8f;\xc1\xd7\xd9\xe9\xd9\xd0\xacVi\
7U\xcaI#l\x9c]\xd5\xa7\xc3\xed3(0\x80\
\xa0'0\xd8WP\xa0\xc1\x909\xe8\xdf,Pbf\
\xa3\x8e\xf6\xee\xdd{\xd5E\x92\x87\xcf\x99\x1e\xb9\x0f\x84\
'\xaco@p@\x8e\x04\x02\x89B\x00\x8b\xfd\x00\x15\
^\xc0d}\xb8\xe5\x18_\xed\x0b\xab\xb29\x0b\x00\x01\
@\x0a\x04H\x9f~\x17\xc9eWt\x95\x14\x9f\xca]\
F?;\xd3T\x1f\x1b\x0c\xc9q9I\xb5MM\xe2\
\xa7\xc1\xebs~\xed\xc4<\x19\xf3\xe9\xd72z\xec\x97\
R\x18UM\x0a\xaa#+'<^]6\x89\xc8\x06\
\xc8\xac\x9d\x0a\xf6Jk\xbd\xf1\x11\xf6n\x08\xff?{\
W\x01`Wu\xb4g7\xb2\xeeI6\xee\xeen$\
@\x08\xc1)\xc5\xb5\xa4\x14/\x0e5(\xda\xfe\x14)\
\xee\xc5\x0a\xc1\xa1@\xd1\xe2\xc1\x12 \x10\x88\x87\xb8\xdb\
F6\xb6\xc9F\xf7\xff\xbe\x99s\xee\xbbo\xdd\x126\
\xb07,\xfb\xf6\xbe\xab\xe7\xcc\x99\xf9\xc6\xad\xc2\x9f\xf3\
\xb7+Pp\xef\xe6\xf6\x1b]D\xb4{\x92\x15\xf7\xb9\
\x92\xfc\xa6\xe9\xeb\xb1\x11\xc0\xec\x8f\x89\x04\x13p\x8fs\
\x1f\xf9u\xa5\xf4\x19\xe5 \xd3\xf5\x12ZEn\xfd\xd9\
\x9e\x0d(\xfa3~\xda\x22\xc9\x81\xef\x9f4\xaa l\
\xf7NI[=Y\x0a\x16\x8c\x97\x0e]\xba\xc8\xd9\x97\
]\x0a\xf0\x8f\x0ese\x08\x7f^/\x0dj?\xd3\xfe\
`\x04(v\xf34\xf2\xd2+\xaf\xa1\x12\xe0?e\xfa\
\xcc\x99z\x1c\xfd\xde\xbf\xee\xddV~7\xa4\x9b\xa6\x5c\
\xd6\x002\xa8\xc0J/\xf9\xd0\xca\xac\x09\x82\xa1\xcf\xe7\
\xac\x90k\xdf\xfc\x0a\x00\xc0J\x987@\x13\xa0\xbb\xee\
\xbaS\x0e;\xf4\x10\xb9\x0a\xa9\x98\xac\xa3\xb0y\xf3f\
\x9d\xaf\xd6\x0d\xd3\xe5\xf0^\x1d\xd1\x068\x0d)\x94\xb1\
\xd2*5N2aYd\x9c\x0a\xc7\xf1\x93YK\xb4\
\xe6\xcc\xfc5\x8c\x01\x88A\x0c@*2\x00\x18\x03p\
\x0c\xe8\xad\xecbN\x15\x19\x88Z\x00P\x91\xd1r\x82\
\x92\xebjS\xfevy\x1f(\x9c=\x02\xd6C\x00q\
b3Pn\xf6\xb4c\x0e\x85\x15\xe0L\xd5\x8a\x03\xf1\
\xc0E\xca\x80\xa46]$)\xa3!\xb4\xde\xad\xd0\xfe\
\xe7 \xf2\x7f\xa6,^\xb4BV#\x8dg\xfd\xfa\x0d\
\xb2\x09\xdd\xa4\xb6\xc2\xa2\xb0s\xbbi\xce\xde\x05\xc0\xfb\
i\xd7?\x9a\x8b\xd8$\x07\xc2\x9c\x8dp\xac\xd2]\xa6\
\xb6\x02n\xde\x22[\x9a6C\x0d|\x08+j\xfe4\
\xed+Z$E\xa9\x90\xf7\x22\xde/U\xfftNC\
\x098\xb9c\x82\x15\x19\x97(\x99\xee\xaf\x1bf\x09a\
\xeeR\xcc~\xfd\xda\xa9=^\x8dr\xbe\x04V\xf8\xf3\
\xee\x06\x0a\xfc-\x18\x9f\xbc\xcd\xf9\xb2\x09\x95\x11s\xd1\
\x83}\x15Rf\x96\xa3\x81\xd2Jt\xceZ\x83\x12\x9a\
\xb9\x08\xa6\xdc\xb4!OA\x02S)\xbd\x7f\xb4\x1c\xbc\
\xd0\xf3fc\xec`\xae\xec\x9dNKI3\x8c\xed\xf1\
'\x1f\x22#F\x0d\xd6BB\x96Ch\x8f\xbc\xafm\
6\xfa%\x05x\x96\xffm\x14\x18*`\xfa\xe97\xbe\
\x13<G2~\xe2ty\xf4\xdf/\xc8|\xb8\xd5\xb6\
7\x1f(\xdb\x1bu\xd5g\x8c\x07Hn\x03+N;\
Z\x01\xd4\x9ao\xb4\x16\xa4\xe3\xb9Wp+A\xbf\xf0\
\xef\xa5\xb0\xc0\x1dk\x96\x01C\xbdv\xae\xb7\x1a\xb8Q\
U\xd4\x10\xd1\xf7\xc3D\x12\x05\x15\xdd\x12PM\xdf\x13\
\xa6\xc3\xd8\xbc\xac\x9f\xa3\xa0\x17\x80\xdb\xb7}\xc7n\x99\
\xbbl\x1d\xf2\xfe\xd1\x92W{\x87\x18H\x89\xdb\xbeN\
\x92P\xf8'vK.L\xff\x17\xc8\xc0\xfd\x86EM\
JQR\xb5=p]K#\xf8\xfe\x93\xa0\xfd\xd3\x85\
P\xdcf\x18}\xb7<\xf7\xc2\xcb\xf2\x0f\xed\x050G\
\x0f\xb3^\x00\xedd\xf4\xe0\xae\x9a\xd2V\x11\x00P\x93\
\x97Ne\x01\xc07\xa8\x02\xf8GT\x03\xdc\x0e\xbe\xad\
\x16\xdf\xf4t\xb9\xe3\x8e\xdb\xa5G\xd7\xcer\xce\xf9\x17\
\xca\xd4i3\x94\x9fs\xeb\xdb\xa6\x89\x8c@\x8aq\x06\
\xea\xa8d\xa2\xe0BK\x00\x80d\xb8Q\xfc\x14|:\
\x9b\xbdgf\xba,\x80\x02d\x01\xa4\xcaU\x08\x02\xbc\
\xaa6\x0b\xe0\xa7c6\x85\x09\x83Z\xffL\x14jx\
|\xdc4\x99\xbc\x94\xfd\x9d\x91\x1a\x03!\xdd\xa3K{\
\xb9\xf7\xc6\xab\xa4E\xe3&Z\xc8'\xb2\xc1\x1f\x99\x96\
%\x8d\xdawW\xaf\xe2\xaa\x15k\xb4E\xef\xbc9\xf0\
\xe5\xc1\x0d\xc0\x8a\x7f\x1bQ\xc3|\x0bL\xe24\x9f[\
\x10\x1a\xfc\xf6\x08\x12I\x07\x014\x80\xe6\x99\x05S~\
:\x84~V\x16~\x10\x9c\x96\x9e\x95\xae\xd5\xedxL\
\x1c\xfcJ\x14Z\xb6\x99\x89\xdc\x0b\xd5\x9a\xc0\xa4\xcb\x9a\
\xb9\xe2\x16\x9e\x9a\x99\x0b\x9f\xa8\x9c\xd4\xe9Gp?\xd0\
5\x90\x871\xdb\x04\x0b\xc1j\x04S.^\xbcB\x16\
/X&K\x16,\x87u%\x07\xee\x84\x5cX\x14\xe0\
^Aj\xe1N\x8c+\x07&\x18'S\xea\x82{\x98\
\x0ehZ^]\xb8C\xd8\x9a\x98\xdd\x06\xbb\xc3\x5cw\
\xf2\xe9GH\xcf>\x9d\xb5%\xf1\xbe\xba)\x16\xac\xa6\
\x87Wm\xb7\x8a\x16\x84jz\x14G\xea\xa8\xa0\x96\xb3\
Q^\xf8\xef\x07\xf2\xde\xdboK~J\x0b\xd9\xd2j\
\x7f)\xa8\x87\xcc\x0d\x1c\x91\x01\xc0\xdc\xbb\x03\x9at%\
\xa3\x92\x1a\x85\xad\x17\xf2\x0ew\xfaZ\x81\x1e\x1c(%\
\xd0\xd2\xa6\x00 \xe2\xea0K\x817\xf7G>\x87-\
\x04\x85\xd7[\xe1a\xf2\xf8Qi\xcd\xd9\x1d\xa2\xc7\x82\
\xe0\x8a\x0ff9\xe5d.\xfc\x97\xbb\x09\x99C3\x97\
\xc9\x0a\xb4\x07\xf7\x11\x0a\xf0\x89I\xfa\xaa\x89\x12\xbb\xe4\
k\xe9\xda\xa3\x97\x9cw\xd5\x15P\x14\xa2#\xff\x8bf\
\x00\x1b\x8d3\xed/\x13%J\xa8\xfd\x97\x04\x90\xf9\xac\
\x8cGzj\xcc3r\xeb?\xef\x92\x05\x0b\x17\xe9\xa3\
\xa6cm\xb0\x1b\xe0\xe9\x03:\x17i\x07\x1cV\x01\xf6\
\x05\xde\x13\x1e\xfb\xca\x00\x00\xc6CL\x82\x12r\xf9\xcb\
_\xc86\x07\x00\xd2\xa0\x0c\xde~\xdb\xadP\xf6\xf2\xe4\
f\xd4O\xd0\xfa\xff\xd8\x08 \x0fE\xf5\xbf~\xce\xff\
\xcf\xa8\x7f\x9a\xff\x19\x04\xa8\x1b\x06\xec\xcby+d\xcc\
W3e\x96\xab\x04\x98\x86\xce\xa7\x97_p\x9c\xfc\xf9\
\xe2\x13\x10\x9bU\xbd\xfc\xa7\xd6\x02PN.T\x1ca\
\xac\xde\xbcU^\x9b4\x0f\xed\x82\xe7)\xf2\xe3\xd6\xa8\
A\xa6\xfc\xf9\xc2\xd1r\xfca#\xa3[\xefj\x83\x8f\
X\xc9\xee\xd0\x03mB\xd1\xfc\x01\x9a\xed\x0a\x10\xcd\xbc\
9\x8b!\xa8V\xc2\xe4\x0d\xe1\x0f\xf37K\xd1\xa6!\
5$#\x93\xfe\xfbLh\xf4\xa8e\x0f\xad\x9e\x8dn\
\xea\xd4C7/]\xa9\xc8\xfb\xa5?\x9c?\xcel\x1d\
(\xce\xce\xee\xe0\x99NY>\xc0r\xbe\xfeO\x7fX\
Hm\xf0~\xe8\xa89!cFa\xa6\x02:51\
.y\x9b6\xcbb\xf4S\x989}\x81\xcc@k\xcd\
\xf9\xf3\x16\xc9\xea\x95\xeb\x10X\xb8\x05\x81\x88\xa1tK\
\x80\x82\xdd`\xa2~S\xe1\x8f\xeb\xd4\x87\x05\x85\xf5\x00\
X.x\xe4\xa1Cd$2\x01\xb2\xb5\x17\xb7-\xd2\
}q\xabL\xba_I\xefY\x93\x00\x80>#\xe6e\
\xcb\xce\x02\xf9d\xc24y\xf2\xc9g$\x07\x80zK\
\xcba\xb2#\xb3\x0d\xbe\xdb\xad\x8c\xb3\x03\xe6\xb2s\xcb\
\x06\xd6\xbd\x8e\xc2U\x1b\xf9D\x8c\xf6>\x0e@\xa78\
0\xf7\xd3\xcc\x1f\xf1\xdd\xf3T\x0d\x04\xe4oM\x0f4\
\xe9i\x16\x01WW\xa0\x10\x81`\x95\x9a[\xcd\x01L\
\xd2m\xf0\xc3}\xfa\x1d\xe5\xbc\x13\x9d!\xbf\x8a\x09\xef\
\x18\xd9\x0ek\xd6\xbce\xb9\x9a\xf7\xcf\x0a\x99\x1eD\xc4\
\xe5\xad\x96\x94\xb9oK\x12\x84\xf9hD\x9a\xf7\x1c\xd0\
\x1f\x16\xc4\x1d\xa1X\x07^\x9b\x0aA\x88hq\xfd8\
h\xa9\x8d\x80\x85\x12\x11\xe3\xe0[\x11\xfbu\x15%\x10\
\xf1\x07c\x93\x1e}\xfcIt\xb2\xbb\x07y\xec\xcb\xf5\
\xdaYP:N\xe9\xdfAN\xea\xdb\xb1\xd8\xf5\xc0\xe0\
_\x8dQ\xa0\x85\xc2\x95\x0a\xde\x17\x96Me\x00\x00k\
\x22\xccD\xfd\xfe\x8b^\xfc\x5c\x18\x1fF\x0b@jj\
\xaa\xfc\xfd\xa6\xeb\xe5\xcbq\xe3\xe5\x9dw\xff\x07\xf3?\
\x9b\xb9!}\x9am\x94\x07w\x97\xf6H\x03l\x08\x97\
T\xcb\x948I\x82;%\xcc\x7f\xbeA\x8a\xf9S\x08\
2\x9f\x0e\xab&\x07\x97\x01\xdb\x97\x9c{\x8c\x5c{\xc5\
)\xc8f!\x80\xad.\x18\x8f\xab\x7f~\xd5\x09\xd5w\
\xb5}\x91+\x96\xf3\x99\x8b#\x8c\xed\x08\xd2\x9b\xb0(\
G\x1e\xfal\x8a,\xdf\xc0&AV\xb6\xf1\x98Q\x07\
\xc8\x0d\x97\x9f\x1f\x14m\xa0\x06\xa1\x81D`D)\x0d\
\x9bHV\xcb\x8e\xea\xc3\xe75\xf3\x10\xf8F\xdf6\x83\
\xe3hr\xa6\xd0\xa1\xdf9\x96\xfezg\xc2\xa7\xb9\x8f\
\xc1o\xa6\x09\xd8\xa6\xacg_XQ\xe5\x1c\xdf\x8a\x1c\
\x16%\x83\x0b\x01\x83\xc0\xecJD\xad\x0e\xdaX\xd9\x89\
F\x1c\x8c\xbbX\xb2x\xa5,\x9e\xbfT\x16\xc0:\xb0\
\x84\xae\x17\xf4\xdb\xce\x85/\x95\xb1\x17\xdb\xc149\xc6\
\x9c\x17\xbaYh\xea\xa7Ke\xe0\xa0\x1e2lD\x7f\
i\xd1\xb2\xb1\xbaa\xf6\xdd-\x22\x80\xaaj\x07\xa8q\
\xc2_\x85\xa75\xd4\x9e\xb9p\x85<\xf3\xd2[2a\
\xdc8\xd9\x9a\xd1N\xb6\xa0?\x00Jq\xaa\xd5\x87\xb1\
\x00\xfd:5G\xea\x15\xd4\xde\xc0\xcf\xeeV\x13\x00\x81\
\x89s\x13\x98&\xdc\xb9\x04\xed\xb7\xb5\x95\xa6k\xc8\xc8\
J\xff\xd6\xdfv\xbe\x0f0t\x7fF\xc8D\x9f\xcb\xe2\
f\xb8\xde\xb5\x1cu\xf0\xa3\xa2\xd95\xb2\x8a\xbcC \
\x0c\x0c70T\x07%\x7f\xf3\xe4\xdb\x1f\x97IN\xae\
\xa5\x86\xa9;\x82\x1d\xff\x16\x7f!\x09\x1b\x17\xca\xa0\x11\
\x07\xc9\x89\xa3G[/\x8b\xa8w\x0bS\xac1\x0c\xbe\
\x03\xa3\xfe5\xed/\xb8Y\xf1\x94\xcd\xe5\xb5\x19\x8a\xc9\
\x83\x0f\xfdK\xee\xb9\xf7~\xc9\xc9Y\xad\xd7o\x92\x96\
\xa8\xda\xff1\x08\x04T\x80\xe3\x9eJ\x9f\x0d\x7fn\x84\
\x8bt\x8ekf\xd3\xbdiV\xa8\x5cp\xcdF\xd0\x95\
\x01\x00\x04\x94,\xda\xf3\xfb\x17\xc6J\x1e\xe2\x99\x08\x00\
\xd2\x00\x00\xce>\xebL\xad\x00\xf8\xe3\xac\xd9\x81;\xb2\
;@\xe8Q\xc8\xffo\x95\x99,\xcd!\xfcS\xe2\x10\
|\x1d\x02\x8c\x5c[?,_+\xffF\xc9\xf9I\xae\
\xd6\x0c\xb3\xb8.B3\xa0\xeb\xffx\xba\xa4\xa2\x09]\
-\x00\xf8\x09\xb8pa\xc20\xb6P\x00\xc1\x9f\x87.\
\x813\xe5=\xc4\x03pc\xe3\x87\xbe=:\xc9\x03\x7f\
\xfb\x93d\xa5\xa32\xa0\xee\xf5\xc6e\xd4\xd2Gn9\
\xdd\x00q\x89)Q\x11\xbaf\xb1'H\xe0\xd1f\x97\
\x0e\x84\xbdZ\x01#\x01H5{\x09\xed\xf9\xc9)\xfa\
\xfe\xb6\xa7\xf0\x18\xd9BQ\x15\x0a?&\xbc)\xe4\xf3\
Qp)w\xc3\x06Y\x8b\xa2N\xcb\x96\xa0\x8d*\x5c\
\x05k\x11D\x96\xcfnj\x98\x83\x14dP4i\xd6\
\x10\xf5\xbc[K\x1b\xf4\x07`\xd7@\x06o\xee\xd3x\
\x8b\xee\x14\xa5\xa9\xaa\xe3}\x15\x8c{~\x9a+t\x07\
\xd3\xa0E\xd6@P\xbe\xf3\xc9\xd7\xf2\x9f\x97^\x91\x0d\
\xdba\x15h\xb9\xbf\xecH\xb3~\x1c\x89\x00v]Z\
7\x86% \xcbi\xf5~\x15\xdbZ\xd6\xe0ZO.\
t\x11\xe8\xdfh7\x8d\xcfu\xe8\x06\x00\x0d\xf13\x8f\
\xa1\xcf<\x02\x04h}\x0a\x07\xf2\xd9\xf5\xfc\xda7\xc1\
o?\x8c\x0df\xbc\x02\xfd\xea\xfc\xcd\xbfu\xbf\x03\xf7\
.\x93V\xdd\x0e\xa64\xe0\x1d\x10\xdc\xca\x86?3!\
\x10|i\xf0\x98];\xa4\xfe\xea\x99\x92\xb4\xe4\x0b\xd0\
j39\xe3\x82\x0b\xa4-j\xfe\x979\xbb\xb8d:\
\x02\xcf\xd8\xed\xaf^\xa1\xa0F\x13\xde\xd1\x81\x8e\xbc^\
.\x5c\x93\xf7\xde\xf7\xa0<\xf0\xe0\xc3\x92\xbb\xde\xea\xd3\
\xb7\x86+\xf27\x83;\xcb\xa1\xa8e\xcfg\x0fo\xdb\
aU\xfb~I\x8e\xfc\xfb\xab\x19jm9\x17\x99\x02\
\xfdZfk\xb0t\xc4\xdeR\xa1\xe9\xddk\x07W\x16\
\x00,\x80\x22q\xe1sce\x13\xe6\x8a`\x93\xae\xd9\
A\x03\x07\xca\x144OZ\xb3v\xad\xfa\xffY\x9e\xfa\
t\xc4L\xec\xdf\xb1\xb9d'\xc7\xab\xe6\xef\x81\xa6\x8e\
=~Ho\xd3`\xa9|b\xdct\x99\xb8p\xa5\xbe\
7\xafw\xde\x99G\xc8\xdf\xfe\xf2\x1b\x94\xb7v1H\
\xd54\x22\xb5\x16\x80\x0a\x0c\xa4'\x0e_g\x9e\xcb\x9c\
f\xae/\x91\x09p\xe7G\xdf#0\xd0&\xbfS\xdb\
Vr\xff\xdf\xfe\x88\xda\x00\xcd\x9di\xcf\x16\x95-.\
,\xc0\xa6mP\x1e\xb8\x85\xb5\xd4\xe5\xe2q\xaa|q\
&\xb8HNP\xf4\x22+\xf6\xd8b\xde%x\xe6\x9f\
\x81\xb9@G\xa0\x10\x83\xb2W\x0eA\x02\x05Q6V\
\xd4\xae\x0a'\xcd\x98\xe9\x95\xdc\xdd\x98\xd1n\xf3\x18h\
\xfd\x81\x02\xa4-2M3\x86E\x91\x10\x03\xc0nh\
\x8a\x1d(>T\xe2\xd5\x8c\xa0\xb7\x0a\x90\xac\x8dN\x88\
\xbe*znq\xc7\xd7D\x00`\xb3\x83\xfe\x11p\x03\
\xfc0s\x01\xda\xae\xfe\x07Y6\x93dgv\x0f\xd9\
\xdal\xa0\xec\xae\x83\x1a\x17\x98\xd7F\x88\x9f\x19\xd8\xa5\
E\x90\x11\x00\x0b8ui\xa5\x07M\xfd\xa3\xb0\xe7\x1e\
\x15\xfe,\x8e\xc5\xb2\xb7\xd8\x87\x1f\xba\x86T\xf8\xebg\
g\x01P\x06m\x85\xa3\x14k\x86D\x9c7\xf3S\xe3\
'IRP2\x8d\x8f\xa1(,\x19\xcb\x1f\xd2\x1d\xab\
\x19\xee\xda\xadv>W\x92\xdah\x97\x1b\xbf_\x82\xd8\
\x86\xaf\xa7/Fo\x8c\xed\xc6* H\xeblY#\
I\x0b\xc6J\xfdm\xeb\xe4\xf0\xe3\x8f\x97\xc3\x8f\xfd\xb5\
\xf2\x93R\x01\x00\xcee\xc5\xbf\xc6l\xf6\xa3\x1d\xb0\xa3\
\x85}qs\xcdg\xcfY\xb3V\xee\xbe\xf7\x01\xb8\x01\
\x1eG6\x0e#\xd3\x0b\xa4\x13r\xd3\xcf\x1a\xdaE\x86\
\xa3\xa0\x8do\x80\xc3\xf3\xc9\xe7\xd6\xc05\xfa\xdc\xb7?\
\xca\xebp\x8d\xa6\x22V\xe0\xf8>\xedplW\xf6h\
\xaa\xf1[e\x00\x00idi\xeef9\xffY\x02\x00\
\x04\x84\xe3-Y\x811\x0b\xa5\xe1\xd7\xa0\xf2\xdfv\xcc\
\x1b\xb7\xc6\xc8\xd2\xba\xee\x88\xfe\xd2\x15\xe6\x7f\xce\xa3\x02\
<]L\xc6\xb3\x14\x00\x80\x8e~\x84e\xf2\x89q3\
\xe5k\xd4\x99\xb1\x05\x5c g\x9dz\x88\xfc\xfd\x9a\xd1\
\xe8m\x91\x01R\x8d\xcc\xb2\x97+\x95\x1d\xd8Z\x00P\
\x81\x913\xe2\x08/1\x9b\xc0U\x082{\x0aA\x1b\
L\xdf\xd8\x81\x05\xdb\x12\xa5\x81\xaf\xbb\xf4\x5c\xd9\xaf\x7f\
\xefh\xb31\xa5\x09Vv\x5cR\x0a\xac\x00=\xa4\x1e\
*\xe8\x15\xb7\xa98\x0b\x09\xb2@\xbc\x85\xf6U\xe0\xb1\
\x7f!\x87RR;@\x15\xf5\xc6\xa6\x8d\x95\xb4\xe9Z\
r\x80!\x0a#\xe9)\xce\xcd\xb2/;\xfe\xf9z\x0e\
|V\x85\x10\xfc(\xd6\xa4\xe8\xff\x92\xdeg5:\xe4\
\xbd\xf1\xfe\x97\xf2\xfcs\xcf\xcb\xb6:\x09\xb2\xb5\xf9P\
\xd9\x99\xd6R\xe73\x0e\xd1\xeb][gK\xf76(\
\x92\x13\x981\x9c\x9f\x1f\xdf\x9b\x86\x8f\xdf\xfc\xa9\x03\x8b\
\x1d\x84>\xd3\xb3\x08\x02\x98\xa6M\xc1\xcf\xaa\x99\xfcl\
\xc7\xb9\xd2\xb9.\xa80J\xc3u\x82\x9f\xc2\xdc\x84?\
\x04?~\xb3\x92\x1fk\x17\x90W0o\xdc\x00\x81\xb7\
\x0c\x18\x08 <% \xc8\xdd\x98\x8f\x92\xbf\x08hE\
\x8bX\x05(\x14\x12;\xf3%~\xf9DI\xc8\x99\x22\
\xad\xd1t\xe6\xbc?\x5c)\x19h\xcc\xc5\xea\x9c\x85m\
3a\xea\xaf\x8b\x87e\xca_j\xb1Q\xff\x91#C\
pZ\x97\xc6\x92\xe5+\xe4\xce{\xee\x97\xa7\x9f\x1e#\
\x1b7mRE\xa6w\xf3\x06r\x0eZ\x01\xf7m\xd9\
(h\x80C^\xc8\xac\x9d\xa9\xcb\xd6\xca]\x1f\xff\x80\
T\xe9\x0d\x92\x00\xb7\xe6\xc8\x8e-\xe4\xcaQ}\x82\xe7\
\xaf\x0a\x1d\xee\xe9s+\x03\x00H3t\x01\x9f\xfb\xcc\
G\xb2\x11\x16\x00\x8e\x99\xaf\xa6\xca\x00J\x8b\xd3\x12\x19\
\xde\xa1\x99\x5c6\xa2\x974Dq\xb1\x90\xde\xe7d\xbc\
\x05\x84\x12L\xb0\x04\xf0\xe3_N\x97\xcf\xe7\x22\xde\xc2\
\xbd\xf0\xa9\xc7\x1d(\x7f\xbfz\xb4\xb4j\x01\xba\x0d\x01\
\x80\xaa\x8eG\x99\x00 B\x0c\xc6\x0c\xc3\x03\x14&\x94\
\xb0\x12V\xd5\x87\xaa\xa9\xe7\x97D\x1c;\xb0\xf0\xa6\x83\
\xe8\x1f\xfeb::8\xe5j\xa0\xc6P4\x81\xb8\xe2\
\xec\xd3\xa5s\xfb\xd6j\xb6S\xc6\xe9\xd6\x18?f\xb5\
l/)h\xa8c(\xb0t!U\xd5\xf1(\xaf\xb5\
\xa0\xaa\xf7\xa9=\xbf\xe6\x8d\x80\xe1\x18\xb3>U\xc7V\
S\xb5\x7f\xffn|K\x0a\xd3i\xd0\x9e\x9e|\xeeu\
\x99\xfc\xcd8\xd9\x96\xd9\x01u\x01\xf6Cy\xe08\xc5\
\x88\xe9\x88\xb1\x19\xdc\xad\xa5d\xc3\x0f\xcbq\xf1\xbe|\
\xd3\xee\x11\x04\x8a\xf1\xa2\xb0\xd4\x1ff\xe3\x10\x00\xe8g\
\xba\xf8(\xfc\x09\x14\x9c\x05\xc0\xb9\x04|LN\x80)\
\x08\xbc\x1c\xb6\xe4\xd0\x9b\x99\xdf4\x7f\x0a~\x96\x8c\xdd\
\x0ek\xc5v\x05\x01\xf6\xb7Y\x05 \xf8]q\xad\xad\
\xdbw\xcb\x9c\xa5\xebd\x0a\xa2\xc2w\xc0\xe4\xaf\xeeA\
|\x17\x97\xbb@\x92\x16}\x86\xf4\xb0d9\xe5\xecs\
\xa4{\xdf\xdeZ\x80\xab\xa4\xcd\xa7\x13f\xc0\xdf\x9c\xe9\
\xca\xfdz0Q\x1aMxug\xee\xfc\x85r\xc7]\
\xf7\xca\x8b/\xbd\x88\x98\xa5-\x0aP\x06#\x95\xed|\
\xb4\x02\xee\x94\x9d\xae\x00\xc0\xd5K\x94-\x88\xa5az\
\xf4\xfd\xe8\x8e\xc7\xfd\xac\x11\xb0_\xbb&r\xcda\x03\
\xb4z\xa0Wn\xaa\x8b\x1e\xab\x83\xa6\xc3\xd7\xa8\xccs\
\x11\x00\xac \x00x\xf6c\x8d}(,\x9f\xc9\xfbi\
}\xa2\xcb\xe4X\xd4NH-E\xf1#\x0d\xd2\xad\xfc\
(j\xcc|\x8c\x82@>0\xf5\xb8\xa3\xf6\x93\x1b\xaf\
>S:\xb7Cc\xb9\xbd\x09\x00\x8a\x1b\xe0\xe2M\xd5\
E\xc0gu\xcf\xcdO~\xbd0q\x04\xedf\x1d\x0a\
Z\x83\x1c\xfe\xe7\xd1\xc1\xe9\x8d)\x0bt\xb1\xa7$'\
\xc9\x09\xc8\x04\xb8\xf6\xf2sd79RH\xbdd\xf5\
\xbc8\x94\x05\xce\xee\xd4G\xeaj\x9a\x12\xc7\xaez\x18\
tI\xf3er \xcc\x9e\xcf\x19\xf2\x97\x00\x00 \x00\
IDAT~\xf2\xe1\xac}\x80\xbd0\x02\x85mV\
U\xb9\xa5gF\xd5\x19\x84T\x95\xe7)\xf1\x5c\xbc\xf4\
\xa6\x1d\xc8\x08\xf8v\x86<\xf5\xd8\x13\xb2\x1a\x01\xa0[\
\x9b\xef';\x1at\x22<P\xed\xace\xe3t\x19\xd2\
\xb5\x15\x22\xd4\xd9\x1f\x00] \x81\x0c\xcc\xd7\x0f\x93?\
>PX18\x9b\xbd\xde\xf9\xc3}\xe6\x0a`\xdf\x0c\
\xb3\x10\xf8\x80@\x0b\xaf\xa4)\xc0\x9e\xc8\xaf23\x18\
\x9a6o.\x00\xab\xe3O\xc1H\x10\xb0\x8d?\xe0\x0d\
\xf4\x99\xf37\x8ae\xa2\xcb\x1f]R\xfc\xbc[V\xe5\
n\x91\x89\xd0\xfeW\xa3\xe6\x85\xba\x9fh=\xcc_+\
I\xf3>\x90\xc4\x82\xadr\xe0\x11G\xcaQ'\x9d\x88\
\xeb\xc2}\xe1\xee\x1a\x9d\xf2\xc7w\xd3\x10DT\xfaC\
\x06\x12Z\xfd\x22Y\xa0B\x1b_a\xea\xf4\x99\xe8d\
w\x97\xbc\xfe\xc6\x1bZ|\x8b\x00\xe0@\xf8\xb1/@\
#\xa0\x96\x99I\xce\x05`\x0a\xe2*\xf2\xc1\x09\xb3\xe5\
\xb5\x1f\xe6*\xbf\x89\xc7 \xee\x0f\xcd\xf7\xcf\x87\xf4\x03\
\xb0rf\x92\x0a=\xc1\xde=\xb8\xb2\x00`\xe5\x86\xad\
r\xces\xb0\x00\xa0&LX>{\x9e\x9b\x05\x9f\xff\
\xa5\xd0\xfe\x07\xb5\xcaV\xabH\xb1|\x1a;\x09\x00\xd6\
 0\xfc\xd1/\xa6\xca\xffP\xf0\xc9\x9f\x7f\xe4!\x83\
\xe4\x86?\x9f!}\xba\xb7E\x06X\xf5\xc9\x8aR-\
\x00:\x18\x0cn!\xf2,C\x8b\xf0\xfd\xb9\x7f\xee\x22\
\xa6(\x81\x98\xf6\xbe\x19\xbe\x9f\x0fP\xa0\xe3\x09\xa4o\
\xb0E)\xc7\xabI\xa3,\x8d\x05\xe8\xdb\xad\x8b\x9a\xfc\
\x22\x02\x18\x0ca\xf7\x0e\xc9j\xde^R\x9b\xb42\x7f\
\x90\x0ag\x97\x87\xbe\x07h\xfe\xe7\x14\x0b\xb0\x07\x86\xe7\
g{\xc9\xea\xb4\x00\xd4\xc4\xe8\xff\x928)\xdd\x1e\xab\
rs\xe5\xd5\xd7\xfe'\xff}\xe3m\xc9Kl*y\
mG\xa1.\x00\xdb:C\x90\x82\x09\x0f\xec\xdcB\xda\
5I\x87@7\xc1\xce\xa0\xb8\xba\xe8\xdc\xc6R\x0f,\
\x92\xa3\xc2\x1f\x02\x0c\x8a\xb3\x01\x00&\xe6\xe0\xdc\xba,\
\x95\xad\xb5\x01\x9cI\xde\xa5\x03\x16\xc7\x96-\x0e\xc0\x9e\
R\x01\x00\x84\xb5j\xfa;\x91^\x07\x0b@\xbe\x13\xfe\
\xf9\xb4\x04\xe03\xf9\x04\xad\x00\x1bQ\xdbb\xea\xfc\x1c\
\xf9\x11\x81\x7ft\x1f\x903\xc4\xef\xde\x22i\xc8\xf9\xdf\
\xb5t\xb2t\xea\xd1[N;\xef\x5c\xc9\xc8\xa2?9\
b]4+#\x01\x87\xf1\x1b~E\xbf\x7fS\x94\x06\
\xa0%#\xd8\xa2\xcc\xb7%\x90\xbf\xfa\xa5cd\xc2\x84\
\x09\xa8\x01p\xa7\xfc\xef\x83\x8f\xb4U9\xaf\x7fX\xb7\
\x16\x00\x00\xdd\x91\x0e\x98\xa8\x00\xc4C\x9f\xb9\x88\xfc\xff\
\xd7\xe7S5;\x8a[\x0a\x8a0\x1d\xd1\xbd\xb5\x5ct\
@\xcf\xb2\x03\x14k\xc0*\xac4\x00\x80\xdb\xe9\xdcg\
?\x92\x0dQ\x00\xc0x:\x01f\xe7\xc6\x19r\xf9A\
\xbd\xa5-:\xfb\x91\x96\x8a\xb3\xc0\x98u\x84\x19\x14\xdb\
\xd4\x05\xf0\x96*\x936(\x07\x0d\xef\xadY\x00\xfb\x0d\
\xec\x1aX\x00\xaa\xc3n\x5c\xa6\x0b *\xc0\xaa\x06L\
\xd0O\xfd\x08%\xba\x01\xe0\xeb\x99\x8c\xf4\x8d{>\x9e\
\xa4\x01!\xcad\x90\xbeq\xd0\xd0\xfer\xc7\xb5W\x82\
\xe1 \xf5(jcF@\xbcf\x04\xd4Gk\xdd\xf2\
\x98\xe4\xaa\xf2\xee\xb5\x00\xa0*\xa3\xb7\xef\x9e[]\x00\
`_\xf0\xfd\x87g\x89\xf4\x9e\x8f\xdc\xf9\xc9Sg\xca\
cO<+s\x16\xe7hy\xe0\xfc\x86]T0R\
\x887\x84\x09}p\xd7\x16\xd2 -^\xcd\xfed\xcc\
4\xfb\xd3*\x10\xcf\xdf\xd0\x9a\x112\xe0\xac\x01..\
\xc0\x9b\xfci\x01PYk\xda\x7f\x98\x19GeZ\xd8\
\x04(#\xa7P6\x10\xc0\xe0a\x0a|\xb3\x00\xe4C\
\xedg\xf0\x22\xc1\x00-\x04y\xdbv\xc9\x9ce\xeb\xe5\
{\xe4\xfco\x85I\x99[\xfd\x98m\xd2 o\xbe\xec\
\x9c;N\xcb~\x9fr\xd6Y\xd2k\x00\xba\x1ej \
\x1f5k\x03\x1a^\xc4\x9bU\xd1\x82\xfd\x1a\xa1\xda\x5c\
b\x1d\x1f\x81\xef%\x7f\xd9\xe2C\xc1\x0b.\xf3\xd9\xd8\
O\xe5\x96\xdb\xef\x94\xb1_\x8e\xd3\x12\xe5\xb4\x8e\x1c\xd3\
\xab\xad\x9c\xbd_W4\x02\xaa\xef\xda\xd9\x12\xe0\xa0'\
\x03\xc6\xf9>t\xc5[\xbc\x8e\x8d\xbcP\xf7\x1e\xf5\x02\
N\x1f\xd8IN\xed\xd7\x09\xd6\x8d\x92\xdd\x145a\x85\
UF\xf8\xf3\xb9i9ZY,\x00\xb0\xb7\x22o?\
\xa0c39\x171\x13M\xd2\x93\xac\xeeB0S\xd1\
oN\xa0\xb7\x155e\x9e\xfe\xeaG\xb5\xa2\xe4\xbb\xfa\
2C\x07v\x91k\xaf<M\x0e9\xa0o$f\x89\
\xf4W\xc5\x81+\x07\x00\xf0\x84b\x84c\x7f\xf92\xb7\
FnE+MU\xf1\xa9j\xf0\xe9\xa5\x11I\x0e\x1a\
\xda<\x8e\xf4\x8d\xf7g\x98\xe9\x86\x0b\x80\xe5\x81\xef\xb9\
\xe1*\x196\xa0\x17Lg\x16M\x1e\xb1\xf6\xa3\x8aW\
\xb3\xb6\x92\xa6\x19\x01X\xa9\x1e\x02VyZ\x8b\x1f\xc0\
\xdaX\x80\x1aLX{\xe8\xd1\xaa\x03\x00\xec3\x9a\x7f\
\xa11\xe4\xbb\xe7\xacY'\xaf\xbf\xf9\x9e\xbc\xf8\xca[\
\xb23%[\xf2Z\x0c\xb7N\x81\x04\xe8\xf0O\xb7C\
\xa7\xc0\xa1=Z@\xc0\x02\x90\xb3\xdc6\xb4ej\xcc\
\xf1\xf8\x0c\xe5\xd5Y\x02\xd0w\x83\x82_\xfd\xfe.\xa5\
\xd7)\xdd\xe88\xa4w\xd5\xae\x97\xa1u\x1b\xb6\x84\x86\
\xc3/\x08\x04\x08\x00h\x05\xd8\x0e7\x85\x02\x00\xb5\x02\
\x00\x00@\xb8nA\x19\xf0\x05+6 \xf0o\x99\xac\
G4=\x8fg\x0ab\x93\xdd\xd0\xa8\xd1\xe9og\xfe\
f9\xf8\xe8\xa3\xe5P\x17\xf5\x1fr8xG\x84>\
\x0f\xef\xcfX\x85\xc6\x89u\x9c\xf0\xa7\xc5\xc2\xdb\xff\xcb\
'6\xc8/\xf8\x9c\xef\xc2\xf4\x7f\x1b\xaa\x00~\x83N\
\x80|\xc7$\x94$?\x11U\x00G\x0f\xea\x1cd\x1e\
\xf0~[\x00\xb8\xc6\xceZ\x8a&i\xd3d\x03\x80\x0b\
\xcfo\x00\xd3\xf7\x19\x83:i\xc1\xa0p\xb6\xc0\x1e\x22\
\xf7*]\xb6\xea\x00\xe0cX\x00\xe0\x22\x09\x0d\xaf\xf9\
\xff\xeb\xa0fBG\xed\x9d\x90\x812\xeeE\x9a=\x85\
\x9e\x9a\xe3K\x17\xcb\x8b\xdf\xcd\xc1\xcfl\x8d)\xe0\xd6\
\xa7G;\xb9\xe6\xb2\x93\xe5\xd7\x87\xa3\xae\x05\xe7\xb7\x9a\
L\xed\xa5\x02\x80\xc0\xcf\xad\x04\xc5\x8ai\xc8Q\x5c\xb6\
F\xbeY\xb0Jz\xa1\xa2VO,\x1e.\x14{\xdf\
jz\xa2*M\xe1\xde9\xb98B\xe1\xdb\xb3\x0c\xe4\
\xa7s\x96\xca-\xef}gD@\x04\x0eS\xe3\xf1G\
\x8e\x94\xeb/>G\x8bt\xb0\xbb\x98g\x1a|\xdax\
d\x044h\x8bz\xda(\xdf\xa9\xad;\xab)X\xab\
\xb8\x91\xa8\x05\x00{\x87>j\xd2]~\x91\x00 \x84\
\xb2)\x98\xe7\xce](\xf7>\xf88\xd2\x03\xe7JA\
vw\x94\x08\x1e\x06a\xce\xe8~h\xf8P\xf1\xfbu\
j)=\xdbd\xa9\x90\x8f\xafG\xad\x19 \x00>\x80\
\xfa\xb0\x00P\xdb\xad\xcbl\x00j\xfc\x0a\xea\x9d\xd2\xe3\
\xd6\xa9\xe6\xed\xd3\xcf\xee*\xed\x01\xe3\xbb\xd4\xd1\xe2\xa9\
\xc0\x17\x01\xa2Y\xdf\x82\x00\x0d\x00\xd0\x0a\xc0\xa0\xbf\xe5\
\xeb\xb6h\xd4\xff\x12\x98\xd2\xad\x9fH\x8cd\xc4n\x92\
\xb4\x85\x1f\xcb\xfaU\xcbd\xe0\xfe\xfb\xcb\x99\x17^\x18\
\xd4\x03(v\x9d\xe3\x19X^\xa6\x19j\xc6\xb0\xce\xbf\
\x19\xa2+\xb2\xd9\xd1\x0c^\xa6\xcf\xff\xe5g\x9f\x95;\
\xef{@\xa6\xcd]\x80\xbd\x05\xe8fgZ\xfd)\xd0\
\xea\x99\xd6\xe8\xc2\x1de-\xdc\x16o\xc2l\xfd\x22Z\
\xd9\xe6\xc3U\xc0!\x8aG\x15@\x06\x01\xfe\xf5\xb0\xfe\
*\x08\x8d-\x9a\x8b\xa2\xa2OU\x917\xa8\xcc\xb1\x95\
\x06\x00\xa0\x97U\x08\x02<\xe7\xb9Od\x03j\x89\xa8\
\xc3\xc6\xd1\x07\xdf5\x05\x15\xff\xfepp_\x04N6\
\x86\xbc,\xbd\x94/\xc7\x87t\xf6_\xa4P\xb2!P\
\x0e\x82.\xb9u\xe9\xd0B\xfet\xc9\x09r\xdaq#\
4=\xb5\xba\xe2\xb9\xcaa\x01\xb0\xf9%2\xd9\x8c\x08\
\xcf\xc7\xbf\x9c\x86t\xb7\xa5\xd2\x02\xa5i\xd9\x0b\x9a \
\x80\x11\xb1\xbf\xa4\xad$B\xe1\x18-\x81\xe9\xeb\xc6w\
&\xa0\x93\xd3\x06]\x00\xf5\xb0\x00\xba\xb4k-w\xfc\
\xf5ri\xd7\xaaE\xb0\x00\xbc]\x85\x95\xe7\x1a\xb4\xee\
$I\xe9\x0d-\xde\xe2\x974\x90\xb5\xef\xba\xd7F\xc0\
\xb3\xe9\xf2\xdeP\x85\x06\x195\x7f\xefAPZ\xde\xe7\
\xa9\xe8q\x0a|\xd4&\x1e\xab\xae\x80\x89\xdfO\x91\xfb\
\x1fx\x5c\x96\xe7\xa2\xedt\xf3A\xb2\xb3Iw\xad\xf3\
@\xad?\x09\x05\x82\x06wi.\x1d\x9b\xa5\x01\xb0\xd7\
Q\x0b\x00\xdd\x00t\x01h\xf4?\xc6\x81\xc1\x81\xc6t\
M\xd37\x93>M\xfb\xfe\xb3\x17\x83.\x1a\x8a\xb76\
;\xbc\xfd\x0eY\xfe|A \x9f\x06\xe8c\x01V\x22\
\xe8o\xd2\xbc\x1cm\xf7\xbb\x0d\x02\x94\xf1\x00\xf5\xb7o\
\x94\x8c\x9c\x89\xb2}\xf9\x0c\xe9\xdc\xa3\xa7\x9ct\xd6h\
i\xd8\xb8i\x91\xac\x8e\x80o\xf0\x9dp\xc3\xec\x84:\
\x92\x5c\xd7\xaa\x87\x1a{\xae\x18gQz\xc1\xb9\x9b7\
n\x94\xa7\x1f{T\xee{\xe41\x99\x8b\xce\xa5|\xcb\
fp\x9d\x9c9\xa8\x0b\xda\x01\xb7\xd1\x12\xe8^\x18\x91\
\xf7\xbd\xf0\xed,-\x8a\xc6tG\xde\x9b\xae\x96\x9e(\
\xbc\xf4\xb7\xa3\x87H\x1a\xc6\x19IqQ\x95\xef*:\
\xaf{\xf2\xf8\xca\x02\x00\x8e\xef*\x14\xa0:\x17\x85\x80\
\x22\x16\x00\xf3\xfds\x18z e\xf2\x0f\xa3\xfaJk\
\xc8\xcc\xb2\x047\xa9\x87\xf2\xf4C\x8c\xe1\x98\xaf\x7f\x94\
\x85(0\xc4\xb9k\x8d\xf4\xbf\xcb\xd1\x0c\xe8\xec\xd3\x0f\
\x05\xa8\xaa\x17\x05D\xcb\xbaficV6\x00 \xea\
\xc5K05\x85u\x8e\x99\xef\xfe\xfe\xccE\xea\xab:\
\x0df\x8d#\xba\xb5FW\xa3\x84(\xf3\xd7\x9e\x9c\xa4\
\x9ap\xed\x92\x08\x85\x84\xb0\x15U\xe6^\xfea\x8e<\
\x89`@+D\x03\x04\x98\x9c,W\x9cs\xaa\xfc\xf6\
\x84\xa3\xa3\x83\x01I 8(%\xb3\x91d\xb6\xed\xa2\
\x91\xc5U\x99\xcc\xf2\x8cMm,@yF\xe9\xe7w\
LE\x00@\x94\xbf\xdf<\x7f\xfb\xf4FA\xbd\x01\xb5\
\xd8?\xf8p\xac\xfc\xfb\xd9\x97eSA\xbc\xe4\xb79\
\x18\xfe\xb9f\x1a\xd8\xc7Z\xf5\x0d\xd0$\xa8o\xc7\xa6\
\x0a\x02,\xf0\x0f @S\x01-\xed/\x22Ci\xa2\
\x0d\xe5\xec\x83\xc3S\x9b7@@\x86O[\xa91\x7f\
\x1a\xdc-=0Ro_\x01\x84\xf2S\x8b\xf8\xd7l\
\x00\x08\xd1\xe5k\xb7\xc8\x14\x04\xfd-FI\xd9-\xe0\
!lr\xb5;\x7f\x93\xc4\xaf\x9c,q\xab\xa6Jf\
\xc3,-\xf5\xdb\xbdw\xef@\x89\x88L\x0a\xefb\x99\
F\xccfh\x9c\x10#I\xb0Z\xb8\xdaD\x95\x9e\xbb\
\x02\x5c+w\xf9\x12y\x18}\xed\x1f~\xe6E\x80'\
\xab\x01\xd0\xbeQ\xba\x9c5\xa4\xab\x8c\xec\xdc\x5c\xb6!\
u\x81\xf4BP\xc3\xe65t\x81~\x87\xc0E\x8f\x19\
\xa9\xcdvD\xc6\xc5MG\x0d\x96f\xf0\x7f\xd7\xe40\
\x80\xca\x02\x00\xab\x03\x90'\xe7=\xfbIT\x1a\xa0\xd1\
L\x8c\x5c\x82\xe8\xff\xc3\xbb\xb7B9dv\xfcs\xa0\
\xba\x84Y\xe13\x90\xe6\xbe\x9a\xbf\x02\xe5\x80g\xc8\x0c\
T\x05\xe4\xd6\x18]_\x7f\x7f\xce\xaf\xb4$p*z\
\x03h\xdcG5le\x00\x00\xaf\xa7\xba;\x81h\xdf\
\x9b\xb1P\x9e\x85\x89g\xd9\xfa\xcd2\x08\x055~\x07\
B\xe8\x80\xaaP{ZpU\xc3\xbbV\xdb%J&\
\x14\xf3\xdf\xcc\x85\xf6\x7f\xd3;\xdf\xea\x18\xf1XZ\x01\
\x06\xf5\xee.\x8f\xdfz->\xc3\xb1\x18\x85\xc8\xb1P\
Qu\xaeq\xa7\xde(\x0f\x9c\xaa\xccbOn\xb5\x00\
`O\x8en\xcd\xbev\x18\x04De\xf5xM\xd5?\
>\x03\xcbj\xf6\xab\x94\xfat\x85]]\x14FL\xad\
[\xba\x12\xe5i\xc7\xbc(\x9f~>^v\xa5\xb7\x90\
\xfc\x0e\x87J\xdd\xf8\x14\x80\x004i\x81_;#)\
N\xfaA\xa8ul\x9a\xa6\x1a?]\x00\xf5h\xd0\xf5\
\xbdr]O\x1d\xd5\xe0\x19\xad\x0fa\xaf\xc2\x9f\x85{\
x\x0fg)\xa5\xf4\xb3\x94I\x0b\x14\xa4\x05\x80\xa5\x82\
\x03C)\x01\x00\xf6[\xba_\x81P\xf3\x9f\xb2 G\
+\xfe\xe5#\x06`\x1b\xae\xbd+?O\xea,\xf9^\
\xea-\xff\x1eu\xe5\x93\xe4\xe8\x93N\x96\xa1#\x0f\x0a\
u\xfc4\xdeL\x97\x83U3\x04\x9f\x81[\xa3y\x12\
,\x17Z\xd5\xd0Y,*i\xbd\xd11D\x0f\x85\xa5\
S\xbf\x93\xbb\xd0\xd5n\xcc[\x1f\xc8\xba\xadV\xe4\xa6\
\x07\xac\xbeg\xa3\xb2\xdf\xa06\xd9\x9a\xb9\xc0\x8di\x8b\
\xdf/Y\xad\xf9\xeb\xf3\x9c\xf5\x93O\xc5\xb8\x896\xa8\
\xbex5\x5c\x00\x9d!'\xaa1\x85\xbd\xda)\xb4\xf2\
\x00\x80%\xe1\xb7D\x01\x00\xcf\xe2\xbba\xac\xae;|\
\x804I\x85?\xc6\xad\xaa\xb0k\xbd\xf0K\x18\x00\x80\
\xab}9\xca\x01#\x13\xe0\xdb\xc5\xab\x94\x8e\x1ad\xa5\
\xc9Yg\x1c&\x97\x9dw\x8c4\x82%\x81n\x80\xca\
>o\xf8\x9ee[\x00BG\x93\x90g\x03\xe5\xdd?\
v\xb2L\x87\x99\x8a\x1d\xa1\x18\x09\xca<\xcf\x84jn\
SX\xed\xb3[\x8d\x17,q\xe0\xcd\xee(\xeb\x11\xb8\
\xf1\xe4\xf8\x99\xf2\xf6\xd4\xf9Z\xe2\x93\x98/\x05\xd5\x9f\
\xee\xbc\xf6\x0a9l\xc4Pm\xfc\xe3\x11\x9c^\x0bf\
\x00\x06\x02f  \x90M\x80\xf6\xb4#\xa0\x16\x04T\
#1\xec\xa3\x97\x0a\xc3L-\x15\xec\x84\xbe\x8a\x15'\
\xc0\xf6\xd1W+\xf6\xb1\xf9\xbe[Q\xaa\xfb\xbb\xc9\xd3\
\xe4\xbe\x87\x9e\x94U\xa8\xac\xb7\xabqw\xd9\xddr\x90\
\xd4KH\x00\xff\x82+\x00Q\x7f)\x89\xf5`\x09h\
&\xad\x1b%k{\xef\xba\x04\x00>\xe2J\x85<5\
~\x08~\x08o\x06\xb5\xf9\x02?\xa6\xd5\xab$\xb6\x1f\
My7\x18\xa5\x05\x86\x9c@\xb6K\x99\xa5\x80\xb5{\
\xd6\xa1\xc5\xef\xccEkd!\xf8\xea\x164\x92\xc9\x87\
F\xbds\x0b\xda\xfd.\x9b\x22q\xd0\xfe\x1b\xa2\x0d\xf8\
\xc8\xa3\x8e\x96a#GZ\x8c\x90\x02\x8aB\x85\x9d\xb4\
\xbb\x1f4\x7fT\xf9KP\x9f\xbf\xc5\x0e\xa8\xecwH\
\xae\xa2\x80\xce\x00@=\x99\xf9\xf9\x87r\xfb\xad\xb7\xc9\
+\x9f}\x83 ?\xab\xe5K_\xf6\xef\x00\x00\xba\xa1\
\xa4-#\xfby\xaf\xcdH}\xfe\x04Y\x0b\xff\x86\x05\
`\x1d{j\xd0\x1a\xa2\xef\x1e#\xcd\xe12\xb8tD\
O-\x1ed\x9d7\xabG{\xadn\xfa\xac\xac@\xa5\
\x05`)\x94\xbd\xf3\xe1\x02`\x1d\x00\xff\xde-Ph\
\xea\xf7\x07\xf4B\xb5\xc4\x86H\xc1dY\xe9\xb2\x85\xb6\
\xb9\x00be\x91\xab\x068v\xf6R\x9d\xef\x0c\x94\x11\
>\xf5\xc4\x91r\xc5\x85\xc7J\xab\xc6\x0d\x22Yc\xa5\
\xa1\x89r\x0cP\xb9\x00\x80\xc953cq\xa2\xef\xff\
t\xb2|\x86\xc9\xa6\xff\xe7\x90\xae-\xe57\x03;c\
\x92Sl\x01\xfcB\xb6\xd2\x88\x85&\xbdo\x17\xae\x92\
{\x90\x0e\xb3&o\xab.\xf8:\xd0\xf2\x87\xf5\xef%\
\xff\xba\xf5\xafA0L\xb0:1nu`\x19\xc8\xee\
\xd0\x13e\x82i\x05\xd8\xf3\x83\xf8sd\xf2{~\xd4\
j\xef\xb0/\x8d@ \xff\xdc\x07\xfe\xda\xb0y\x8b|\
\xf4\xd9\xd72f\xcc\xf3\x92\xbb\x19\x11\xdbM{\x8a\xb4\
\x1e*\xf1\x10\xfe\xea\xffG\x11\x00V\x0a\xec\xd8<C\
\xda\xc2t\x1d\xa7\xadZM\xb0k\xad~\x05\x00\xd6\xa1\
/\xa8\xed\xafM{\xcc\xb4_\xb8\x1e\x8aj\xff\x0e`\
i\x1f\x00\xf0\x86mp\xa5\xb2\xc1\x0fM\xfd\xab\xa19\
._\xbd\x11\x1d\xf7v +`\xbb\xec\xda\xb0Rb\
\x97O\x96:\xeb\xe6\xa3\xb5x\x86\x1ct\xd4Q2h\
\xf8p\xa9\x8f\xeaq>\xa6\xc0\xe6\xc0[g\xd1\xe4\x08\
\x96\x0av\xf7K\x00\xca\xd0\xd6\xc5\xc1$\x15\xb2\xe0V\
`\xf2\x0c<\xc4\xc8\xb8\xd7\x9e\x97\x7f\xdc~\x97|8\
y6\xfc\xf7V\x0f\xe1 tTdU\xbb\x96\x19\xa9\
\x0a\x16)\x17rP\x00\xe8\x95\x89s\xe4?H]\xa3\
5\xc0?\x1f\xc1O6\xfa\xd9\xffnh7\xd4\x0eh\
\xa5\xc2\xb1&n\x95\x15\xfe|\x17\x05\x00\xeb6\xcby\
\xcf\xd3\x05`5`\x08\xc8N\x83\x5cd\xe5\xbf\x14\xf4\
C(o+1\xd2\x0f\xc7s\xcd\xe6|u\x01\xbc;\
m\xa1\xa6W&\x83&\x8f;z\x98\xfc\xf1\xe2\x13\xa4\
s\x1bT\x90\xad&!Q\x0e\x00`E\x1e}\x8a\x0b\
'\x94\x91\x9e\xcf#\xd8c\xf9\xfa-\xd2(%\x01(\
\xa7\x87\xec\xdf\xbe\x995\xc4\xf8\x85l\xc5\x13\x8cq\x1a\
~\xb7\x12>\xa1{\x01\x94\xbeB\xa3 ?Y\xc9\x89\
IZ\x18h\xc4\xe0~\xd0\x1e\xb0\x9ct}\xda\x98\x15\
\x14\xec\x92\x06-:hy`\x06\x06\xd6n\xb5#P\
;\x02U\x18\x81\x90\xf6\x1b\xbe\x0aM\xd0\x9b\xf2\xf2d\
\xfc\xb8\x09\xf2\xf0\x13\xcf\xc8\xfa<hl\x8d\xbbIA\
\xbb\xfd\xb4\x81K\x1c\xa2\xb4\xe3\x01\x02\x12\xf1\xd3,+\
E\xcb\x05' S\x80q\x01\x5c\xc7\x14\xe2\xf4{3\
]o+\x858~\xe7Csg\xc0\x1e\x85\xa6\xf9\xfc\
M\xfeYC!\x16\xfdb\x84?\x85\xfev4\x86\xe1\
\xb1\xd0\xf2i\xe6W\x17\xc0.(R0\xa1o\xdf&\
\x059s\xa4\xce\xd2\x89\xe8\xbf\x9b#\xd9\x8d\x1b\xc9a\
\xc7\x1e+}\x06\x0dB\xd5\xd0\x04gM\x88X#\x08\
F(T\xd2P\xda/\xab~\x81\x16\xf9\x09s\xdf\xaa\
\x00|\xe5m01\xef\xde\xbaY\xdex\xfcA\xb9\xe5\
\x81\xc7\xd4\xaf\xcf\xf7O\x06P:\xb2Gk9\xb9_\
\x07X\x80QT\x89\x02\x107f\x01\xa0\x87?\x9f\x8e\
\x0c\xb1\x95Z\x1b\xc1Kz\x9e\x93\x99\x18''\xf4\xed\
 \xa7\xf6\xef`\xae\x91j\x12^U\xa0\x8e\x22\xa7V\
\x05\x000FD\xbb\x01>\xff)\x1a\xc2\xd1\xba\x1b\x03\
\x7f\x7f\x1d9\x0f\x95\x12GAAN\x02\xb0\x8c\xd1\x06\
d\xc5Xo\x0a=\x89\xc3]ZL\xee9\xb8\xda_\
C6\xc0V\x00\xc68\x16T:x\x80\x5cs\xe9I\
H\x09D\xd7\xc7j\xb2\xd2\x95\x03\x00D?!#g\
\xd9\xfb\x98\xcd\x1e&#%\x90/{$*=\x9d6\
\xa0\x132\x03\x92k\xb4\x8fgo\x10\x8c\xb7\xc80\x8a\
\xf7\xbd\xe9\x8b\xd4\x0a\xe0\xb5\x02\x9a\x80\x0e;`\xb0\xdc\
v\xf5ehM\x1a\xa7\x86\xba\x00\xc9\x03\xe5%\xa6e\
\xa1G@'\xa9\x07F\xb4\xe7\x9d\xb0\xaepH\x0d\x5c\
\x8c\xd59O\xb5\xd7\xaa\x1d\x81\xf0\x08\x90\xc1R\x8b\xdf\
\xb4i\xb3\xbc\xff\xfe\xa72\xe6\xa5W%ok\xbe\xec\
\xce\xee*\x05\xb0\x04\xd4\x87\x05\x8e\xe6Z\x0d\xfe\x83f\
\xad\xa5\x7f\xe9\xbf\xc7\x0f\xcd\xf64y\xb3\x1a\xde6D\
\xf0\xd1\xff\xcd6\xaf\x16\x03`\xab<l\x04U\xed\x9f\
\xea\x937\xff\x07\x0d\x83\x9c\xa7\x80r\x12\xeb\xbe \x0f\
-v\x97M\x95\xd8\x9c\x19\xd0\x1c\x0b\xa4#*\x87\x8e\
\x82\xe6\xdf\xaeS'M\x1dV\xa5\xc21\x16\xbb\xa6\x99\
\xfc\xd3!\xfcS\xeb2E\xb1z\xe7X\x85!\xe2\x09\
v\xe4,\x93'\xef\xbdC\xee|\xea\x05\x99\xbbv\xb3\
\xbeK\xc3\xe4\x049\xbeo;9\xa6g[u\xfbz\
w\xc4\xd7Pt\xee\xfed\x12\x0a\xe2\xe4\x15z\x18\x04\
A#\xfa\xff0\x08\xc2\xf3P9\x90i\x95?G\x00\
\xc0\xb8\x87\xdf\xbf0\x16\x82\x1bh\x0e\x93\x94\x04\x00y\
\xc1\xfe=\xe4`T\x9bL,\xa1\xf4oI\xb3FJ\
b\x90=\x0b\x01\xbd\xf0\xedl\xc9Em\x016\xa0:\
ph\x0f\xb9\xe6\xf2Sd\x7f\xfc\xa6\xa0U\xc3\x12\x01\
U\x15\xcc*\x15\x06\x00411o\x95q\x00\x1f\xa1\
Y\x01\xfdV\xcd\x11\xdd\xf9[\x04\x03\x1e\x80X\x80\xfa\
\xf0\x9b\xfd\x12\xb6\xb2\x10#\xbf_\xba~\x93\xdc\xf0\xf6\
\xb72\x1f\xe8\xd8\xd0\x1f\xeaq7\xc8\x92[\xffr1\
\x9a\x05\xf5\x0a\x05\xf4\xd8\x88\xd5\xadW_\xb2Zu\x92\
\x84\xb4\x8c\x22\xdf\xed\x891\xad\x8d\x05\xd8\x13\xa3Z{\
\xcd\x9a>\x02\x0a\x02 \xc8\xd7\xad\xdf(\x9f\x8c\xfdB\
^y\xed-Y\x05\x0d.&\xb3\x8dH\xf3\xbe\xf8\xdd\
B\x01\x00kv\xa8\xf5\x93\xa5u\xd5\xfcO\xad\x1d\xbf\
\xc1\x9c#\xc1\x7f\xc6}\xd5\xfc\xef\x18q\xe0\x06 s\
\xd6\x85\xaf\x0au\xc4:\xc0\xb6\xd3;\xb7J\x0c\xa2\xfc\
c7\xe5H\xcc\xda\xf9\xf8\xbd\x5c\xb2\x11,7`\xe8\
P\xe9\xb3\xdf~\xd2\xa4Y\xf3\xc0\x12H\xf9\xce\xc0\xb0\
D\xd6'`'?\xfc\xad\xa5\x8a\x95\xa70\xe0\x8fE\
\xc4\xaa \x05\x0ak\xa1\x0a\x00\xea\xca\xda\xe9\xdf\xc9\x9d\
\xb7\xdd&\x8f\xbd\xf9\xa1\xac\xcb\x87`\xc3\x18\xb4\xccL\
\x91S\xa1\xec\x8d\x82`\xd3\x92\xc8@7\xb9\xc8\xff\x7f\
}\x12\xf2\xd6\x91\xb6V\x5c\xb5?ZS\x18'\xc6h\
\xf8d\x08\xc3\x9f\x1b\x00`o\x08*\xc5\xbf\x7f~\xac\
\xcaC\xbe\x1f\x01\xc0\x85\xb0\x8c\x1f\xdc\xb9e\x85\xe3\xe3\
\x08&)\xdc\xd9\x0b\xe0\x19\xd4\x02`\x86\x01\xb7\x01\xbd\
;\xca_.?Y\x8e:t\x90\xc4*\x00\xa8:\xf2\
\xab0\x00 \x11pq\xbc\xea\xd0\x09\xbb 1_\xf6\
p\xa4\x03\x9e\x083\x0f\x03>~\x09[Y\x00\x80c\
\xb0\x1d\xda\x01\xab\x02\xde\xf3\xf1d\xad\x01N\x15\xa1>\
\x16\xc0\xb1\x87\x8e\x90k/9\x07~G\xf8\x86\x5c`\
\x0f\x8f\xe7\x842\x180\xadqK\xcd\x0c\xa8\x86\xf9-\
u*j\x01\xc0/\x81Rk\xdf1z\x04\x22~q\
\x9a\xe07!=p\xca\x8cY\xf2\xd2K\xaf\xcb\x14\x14\
\x0a\xaa\x9b\x84\xeev(\x17\xbc+\xbb\xb3\xc4$ \x1e\
\x07\xc2\xda\x00\x80\x95\xf3\xa5w\xdb7\xf71k\x82\xb3\
\xe19\x90 p\xe5in\xafF\x05\xeeB\x84>\x04\
t\x01\xfc\xc2\xbb`\x1a\xde\x91/\xb1;\xb6H\xdd\xfc\
\x5c\x89\xdd\xb2Zb\xb6\xae\xd7h\x7f\xd6\x1d\xe8\xdd\xbd\
\xa3\x8c:\xe4 i\xdd\xa9\x8b\xecN@<\x15\xf8\x82\
\x0a~\x08X\x0a~\xb6\xf0\x8d\xc7\xe7:\x0c\xf9w~\
\xe2\x80\xfd\x87\xdc\x1d%\xf1\xa5\x8a\x08\x0b\x1f\xcb\xf8\xe3\
\xc7o\xca\xdfn\xbbS^\x1b?I;,\xf2~\xdd\
\x9bf\xc9oP\x01p 2\xc0\xcc\x9c/2\x1d%\
\xd0\x1fC\xf0\xdfDW\xff\x9fG\x92\xaf1\xa3\x89\xd9\
\x12,\xaa\xd4\xbfe\xb6\x5c1\xb2\xb7\xba\x0d*\xf2,\
{\x8bz\xcb\xc3\xcfKz\x16\xc6E\xfc\x88t\xbd\x8b\
_\xfa\x5c\xbb!z\x00\xf0\xfb\x03{\xca\x08\xc4K$\
1\xf3\xab\x02\x1b\x01\x00\xadN\x8c\xb3{\x1ai\xf7\x04\
\x17\xdc\xbavl)W]r\xa2\x9cz\xc2\x08\xa9\x0b\
\xc2\xab\x8e\xf2\xf1\xe5\x06\x00\xe1\xc8\xd3z\x98\xdc\x89K\
V\xc9#H\xf9\x98\xb1b\x9d\xfa#:7\xce\x94\xd1\
\x08\x0c\x19\x88nG\xec\xa1m\xd2\xab\xfaPi\x05\xc6\
o\xaf\x1dZ6\xd1\x14hI\xcc\xeb\xde\xfcF\xa6.\
_\xad\x81CD\xccY\x19\xe9r\xcf\x8d\x7f\x90!H\
\x0d\xf4\xc16:\xbe8@+\x03\xb6\xeb\x027@\xa2\
\xf3\xfb\xb9\xd7Q{Ou\x8f'\xdd\x00\xc6=j\xe2\
\xa2\xdck\x13Y{\xa3_\xec\x080\xa0o\xfb\xb6m\
\xb2p\xe9\x0ay\xe5\x957\xe4\xc3O\xbf\x84\x8a]O\
b\x93\xb2dw\x5c*\xd6\x1cK\xb12\x06\x8a\xb5\x80\
\xc9\xd7\xf8\xb9\x8e\xec\xc2g\xcb\x9ep\x9a=\xb9\x1d\x1b\
\xf0\x00\x00\xc4\xa2\xd1\x97\xec\xdcfB\x9f\xda~\x01\xb4\
B\xb6\xf3\xdd\xb5\x13<`\x07p\x01\xfe\xc6\xf1Ip\
\x03\xb6Aq\xb0\xfd\x87\x0d\x94!\x83\xfbK\xa3\xec\x86\
\xb8E=\xc9\xdf\x8d\xe2E`\xf0l?\x8cJ\xbe\xc2\
.\x22,\x07\xccx!\x1f_P\xd9\x09+\xcf:W\
.\x83\xe7\xfd\xf8\x85\xa7\xe4\xefw= _\xcc\x5c\xa0\
\xb7\xa3\xe27\xacmS\x94\xf6\xed,\x1dQ\x0b\x80\x1b\
k\xc3\xbc?s\xb1\xa6\xffm\x82\xdf\x9a\x03R\x1f\x02\
/-%\x19Y\x17\xdbd\xf3\x96\xadZ-\x96\xa9\x83\
W\x1e\xdc\x1b\xe9pIz^y\x9e\xa3\xb2\xefX\x99\
\xf3\xca\xe6\xe5%_\x95\x00`\xfa\x8a5r)\x00\xc0\
V\xc4\x87\xd0\xe5\x93\x0c\xb7\x07\x1b \xb1\x07@b%\
\x00\x00\xe5\xc4\xb7\x8bV\xcaS\xc8&\x9b\x8aV\xf3\x9c\
\xf7\xd6-\xb2\xe5\xe2\xf3\x8f\x95\xf3\x7f{\x84\xc4WS\
5\xc0J\x01\x00\x12/\xdb>>\x8a\xaa\x80_\xcc]\
\xae\xa9+\xe9\x88t<\xb1_{\xc4\x03\xb4\x91\x8cD\
\xf8\xb0u\x0bA\xd3\xca\xcc\xca>pN\xa9\x84\x83\x81\
\xa2\x96\xf16\x82&9V4\x0fimoL\xee\x11\
\x07\x0d\x93[\xff|\x89\x06\x1e\xd9f\x80IS>\x9a\
\xb5\x09\x82\x01\xabn\xe4)m\x10\xcb\x06\x00UY\x18\
\xa5\xdd\xb9\xa61\x80}\x80\xd4j\x1fq\x0f\x8d\x00\xb9\
\x14\x83\xf2rr\xd6\xc8g\xe3\xbf\x91\x09_O\x94U\
\xf8\x1c\x83`\xdc]\x10\xd6\xdb\xa0\xd5\xed\x80\xa0S\x7f\
?\x84<\x81\xbc\xa5\xfc9c\xbf\x86\xf2X\x10\x1e\xff\
\xcf\xf5\xcd\x9f\xba8\x9f\x95\x06\xf9\xc3f`\xf1\x10\xf8\
\xc9II\xc8\xe9\xce\x94\xe6-\x9aK\xcb\x96\xcd\xa4y\
\xd3li\xd4\xb0\x81$\xa1\xc1\x8fjt\xbc&~{\
\xcbBPL(\x08\xc3.e\x10\xc2&C\xbdT\xf1\
f\xe2\xb2\xd6\x1e\xad\x1d\xdb7\xe6\xca\x13\xf7\xdc!w\
?>F\xe6\xd1\x85\x89}l\xed\xab\xf1^(\x03\xdc\
\x00\xb1\x00d\xef\xcb\xd0\xf8\xec\xc5\x89\xb3\xe5\x9d\xa9\x16\
\xad\xce\xe3\xb2\x1bdJ\x8fN\xedd\xca\x8fse\xf5\
\xba\xf5\xa8O\x10#\xdd\x9ad\x01\x00\xf4\xd18\xb1\xb2\
\xee\xbf\x87\xa6\xb9\xd4\xcbV\x85\xcf1\xaea\xf2\xb2\xd5\
r\xd9\xcb_hQ'f\x05$c\xbe/\x86\xcbc\
x\x87\xa6\x15\x06\x00~\xdef\xac\x5c+\xcf|=S\
\xbeF\xe9}\xd2[\x83\xccT9o\xf4\x91\x9a\x09\x90\
\x0cZR\xa5\x91n\xa0*\xe8\x85\xe5*\x04d\xd7\xf7\
5\x8c\x8c\xb0\xf8\xa2lV\xc0\x8c\x00\xa6\xba\xd1\x1f4\
\xac}\x134\x88\xe8\xa2\xe8\xb0\x1a[\x16\xff\x14\xf4P\
-\xf7\xb4\xa0 \x14 A\x05-\xba\x01X(\xc3\xcf\
\x15\x112c\x01F\x0e\x83?'T\xd5\x89c\x1b\x97\
\x90$\x0d\xdbt\x96\xfa\xc9(\x1dI\xb6b\xe0\x7f\x8f\
\xc4\x05ZMn\x0f@\xaa\xe5\xb5\xab\xe5\x225\x91I\
T\xcb\x8b\xd5^\xa4\x06\x8d@DA\xb1\xb5Z \x1b\
\x91!\xb0\x0a\x8cw\x0dZ\x09\xd3\x8cM\x13v~>\
\xca\x07\xe7\xe7C\xa9G\x9a\x1e#\xf8Y\xa6\x17\xfco\
\x17\xab\xf59s\xbc\x99\xbc!\xf4)\xf0\x11\x1cW\x0f\
\x02\x80?\xf5\xf9\x1b\x1a \x7f\xd3\xe5\x97\x08\xc0\x9f\x84\
\x860\x09\x10\xf8\x09\xa8\xe8V\x9f\xfdA\xb8\xfe)\xac\
C#\x134\x16\xd2,\xa1\xc8w\x9e\x7f\x94\xb9>\x8c\
m\x94*lK\xba\x06\x01\xc8\x9a\xc5\x0b\xe5\x1f\xffw\
\xb3\xfc\xfb\x95\xff\x22\xb7}\x9b>Y&\x0a%\x9d\xd2\
\x9fMm\xdai\x8d\x04*7\xdf\xc3\xec\xcf\xceu\xd3\
W\xac\xd5\xf1\xab\x87\xf7\xe9\xdb\xbd\xb3vA\xfd7\x1a\
0\xe5\xac\xcdU7F\x17\xb4\xc3\xbd\x12\xf5\xf0[#\
\x86\xa0\xccg\xff\x09(\xa4\xaa\x00\x80]\x10\xaf|\xf5\
KM\x8dW\x00\x80\xb9\xbetD\x1f\xd9\x0f2\x91\x15\
\x00+\xb2\xf99^\x88Z\x00,\xad\xccZ\x00\xbc.\
\x03\xc7O;v\x7f\xb9\xfe\xaa\xd3\xa4i\xd3F\xd5\xa2\
^\x97\xdb\x02P\xf8\x05\x88H\xe8\xa3`\xaa\x02S@\
\x08\x88\x9b\xa5'\xcby\xc3\xba\xc9\x81\x1d\x9bW\xcb\xc3\
Ud\xd0j\xf2\xb1\x9a\x11\x80\xf2\xc9\x0f|2\x0dq\
\x01\x0c\xa6\xb1m\xd8\xc0\xdeh\x15|\x854HOS\
\xe9NY\xac\x8b\x03\x1f2\x9a\x22\x7f\xb4q30\x14\
\xfa\x8f\x0ag\x17W\xedm\x8b\x10\xbb\x0b:QS\xa7\
r\x8d\x08\xa4\x0c\xbb~xW\x8fN\xb9\x9f\x81T\xf6\
\xbc\xb4\x83\xba\xdf<\x9560\xbd\x84\x83\xa7\x85`j\
e\xecB\xca\x1c+\x12\x14\xb1G\x5c&U\x1b\xf7\xda\
\xb3k\xfe\x08\x906)\xf4\xb5\xef=\xe3\xed\x09\xbeA\
\xe7L\xd3U\xed\x1c?\x84\xcc\xfc\xed}\xe5\xa6\xf9;\
rW\xa0NS\xbd\x8bvw\x81\x80\x0c\xf5\xa1Y\x97\
Y\x05\xea;\xd7ctiG6\xdeK\xffR8\xe2\
\xafZ\xa1A\xa32\x01\x1b\x85\x03\x13\x06)\xbc\xa6X\
\x9cE\xc0\xec\x16\xd6N\xd8\xdf\x93gO\x9f\xf8\x8d\xdc\
\xf4\x7f\xb7\xc8\xdb\x1f}\xa6c\xe1\xdd\xbcg\x0e\xe9\xac\
B\x8d\x8f\xb7~\xcbv\xcdt\xa2\x22\xc8@@\xeel\
\x94\x95!'\x1c1Jztn/\xd7\xdd\xf9\xb0\xac\
\xcd\xdd\xa0\xbd\x09\x08\x00\xae\x18\xd5[\xdad\xa6\xfd\x0c\
\x01@\x8c|\x83\xba/\x7fz}|\x00\x00R\x00\xf4\
.?\xa8\x97\x0cF#\xa4\xc42\x1a\x00\x157\xc1\x04\
\x96\xac\xad\xf0\xea\xf7s\xb5\x16\x00\xd3\x02IS\x87\x0f\
\xef%\x7f\xbb\xf2\x14\xe9\xd5\xb7\x8b\x14TCFE\xa5\
\x01\x00\x1f\x9a\xa6!\xd6\xbc\x9f\x80\x97gW+Z\x01\
\x8e\xef\xd3NQ\x22\xdb@\xd6\xe4\xb2\x8f\x15ZUU\
=\x18\x9cb\xe5\xa6<\x94\x07\xfe\x0e\x0130-:\
a\x96\x9e\x9a\x22\xff\xf7\x87\x0be\xe4\xd0\x81\xd0\x16,\
\xdd\xc7\xd6?\xac\x00\xc9\xa9\x92\xd9\xb2=b\x02|a\
\xa0\xeaq\x06\x94\x8ct#\xd5\xc3\x5ci\x02\xd7\x04\xa6\
0\x97rl\x22PE\xa2\x99X\xc0d\xbc\xb0\x0e3\
\xb8\xd0+\x10\xd28\xf6Ta\xd3FM\xd4 \xaaJ\
\x22\xb5\xe7\xd7\xac\x11\xf0\xb11\xfe\xa9\x0ac\xcf\x12\xc8\
_\xa3\x02MtG\xfeoR\xbd\x18;m\xe1\x98\x9e\
\xe2\x0e\x09\x9d\x17\x00\x0d\xbd\xba[\xafnMi\xbf\x16\
g\x8d\xd0\xef\x0a\x07\x0b\x04\x08%b\x15\xd0\xb5\xaa \
=\xb4\xc6q\x1df8|\xf8\xee;r\xf3\xedw\xca\
W\x13\x7fp]\x09\x0bd\x04\x22\xff\xcfB\x05\xc0V\
\xd0\xe2\xf9\xa8sr\xd6\xc3D\xfd\xa3|\x09E\x90\xe7\
\xb0\xa5y\xef\xae\x1d\xe5\xd2\xb3NEm\x84mr\xf5\
m\x0fH\xee\x86M\xda\xe3\xa4\x0b\x8a*\xd1\x05\xd0\x06\
%mk\xe2\xfa\xad\x9a\x05 F\xbeD\x1a\xe4_\xdf\
\xf8*\x00\x00\xa9\x00\x00W\x8c\xec%\x83\xda6A\x90\
g\xc5,\x00\xa4\x16*\xd8l\x05\xfc\x16,\xecL\x07\
\xd4\xea\x8a\xd8\x06wm-\x7fE9\xe0Q\x87\x0d\x91\
:\xc9IAu\xc8\xca\xae\x9eJ\x03\x00\x92\x0c\x1fp\
\xcc73\x15\x05\xb2\x02\x12\x89\xbc{\xd3\x06\xa8\xfa\xd4\
E\xa3>\x8b\xa1\xe7\xca>\xe7>\x7f\xde.h\x10\xef\
\xa3\xc3\xd3\xdd\x1fMB\xado\x04\x06\xe1\x8d\xea\xc0G\
\xf8\xabQ\x07\xc8\x9f\xce;S23P\x7f<T\x00\
\x88\xc5\x80\x18\x0b\x90\x9c\x95\x8d\x5c\xe0\x8aE\x91\x86\x07\
\xab<\x84\xad\xcb\xdf3\xa3\xb0\xe2\x11\x9a\xc0\xc2\xda\x83\
1\x8fh\xb6\xe6\x17v\xe1Kx\xb9\xaf\xfb\x8b\xe2\x89\
\x10\x00P\xf5\xa9\xc2[Md(\x15~\x89\xda\x13\xf6\
\xbd\x11P\x8d\xdd-\x12O\xf4\xaaH\x17\xcf\xf9\xa2\x8e\
-\x82\x09B\xd7\x09\x8dDp\x8e\xdb\x17\x80f\xde\xd7\
\xc5\x1d\xd8\xad\x0d\x14P\x93\x8f8k#\x16\x80\xe0\x92\
\x8a\x22\xa2\xaeb_\xf9k\x01\xc0l\x85\xab\xe3\xa9\xa7\
\x9e\x92\xfb\x1exX\xe6\xcc_\xa0\xd7e.\xfb\xc9(\
\xe4\xc3\x1f\xa6\xf5m\x87\x8fw\xecl\xd4\x09@\xbd\xfa\
\x15\xecy\x82Kd\xa4\xa5\xca1\x87\x1c \xe7\x9dz\
\xac|;y\xba\xdcp\xf7\xa3\xb2\x01\xf5\x16\xa8\x18\x12\
\x00\x5c\x01\x17@[\xa4:\xd6\xc4\xf5Z\x1e>Y\x12\
\x812\x0b\xeec\x8c\xc5Mo}\xad\x8a0]\x00i\
p\xf30\xe8q@\xeb\xc6\x95\x06\x00\xf90\xfb\xbf7\
}\xa1ZXVm\xb4\xb6\xc0\x9d\x9a7\x94\xcbO9\
XN;\xf9`\x89o\x94\xa5\x15d\xab\xb2U\x1a\x00\
(\xfd\xc2T\xcd\x08P\xba\x01\x16\xa3\x14\x227V\x8a\
:\x03A\x22\xf4\x13\xd1\xf7Q\x0b\x02\xfc\xf4 \xe5\x08\
 \xe9\xfa\xb7\xbeA,@\x8e\xb3\x9a\xc7H\x93\xec\x06\
\xf2\xf7+/\x90a\x03z\xc3\xdc\x1f\xb2\x02\xe0\xb4\xa4\
\x8c\x06\xda\x1f\xa0^|\xe5RgJ%jg\xbfT\
y\x1cV\x00\xbc9_\xb5\x09\x98\x13\xcbh\xdf\x15q\
\x11D\xc4\xbew\x0b\x944\xf7\xf6\xbd1\xcfb\x99A\
q \xa0\x0c\xf3\x7fMd*UY\x98\xb5\xe7\xee\xc5\
\x11\xa8\xa0\xbb\xc8\x14z%`\xb7\xb9\xcfn\x1dy\xed\
\xdc\x0e\x8b\xac\x02\x03\xda\xba\xd7\xce\xf3_\xd1\x9d@\x19\
\x1c\xec\x0b\xa3\x89R\xc6\x81\xcf\xad-g-\x8bG\xad\
\x0e\xba\xb4\x5c\xfd\x82\xd0\x9a\x89Z\x1f\x8a\xb3-\x80,\
\xd8\x1c\x00`\x8d\x83Uk\xd7\xc9\xdd\xf7\xde'c\x9e\
yVrV\xaf\xd1wh\xd3 U\xeb\xff\x1f\x88\xb4\
6\x9e\xb6\x08U`\x9f\xfbv\x8e|4m\xbe\x96\xfe\
\xa5k\xa33\xda\x9e\x9f\x7f\xc6\x09\xb2?\x5c\x9b\xef\x8e\
\x1d'7\xdf\xff\x04\x8a,m\xd3\x1a\x06t\x01\x5c5\
\xb2\x8f\xb4\xae\xa1\x00\xa0\xf0\x5cU\x84\xfa\xe2\x01\x00\xfe\
7c\x89\xdc\xfc\xbf\x09:\x16\x1ckV?d\x0b\xe0\
~\xad\x1a!\x0b\xa2\xe2\x16\x00R\xc0N\xf0\xde\xb1\xb3\
\x96\xc8\xb3\xdf\xcc\xd2\xb6\xc0\x1c\xf7&(\xb9\x7f\xee\xd1\
C\xe5\xa2\xdf\x1e)\xa9\xad\xd0\xcd\x12q\x01\x15r\x8d\
\x16z\xb1*\x01\x00\xbazY\x01\xe9\xa1\xcf\xa6j\xed\
{_\xc7xT\x97\x96\x0a\x02Za\xb2K\x00\xc3\x15\
\x19\xdf}\xfe\xd8\xc0<\x87\x01{\x17\xc5\x1d\xee\x1f;\
I\xf2\x10Y\xcc\xb1a0\xcd\xd1\xa3\x10\xd8q\xd9y\
hD\x82\x8eQ\xc1\xa2E\x1aP\xfdxT\x06l\x8f\
\xc2@Y\x15*\x0cT&\x9a\x8db^\x11&\x15\xed\
\xef\xa7pfL\x00S\x9b\x1c\xb30\xfe\xe2x\x97\xe7\
^%\xa9\xf4\x11\x0d\xc5\xf3\xcb(\xed\xbe\xb8\xd3\xdc\xb5\
K\x14\xe6\xce\x8c\xe9\xf0C\x11\xba\xa8\x05\x01\xfb\xfcR\
\xa9Q/\xe0\xd7Q`\xd9\x0a33\x0b\x961)\x1e\
B\xba\xc5\xae=w\x9e5\xe8\xb18\x82\x88\xb0/\x0c\
\x08\x22@:\x82\x12\x8a\x22b\xa7\xef;~\x11\xf1\xe1\
G\xd6\x06\xd7\xac\xe5\xe2\x87\xcdj\xc1\x1aQ\xf0Pt\
\xb8y\xce\xd4\xa93\xe4\xffn\xb9U\xde}\xef=\xd9\
\x8a*\x89\xdc\x86\xb5o\x0a\xf3\x7f\x17\xe9\x94\x9d.[\
P\x14\xe0\xc3Y+\xe4\xe9\xf1\xd3%\x07\xc5\x94x\xa1\
\xe4\xa4D\x19\xec\x12\x1a\x01\x00\x00 \x00IDAT\
5|\x90\x5c\x06\xf3\x7fZj\xb2\xfc\xe7\xdd\x8f\xe4\x9f\
\x8f\x8cA\x7f\x83\x9d\xda?@\x01\x00\x5c\x00\xad\x10\xc9\
^S\xd7i\x99|\xb3\x18\xea\xe49\xcc\x8ex\x1bY\
\x10\xb7}0\xd1\xf5A@o\x06\xb4\x97\xfe\xe3!}\
\xd1\x08\xa8\x11\xaa6V\xa68\x9e\xc5\x9aL@i\xe5\
1(\x06\xc4Z\x0b\xdcXU\xf1\xf4\x91}\xe5/\xe7\
\xffZ\x1aun\x87\xca\x95\x94\x19\x95_6U\x02\x00\
\xbc/\x03\xdc\x18\x07\xc0\x01\xf0u\x90;c\xb2\x7f3\
\xa8\x93v\x7f\x222\xac\xdd\x22Bs\xf5\xa6\xadr\xdb\
\xfb\x13\xe5\x87\xa59\xda\x0d\x8c[\x16\xcc\xff\xd7]v\
\x8e\x1c2l\x88\x16\x0a\x0a\x07\x00\xa56l,\xe9M\
\xdaH]4\x03)\xcfV\x98\x88\xa3\xe4l1\xe6\xc9\
\xc8\xf1vd\xc0\x9c\x82\x9bQ\xa5p\x92?\xac\xd2G\
!;\x13\xf6N\x01\x89X\x14\xc8cB\xda~\x04\xdc\
D(\xd6\x9b8]\xcd4\xe3\xa5!\x82.\x19\x0c\x84\
\x0f*:25\x95\xc9\x94g\x0ek\x8f\xf9iG\xa0\
DA\x10h\xef\xb6&l9\x84\x00\x80[\x1f\x915\
\x17\xd1\xf4\xa3\x85~\xc8\x02\xe0\xd7\x16\xaf\xe4@E\x14\
?\x0f,r\x9e\x87D\xe2\x0bt\xa1\x04\xa0\x98\xcf\x13\
z\x00\xfd\x82\x91\x87\x5cO\x91+\xea\xba(\xa4\xf9\xfb\
\xd1\xd6\xfb\xa3\x05\xf0\xeb\xaf\xbf!\xb7\xdev\xbb|?\
\x09e\xcc\xb1\x8f\xd5\xfb~\x8d\xd8\xae\x13P\x028\x03\
\x1d`\xe7\xae\xcd\x83\xd5w\xb6|\x8a\xfa\x00f!\x8c\
\x91\xb6Hi<\xef\xb4\xe3P\xe4\xec@\xd9\x8c\xac\xb0\
g^\x7f[\xee}\xf2%\xcb\x0c\x00\x00\xe8\xd6$S\
\xae\x1a\xd5G\x1b\x08\xd5\xe4\xad\xa2 \xc0\x03\x80\xd7&\
\xcd\x97\xbbQ\x1e\xdf[\x00X2\xf9\xcf\x87\xf6\x93^\
\xcd\x1b\xa0jce\x00\x80\x8d\xd2\x0cdW<\x8d8\
\x0b\xed\xb1\x80\xbf\x99Q\xf1+T\xdd\xbd\xf1\xf7\xc7I\
\xbb>]%.\x0d\x85\xf7*\x12\x1c]h\xf0+\x05\
\x00\x029\x80\xc9\xa5y\xe7\xa3\x99K\x14\xa5\xccg\xc5\
\x22<\x0csDO\x00\xc1\x1c\x85\x9cQ\x22\x96\xaa<\
`M&\x96r?\x9b31r\xdc\xb8`\xde\x05X\
\xfa\x17\xea\x02\xb0\xb3\xa2\x95}\x8c\x91\xfe=\xbb\xc8\x0d\
W\x9c/\x1d\xdb\xb4\x0a\x81&Z\x01\xe2$\xab\x05\xac\
\x00\xe9\x0d4\xe0#,:\xa3Vr\xc0\x90\x0a=U\
\x94\xd6\x12\xf9.\xd0n\xc2B]\x01\x807!\xaau\
Q\x8d\x89V\xff\xcc\x01\x81\xd0\xe5\xbd\xdf\xd1\x87$\xf1\
R|\xc2\x801\xea\xb1a\x08\x12a>\xc1^\x9fq\
\x10\x15\xb4\xe4\xbeufI\xc7f\x8bj\x0e%0\xb2\
\xf0\x08\xd4\x02\x81rS\xe9/\xf6\xc0\xb2\x98\xbe\x0a\xef\
\x90\xcc\xf6d\x179\x8f\x0b\xc5S\xb4\xff\xac\x12=\x22\
\xb5\x15(\x84\xffv\xf1\x03\xaa\xa0\xdb\xda\xf2\x81\x83\xde\
\xa4\x10\xac\xd1`\x1d\xb9\xf5\x14\xd0\xbd\xf5\x08\x88\xf0\x7f\
~\xc15\xe6\xf7\xc1\x82\xe7A\xb83\xf9\x17Y\x0f!\
@\xc0\xfb\xc1\xed\x8c\xee\x7f\xff\x94G\x1e}\x0c\xb5\x10\
P\xa6\x18\xcf\xc7\xf2\xbf\xa7C\xa1;\x08A\x80\xdb\xf0\
\xfd\xc7\xb3W\xc8\xcb\xdf\xfd(\xcb\xd6\xb2>\x00\x8a\x15\
\xc1\xdf}\xe8\x01C\xe4\xf2\xdf\x9d&-\x9a4\x96\xb5\
\xeb\xd7\xcbc/\xbc.\xffz\xee5}\xb68-\x04\
\x94\x05\x0b@_i\x0a\xeb@\xf1\x81@5\x83\xfc\xca\
\xa2\x85\xc2O\xe9\x01\xc0\x8b\xdf\xcd\x95\x07?\x9b\x1c\x00\
\x006\xc9\xbb\xfa\xb0\xfe\x88\x89\xcb\x04\x00\xa8\x98\x0b \
RJZ\xe0Z\xdf(c\x00\x00(c=_\x1d\xd9\
\xaf3\x00\xc0\x09\xd2\x17=\x01\xea\xa3\xb0RUx\x5c\
%\x01\x80\x97\x1aLk\x11Y\x80v\x96\x8f!\x18d\
\xfc\x82\x15Z+\x9bA\x11#;\xb5@\xcd\xe8\x8ej\
\xf2\x89\x9215c\x9e\xf7\xfaSX&\x1c\x19\x09Z\
g\xa2%\xe9\xad\xb0\x02|\x8f\xdcQ3\x02`\xcc\x90\
'|\xf6)\xbf\x96\xd1'\x1c%\x99i\xe1H\xd9\x02\
\x8d\x05Ho\xdaF\xea'\xa2\x88FqO^\x9c\xf0\
/N\xdb\x8f2W:\xcd%\x82\xe6\x82L F\x13\
\xeb}\x949\xb9\xdf\xfc\xc5w\x08\xa7v\x84}\xa7Q\
\x0f\xe6NR^\xe8\x98[!\x94\xaaG\x84o\x12\xf5\
\xbd1\xb1\xb0\xc5\xc0):\x11Zr;\x22\xd7q\xd6\
\x86B\x90CYf\x15\x10\xf2^'\x94\xda\x1b\xee\xf5\
\x11(\xd3\xd4\xef\xe5v\x08L\x07\xee2\xfd\xce\x99\xf2\
t\xcd\x85\x04\xbf_C\xfa\xdb/4\xb7\xee\xfc[\xea\
nwb!0\x1e\xf1-D!];Se\xbd\x83\
\xde\xfa\xb5\xd3\xf6\x15\xa8\xebB\xd5]\x05\xe8B\xe7S\
\x12-H\xb0\x98\xaa\x9f\xda\xe8\x08k\x1e\x82j\xd6\xac\
\xd9r\xf5\xb5\xd7\xc3\xfc\xff\x01\xd2\xffv(\xa0\x1f\xd0\
\xba\x11\x8a\xfft\x94\x9e\xa8\xe67#g\x93\xbc\xf0\xdd\
\x1c\xf9f\xeeRM\x0f\xe4\xb5{\x22\xe5\xef\xa2\xd1'\
\xc9\x88!\x03Ty\xc9Y\xb7N\x1e\x1c\xf3\x8a<\xf3\
\xea\xdb\xfa\xa8\xf4\x81\xf7\x81)\xfcJ\x94\x02\xa6fl\
\xeb\xd13\x97\xbd>\xdde\xde\xb0\x22 \x80\xc7&\xc0\
\x05\xf04\xe2\xe0\x1eC5D\xfa\xed99\xd9\xa9\x09\
r\xcd\xe1\x03\xa4+*\xe4V\xc4\x02\x10&\x01\x0e\xd3\
Z\xb4\x05f?\x80\xffN\x9e\x17X\x88\x86\xf4\xea(\
\xd7]r\xb2\x8c@\x9d\x81\xba\xf1U\xeb\xadP)\x00\
\xe0'\xcfO\xe1V\xf8\xb3\x19\x08\xf8\xe6\xd4\x05\xb2\x01\
A\x1f\x9c^f\x03\x8cF\xce(kF[U\xabb\
EW\x99\x93\xf1\xf3:\xc0\xa6\x97#\xf1\xc9\xacer\
\x1fb\x01\xd6\xb9\xfcY.\x0aj\xff\x7f\xbap\xb4\x0c\
\xee\xd3C\x01\x81mH\xafA\x16@:3\x022\x99\
\x11P\x14M\x16!X\xc7TB\xd6\xc5\xa8`\xa4\x88\
&\x12\x06\x01>\x0d0\xc2\x8c\xbcr\xe2\xa5\xae\x06\x17\
\x05J\x8cK!\xe2\xfb\xa8\xa0\x8f\x80\xc2\x10fpo\
\x1b\x16\xe6\x91\x19\x0d\xfc\x95\xc1\x8d\x1c\xde\xf0\xa4\xe2\xa5\
~\xf8\xb7\xff\xec.\x13\x16\xee\xc1e\x941F[:\
u\xdck\x81\xc0\xcfk9U\xf1mJ6\xf5\xfbu\
\xca\x8a|\xa1l\x173\x8fy\xab\xbb\xb9\x01\x02\x81\x1f\
ZK\x81Pwr.X@Q\x12\xde-o\x9e\xe7\
\x91C9^\x88\xf2\xddsS\x05\x01~!\x98\xb6o\
2\xde\xb5\x1d\xf4\x97s5\x09v\x13\x17\xb85\x10\x1d\
\x14h1>;q\xee\x13O>%w\xdfs\x9f\xcc\
\x9d7_/\x9d\x80\x88\x7f\xb6\xffe\x07\xc0\x18\xa4\xf9\
\xbd5u\xb1\xbc;e\x9e\xac\x83\x12\xe3\x9b\x9b\x9dt\
\xd4(\xf9\xddIGK\x0a\xaa\x1c\xf2\xba+\x108x\
\xf7\x13\xcf\xcb\x7f\xde\xf9H\x9f \x01.\x84A\x1dZ\
\xca\xe5H\x8bKC/\x83:\x8c-*\x14\x9bP\x8e\
7\xdfk\x87T\x18\x00`\x8c\x1e\x1d7M\xc6\xa0 \
\x92\x07\x00MR\x13\xe5\xafG\x0c\x90Np\x87\xd7g\
\x09\xe9Jl\x9c*v\x17|\xe1\xbbY\xda\x15\x90\xad\
\xa39\xe1=\xbb\xb4\x96\xab/9IN\xf8\xd5p\xcc\
I\xd5\xe4j%\x01@\xe4m\xfc`}\xf8\xe3by\
\x1e\x0f\xb9`\xcdF\x156\x8dR\x12\xe5t\xa0\xc6\xa3\
z\xb4\x81\x0f\xa8r\x03P\x891\xdb'N\xa1x\xca\
C\xf9d\x22\xc6w\xa7-@wE\x9bXV\x0a\xfb\
5|h\x0c\xa4i\x90\x95\xee\x969W-\xccl\xe9\
\x0da\x05h\xa5U\x02\xa3\x84^\x94/\x9e\x0c\xa0\x90\
\x86\xa1\xbbl_\x90{\xef\x8f\x09L\x92^\xaa;\x0e\
\xa2\xfb\xf9\x99%AL;0K\x80g\x86\xdc\xc7\xef\
\xe8`,\x86\xa9\x05\xeaz\xe8\xbb\xb0\xf0u4\x1bI\
WR\xe9\x1c=w\xc1\x9f\xf6\xfef\xdat\x8f\xe5\x8f\
-\x09\x0cx\x0d\xa3\xb0\xd5\xa1\x16\x00\xec\x13\xebcO\
?da\x06\x1f\x80\xc5B&z>G\xd4\xb1\x9e\x9c\
\xbd\xc0\x0e\xe4\xb6_s!\x10\xe0<\xf21\xae\x09\x98\
_?\xd1\xcb%@\xd3\xfa\xca\x85S\xfe\x8a\x1d\x07/\
\xc0\xdd\x92\xd0u\x13\x02\x05\x96YC\x00\x00\xdd]\x81\
\xb9}\xaf\x16\x0b\xfd)\x06\x04\xf0|\x1c\xbfd\xd9r\
\xd5\xfe\xdfx\xf3-\x17\xfcW\xa0\xc5\xdd\xce\x80\xf9\xbf\
\x1fz\xbc0\xd7\xfdM\xf8\xba\x17\xad\xdd\xa0\xe3\x92\x98\
\x90 \xc3\x07\xf6Q\xdf\x7f\xaf.\x1du\x1f-\x00K\
V\xac\x92\xdb\x1e~\x1a\x99\x00\xe8\xab\x80\xe7I@\xa4\
\xfa\xf0n\xed\xe5\xb2\x03{H\x22\xfa#\xb0 \x92m\
U\x13^{\x9bNJ\xba\x1f\x83\x00\x19\xd8\xfd\xd2\xc4\
\xb9\x0a\x008\xe4M\xe0\xea\xb8\x1e\x00\xa0=\x82&\xeb\
U\x18\x00D\xd4\x17^\x8f\xda?\xdd\x00T\xae9f\
\xad\x9b7\x92KQ\x0b\xe0\xf7g\x1d\xa5\xe5\xa6\xab\xb2\
U\x0d\x00\x84\xd4,\x06+\xb0(\xc4\xb7(\x0d\xc9.\
x\xac\x8f|X\xf7V\xda9\x8a\x83\xa1\xb5\xb3k7\
'0M\xd0\xb2\xd4\xe3\x1d\x1f}\x8f@\x8f\x5c\xadE\
\xae\x84\x83\xba\xe0\xd7_~\x9e\x1c0\xb8/\x9ajx\
+\x00j\x06 \x16\x80u\x01\x922\x1a\xbaz\x01N\
\xfb\x08\x8fi!\xe1\x1f0/'\xbfY\xc7\x5c5\x84\
\x10\xa3\xb3)\x84\xd1\xdfu\xfb\xd2e\xe9]\x0a\x81&\
\xe3s\x8b\xc3\x0c+\x94\xba\xe4\xde*x\x14\xe59\xca\
\x95B\xdf\x04R\xdf\xb4sed\x9e\x018B\xf2&\
\x81\xf0W\xc6\xbd\x8cA\x86\xb0\x80\xf6\xc1\xf6\xd7\x08\xf3\
\x11\xee\xf7\x0f\xe2\x1e\xa1\xb0\xe6_k\x09\xf8\xe5.\xc4\
R\xb5~O\xden}\xa8Y\xdc\x83Fu\xdfye\
\xddK~\x12\x98\xdf\xe9h]\xd7\x97\x13\xe6a\xa0\x10\
xpI\xc8\x11\xebY\xb86@\x00\xb4\xf5R\x91B\
Y\x01\x9b\xf5ZsH\x88[\x9fa\x1ea\x15\x06\xe9\
\xbe\xd3\xd5\xa7\xe5\xc5\xfd\x82q\xf3M\x7f\xadZ\xc7\x22\
\xef\xe5\xdf\x8f\xa5\xdb\xdf|\xe7]\xf9\xfb?n\x95\xc9\
S\xa6\xdaz\xc33\xec\x87Jv'\x0f\xe8 k\xf3\
\xf2\xe5\x95\x89\xf3d\xf6\xaa\x5cu\xf3\xaa\xc5\xb2mK\
h\xfe\xbf\x92#F\x0c\xb3\x9e&\xb8\x06{ ,X\
\xbcL\xfev\xffc\xf2\x19z*\xf0i\x12\x11\xc0<\
\xa2G{\xb9dx\x17I\xf0n\x88}\x84\x04K\xb3\
\x06\xf8\xb1c\x1a\xe0\x1d\x1f~/\xafCP\xeft.\
\xd2\xe6\xe9)\x00\x00\x03\xa5m\xa34\x00\x80\xaa\x05\xc2\
\x7f\x82T\xc0\x7f#\xd0~\xd1\xbaM\xca\x0a3q\xed\
3Q\x0b\xe0\xea\xcbO\x91L\xc6\x00T\x01HU\x0d\
\x00\x84&q\x0dLB4S\xb0.\x00\xb3\x018\xcf\
\xdd\x10\xf8\xf1[D,\x0eF1\x84_6\x00\x08!\
%\xb7@\xfdbg[e\xbaOr\xf3\xb6\x05\x01\x81\
#\xf7\x1b(\x7f<\xff7\x88\xacEO\xf0\x10\xf1$\
e\xd2\x0a\x80X\x80\x04\xa4~\x14\x07\xa8\xa2L\x92\xa1\
\xc9\x09\x98\x97\xd7P\x1c\x03s\x8cJ\x05\xa6sc\x9a\
\xf0w\x91\x09\x0a\x1c<p3\xd0\x12\xc0\xb8\xe0\xfe\xe1\
\xef\xa3Wu\xe0'u\xbb#\x82\xd7\xd9\x22\xc2\xdaL\
\x98\x88\x8bh\xf8\x0e\x04\x84\xdc\x0c\xe6\xcbT$a\xcf\
\xe44\x1d\xe3y!D\xa0\x1f\x0b1\xc2\x22\xcf\xb3\x8f\
p\xa3\xda\xc7\xac\xd2\x08\x14\xef*s\x97\x0c\x09}\x93\
~\xc1\xff\xecsqZ\xbf\x82\xdc\xc8Z\x8a\x02\x03\x1e\
\x188R\x8c\x80\xf1`\x059\xab\x9c[c\x8a#\x9c\
\xf0\xf6`\xa1\x18|\xac\xcf\xa6&}O\xfbv\x10M\
\xc1\xb6B\x0d=\x1b@\x0e\xb9\x02X/\x80\xbc$d\
\x05\x0b\xa7\x04\xaeY\x97+\xff\xbc\xeb\x1ey\xe6\xf9\x17\
\xd0\x14i\xb5\xbeW\x12j\xba\x9c\xd8\xaf\x83t\x84\x16\
\xfb?\x14{\xfb\x06\x16\x00\x16\xba\xe1y\x0d2\xd3\xe5\
\xd7\x87\x1c(\xa3\x8f?\x12\xb5L\x1aZ\x980\x1e\x9f\
\x0d\x8df\xcf_(\xd7\xdd\xf5\x88\x16\x03\xe2F\x00p\
p\x8fvr\xd1\xb0N\x12WM]\xec\xaaD\x08\xd5\
|2\xd3\xfcn~o\x82\xa6x\x13\x1c\xf1\x1f\xb3\x1d\
n<j\x80\xb4F\xfd\x04\xed\x8e[\x89\x8d\xd4\xc0*\
\x8a\xdf-^\xa5\x00`\xf2RT\x91\xc5\xf4&\xa2\x87\
\xc4Q\x87\x0e\x96\xeb\xfex\x9atn\xd3\xacf\x00\x80\
\xed\x08\x08a\xcd\xe2\x97Q\xbbx\x19*CqK\xc7\
\x83\x9e\xd4\xaf\xa3\x9c\xd8\xb7\xbd\xc4\xc1L\xf2\xcb5\x02\
\x84\x01@4%,]\xbf\x09\xe6\xa3)\xc2f\x12l\
\xf8\xc0\xc5\xc5\x86!\xe7\x9f~\xbc\x9c|\xf4(m\x1d\
\xec\x83fX\xf5\x89\x00 9\xb3\x11\xda\x86\xb2\xc8\x92\
3\xa2\x87\x98UD.\x07\xea\x8c\x05\xf8\xa8Lw\x00\
\xc0s8\xdd\xe7\x03\x98\xbc\x86\xe3\xb5\x9b\x88\xf9\xd3\x18\
KH\xb3\x09\xf1F\x93\xb5\xe1\xf7\x8bp\xad\xa0:\x99\
\xe7y\xce\xf4\xe7:\x9b\xda@D\x81\x00\xe5]\xee\x7f\
\xee:\xfe\xfb\x90\x15@\xb5\x1ew\x94\x05\x12\xe2\x7f\xbc\
\xb6\x07\x01z\xd90\x08\xa8\x05\x00\x95\xe0??\xabS\
\x8a\xd5\xe4J\xb1\x98yf\xa5\x80\xd8\x09y\xbf\x06\x02\
p\xe0\xe9\xdau\xc1S3Z\xc8\xba\xe6PD\xe0\x82\
\xb3e\x17\x0d\x00\xa2\xe2q\x0a\xad\xa4\x88\xb0\xc638\
\xf26\xc27\x00@\xb3}\xb0\x86\x02\xf2' \x0ei\
\xff\x010\xe65\x1c \xf0\xeb'XS\xb1\xf2\xc5\xf8\
\xf1r\xf3\xad\xb7\xcb\xb8\xf1_\xa1\xf1\x11\xe2\xb8p\xbd\
~\x1d\xdb\xc9\x81\xe8f7\x7f\xf9\x0a\x19\xfb\xe3\x12W\
\xef\x1f|\x1d%\xccG\xa1\x89\xd9\x19\xc7\x1d)];\
\xb4q\x8f\xe9\x80\x08N\x9c6k\xae\x5cs\xfb\x032\
}\xf6|}\xa3$\xb86\x0f\xeb\xd1V.\x18\xd6\x15\
\xfep\x03(?\xa7\x8d.\xee\x9b\xde\xf9J>\x9c\xb9\
T\xcb&\xf3\x1fk\xe0\xdct\xd4@i\x81\x0c\x0a\x02\
\x80\x8a\xbe\xb1Q\x09\xe3%b\xb4\xe4>\xb3\xec>E\
\xb5A\x1a\x18\xd8pj\xe8\x80.r\xcd\x15\xa7\xc8A\
\xc3zi\xa0fe\xb7j\xb3\x00\x90`~\x80\x10\xfb\
7\xfa\x17OZ\xb6F\x1f\x9eh\x90\xd9\x00\xac\x1f\xdd\
\x02\x15\x8c\xd4\x04\x1d\xb0\xee\xca>\xf2\xde;\xafd\xb1\
]=\xcf\xc0icG\xad\x8f\xb0\xb8\x1e\xfct\x8a\xac\
\xc7\xc2\xf3[\xe7vm\xe4\xf2\xb3O\x93\xa1\xfdzi\
\x9a\x8dm(:\x91\x92\x8eFA\xad\xd1+\x80\x0d\x84\
 b\x03\xed$\xf2LQ>\x7f\xc7\xe4\xcc|\x19\xd2\
Vx\xb8\x9a\xab\xf4\x0b\xfe\x11\xd1t\xb8K9\x8c}\
\xefM\x9a\xcc`\xd0\x0c\x81(\x09\xce#\xacXP0\
\xb78\xcd\xf3\xa6\x80Gr\xd9\xeb5C$P\x98n\
\xf9>\xfc\xda\xd4\x1b{6\xf7\xd9x\x95q9\xbd\x84\
\x17\xf0\xa1\xfdz}\xde\xc2\x03\x0d\xbf0\xbc\x05.\x0c\
\x0a\xfcc\x14\xb3\xafzf\xb7\xf6*5e\x04J\x0a\
\x92\xf5\xb4\x18v\x95\x05q24s+^v\xa09\
,\xb8\xd9\x1c\xc8Qh\x94\xd0'\xc5F\x01\x00\xee\xf0\
\xa0\xc0\xad\xa7\x00\xac\xfb\xb5`<\xd1\xdf\xcb\xae\xeb\xe8\
?H\x91\x0d\x8d\xa4~\xe54y\xa5w\x7f\xac\xc7\xbf\
~\x8dx+@\x04\xfcZ\x1c@\xf8|\xbb.k\xb9\
\xdc{\xff\x83\xf2\xc8\xe3O\xc8\x92%\xcb\xf4\x1d23\
2\xe4\xc8\x03\x87\xc9\xee-\x9b\xe4\xb3\x09\x13e9\x14\
\x15Zq\xe9\xf7\x1f6\xa0\x8ff+\xf5\xef\xd1%\xaa\
|\xb9\x7f\xca\xef\xa7\xfd(\x7f\xbe\xe5>Y\x80kq\
KE*\xf8\xd1=\xdbh%A\xe6\xb1\xeb\x1b\xea\xba\
ub.\xaa$aM\xa1\x9a\xf2?\x07K\x1d_\xfb\
\xe6x4\xc7[\xae\xfc\x9c\x1b+'\xdet\xd4 i\
\x06\xb9\xc7\xef\xedm\xc3\x0a\x98]\x9fs\xe28]\x11\
1\xce\xd1\xe1p\xadG\xa0\xf8\xffP\x12\xf8\xd5I\xf3\
$g\xe3V=\xa7S\xfb\xe6r\xf9\x05\xc7\xca\x19'\
\x1e\xa4\x85\x86\xbc\x92H\xf2\xab\x88\x8b\xb3\xda\x00\x00\x1f\
\x94En\x1e\x1f7]\xdd\x00~ \xba \x0db\xf4\
\xe0.2\x04M\x11l\x8b\x88\xd5\xc2&\xe2\xf2\x0f\xf9\
\x9e?2,\xa7\xfc\xdd\xf6\x04 \xe0\xb8m\xdc\xba]\
\xee\xfed\x92\x8c\x9b\xb7\x5c\xb6nG\x172\xecc\x16\
\xc0\xe1#\xf6\x93\x0b`\x09h\xd3\xa2Y\xb0\xd08f\
\xa9\x8d\x9aI\x0a~\xea\xc5\xd1\xef\x16MTaS\xa3\
\x12\x833E\x06\xc1|\xeeo\xb5\x0a\x04\x80 \x02\x0c\
\x94H\x15\x188\xe9\xec\xb4\x1b\x03\x1a\xf8\x8a9\xc6<\
\x97f\xc6\x80)\xb2SZH\xebP\xca5FF\xd0\
g\xfeHG\xf0\x9e\x0a\xc2\xc2?\x10\xe6\xb6\x14L\x90\
\xbbH\xfe\x80\xc9\xd9\xf5\x82y\xc1\xc0i\x88b\xf8{\
\xcf\xe0\xb4^\x025\x9e0\xa0p\xafT\x0b\x02\xf6\xfc\
\xe2\xa9Aw(\x22\x90CL\xb8h\x80\x9fi\xfb\xb1\
\xac|\xe9M\xf8\xca\xb2<H\xf6\x9f\x09\x00B\x191\
\x81\xd0\x0f\xadE\xbf\xcf\x09\x84\xa8\xf5\x17f(\x0ar\
\x1d[\xe4U\x15<{\x00\xec\xfdrn\xb1\x84\xe8\xd9\
\xb4y['z:\x7f\xebiv\xacV\xf1t\x80\xd8\
\x03g\xc5\xdf\x0e\x00(\xef\xe5q\x10\x1e3g\xcd\x92\
?\xff\xf5:\xf9\xf8\x93O%\x7f\x1b\xb5\x7f\x14\xf6i\
\xd3Z\xda\xb4j)\x0b\x16,\x94\xf9\x8b\x16\xe9s1\
H\xb9\x1f\x84\xfe\x19\xc7\x1d\xa1  \x01\x7f\x07|\x22\
X\xe01\xf2\xd5\xa4\x99r\xd5M\xb7K\xce\x1a\xab^\
\x97\x81\xb2\xb8'\xf4k/\xa7\x0f\xe8\xa4k\xd8\xaa\x13\
Fo,g\xbc\xafn\x0c\xad\xf8\xf3k\xe3\xe5+\x14\
\xeb\xf1r\xaf=|\xff7\x1c\x09\x00\x80 J\x82\x1e\
\x82'6L\xd2\xf9\xd5\xf9\xc18`?9U\x04\x00\
\x14'a\xa0^a\xf7\x8f+\xd7i\x90=e\x04\xff\
\xcen\x98.\xa3O\x1d%W]t\x82d&'V\
H\xe8\x87\xc7\xb9\xda\x00\x00/\xca\x227\xaf\x01\xa5\xbc\
\x80\xe6\x05\x04\x03\xdcX\x10\xe1x\xb8\x00\x8e\xe9\x89\xde\
\x00\xda\xf1n\xdf\xdb\xcc\xa8\xe3&\xad(\xedV\xf9\x85\
\x1883u\xd9Zy\xf8\xb3)2\x13\x13m~6\
\x91\x86\x99\x19r\x0e\x1ak\x1cw\xd8\x084\xda\x80\xc6\
\xaf[\x01b\x00\x92$\xadqKd\x064\xb0\x18\x01\
\xe5;a\xe6\xc3\xc3\x1c\xd3\x0a\x00\x82\xfb\xde\x09~M\
or\x9a\x7f \xc7\xf5\xdd\xc0t<\x00PA\xaf\xb7\
\xb4;k>\xa7\x9dG\x06\xc46\xa9\xcac\xf8\xb7\x9a\
\x1d9H\xe1\x13\x1c\xdc\x0b\x84.\xcf/\xbc\xd0=\x13\
\xb3\xef\xf4V\x01#s\xdfy~\x18\xc6\xc8\x8a\xaa\xed\
\xfb\x885\x80\x9fu\xa2\xdco\xe7*\xf0Q\xc7zk\
\xf7]\xa1Y\xab\x08j\xae\xf2\x84\xd7^`\xaf\x8c@\
\x11\xcd?T\xc3\xa2\x88\xf0\x8fZ\x17~\xa99\xc2\xa7\
\x10\x0f/\x92\x008\x9b\xc6\xaf\x0c\x5c\x01\xb2\xad\xb9\xa8\
\xbf\x9duL\xaf\xe4\xaea\xe7x\xb6\xef\x01@\x80\x02\
\xa2i\x94B\xdb/\xab \x1e\x884\xec\x8a\xfc\xf0J\
\xcc\xe3\x0f\x0b\x7f\x1e\xaf~\xe7\xd0\xfe\x80\xf6\xb1\x8f\xf1\
\x02z\xdd\x18\xd9\x81gy\xe4_\x8f\xc9\xbd\x0f<(\
\x8b\x16/\xd1\x17'Oi\xd0 K\xb6o\xdf.\x1b\
7B\xf3\xc7\xfb\xb3\xd4o\x9fn\x9d\xe4\xf8#F\xa2\
\xd6\x7f\x1fIE'\xba\xd0\x82\xb7\xa5OP\x82\xc0\xe5\
\xb1\x13\xa6\xca\xa5\x7f\xb9^\xb6la\xaa\xa0ha\xb8\
3\x11\x0c~L\xaf6\xf6L\xaa\x14\x14\x15\xf8\xfb*\
\x08 \x00\xb8\xe2\xe5/d\xe2\x92\xd5*\xe89\xbf\x9d\
\xb23\xe4\xfa#\x07j6\x1c;\xf9\xadFk_6\
\xccc*\x1f\xc7)\x1ef\xfc\xf4\xc4\xfa\x92\x85\xca\x8a\
ip\x95[\xa6\x9c\xd1[qA}k7o\xd5 \
\xc3\xd7~\x98\xafe\xe4\x13`U9\xea\x90Ar\xd3\
_\xce@\xfax\xb3\x88e\xb5\x82+\xabZ\x01\x00\x07\
b\x12\x02\x15X\x1a\xf8{d\x03\xf0u\xd8E\xea`\
T\x90bQ \xa2\xa1}mc\x8d\x83%\x88i\xe0\
\xe45OO\x92lLh\x98x\x03\x8d\xb4\xd2/\xe6\
\x967\x88\x86\xe9\x1e/\xa1\xc8\xc6J\x10\x8b\x05M\xc6\
\xa8\x8f\xed\xb2\xdf\x9d*\xfb\xf5\xef\x0d\xc4\x1dg\xcc\x00\
\x0b8!5K\xd2\x01\x02X\x1c\xc8!\x00{\x02/\
\xac\xc9d\xc8\xf0B\xcc\xca[\x0bT;V3f\xe4\
{m(\xe2\x88\xd7\x00\xbav=\xb7>\x00\xca\xdc\xf8\
\xe3]8dZZe\xc4\x16\xb3I]\xc7\x0f<\x10\
\x09!%\xe36\xf6x*\x7f\xfd\xb1\x11&\xe0\xf9\x93\
j-vg\xa7\xdd+gq\x97\xb7\xdfa\xad\xdf\xa9\
=f+\xe3\xc5\x03a\xef\xce\xd1\xc0'\xbb7\x9b\x1b\
\xe9;\x07\x16\x87\xe8I\xab\x05\x01\x95&\xe2\x1awb\
Q\xb3\x7f\x04\x00\x07\x94\x19\x12\xda\xaa\x99y!\xef\x7f\
\x13\xe0r%h?\x0c\xa7\xbd\x91\xcc<\xa8\xf6\x02\xdf\
}g\xca|\x88\xfe\xdd\xc2\x09\xb0\x83\x12\xb6\xdd\xdd\xb3\
z\xa3t\xb7/ \xcd\x10HUZu\x167\xa5q\
\xa5\xe4\xe8\x98\x17\x1e\xe3\xdd^\x0eD[\xf0\xb0\xab\x0d\
P\xc8\x12`\xf12\xb8\x14\x8e\x99\x89\xc2?\x7f\xfc\xcb\
_\xe5\xd3\xcf\xbf\x90m\xd0\xfe\xd5\x02\x82\xfdL\xd5\xb3\
\xd7+\xd0.\x7fC\xfa\xf6@\x99\xdf\x11\xa8X\xdaU\
\xc1@\xd1\xcdz\x97\xec\x8eK\x91\xff~\xf0\x99\x5cu\
\xf5\xb5\xcacx\xab\xc6iIr\xc1\xf0\xeer`G\
\x08\xaa\x00\xf8\x14s\x85}\xd4\x0a@W\xf7E/\x8e\
\x95\xa9\xcb\xd7\xa9\x92\xc4\x7f]Q\xfa\x98\xdd\x00s6\
\xe5\xcb\x14\xb8\xc4\x99\x1e\xbf\x0e\x81\xde\x06\x00P\x1b\x01\
\x8d\xf2\x1a\xa6\xc4ks\xa4N\xd9\x99Z/ \x13`\
\xc0G7\x85\xe1\x11\xe7`\x0bz*\xd0U\xfc<\x02\
\xc6Wn\xccS\xf7z\xff\xde\x1d\xe5\xfa?\x9d.\x87\
\x1d<P\x0a`9\xae\x0c\xff\xaaV\x00\xc0\x17c\xae\
\x22k\x17\xb3\x8fq>\x1e\x9a\xfe\x8f\xde-\x1a\x22\x97\
\xb4\xa3\xf4m\xd1(\x22(j\x1c\xcb(\x8e\xa6\x0bd\
>R\xf5\xde\x9c<\x1f\xbd\xaf7hg\xa7C\xba\xb4\
\x90\xa6\x002*\xf2\xbc\xc6Z\x85\xb7\x0a\x03\x08fR\
<\x89\x18\x8a\xcf\xe6,\xd52\xc1\x5c,l\x11|\xf0\
~\x03\xe4\xf7\xbf9Q:\xb7o\x13\xb8\x02\x18\x04\xa8\
\xae\x80\x06M\xa4.Pw\x11S\xa7\xd7Z\x1c\x933\
\x93\xbfc=\xba\xb2}\xf0\x9f\xa5\x00\x1aW\xf2L\x92\
\x7f\xb06\x81\xed\x8bA\x05\x11\x8b\xdf0P\xa2,\xc9\
\xc5\x01x\x0d(\x8a`\xfdx\x18\xef\xb2\xcb\x90\x89y\
\xc1k\x97\xb1\xbfy\xcb\xb0\x85\xc0k\xf5<)\xac\xdd\
{\xb3(\xaf\xa9\x11\xcf\xd19\xcd<\x96\x065\xef\xff\
\x8fX\x01\x1cs\xd4\xef\xfd\xb3\xfbk\xbb9tL\xb9\
2\x0bh_ \xe3_\xda3\x96(\xfc\x95\x9c\xbd\xb0\
\x8d\x04\xbd\xa26M\xc8\xe4ok\xc0bf\x8c\xe6=\
\x8d\x1b\xe0\x0d\xad\x11\xb7\xa6\xf48~V\xed6\xe2Z\
\xb3C#k&\x82\xa4M\xa4\x87a\x80[\x99\x91\xa9\
R\x19\xed\x00\xaf[\x0b\x9a\xc7\xafG\x188\xd6\xe5C\
w\x17~\xbc\xec\xd4\xa5\x14\x04\xf9\x11\xf0\xeaB\xb3\x9e\
\x00n\xcdh\x97O\xac\xa1m\xa8\xf4\xf7\xc8\xa3O@\
\xfb\x7fH\x96,]\xea\x96\xbb\xa2\x18\xbd7s\xfa\xb3\
\x1bf\x22%\xb9\x9fF\xfcw\xef\x84`n\xedU\x12\
^\xed\x1e\x9b\xa3\x8eI*\x1a\x05\xc5&\xcb\x13c\x9e\
\x93[\xfey\xa7\x1e\xc5e\xcb\xf8/\xf6\x01\xa0\x1c\x88\
XR\x8aR\xe5\xbej\x01\xe0\x9b\x5c\xf0\xfc'0\xd3\
\xe7\xea|s\xde\xbb\xa0\x04\xf0p\xa4P\x8e\x9b\xb7B\
\x16\xaf\xdd\xa4\x02\xdc\x1b\xa0<\x0dR6&\xd4\xaf#\
\xcd1>C\xda6\x96\xe1h\xb8\xc4\xb1\xf2us\xfc\
(\xf3x\xd6\x03\x98\x80\x86{\x0c\x06\xa4;\x80[\xb3\
&\x0d\xe4\xa2\xb3\x8f\x96?\x5cr\xa2\xc4\xd0j\x5ch\
^\xca\xb3\xee\xab\x15\x00x\x9e\xfd\x0ej\xdd\xf3A\x97\
o\xc8\xd3\x09o\x91\x99,\xa7\xf4\xef(\x87wC\x9d\
\xfb}(\x0d\x84\x03?-T\xdf\xa0!\xdc\x19\x07\xa3\
\x1d\xe6!][\xa95\x80\x13\x15h\x13\xe5\x19\xedR\
\x8e\xf1\xa5\x82'.^\x8d\xb2\xca\xd3\x008\xd6\xeb\xa4\
s\x01''&\xc89(\x13|\xe2\x91\xa3\xa4Q\x83\
LE\x7fd\x1e\xf5\xe2\x13\xd5\x0a@W@\xe0g\x0f\
i5A\x90\x9fZ\x02L;\x89\xf86C\x9f\xf5\x1c\
\xe5\x8e\x81\x16dL\xcd\x98\xa0\xf9\xffY(\xc0i \
\xf8E\x0b\x05y\x8a.Zu\x0b8\x06\x13aQ\x01\
\xd87&\xe8\x04\xbe\xb1\x19\xc7D\xec=\xdc\xa9\x11\xf2\
Ua\xed\x81\x81r4\xbbV\xa0\xcd{\xa1\xeen\xa1\
\xcc\xd0J\x9e\x06\x1a\xbe\x03\x0f\xca\x18\xa9\xd1\x90yz\
\xd0\xe1\xe7!\xd0\x8clG-\x00\xa8\x22\x11\xd7\x90\xd3\
\xa3\xcd\xfbN`+\xadz4\xaa\x84\xed\xe2^\xcd\xca\
\xe5\x83\xf5,\x06\xc0;\xfdp\x92\xd3\xe8|m\x8c\x02\
$\xcc[\x0c\x8c\x07\x0d\x8e\x9e\xa3\x02j\x9dh\xd7\xdb\
y\x0e\xa1\xf0 \xf2g\x84\xf2\x03\xda\x8b\xf0\x12\xb7^\
=\x00vtk\x81\xb9J\xa8\x8e`I\xdb0\x1d{\
\x01\xef\xad\x05>>@\x89\xdab\x01\x22q\x05d\x04\
\xe0[X\xbcs\x17-\x94\xbf\x5cs\xbd|\xf0\xf1'\
(\xfc\xb3\xd5\xc6\x07\xc7R\xf0\x93\xe7\xb4n\xdeD\x0e\
\x1c\xd2\x1fy\xfeC\xa5\x0dR\x92\xad\xb1[\xb4\xf0\xf7\
S\xcex\xa4\x94\xec\xe6\xd0N\xb7\xc9\xad\x10\xfec\x9e\
y\xce@\x0a\x1e\xb8]C4;\x839\xbc\x8dv\x87\
-\x9ec\xee\xcb\xc2\x9f\xbc\xf0bX\x00X\xcf\xc5\xd8\
h\x814IKT\x9e\xb3\x0a\xaep\xbaPl\xda\x0c\
\xb81S `\x81\x8e>\x92\x11O1\xbc}\x139\
\xb4[k\xe9\xd8(C\x12a!\x08\xebE\xa4\xc8\x1f\
Q\x83\x81)\xe3>\x0e \x1ei\x9a\xc7\x1d9T\xee\
\xb9\xf9\x02\x04m\xa6\x04\x09]\x15Y\x86\xd5\x0e\x00\xe8\
\xcf\xfe\x1eB\xec\xe9\xafg\xca\x0f\xf4\x89\xe0e\x93Q\
\xaf\x98\xe5$\x19\x04\xc2\xd4\xc0\xea\x12\x9a\x15y\xd1\xca\
\x1d\x8b\xde\xd8\x1b\xb7\xc8\x1bS\xe6k\xb7Cj\xe5\xac\
e=\xb4]c\x19\xd1\xb1\xb9N\x14\xab@\x95\xb4(\
*rO\x17\x92\x83T\xc0\xddz\xbf\xff\xfc\x00W\x00\
\xeeMZ!!u\xeb\xd8V\xad\x00\x0c\xbe\x09g\x05\
$A\xf8\xa7e\xb7\x80+\x00\x04\xc0\x8d\x0c\xcb\x0b\xf2\
0\x18\xf0LK\x83\x92<#\x8a\x06\x01z\x9e\x0bZ\
R\xd6\xa5\x91\xd0\xde<`o\xc9\xf9\xf4\xc1\x9b\xc6o\
\x14V\x18\x13s/l|O\x11\x87\xdb\x1ba\x82\x9e\
\xf0#n\x03\xc6\x13\x84\xbew\xb2\xdek+\xd6^\xc8\
ma\xf3>\x99\x91\x22\x102A3\xf3S\xb3\xd1[\
\xbb\x85\xa6\x0c\xd3\xf9M\x8b\xf8I\xfd\xea\xf2\xd7t\xb7\
\xa8Y \xc0\x00R\x88[T\x84\xa4~\x91\xc7\x96-\
\xfcm\x8dh\x95K\xd5\xe8)T\x09\x06(\xd4\xc1\xa8\
\xbdu\xcc\xa1\xd2\x000\xfb\xfdj\x18\x0b\x01\x09\xb7\x96\
T\xae\xf95\xe6\x88\x5c\xe5\xb5\xaf\x04Xh%\xd8\xfa\
\x08\xaf\x98\x88`\x0d\xe1l;K\xe9\xd8\x7f\xef\x80\x04\
\x04\xbf\xc2\x144c\x8b\xa14\x0f\x03d\x07\xa0\xd5*\
\x16\x04\x03\xda1\x1e \xef\xc6wo\xbe\xfb?\xf9\xfb\
-\xb7\xcb\x8c\x193Q\x88\x0c\xc1\xc7\xd8\xea\x22\xd5\xb8\
y\x93F\xd2\xa7kG9\x08\xc2\x7f`\xef\xee\xda\xad\
\xd4\xb6\xe2\x84\xbf\x95*OBjr*\x94\x91i?\
\xce\x91\xab\x11P\xf8!@\x05\xd7\x12\x1f\xbb{\xd3,\
D\xc4\x0fV\x13w\x14\x02\x0aQ\xe8\xbe\x0e\x00\xaey\
c\x9c|=\x7fU\xe0\xbaEm %3\x15\xfc\x18\
\x84\xcc\xf4ti\x9a\xddH\x12\x01\xac\xb6l\xd9*k\
\xd6\xe6\xca\xda\x5c\xc4{\xed\xa0\xa5\xd76\xba\x05\x06\xb4\
\xc9\x96_!^\xae;\x5c\x08\xfc;\xbc\xd1\xf4\xff\x0a\
\xd2\xeci\x91f\x9c\x18\xa7cH\xff.r\xfb\x8d\xe7\
\xc8\x10\xa4\x05\x160\x8d\xbc\x82V\x80j\x07\x00$\x11\
j\xfe/\x22\x10\xf0\xfd\x19\x8be+L\x1f$\x84\x81\
0\x9f3\x0d\x84\xc4\xe0\xeb%\xef\x0b\x1c\x8a>\x9b/\
\xe6.\x97\xa7\x00h\x16\xc1\x94\xc3\xb5\xc8`\xc6nM\
\xb24\xb5\xa5?\xde\x8bh-\xbc8T\x90R\xe3\xc4\
\xbf\x0aO\x08\xaeD\xa0\xf1\x18\xb2)\xe8\xf3\xd9\xe4R\
\x03Y\x15\xf0\x08d\x05\x10\x04\xb4k\xd5\xdc\xb1 \xf8\
\xdd\xd0\xbe\x93\xae\x80\xa4\xac\xc6p\x0f\xd4\x0b\x09\x7fR\
\x9f\xa3@\xf2\x1a\xc7\xc0\xc8\x90\xa2\xdc\x05\xca\x04\x9d\x06\
\xef\x18\xa1\xce\x0b\x19\x17}\xa0\xf4\x05*\x82u\x91\xf5\
\x0a\x00\x9c\xf6\xe3}\x92^\xd8\x17Fvv`\xf44\
{\xc6\xe7\xb9\x1c\xdf$\x00\x0a\x116\x13\xe4\xf7s\x04\
\x1d\xdf\xb1\xa8\xfe\x10C\xf4_\x80\x09\xdan\xef\xef\x0f\
\xfdV\x7fg\xa1s\xf4OwQ\xfd.Z\xc4\xd6,\
\x10\xa0\x93\x11\x11\x04\x81\x16[\x02?\xde\x93\x8b\xca\x09\
\x90H\xcag\xe1\x9b\x85\x80\xdc\x9e|\x8e\x12\xae]\x9a\
\xf0\xf7f|\x03\xb9F\xdff\x11\x03E)\xa7\x8e\xc4\
\xc4D\xcc\xfc\x04\x06$\x0f\x17\x04\xc8u\xe0\xebi\xd8\
\x22\x09\xf0Ypo\xc5lEi\xdeC9\xd2\xa2\x07\
\x15J\x82\x81L\x8d\xfca\xcb\xc1\xab\x04\x91\xcf<\xd8\
\xe2_\x1cxP`\xc0\x83\xa1\x84\xd0\x8f\x01\xcd>\xbc\
\x96\xb48\x90Z\xc5x\x0d\xb7&\xa8\x81bO>^\
\xe4\xde\xfb\x1e\x90\x87\xe1\x02X\xbeb\xa5\xe6\x96ge\
eJ\x8f\xee\xdd\xe4\xa0\xe1\x83e`\xd7v\xd24+\
\x0d\xd5H\xc1SJ\xe1b\xb1\xb0\x82&\xa6eJZ\
\x13Xw\xe3\x12\xe4\xf3q\xe3\xe5\x8a+\xff$S\xa6\
M\xd7g\x8dC`\x183\xc0\xaeAY\x5cV\xcc\xd3\
\xee\x85\xc5\xf8\xfa\xf7E\x00\xe0\xf9<y\xd2M\xef~\
-cg-\xd5B@~\xf3|\xa4C\xdb\xd6r\xc4\
!\x07AH\xf7\x03\x10H\x93\xdc\x8d\x1b\xe5\xc7\xd9s\
\xe5\xab\x09\xdf\xc9\xc4\xc9\xd3d\xed\xba\xf5\xb2[\x05:\
\xd2,\xe1b\x19\x88\xc2y' p\x9eq\x04T\xfe\
<\x890\xf8\xef\x1d\xf4\xdbaY\xe0M\xdbPl\x0f\
\xdf\xb4k\xddD\xfex\xf1\x89r\xf6\x19\x87F\x1a\xb5\
\x05\xc4V\xf6\x22\xacv\x00@\xda\xdf\x0aT\xf3\x0e\x8a\
\x02\xbd\xf2\xfd\x1ch\xd0fZj\x9e\x91\xa4\x81\x80\xbf\
BA\x88h}\xb1\xec\x87\xfc\xe9\x8e(\xd0\xe2<c\
g/\xd5\xb8\x86e\xb9\x9b\x9d\xaf-\x06\xe5\x1d\x91\x8b\
\x89H\xcf\x13P)k\x00@\x00{f\x87\x05\x87\x9a\
z\xb8t\x0a\x0b\xc5b^F\x09I\xa3\xf9\xcd\xf4\xc8\
\xd2\x91\xd3\x96\xaf\x91G\xd0+`:\x02K\xb6\xb9\x02\
A\x0c\xc6\xb9\xfc\x9c\xd3\xe4W#\x0f\x90\x14X\x22\xfc\
\x96\x80\xda\x00\xb4\x02\xc4'\x11\xa9\x9b\xd0\x0d\xf2\xfe\xbd\
\x02\xa9\x9a\x08\x85\x7f\xa1b%\x0a\x0c\x8c)\x06\x8cO\
\x9f\x9b\xcc\x0e\xea\x0e\xfd\x8b\xf4/iP\x90gx\xee\
\xa5\xf8\xcc\xde\xf4\xa9\xfc\x10\xfb\xc9t\xbc\x82\x14&\xc4\
\xc2L1\x90\xeaaM\xc8\xde\xc8t\x1c\xbf\xdf\xf9:\
\x1d\xaf\x0cL\x99>\xb7\xd63A\xe5\x9fd\x84\x1e0\
\xf0*\x16\x13\x10\xb6\x08\x18S4\xa1\x1f1\xa5\xba\xbf\
\xdd\x80\xfe\xa4\x00\x80\x8c\xdf\xa7\x8e\x05\x1ab\xe5W@\
\xa9\x22\xd9\x0b#\x0f0tP\x22gx\xc6c{\xcc\
\xec]\xd2\xe6 J\x04\x5c\x86\x18\x97\xff\xae\xf2oQ\
\xf6\x99\xd1\xc2\xdf\xd1\xa2>\xb5\x09q\x13\xca\x0e\xec:\
Z7\xc1\x8e\xdd!\xf3\xbdZ\xbd\xf0\xa2d\xc8\x0a\x0c\
8\x17\x94\x9dN\xf8\x13H\xfb\x16\xdez\xbd \xd06\
DO\x85i\xdd\xaf\x8d\xa8\xf9t\xe3\xecA\xb2\xfb\xce\
\xaa\xfd\x1a`\xb5wrs\xe2\xf6\x05\xe9{\xdc\xed,\
_\x1a\x07\xa0\xeb\xc5\xe8\xdf\x16\x91\x8f\x13\xf0\x81\x80\xdc\
g&\xfc]X\xdb\x1b\xb6\xe5\xcb\xf57\xfcM^y\
\xf55\xd9\x0a%\xa3k\xe7Nr\xf0\xc8\x11r\xe2q\
\xc7I\xc7v\xades\xceb\xd9\x92\xbb\xa6D\x93\xbd\
\xde\x02\xf7\x8dON\xd5\x8c\xa4\x84\xb4,\xed\x1f\xf0\xf6\
{\xef\xcb\x95\x7f\xf8\x93,C_\x01>k\x0a\xcc\xd4\
G\xf4h%\x17\x1d\xd8\xcb\xe6\xa0P\x0d\x11?\xb3\xfb\
\x0a\x00\xf0\xd6\xcf0E\xf2\xb5\xaex\xe5s\x04\xc0[\
\x16\x80\xdf\x08\xaa\xda\xb4j!\x97\x9c{\x96\x9cr\xc2\
\xaf$3\x13\x02\x9d_\x03\x14\xed\x86\xc5e\xda\xccY\
\xf2\xd4s/\xcb\xff>\xfcT\x16-Y.\xdb\xb6\xb3\
\x0e\x0c\xbb\xe9\xd6\x81+\xa0\x15\x0a\xe8u@\xe0|\x92\
\x03\x016o_B\x19}|\xdc\x0cm\x13\xcc\xb9\xcc\
@<\xda\xe8\x93G\xc9\xcdW\x9f\xe9\xe23\xca^+\
\xe1#\xaa\x1d\x00\xf0\xe2\x1c\x84o\x16\xae\x94g\x11\x07\
0\x8d\x91\x91xi\xb6\x08\x1e\xd5\xa5\xa5\x9c\xb3_7\
\xa4\x85 Z\x94\xb4\xa0\xaf[S7{\xb2\x5c\xa4p\
\xbcI\x93\xfc\xf7\xf3\xa0\x8d\x9b\xb9\xc6?s=Ld\
\xbb\x86\xa9rT\xf762\xa8McMw1\xff|\
\x14y\xe8D\x95\xb6\x91?\xb9$:'\xbf\xd9\x97{\
\xb7\xba\x1d\x08\xa2\x96\xaf\xcf\xd3{\x92!\xf4E\x1e\xee\
\xa5g\x9d,\x83{\xf7\x90z@\xe7\xdc\x88\xc2S\x1a\
4\x96\xd4\xac\xa60\xe1\xc1\xc5\x12\x08j'\xecu\xdd\
\x91\xf9E\x0b\x7fc0\x8e\xc9\x85\x98\xa4\xf2\x12\xb5\x06\
\xec\xb2t?\x02\x04/\x98B\x04\xae\x82\xda_\x83\x0c\
G\x01\x8c\xdb\xc2\xe3P\x88!\x16\x11J\xc1\xb1%\x88\
\xab\xd0\xf7\x0a\x94t#\x93t\x15\xd1\x9c\x96\xaf\xda\x8e\
\xb3\x06\xe8w<\x8a\xfeN\x05\x09n\x0e|\x1c\x81\x03\
\x01\x85-\x01\x91\xc7/}\xce\xf6*\xd5bX\xbc\x5c\
(z\xdf\x88\x0b\xa6x:3!b\xda\xae\x09\xc4\xf0\
o\x03\x9d\x8e\xa6C\x8b\xd1\x0b\xd4hP\xeb\x86\xddS\
\xb4\x13\xf2\xfe\x18\xcb\xb2PB\x0d=\x0a\xf7\x19\xdd\x15\
]\x1b\xd57\x8aQ\x00\xa0p\xba\x9f-\x9eB?\xdc\
g\xa0\x98\x0f\xad\xe7{a\xce\xcf\xd4\xc8\xf4<3\xb5\
*\x10p\xb1\x02\xb6\x1e<\xa6p\xa0BI\xd2\xd1L\
h\x1dxm^\xdf\xd4\xaf+\x9e\x1b\x10\x9a\xedW-\
\xdb\x93\x5c\xd4z\xb0\x9d\x1a\xe8\xa7\xb7p\x96\xc5`\x1d\
`=\x90\xe6\xb9\x91\xc6\x03\x97W\xe0\x1fs\x15\x00\xf9\
\xccD2\xb6f\xd7o\xdd\x22\xb7\xdc~\x87\xbc\xff\xe1\
\x87\xd2\xa2y\x0b\xf9\xdd\xe83d\xe4\xc8\x91\x92\x8et\
\x15K\x01\x01\x00\x00 \x00IDAT\xe3m\x9b7\
\xc8\xfa\xe5\x0bd\xeb\xa6\xf5Q\x00 P\xdc\xf9\x1e\xb8\
N\x1c2\x90R\xb3\x9bi\xa3\xb2X\xb8$r7l\
\x92\x17\xff\xf3\xaa\x5cw\xfd\x0d\x92\x9b\xbb^_LS\
\x00\x07w\xd6Tp\xedwR\xc2\x94\xef+\x00\xa0\xf0\
\xe3\xf3}\xd6#\xf0\xfd\xecg>\x92\xd5H\xd53\xfa\
\xe74\xc4J+\xd4o\xf9\xc3\xc5\xe7\xc9i'\x1e+\
)\x89V\xb3\xc5\xcb<\xd5\xeba9^\xb1r\x95\xbc\
\xf4\xea\x9b2\xe6\xa5\xd7`\x15\x98\xe7\x5c\x02\xc8\xbc\xc0\
\xf1\xbf\x82\x85\xf9(\xfc\xd0\xedl\xd3\x1b#3\x10h\
\xc8\xb2\xc0_/X\xa1\xd7bm\x86#F\x0d\x92\xbb\
\xfe~\x9e4C\xcd\x1d\x85\x82\xc5\x01\xd0\x12\xc6}\x8f\
\x00\x00>\xd9\x124.`\xc0\xc2\x87(\x0ad\x0d\x12\
\x90\x1a\xd1\x98\xbd\x01X\x14\x88\xbd\x01j:\x00\xb0\x99\
\xa4\xd9\xff\xc5\x89\xb3\xe5\xa3\x99Kt\x02\x92\xa0\xe9\xb3\
{\x1f\xcd1\x1c\xe8\xbaX|\x8d\xd1\x90\x811\x01\x87\
\x00\xe0\xb4D\xe9\xc7h\x0d\xd2\x18pi[\xd1#\x8c\
PV \x06\xe0\xb1/\xa7k$\xe9\x16\xdc\x8f\xd7\xad\
\x8f\xfb\x9fr\xf4!\xa8\xc4u\xb4\xb4l\xda\xd8\xdd\xcb\
\x02\x02\xd3\x1a5\x97\xa44\x17\x10X,\xd33F\x1c\
q\x01\x18S\x8c\x98E\xedo\x15\xfe*\xf0\xadK\xa1\
j9\xe4'x\xef\xe0Y\x95\x03\x1aP\xd0\xe2@Q\
\x9d\x01#\xd0N\x8f\xf7\x04\xe9\x18[\x98@\xc3c\x15\
q\x99\x84\xa0aa@eR]\x9f+8\xd7\x0bu\
2I\xf7\x99\x0c\xd3\xbe7\xa6\xe7K\x05\x07\xdd\xd1\x82\
\x80Bcf\x01\x03u\x13\xb57\xac\x00\x11\xb3q\x84\
>\xec\xcd\x1d\xd3\xf7\x82B\xb9\x0a\xfe0\xb3\x8e\xc9#\
\xce\x1b\xe6\x85k\x8b\xc5G\x98\xa5\xc1\xdf\xbb\xc0dw\
\xc1m\xc5\x9f\x9d\xee7-8\xd48va\xfev\xc2\
%\xc7>\xee\xfe;=W\xe3Fx\x0dO\x0f\xbc\x8d\
\x05}\xaa\xd0VAo\xe3\xcd\xf40\x06\x83\x91\xc1\xd5\
\x81\xa6\xc2@\xd8z`d\xf4\x1d\xd3\x17\xcc\xef\xea\xe1\
:\x04\xc7\xdc_\x0f\x95\xe3\xe2X0\x86\xd5\xca\xca\x5c\
\x09\xa5.\x93\x12\xbf,\xc9\xf4\xefP\xb3\x9egn,\
\x08 \x92\xb4\xd28\xf7\x82\x9e\x1do2\x00\xa0\x03\xeb\
\x84}\x04\x18\xe8l\xf0\xfc\x10\x037\x8b\x82N\x96\x82\
*7C6s\x0a\x00\xfc|y\xf8\xa5\x0b\xc1I~\
7\xdf~@\xdcz\xd3\xb5\xe6V\x98\x91\xb9\x8b\xfaw\
\xf4\xee\xb5z[xn\x1dP\xa8\xbb\x0c\x19\xcd\x82u\
\x19\x01F\xbf\x5c\xb7.FI\x8fwk\x01\x1fw\xe0\
}\xbe\x9a\xf0\xad\xcc\x9c=K\xcd\xfe\xbdzt\x97\xa4\
D\xa48\xe3\xf8\xcdk\x96\xcb\xfa\x95\x8bd\x07\xac\x04\
\xc5\xf2.\x5c\xab>\xf9\x0d\x82\xfe\x123\x1ai\x8br\
\x8e\xc0\x8a\x95\xab\xe5\x89\xa7\xc6\xc8?\xef\xbcS\xf2\xf2\
\xb6(\x0d5C\xe3\x9a+\x0f\xee\xa5n\x80\x1d\x0a\xaa\
\x1c\x10\x89@ \xec*\x9d?V\x8e*\xf6\xdcYa\
~\xcd\xa1g\xf0\xdf%/}*\xdb\xd8\xae\xd7\x81\xa3\
\x0c\x98\xfa\xcf9\xe3d\xb9\xf8\xfc\xb3\xa4\x09j*\xd8\
:\x8a~&]n\xd8\x9f\xb3f\x8d\x8cy\xf1Uy\
\xe2\xd9\x97e\xfe\xc2\xc5:n<\xbc\x13b\xccNF\
\xf0\xfcPd\x13\xd0\x95\xc2\xb9]\x85\x14\xf1\x17&\xcc\
F\xbd\x9d\xb9z1Z\x19\x86\x0d\xee!\xb7\x5c\xff;\
TfD\xcbfG\x96\xe5}\xfb=\x02\x00H|\xdb\
\x90\x97\xf8:\x8a\x02=\x8f^\xc6\xb9(e\xc8}\x0c\
\x00$\xaa9\x0dm\x82-\xc0\xc1\x98JE\x10Ky\
_\xac\xaa\xc7\x19\x92+\xd0\x1cN\x064~\x8f\x80\xc6\
&\x10\xf4\xbd\x9b7T\xff\xcbD4h`\xd5>%\
\x06LV\x0a\xba\xf5\x0dk\xd7TNA\xe7,\xa6u\
((\xd7E\x18\xa5\xdf\x97\xf9X\x91\xf10\x8d\xe9\xcb\
\xf9+\xe4\x09\x80\x80\xf9k6\x04i$\x8c\x01\xb8\xe8\
\xcc\x13e\xe4~\x834 P\x17;\x9e5!%\x0d\
 \xa0%\x90y\xaa2l\x0bs6\x8d\xcf\x98^\xa4\
\x82\x99\xf7C\x1a\x03\xe4\xa1\x918\x80\x98\x02\x13\xf4j\
\x8a&\xd3\xd0\xdf\x98'\x08\x0e\xaf\x81+{\x09\x04;\
\xffp\x0c\xc7=\x8b]\xd4\xcd\xad\x1d\x5c\xec\xbb\x17]\
\xfa\xb6P|\xca\x22\x83\x95\x02>\x19\x06\x03\xde\x94\xaf\
\xb7\xf1B\xde}\xd6\x00AG[\x84&\xae\x19\x87\xa6\
\x08\xf2=xM\xfdlsT\x1c\x00\xd0\xcb\x16\x06\x1f\
e\xce^\xf9\x0f\xb0)\x81H\xc2\xb8Sxs\x1e|\
q&V\x0ccw6\x9a\xfcT\x90#0t\x17\x9a\
\xb5\xefD+\xd5\x9d;\xf0\x83\x02-;\x00\x08\xf3\xa1\
y\xe4A\x93\xdb\x82\x08\xee|\x98_\xf3\x11;\xc2h\
\xee-\xf8\xcc}\xfc\xd9\x86\xc6\x5c,\xe8\xb2\x1d\xc7\xef\
\xc0\xefm<\x17.\xba\x9d\x98K^[\xef\xef\x00\x80\
Y\x07\x0a\xcd\x93\x0e\x93\x9f\x03\x0f\x02\x1c\x00P\xe1_\
_Ai\x1c\x0a\x93\xc4#\x12\x9c\xbd\xdfS\xc1\x94\xd2\
\x10\xec\x94\x91\x92,\x0d\x1bgKct\x8dKn\x88\
 1T,K\x02 \xa8\xc3\x82!\xb6\xc0\xaa<\xc6\
\xe1\xe7\x8d\x00[\xc7k\x1d\xdd\xeb\x1a\xa0\xf0\x09\xe8\xdc\
\xb9\xc2<\x8d\xabk\x0c$\xe3\x00\x80\xb7\x94\x05\x163\
\xc5E.\xcd\xca\x81$\xa3n\xae\x11\x1b/\x9f\xc5c\
#\xe5\x00@@\x0e~m\x84\xc7\xd6\x1d\xe9\xd6\x86\xae\
\xfb\xb0\xb5MI\x95\xeb\x9a\xbf\xcd\x0a\xa7\xeb\xc2\xa7\xf8\
q\x08\x15\xd8Z\xa3\x19}U\x92}\xa8=\xac\xd1/\
i\xdd\x1d\xa3\x1e\x00\x03\xc6\xbc^\x01\x8e\xddM\xc1\x12\
\x80~~\x1d+\x1b \xfc7\xac\x82?\x1bi\x82\x85\
\xa5\x16\xcfe\xbe\x7f\x1a\xe2\x8e\x92\x1b5\xd5\xe3\xbdU\
\x7f\xfe\xc2Er\xef\x83\x0f\xcb\xe3\x8f=\xa9t\xc61\
\xeb\xd0(]n<z\x90\xb4\xcaLU\x80\x1a^\xef\
\xfb\x9a\xe0/nu\x93\x8d\xbc=u\x91\xfc\xf3\xc3\xef\
\xa2\xd2\xfcF\x1e\xb0\x9f\xdc{\xcb\x8d\xd2\xbeM+\xf4\
?p\xfc\xc9\x01C\x85y:\xef\x0e\xe0\xe1\xeb\xd5\x08\
\x0a\xbc\xed\xde\x87\xe4\xd9\x97\xff\x8b\xe0\xc0\x5c\xe5\x97I\
\x90\x91#;\xb7\x94\x93\xfa\xb7\xd7\xf4@\xf2*\xa6\xd6\
3\x08\x90\x8a!\x03\x01\xeb@\xd0\xf4\xe8\xdaV\xae\xbb\
\x0a\xae\xe1C\x06\xeaJ\xadH\xec\xd9\x1e\x01\x00\x1c(\
\x0a/f\x01<\xfd\xd5\x0c\xad\x90D\x02e\x8b\xe0A\
\x08p8\x0bV\x80\xf6 \x8c\x9a\xbc\xf1y\xc9 ?\
\x9f\xbbL\xfd\xff\x8ba\xd1h\x8f\xf2\x8b\x8cc\xc8N\
M\x94W\xd0\xc5\xef\x07\x14;\xda\x00\x06k\x15\xf2P\
\x9c\x07\x19\x01D\xba\xa7!\xdb\xa1\x15,\x01\xf5\xc1\x08\
\xbd\xf9\xbc\xb4wu\x99t\xc5\x1e\xb2\x03Z8M>\
\xefN[\x8c\x9a\xd0\xf9:\x8eV&x\xa8\xa6\x06v\
B\x80I`\x82\x055\xd2\x02\x90\xda\xa0)\xca\x04\xbb\
b\x1d\xca\xb0L\xd8\x04\x11\xfd\x0a\x0at'9\x98\x22\
p\xfa;\x95t\xdco~\xc7\xf4\x15cBd\x18$\
XW\x1b@9N\xc8\x9c\x85\xefP* \x00\x22&\
\xf8\xddb\xa7\x80U\xa4k\xe7Dm\xee\xcf\xb0\xd6\xe3\
9\x84\xf1;\x85W\xa1\x08h;\xdb@WH\x98\xab\
\x10W\xa2s`\x80fQ\xe6G\x1b\xa3#\x034?\
)\x8fq.\x04\x02\x84P|\x80^x\x0fe\x04\xf8\
\x91\xe2\xb3\xd0\x0c\xba\x9dZ8\x18d>\x80\xe4\x16\xf8\
_\xe9;\xdd\x0amk\x1b>o\xe7gD\x09o\x86\
`\xcf\xcf\xdf*y\xa8\x0d\xb1~\xd3f\xc9\x03\xf2\xcf\
\xdb\x92'\x9b\xf1\x99Q\xc4\x14\xea*\xc4\xa9\xd5C\xbb\
\xd7\xb9r\xe3i\x0a!\xb5wK\x7f4\x8d\x1d\x8c\xdb\
k\xee\x18\x8f:\xa8#AA\x1c\x0b\x06\xe2M\xf3\x96\
\xeeicn\xb2\xc7\x83G?k\x06R<p\xd9\x05\
zP\x0b\x02\xd0\x0a\x83e\xe97\xc7\x93\xe8;*\xd4\
\x84@\xad\x8b{\xa4\xa1yLK\x94\x95\xed\xdf\xbf\xa7\
\x1c8b\xb8d\xc2\xcc\xcc\xf93KS\xd5\xb8@q\
\x00 \x88Aq\xb4\xaf\x006d\xde\xd7u\xa0\x16\x0f\
\xf7\xbe\xfc\xe0\xd2\xfb\x94y\xd2\xf5\xe5\x81\xb3\xcf\x8a\xf1\
 X\x85\x18\x07\xc7@\xb1\x072\xb6$,\x5c.\x06\
c\xa1S\xe1\xbb\xc0y\x04\xcb}J\xa8\x5c0\x06J\
t\x1c\x9c\x06\xad\xf4\xa7B\x22B\xdf\x8e\xda\x83\xfd\xa6\
\xe1\x1bm\xdb\xb5l\x00c\x08\xaa\x08\x0a\x02\xd7\x80\x1f\
W\x1c\xcbyf\xee\xbfF4:\xb7\x99[]\x0a*\
\xbc\xeb@\xd7J\xaclZ\xbdT\x01\x00i4\xbc\x11\
|\xd4\x8bO\x80\xbb1[\x92\x11t\x1c\xcbv\xe5n\
\x89\x92\xfe\xa6\x22\xf0\x8f)\x80\xaf\xbe\xfe\xa6\xf2N\x96\
\xc0\xed\xd3\xb2\xa1\xfc\xed\xe8!\x92\x1cW7\xc2O\xec\
\x89K\xd2\x09\xaaF\x10{\xf9l\xd2\xffC\x9fO\x95\
W\x11\x9d\xef\x86B\xd7\xc8\x99'\x1f/w\xfc\xfd\xaf\
\x92\x95\x9eZ\xe8\x89\xfcQ\x91\xddJ\xc3\xb0\x9e\xfd0\
u\xba\xdc~\xcfC\xf2\xee\x87cu\x8ds\x7f\xdb\x06\
iZE\xf1@\xa4\x9f\xfb\xb5\xf29\x9a\x02=\x84\xaa\
\xb1\xabPd\x88e\x95\xdb\xb4l\x8c\xbe\x00\xbf\x96s\
\x7fs\xb8\xd4u\x16\xa1\xf2Z\x02\xf6 \x00`Q\xa0\
\xed\xe8\x0e8[S\x17\xb6lg\x8a\x02\x8aB h\
\xe1\x98\xdem\xe50\xe4\xd2\xa7@k\xa8\xc9\xdbf0\
h\x164bic\xfa\xff\xbb\xa1\xb8\xc3Yho\xdc\
\x17\x05-\x16\x22\x08\xe3\xbf\x93\xe6\xcb\xe7s\x96i\x9c\
\x80W\xa4\x99\x16\xd8\x1b\x05\x8fNFp`O\xb4C\
\xa6)\xd4\xe9\x0aF\xf4\xc1\x92-\xfb\xcdI\x17<}\
\x1e\xaaH=\x8e\xda\x00\xdf\x02p\xe4S\x0b\xc7\xbf\x86\
Y\x19r\xae+\x13\x9c\x9e\x8a\xfcZ2.\x5c\x92Y\
\x01\xec\x16\x98\x9c\xd9\x18\x9f\xe3\x02!\x1f\x82\xa7zl\
\xc0\xb8\xd4\xb4\x89'\xe3\xe2'S2\xb4\xe0T\x0ao\
\xf6$g1\x0d*\x00\x0e\x9e\x99\x15\x16\xea^k\xf6\
\xfb\xf5\xe2\xc6\xd8\xa26'hloq\x01f\x8eQ\
\x06\x03FN\xa5\x9c1\xfa:^\xe8+\x13tm7\
y\x8c\x07\x00\x0a\x14\xacF\x80j>\x9eq\xf22\x1a\
/`\x80\xc040\xd3\xca\xc2B\xa92V\x80\xf0\x9b\
R\xbb\xde\x06\x81\xcf\xb2\xa8\x9b7o\x965\xeb6\xa0\
\xdd\xea\x1aY\x95\x93\x83\x9f\xd5\xb2v\xcd:\xd9\x08\xdf\
\xe9\xa6\xbc\xcd\x0a\x00v:\xed|7\xe6\xd9\xe6\xc1\xf2\
/hd\xa5\xcd\x8c\xdaD\x1c\xde!\x1e\xdaA\x12J\
E'$&\xa9\x1f0\x1e&\xf8x0\x11\x82N\xfd\
\xc1\xf7q\x10,q\xba\x0f\xa6x\x9a\xe4\xa9\xb1\xe3\x87\
f\xc3\xba\xd8\x17\x8b\x1f\x02\x01\x82\x03}o\xf5s\xdb\
\xdc\x1b\x16\xb2\xfa\xe5~@T(:K\xc5n\x08I\
\xba\x1b\x98\xd1Cw\x02\xdd\x0at\x8d1\x008/?\
_\xb3W6\xc1B\x91\x0b\xd0\x92\x07f\x96\x87\xbf\xeb\
\xa3|\xec\xef/:G:v\xee\xa8A\xb4\x810,\
{)\x94xDX\xeb\xb7\x83\xec\xf9\xbd\x00\x0f\xaaa\
\xfa\xf8\x17\x05\x02!\xdf?e\xa2\x06\xf8Y\xd0\x9f\x9d\
\xe7\x8f\xa1\xa0vt\xcfQp\xf3\xe1\xd4}\xbb\x1b\x01\
\xb3\x13\xea:R<\x15\x15\xf5\x084c\x5c\x8cN@\
O!\xda-\xa0\xb9\x18\x96\x9d\x18\xe6{SQ\x08\xbf\
!i\xd1\xd1d\xb0\xdbY0x\xbc\x0am\xfb\x9f\xce\
\x8dZ\x0e4\x01\x00;\x02\xd7\x17'\xd1\x81]\x05\xc8\
>\x1b\xc0\x81;\x97\x15`\x18\xc2\xd6\x81\xd5\xc9\x10\xc9\
\x87\xef\x7f\xc3\xaa%\xb2u\xf3F\x13\xda8\x84\x85\xc7\
\xe8\xf3O\xca\xca\x96\xa4\xf4,\xa9C\xe1o\xa3\xad\x16\
\xa45\xeb\xd6\xc9\xbb\xff{O\x1e|\xe8_\xf2\xfd\xa4\
\xc9JF\xcc\x96\x1a\xd1\xa9\x99\xfc\xe5\xd0\x01\x8e?E\
\xder\x9f\xd7\xfe\xc9\xd2\xf0\xde\x94\x117\xbc=\x01\x16\
a(\xb9\xa0+\xae%\x02\x80\xb3O?Yn\xbd\xfe\
O\x1a\xf5_\x9e\x8d\xe3E\xde\xfe\xe2ko\xc9\xbd\x8f\
<!3\x90N\xc9\xb1\xa7\xd2|\x18\x02\x02O\x07\x08\
\xc8NE\x8c\x19fc*\xac\xd2\x0f#@|\x1a\xca\
\xc7sc_\x80\xb3N;D\xfep\xe9I\x92\x8a\xa0\
Ko\xf1,\xcf}\xf7\x18\x00 i\xb0\x95\xe1\x97\xf0\
_?1~\xba\x16\xb6Q\xa0\x83\x01\xea\x88\xb2\x87\xbf\
\x19\xd8Y\x0e\xe8\xd0L\xfdB\x95a\xb2\xe5y\xb9\xca\
\x1eC2\xe5\xdaa[\xe3\xe7\xbf\x99%\xef\xa2\x13\x13\
\x9f\x9d\x95\x0c\xcf\x1d\xd6M\xba\xe0\xf9\xe9{]\x8a\xef\
\x09\x02>\xfaq1\x18\xde\xf6@\xc6\xd6\x07\x08\xe8\x86\
\x80\x8c3\xd1\x04\xa9w\xf3\x06:\x0eE\x04W\xa9\x0f\
gL\xd7\x0bj\xfe\xc5\xac\x8a\x97\x00DxO\xafi\
\xb02\xe0%\xa3O\x96\x11C\xfb\x07\x01\x81\xbcl]\
\xb8#\x18\x10\x98\x02\xff\x9cw\x0fx\x93\xba\xa5\x01:\
\xad_W0\x99\x9c1<\xe6\x13\x9b\xaf\xd4-mj\
E>\x05J\xf7\x99fo_\xbb\xc5Lf\xe5,\x05\
*\xb2\x9d\xb0\x8f\x88\x8d\x08\xfc\x09\xac\x06\xc65\xec2\
\x1a\xac\xc7\x1d\xee\xae\xe4a\xfa'?\x14\x1e$g2\
\xd3G\xe1\xf7\x06\x06|\x81\x9f \x08\x8dL\x10\x0b\xa7\
\x80 \xc0\x09v\xd5\x9cx\xb02E;\xd7j\xa2\xbb\
X\x810\xae\xd0\xf9\xb2{W\x866)\x14\xf3\xe1\x1e\
\x22\x8a_\xbfv\x9d\xccE\x7f\xf4\xd9s\xe6\xc9\x02\xf8\
\xf7V\xac\xcaQ-\x9e&y\x8ey=\xdc?\x0e\xf7\
K\x00\x18I\xc6\xf3\xc6\xe3s\x12\x04s2\x82f\x13\
(\xe8\xf1=\xfb\xb2\xa7\xe03C\x81\xe2\x09\x00pl\
\x02R\xae\xb2\xfb\xf5\x95\xf8\x86\x0d\xd5\x07K\x1a\xa3\xf6\
\xc6\xd1\xe4\x1b\xc6Z8y0\x80:7\xee/\xff\xd9\
\x1f\xa1r-\x0aW\x85\x8e\x0e.\xe3\xdc\x00\xeeX7\
\xf2z\x8f\xe03\xc7\x9a\xdf\xe3\x1f<\x16j\x1d 8\
\xa0\xdb\x82%\xb5\xe7\xe3\xbd\xeb\x22*\xba?\xd2\xa1\xb4\
\x91L\xd4=\x0b\xcfu\xd9\x7fG\xfb\xfe\xfd\xf1\xa4\xe7\
\x10PUPc\x7f\xfbTX\xd5\xb2\x1d\xdd\xab\x00\xa7\
pU+\x81s\x99\x05 \xd8\x83bG\xab\x8e\xf4\x95\
\x8e)\x00t@\xc1\xf4\x99m\xc2kr4\xf0{7\
\xc0\x1e\xfc\x22\x12\xeb\xaa\xe6\x05\xa3\xe9\xe9\x8a\xcf\xc3\xf9\
'\x19b\x1c,^\xc0\x19o\x9d\xf0\xb7{D\xf8\x86\
\xe6x\x93^\x01\x00\x14S{_?\xd7m\xe0\xe7\xc7\
jU0\x87\x7f\x0an\xed!\xf5\xca\x81\xfb\xcb\xe8\xdd\
\xe2\x0b\x8c\xce-9\xc0\x81\x00\xce\x1e,;\xf9\x1bs\
es\xeej\xd9\x01+\x14\xab\x91\xb2\x0bibFC\
\xf4!A\x15\xd4\xc0Rf\xef\xbc.w\x83\xbc\xfa\xda\
\x7f\xe5\xae{\xef\x97\x85p\x03\xd0\xfc\xcf-#)\x0e\
\xf5\xff\xdb\xc9\xef\x0f\xe8\xa11L\x1c\xa7\x9f\xc7f\x8b\
\x82\x02z\x01*\xc5\xde\xf0\xf67\xb2\x14\x19bZ\x1c\
\x8d\x00\x004u\xee\xe8S\xe5\x1f\xd7\x02\x00\xa4\xb9\xfa\
,\xe5xq\x9e\xff\xe3\xbc\x85r\xc7\x03\xff\x92\xd7\xde\
z\x0f\x0a\x03\x0a\xe9a\x84\xdb \x1d\xf3\x0c\x00\x80\x83\
:7\x87\x86\x1f\x03\xe5s\x93<\xf5\xd5L\xf9\x04i\
\xe2|\x92t\x94Z>\xf6\xc8\xfd\xe4\x86?\xffF\x9a\
\xa2\x0ba,\xb3A\xca\xb9\xed1\x00\xc0\x07#\x0d.\
\xc1\xc00\x18\x905\x01\xb4\x0e2\xf6'C\xf3?\xa2\
{k\xb9\x10\xf5\xa1\xadfu\xcd\xdb|_\x83'\x90\
r\xf1\xc3\x92\x1c\xbcK\x1d\x19\x8c\xe0\xc5\x0b\xf7\xef\xae\
\xe6}\x95\x99\xf8\xb7\x125\x0f\xfe\xf3\xc3<\xf9\x18\x93\
A\x8b\x87\xef\x06E\x8d\x8b\xe6\x1b\xd6\xc0\xee\x0a\xcb\x01\
\xb5\xb1\xf2GA\x87\xd9\xb5\xf1I\xf6\x07x\x1a\x93N\
\x8b\x03\xc1\x86_\xdc\x87\x1e8D\xce?\xedx\x14\x0a\
jg\xbeU\x1e\x0dB\xaa\x17\x0f?]\x03\xd4\x07H\
k\x18\xb0h_\xcf\x9c\x0b\xdc\xb8$\x8e%\x03\x0c4\
\x7f\xee61\xa1\xf1\x02\xfc\xe1\xcd\xe9\x90\xe6o2@\
}4\xe5\xa8\xc6\xf0\xf4Ow\x0e\xe7R\x05\xbbc8\
\xee8/D\x0d\xb8\xf0z\xb8.\x0b`00\x0c\xda\
O\x00&\xbc\x84r\xe6\xd6\x0049\xcd<p\x158\
Fj`\x83\x5c\x94L\x8c\x9f\xcd\x0cj\xe9P\xf8\xd3\
Y\x01\x82\xcc\x015\x8f\x99?\xce\xe2\x00x\x8a\xf90\
}\xcc\x80\xbe\xbb~o4Y\x11\x00\xa0\xaf\x0bs\xfc\
\xea\x959\xf2\xedw?\xc8\xb7\xdfO\x95\xf9\x10\xfe\xab\
\xd1\x15m7\xac\x00q\x00\x86L\x17\xcd\x00\x13\xcf\x02\
=4\xac\x8f\xa6+\xd0\xa4\x1a`\x7f\x0a\x04~\x12\xc6\
\x03\xbb\x98\xd5\xad=\xc4\xfdf\xb1\x18`,^\xe8\xe0\
\xc1\xeb\xa3\xb0HV\xef>R\x17\xd6\x1f\xef\xeb\x0d\x8b\
|\xd5\xec8G\xe4\xebt\xf1\x94*l\xa3\xc1B\xd1\
\xd5\x18M\x8f\xfe\xfb\xc2{\xd58N\x01h\x03\xe7\x80\
\xaaMI,\xde\xf9\xb1\xf7\xc7\xcaWH\x0f\xfb\xbf\x1b\
\xff\x22\xcd\x10\xc0ZG\x91^\xe5\xd6\x7f\x91X\x05O\
;^\xb8\xf3o\xa5a\xf0\x1c\x0e\x9c\x8bs\xf0\xb4\xab\
k\x81\xb4\xae\xe6\x7f\x1c\xa3\xc7:`@\xfa\xe4;\x90\
^\x9d\xeb@-l\x1cD\xae\x055\x88\xd9\x1aP\xe1\
\xca X%{|fp\xf06\xb4le\x0bo\xcc\
md\xdc\x9d@\xe61\xd4\xfe\x19\xd4\xcb\xf5\x8a\xfe\x1e\
\x11aOr\xb6qs\xc4\xe7\xee\x89\x8bc\xbd\x14\xc4\
\xc7\xa9)_\x1f\x0d\xf7$\xefT\x81\x8f\xf7\xe3\xb3\xed\
fQ \x07n\xf5 '\xa8\x15,8@a\x85\x81\
\xbc\xb6\xef\x9e\xdd\x03\x0dg\x150\x5c\x80\xb43\xbaB\
@\xcf\xb1\xb1\xb4\x16!\xe3H_\xc6P\x90_\x17\x04\
\xb2\xef\xbc\xff\xbe\x5cw\xe3\xffiA!\x1b6{~\
\xf6\x00`'\xd8\xe3\xfa\xb4\xd3z0U\xe9[_\x94\
&\x7f\xca=\xb6^\x98\xf3\xff\xd1\xac\xc5r\xcf\xc7\x93\
\x00p\x10\x0f\xe6\xc6\x98\xbfO\xfa\xf5\x91r\xdf?n\
\x90\x86\xa8\xdcZ\xde\x8d\xc3\xb6\x0d\xe3\xf9\xe4\x0b\xaf\xc8\
=\x0f?\xa1\x01\x816\x8d1*/\x7f7\xb4\x0b\xb2\
*\x125\xdb\xe05d\x87\xbd<q\x8eZ\xe0\xe2!\
OG\x0c\xef-\xb7\x5c\xfb;\xe9\xd6\xa1Eyog\
\xf3\xf8\xf9U'\xf8\xa5S\xa1\x13\xcb{0M\x82\x1f\
!\x13\xe0\xb9o\xe7\xc8\x0a\x08K\x0e\x0e\x09\xb7?|\
C\x97\x8c\xe8%m\x81nvz\xc1P\xde\x8b\xee\x95\
\xe3\x0a\xe4\x03\x80\x96'\xe0\x7fg\x05&\xfaQi\xb1\
\xb8\xe8\x80\x9eh\xe2\x90\x10\xc8,>\xca\xda<\xe4\xbf\
N\x9d\xaf~z\x1ek\x84`\x13\xc7n\x88'\xf7\xeb\
\xa4\xa60\xa6vT~cj\xe5*E~\xac9M\
\xd3,\x97c\x06\x10\xe6\xc9G\x1d\x22\xa7\x1es\xa8V\
\x9a\x8a,N\xe4\x93\x02\xad\xa7\xc1\x12\x90\x90\x92a\x9a\
n\xc0\x1c\xc9\xbc<\x93\xe3G\xab\x8afk\xdb\x07K\
\xb9\xc2(*|(\xd8\x8d\x01\x1a\xe3s\xfeO[\xee\
\xfa\x9f\xdf\x0a`\x12S\xd3\xa7\x02;\x1f\xec\xc2\x8f\xce\
\x13\xce\xc3\xa9\xcdPs\xa1\xc9^\x05w\xe4:\xfec\
`n%\x91R\x9b\xf72J5\x1c\x83\x02Nu\xa1\
\x84\xb3\xfb)\x000?&8\x96\x8d\x85Z\x02\x8cA\
Z]\x00\xfaBA\x83\x00\x1e\xca\xcf\x5c\x00aT\x99\
`\xdd\x1f\x91\x98\xe5\x01\x01|\x9e]0s\xe7/Z\
,\xd3\xc6~&\x1f\x8d\x9b \x1b\xa1\x09f\xc0\x0c\x9a\
\x8e\xf1H\x85\xc0\xd7\xe08<\x0f\x85}<~\xd7\xf7\
\xda\x9e\x8d\x14o\xea\xf2\x88\xddg\xddc\xff\xf3\xa5\x96\
\xf9g\x1cz\xb5gt\xea,\xf1\xd9\xf0\xc3\x06\xa6\xf4\
0e\x15/\xb0K\xa7\xbd\x92A@\xc5\xae\x16\xb9\x8e\
~r\xa0\x85f\xc91\x9f\x8d\x87Km\x9a\xdct\xc3\
_\xa4K\xa7v\xce=V\xfaS\x95\xf4m\x89\xda\xbf\
\xcae\x13\xceJ\x9a*\xdc\x8d\xfe\x0c\x9c\xdaw\x1a\x14\
\xc8\xfd\xcct\xd1\xcf\xceR\xa0.1[\x03\xb1\xde%\
\xc0\xf7p\x961Ku%\x10\x08\xd5\xc6\xb0Y20\
\x80\xd8\x0d\x8d\x7fap.\xcc\xe6~\x0b\xdcK|\x02\
\x0as\xae\x01\xd6\x0e\xa1\x95\xc0\x11\xb7\xc6\xa4\xd8\x13\xda\
\xf5\x1c\x0d\x160\xa0\x8e\x1a4b)\xfc\xb1\xb1\xa4k\
\x1eI:\xe7\xf3\xfa\xf5\xe6\x00\xaeY\x0f\xdc\x04\xb8\xeb\
D\xe2f,\x0e \x0a`;P\xac\x83\xc5\xb5\x12\x9c\
[<@3\x0b\x82\xc8\xc2\xc5K\xe5>\xf4\x12x\xe8\
\xe1G\xd5\x0d\xe4\xc7\x8e\xe73\xf0\xefBh\xff\xc3;\
4\xc5w\xc5\xb9\xf9*7\xf75\xe1,N\xd9N\x80\
\xcb\x07\xc6N\x917\x10\x94\xe7\xf3\xff}\x80\xe5\xf0\xa1\
\x03\xe5\xc9\xfb\xfe)-[ 5\xbbt\xf4\x1d\xf5:\
\xe4O\x93\xa6\xce\x90\xbf\xdd~/\x80\xd5\xc7\xc1u{\
@\x89\xa4E\xb9\x7f\xabl\x05S\x94\xa9\xffF|]\
\xee\x96\xed\xca\x03z#\x03\xe0\x1f\x7f\xfd\xad\x8c:\xb0\
\x9f*\x1b\xe5\xe1YJc{\x1a\x00\x90`\xa7._\
+\xcf\xc2\x0a\xf0-\x04\x98\xf5Dfa\xa0d-\x0d\
|t\xcf\xb6\xc1K\xd6\x84\x89\xf5\x0b\x8f\xbe\x1d\x9a\xdc\
_@\x0ffF[\xd2\x17\xc3F@\x17\xee\xdfSR\
\x12\xd8|\xc7\x98\xb2\xaf$\xca\x00\xbd\x0f0)\xcc\xdb\
\xcfa+d.\x22\x05;1\x92\x8a\xec\x87\xc3\xbb\xb4\
\x92S\x07vB\xebG\xf3\x9d\x95P\x0f\xc3/\xfd\x10\
\x1b\xf0\xcc\x80Yxl\xb7<\x17-!\xe7i\x8a\xa0\
\x07Sm\x90o\xcax\x80#\x0e\x1a&\x89\xd0\x12\xfc\
F\xbacF@z\xc3\xe6\x12\x9f\x08_\x14\x85\xb0\xd3\
t\x8c\xd38A\xca}\x94\xe9\x8eiR\x9d1\xbf\xa8\
\xcdU\x0c\x98\x0cS\x02\x0d\x00\xd0T\x8a\x93i\xde\xf1\
\x81\x0f:\x18\xf8\x9bi\x82\x8cQP\xb3\xa6\xf1\x9f@\
\xeb\xf7\x92\x80l\x0bhY\xc7\x87\x16\x00' <\x90\
0\x00\xc0\x81\xc5\xfd\xe9#\xc5\x01\x14\xd6\xde\xb5`\xd2\
\xd0\x98\x97\x9e\xab\x82\x9d\xb2\xdf4{\xfd\x9aB]#\
\xcd\xf1\xec\xd0\x5c\xb46\x80c\xa8\xac\x0b@\xad\xc9\xa7\
K\x91q\x86\xb5\xfd(\xc6\xe9g\xa3\xd4\x05lc\xc8\
h\xfb5\xb3\xe7\xc8\xe6/\xbf\x94\x82y\xf3\x10\xa0\xb7\
\xcb4_\xd5\x1cM8\x98 w\xf0\xc5\x09uoT\
)\x93\xf6y<\x9e5\xbeA#\xc9\xe8\xd8I\xeag\
\x22\xb5H->\x85\xb7\xa2\x82\xbc<\x02\xdc\xc4Z\x04\
\xf4\x94\xf9<\x158\x80OD-\xf2\xd9\xcf\xc7\xcb\xf3\
\xe3'\xc85W_!\x83P\xd2:\x1e\xe0H\xab\xc2\
\x957b)t\xcf0\x00\xf0.\xb1\x00\x95;\x1e\xa3\
\xfb\xa9\xb1\x07\x80\xc0\x84;\xb5z-\xf4\xc3\xebQ\x1b\
\xf74\x1d\x05\x90i!\xb0\x80\xbf\x00\xf4:\x90\xa0$\
\xaa\xf4mk\x5ci\x96\x17\xe3\x9aA\x95\xb7\x18d:\
\xc4\xc0\x02g\xa6w\x1ek#\xab\xf7\xc3\xc1\xbbXw\
\x1f\xc7\xc6\xb2\xa5.\xc0`\x00\xee\x02\xd3z\xe4\xfa|\
\xbe\xddyP*@\xd3u\x11P\x16\x14\x89\x22\xb8P\
\xf3?\xc1\xb1\x03\xe9\xae<\xb0\x99\xf4\x19\x14@`\x10\
\x89\x8b\xd1\xfb+1z\x9aw\xc0X\x81\x87\xd1\xa7\xb9\
\xc5\xfczq/\x16\x06\x0b\xa19`\x91\xb4O\xbf\xf8\
Rn\xfe\xc7m2n\xfc\xd7\xfa\x1c~^\x18\xfc\xd9\
\x05]\xee.\x1f\xd9[\x0b\xa6\x85\x0b\xe4T\x80tj\
\xec\xa1|\xcf\x8d\xb0\xf8\xfe\xe1\xb5/e\x16j\xf4;\
n\xa7\xcf\xcb\xf1\xeb\xdc\xbe\xad<\xf5\xaf\xbb\xa5g\xe7\
\xce\x88\xc1\xa9\x88\x95\x0b\x91\xfe\x00|\xf7<\xf2$b\
\x01\x9eDv\x805\xfea\xed\x9cc{\xb7\x83K\xa5\
\xad\xd6\xd4ac\xa0\xc7\xbe\x9c!\x0b\xe1\x82 y\xb7\
m\xd5X\xfe|\xd9Ir\xeeYG\xca.d\xdd\x95\
\xd7\xb2\xbe\x07\x00@\x80_m0\xf0\xb3\x16\xbe\xd0\xff\
\x22%\xf0U\x14\xd3\xd9\xac\xf9\xf3\x10L0{R\xa3\
\xbe\xec \xf4\x96\x86\x8f\xd3\x9fU\x13f\x9c\xfe\xd4%\
\xb9\xf0\xb3 \xfd\x8f\xae\x0bn\xachu4\xfaY3\
\x83!\x8e\x0b-\x84\xaa=\xd13-\x90\xc7?>n\
\x9a\xd6\x09\xa0\x89\xc8/:\x02\x81am\x9bbA\xf4\
\x92\x0c\x00\x82\xf2NPx<x-v\x95z\x1c)\
 \xef\x03l\xa8+\xc0m}\xbbw\x91\x8bG\x9f$\
\xc3\x07\xf6v{\xdcB\xc6I\x89\xc9i\x92\xd1\xb0\xa5\
e\x068fhH\xddD\x83\xd6\xffg\x0a\xab\xa2\x12\
\x0ax2\x040(\xcf\x10yE\xee#C\xe1;Q\
\xfbp\xb1\x1b\xca\xfe\x9cu`7\x22\xd85H)\x94\
\x8a\xe4%\xbc1?j^\xcc\xbd6\xc6\xe5Xbd\
\xed(350Q\x80\xf7\xa4\x96D\xd3\xb1\x1e\xab\x5c\
-D[*\xe8]L\x80cZ>\xc7\xbf\x00\xf3\xa3\
\x1e\x7f\xba\x17(\x86\xb5_\x83\x1dO\x00\xc0\xeb\xab\xe9\
\x94\xe7{0\xe0\x88U\xe5\x11\xff\x85\x98qihZ\
\xe7\x1e\xf7\x9b=g\xbe|\xfc\x9f7$m\xee,\x19\
\x08\xab\x0f}\xe0\xfa\x86d\xaa\xaa\xe1\x15\xda\x1c\x02\xf4\
\x1aC\xf0m\x04\x11EviL\x03\xdc\x04\xadZI\
F\x97n\xea_\xf6\x0di\xca\xb3^\xca\x03\x00\xcas\
\x9d\xd2\x8e\x09\xcc\x9f\xc5\xc8s\x03\x00u\xe4\xa9O\xbf\
\x94g\xc7}-\x7f\xb8\xe2b\x98,\x87 %\x90q\
\x00:@\x15\xbe\xbd\x1fS\x7f_\xaf\xf1+\x99\xa9/\
\xdf4z5\xcd\xab\xa9\xdf\xea\x00(\x0d\xba\xb8\x00\xfa\
\xfe\x0d\xd0\x12\x048\xea\xe2gg!\xf0\xf13\xa4C\
u\x11\xf1x\x0f\xe28\x7fA\x00\xa0S\x04\x10\xfcX\
\xb0~\x83\xc4f \xf2\x1b\xd1\xf2\x01\xa0r\xc0T\x09\
\x9du\x1a6oR\x8d=\x16\xd6;c#\xa1\x00=\
G\xe3AgK(\x22\xbb6n\x82\xf6\x0fW\x0f\xfb\
\xa8\xf8\xf7r\x1a\xbf\xd15\xd7\x07?8:\xe7\x18\xa8\
uMm]\xc6kB\xd8\xce\xe2\x07\x9cP\xd2gs\
_\xea2\x8b\x80\x03\xbff\xdc\xe2\x09\xae\xe1\xa7+g\
\xedzy\xf6\x85\x17\xe5\xee{\xee\x95\x95+W\x86\xe2\
\x87\xf0\xfaX\xb7,\x93~\x19\xac\xbc\xd9H\x9f\x0e\xe3\
\xbch\x09Q\xe1\xa9\xff\xe9Op\x0a\xcfwH\x05\xbf\
\xfa\xbf\xe3\xb5Zl\x98\x84\x89\xcb[4k.\x8f>\
p\x87\x0c\xed\xd7\xdb\x80n\x09O\xad@2\x84\xd9\xf5\
\xd2\xb0\x18~\xf1\xd5\x04\xb9\x19V\x80\x8f\xbf\x18\xaf\xf4\
\x18\x0f^FK\x0a\x95H\xba\xa0\xa7/[\xa7\xd6i\
\xba\xa7y\xf1,\xec\xfb\xed\xa9\x87\xa0/\xc0\xb9\x15j\
\x0d\xbc\x07\x00@\xd17%\xfa\x1b\x8f|v\xa6\xb3\xcd\
E0\xa0ii\xe8u\x8fZ\xc7\x17\x0c\xeb\xa1\x81r\
\xce\xf0\xfc\xd3O.\x97\x0c\x9e\x8dy\xff|\xdeI\xf8\
\xcd\x05\xd2\x18\xa9\x7f\xechx\x1cPX\x89\xec\x0a\xef\
\xb5\x03\xc4\xc0we\x15D\xa23Z\x0f\x8c^\xac1\
F\x8ff\x0d\xe4l\xf4D\xe8\xd6$\x03\xf2)\xba\xd9\
Cy\x185\x95\xd9\xe9+\xd6\xc93\xb8\xbef\x05x\
s\x0f\xeeq\xc0\x90\xber\xe1\x19'H\x9fn\x9du\
\xd1\x07H\x1e\x03\x1e\x9f\x94\xa2\x96\x80\xb8\xf8d\x1d\xe3\
\x80\x91\x84P\xbbj%\xaa\xa1:\xe6\xa9\x00\xc0\x8eU\
\x02V\x0b\xaa\x09h\xfe\xdb\xed\xd3\x02u@p\x16\x82\
Vb\x13\x12\xcd\xe4\xee5\x0a\xa7\xff\xf8 ,u\x11\
\xf0;\xdf\xe8\x22\x8a\xf9\xf3fF\x024\x93\xd2\x94\x15\
\x0b\x8b\x86\x06?\xa9zb\xf7\xb7j\x7f\xfe\x1e\xce_\
\xef\x99\x98\x8b\x83\xd0sh\xb9\xe0\x83\x13\x81\xab\x14r\
V\x07W\x22\xd8[\x0c|\x5c\x80\xa7\xcb`\xbf\xa3\xc6\
2\x01\x00\xe6q\xca\xe4\xe9\xf2\x06\xcazf-[\x22\
\x07g!FDYoI\xcb\xbex2/\xaeN:\
\x19r]\xe4\xd3gt\xe8(\x89`*\x8c\xc6\xae\xf9\
[aJ6\xb7\xcc\xe3\x9f|)/BS\xbc\xe8\xc2\
sP\x1b}\x04\x00@\xe5]bE\x5c\x00\x8e\x8e\xcc\
\xfco\xa0+\xf0\xdfs\x9f\xba\xb9\x9c\x86J\xcb\x96\xd3\
\xfa\x15\xfc\xaa\xd0'f\xb0\x008\xcd\x96S\xab\x18\x89\
\x86k\xc1\xcd\xa3\x1e\xe7b\x1b\xb8\x98\xdd\xf7\x1e\xc4\x15\
lD \x182\x00b3\xd2a\x01\x00\xdd*\xcd\xf2\
\xddM\xc3\xd65\x83tO\xae\x13Z\xc9\xd4\xa4\xaf\x87\
(\xea4k\x82\xcfV\xb1\x07Bc\x90-\xd0\xe8\xf2\
\xa4n\xb3\xa6\x11\x8b\x9b\x03\xa8\xfa\xae\xda\x0c\x88\x8f\xc5\
\xdf\xb8\x88\xb78\xb0S\xa9\xb3\xac(@\xf0\xf1\x00N\
\xe0\x1bx\xa6\xb0w\xf7\xe6\xdf\x0e\x0bh\x9c@\xf8x\
E\x02\xfc\x89\xd0\xf3n\x1c\xf3\xfd\xa4)r\xfb\xed\xff\
\x947\xdezGSRmN\x08\xac\x0bTa:\xa0\
Cs\xb9\x001S,\x9eV\x19\x85g\xcf\xd1yH\
\xe2*\xe7*\x9f\xf5\xcb\x9f\xe5\xe3\x5c\x1e\xf8l\xaa\xbc\
\x82\x22q\x857*{\x8d\x1b5\x92\x07\xee\xbcY\x0e\
&\xd0U\xab\xac\xad\x09\xb5\x00\x96b\xf1R\xf6\x87\xb5\
\xb2\x1e\x99Aw>\xf0\xa8<\xf4\xc43\xb2q\x13\x00\
#\xce\xed\x08K\xca\x19\x00\x00\xc3\xdb7\x93E\x08\x04\
\xa4\x85\xda\x0a\xed!\x98\x18\xa0a\xd4\xfe}\xe4\xc9{\
.\x97\x86\xc8\x0a`jn\xa9\x86K\xcf\xdb\xf6\xb8\x0b\
\xc0\xf8\xaev\xd5{\xf1\xbb9\xf0\x97\xc0<\xaa~6\
\x91F\x10\xaa4k\x9c\xd8\xa7\x83\xf9\x03+\xc6/\xab\
\x91>\xc2\x04\xc1\xcaj\x05:\xb0Z\xff\x1fQ\xf7\x5c\
,\x1dQ\xb7\xe0,\x08n\xf6l\x0e7|\x88z\x08\
\xc7\xf7\x18\xec8\x1dm\x84\x9fC\xc5\xa6\x89\x10\xd2\xde\
\xed\xc1\x09!\xb8h\x01\xb4v6\x02:\xf6\xc7\x021\
\x85\xd71\x95\xf2\xcc\x18\x06\x8e1\x13\xac\x09\xfd\xfc\xb7\
\xb3d6\xb3+\x9c2\x9f\x84\xe2+\xac\x0fp\xf6I\
\xbf\x92\xf6\xad[\x19\xcbqr\x93D\x99\x90\x84\x9e\x01\
\x88\x09\xa8\x1f\x07D\xee\x84w\x10\x17\xc0\x03\xe9\x0bu\
AN\xa6)\x91\x89\xb2\x1c\xb0\x17\xc0\xc6\x14U\x8bv\
1\x04\xca(\xc90P\xc7z7L\x9b\xb1\x10VV\
\xac\xa4\xb0\x10pZ=\x18\xa0\xfa=\xe1\x13\xb7\x0a\x81\
\xc6$M\xea\xab\x847\xc6\x0b\x7f\xbab\x0d\xe7\xd20\
\x10\xe00\x80j\xf2|\x0er;\xd3\xe2\x95y\xb9\x80\
R\xcf\xf0\x94\xf1j<\x80c\x80\x0e\x14\x19\x83\xa3x\
\xc6\xf7\x1eL\x04\x0c\xd0\x18bx\xf5\x94\x07\x00L\x9e\
\x84\x5c`T\xf2J[\xbaD\x8e@y\xe8p\x13\x8f\
\xca\x10\xaa.\x05,\xea\x04\x94i\xa5\xc9?.\x09\xe6\
b\xf7X6\x5c\xd1L\xac2\xf7\xd8[\xe7h\xb3:\
\xfc\xef\x91\x8f>\x95W\xbf\x9e(\x17\x9c\xf7[9\xf2\
\xf0\x83P\x1e5\xd2\xcf\xa2\xa2\xcfR\x16\x00P\xed\xdc\
k\xfb*\xfc\x0d\xc8\xaa\x8d\xc9\x9b\xfc\xb9_-R\xa6\
\x85Y\xe5Ks{\xc5*\x8fr\xc5\x99\xf8p.\xf6\
\x85\xcbFe&5\xe5\xddpe\xf1\x1c\xdd\x01\xd7\x12\
R:\x99\xd3\x1f\x93\x0a\x90\xad\xed\x5cm\xdd\x18U\xf3\
\x10\x08\xe5\x0dH\xadC\x95\xbc\x18\x98\xf3cQy/\
\xa05>\xabA\x06]\x13*$\x18+\xc0\x92\xba\xac\
\xdb\xd0\xb8\xa1\xc5-(\x8fp\xd6=^W\xd7\x81\xdf\
\xa7\x22\xc6\xdcs\x18o\x0d\xddq<E\x03\x0e\xdd\xe6\
c\x01\xdc\x8b\x04\xd7\xb4g\xe1\xbb\xd9\xba\x09\xaca\xa1\
\xf3\x94\xf4p\xccf\xb8<\x9f}\xee\x05t\x13\xbcU\
V!\xb3\x85c\x15\x9e\x93\xf4\xc489\x1a\x1d`\x19\
\x04\xc8\xd4\xd3\xf2\xfa\xa4+J\x07\xa5\x1d_\xc4\xbaf\
\x8f\xee\xf4\x08?nv\x85\xe2\x8e-|\xed`\xc5\xe1\
]\x99\xfa}\xc9\xcb\x9fk}\x98\xc2\x1bym\x06\x82\
t\xef\xf8\xbfk\xe5\xd8#\x0e\xb52\xc0~\x0c\xdd\xfd\
K~n\x8b\x03\xda\x8d\xf1\x7f\xed\xed\xf7\xe5\xb6\xbb\x1e\
\x90\xc9\xd3f(\xddj!=X\xa1O\x85\xeb\x9c\x8a\
\xdf\xbb(\x15O\x99\xca\xe6q\xdc:\xb6k&\x7fG\
O\x80\xe3\x8f\xd9\xbf\xdcV\x80\xbdb\x01\xe0\xc3\x918\
f!x\xed?(\xa0\xc3`6\x9a\xaf\xd9\xf9h?\
\x949dj\x1d\xeb\x1d\xeb\x82Q4[\x9ddP\xfa\
\xb5\x0a\xdf\x8f\x82e#\x9e\x8d\xb5\x0b^\x998W\xf2\
\xdc\xe0\x0eB\x9bF\xa6\xb3thh)\x80enx\
\xdf5\x08\x0e|\xe8\xb3\xc9\xf2\xc9\xace\x01\xd1yb\
c:\xe4\xb9\xc3\xba\xca\xf1}\xda#'\xda\xf5\xf4.\
\xf3\xa2\xee\x00\x82\x000\xa8\x97\x11o\xc0x\x00\xadA\
\x8dG\x22\xcaf\xde\xe9i\xc7\x1c&\xbf9\xeeH\x0d\
\x10\xf4\xf7S\xd6\x80{&%!\x80\x0c\xd5\x02Y\xb6\
\xd5\xb4r\x9b\x1b3\xfd\xdb\xa2`\x8e\xb79/\x8du\
i\xb8\x91c\xa6\x9ar\xe4\xcc5\xca0\xdd\x5c\x15\xb0\
\xf4'M\xf6\xf0k\x86\x03\xea\xf4\xda\xb4~\xe0\xde\xbb\
\xd6nP\xdf|\xac2~/\xd0\xed\xfb _\x9bL\
\x0b\xae\x04\xfe\xc4&\xa14)\xe3\x09\xc8\xa89\xe6*\
\xf8\xcd\x87n\xe6YSYv\xd3\x8f\xea\x18\x9d\x9a\xf4\
)\xe0\xf9\x90\xb1\x08\xb2\xe2kx\x06\xa4V\x01\x1e\x0b\
f\x1d\x06\x0cD\xa8\x9e\xe19\x8d\xa8\x5c\x00\xc0i\x83\
tyL\x9f6S\x9e{\xe6%\xa93\x7f\xae\x1c\x07\
\xb0\x98\x02\x01P\x11\xbfg\xc0\x80<\x87\xc25\x1b\xf4\
\xea%\xc9\xad\xda\xaa\x08\xf9)\x18hy\xc9\xb1\xac\xe3\
h?\x22\x1d\xdc\xff\xde\xc7\xf2\xce\x0fS\xe5\xc2\xf3\x7f\
+G\x1c:B{\xceWv\xa9\x97\x06\x00<=[\
3\x1f\x92\xb6\xd3\xfe\x95\x11\xfd?{W\x01Xe\xd5\
\xfe\x9f\xd1=:G\xd7\xe8\x0e\x01iD\x140\x00\x15\
\x03\x03\x15\x13\xbb\xe3\xb3[\xec\xee\x16\x0c@A\xe9\xee\
\x86\x01c\xf4\xe8N\x01\x11a\xff\xdf\xef9\xe7\xbc\xf7\
\xbd\x97\xbb\xed\x0e\xc66\xfd\xfb~\x1fn\xbb\xf7\x8d\xf3\
\x9e\xf3\x9c\xa7\x9f\xdfC:7\x9fi\x92\x1f\xb2\xdc9\
\x86\x13t\xf3\xeb&\xc2\x0fZOT\x00\xb4\xfa\xc5x\
\x124\xcf\x0e'\xb2\xf4\x8b\xb4\x9b\x0d\xc9\xa6'\xa8\x00\
\x185[\x05\xef\xf1M\xc0g\x87P\xcfV\xac\xb0\x86\
<L\x15\x8d\x01\xed1\xa0G\xd9\xe4\xd8\xe6\xad\xd8'\
\xc7${L\x19U\xf0\x5cr\xae\x0a^\xb3[\xad\x88\
\xb0\xde\x02\xe0F\xd0\xa3\x80\xe4\x1e\xef[\x8f6\xed\x1e\
\xe0\xde\xa2\x22`<\x09\x86\xc6M2\x9f\xfd\xc9=\xab\
c\xb0\xbc\xd5\xee#\xa3h\xf0y\x0eX\x88\xdb\xde\xed\
3^kWG\x15\x19\x0e\xcd\x0c\x92\xef\x1c\xee\x91\xeb\
\x00\x00 \x00IDAT4q\xf2Ty\xea\xe9g\
d\x9a\xc6\xfe\x8d\xa7\xd0\x88VsZ\xa9\x82\xf9\x80`\
W]\x0d<U\xb5#1nR#\xa4S\xf8\xde\x0b\
\x11\xf9\xe6\xd6\xcdC$B?\xf4\x91|Cr\x17\xca\
\xb0\xfb\x10\xff\xd79\xb4\x06\x8c\xb9\x1fYI\x94\xe6b\
\xfd\xef\xbe\x81\xd2\xff\xaa\xcb\xa4P\xc1\xfc\xd6(2w\
K\xe9\xb9:6c\x15\xa2\xb5\xf2Jy\xe9\xad\x0f\xb5\
$\xf0Ox\x96\xf8\x9cf\x95J\xc9\x0d\xa8,\xab^\
\x22Z&\xa1I\xdd\x07S\x96i\xe29\xa77?h\
\xe4\xc2ng\xc9G\x83\xee@\x88=\xb2\xb0z\x86)\
\x00f\xef%\xc1\xb5\xbe\x031\xf2e\xda\xd4\x80VR\
\xcdR\x85\xb5A\x10[ \xa6\x85a\x9e\x02-Dt\
\x09\x17\x87Z\xddw\xb0\xae\xe9\x05\xa0\x0b\x9f\xc2\xbak\
\xed\x0a\xc8h\xad/\xd1X\xd8\xd4\xc7I&a\x1c\xc0\
\x7f\x81\xc1|\x09,\x81\xa1\x0b\xd7\xaa2A\xd8W%\
\x1a\xfc\x8f^\x8fn(\xef\xb8\xacI5\xc5\xccv\x1b\
.%\xa6\xe8\x08\x9a\x0b~\x18\xc9\x22\xdf\xa1\xbab\xf8\
\xe2u\xaa\x91:\xe2\x8a\x01\xfc\xea5}z\xc8\xa5=\
\xbaH^$#\x05\x0e\x93\x94\x98\x97J\x00r\x02r\
\xb0\xb4\x87&\x8d\xad\xff\xd7(\xbb\xf5\xce\x98k\xa8 \
\x98\x04Ar\x0f\x83\x12h\x18\x94nz\xfd\xd8d\xd4\
\xff\xbde;\xea;\xd1\xb9\x0a\x09P\x9eR@\x05\xc3\
Z\xd6\x80\xba\x93\xe3{\xb0\xe6p{f\x87`w\xa5\
m\xca\x175\xe2`\x98-w\xd0\x09\xc0b2\xa10\
{\x89b\xd6\xce53\xa2\x82\xdfe9\xdbM\xa2c\
#gV>\xe6\xac}\xeb|g# \xeaV.,\
\xa0^&\x9ek\xda\xa6\x9a\xb1\x19/\x80g\x15\xd9\x0d\
\xea\x98\x9d\x9b\xd3\xe4\x88Gu'<\x979\x00_\x7f\
\xf3\x83\xec_\xb2D.\x86\x0b.\x06\xf1\xed\xd4\xe9$\
\xcc]1\x9e\x9c\x05\x0aJ\xf1z\xf5$_\x99\xb2\x96\
\xb9x\xb6GD4\x9c\xe9'Y\xa5\xcf\x8d\x83\x82\xe9\
\x18\xf6\xc1\xcb#F\xc9\xe4\xf8\xd5r\xdb\xad\xfd\xa5k\
\xa7\xb6R \xddB\x00\xca5\x03\x16\xa8\x0a$\xab4\
\xda\xb0\x95\xe7\x01p1~\xb5\xfe\xe9\xf12\x150\xae\
\x0f\x82rp\xfesY\xff\xaa$\xe8M\x0c\x8d\xf0o\
\xdd\x17\xf6<\xcb\xf4\xa9\xfc\x1eG[\xddlP\xc0\xb3\
S\xf1V\x85\xd2\xd2\xa5\x9d\x8f$\xee\x81-P\x12\xf0\
\xde\xd9c\xca\x19\x83\xc7P\xbe\xf2\x04>We\xba!\
:\x93\xfc\x878;\xdd\xffI6\x8f\xc5\xcd\xa9S\x13\
\xc8Cu{\xea\xb3\xa8\xdc\x1a\xe1A\xb5]\x0f\xee\x0d\
g\xfd\xf3\x1c\xebI3\x8f4\xfb\xc1S\xd8Uq6\
{,\x90\x0b`\xc6\xe2x\x12\xdfi\xcd\xba\xf5\xf2\xd2\
\xab\xaf\xcb'\x9f}n\xf6\xa5\x15\x80Nwa\xc5T\
%\x84\xc1\x18\xeal\x03\x8f\xa9y\xfdSU\xf5\x22\xa3\
\xe6\xb0;D'\xc9\xcc\xae\x99a\xab\xc0\x04>\x8a\xec\
\xe6Ag\x99\x0e\xb1\x9f \x03\x9f\x98\xfc.\x12T\x00\
\x98\x07\x85\xa0\xfcm\x03d;\xe7\x90|v\x00z\x01\
<\xf2\xe0\xddR\xb2(\x14B\xabt\x85\xcd\x07\x0a3\
\x0a\x9e\xb7\x1b\xb9\x1f\xec\x0f\xf0\xeeG_\xc8\x16\xe6X\
\xe036W\xea\x83\xc6J\xec\x11\xb0f\xe7~T\x02\
\xc4\xcbT\x94\x86+-a\xed\xeb\xc4V\x92\xf7_\x1d\
(-\x1a\xc7\x06\xda\x03\xa7\xf0\x96\x19\xaa\x00\x90\xb4W\
\xef\xd8\x0f\x81\xb8B\xa6\xc2\x85\xcdMW,\x7f\x1eX\
\xc1U\x15\xee\x90\x96\xf5\x99&\x94\x94V\xdc-\xce\xfc\
\x0d;\xb4ja\xd1&\xd3\x0e\xb3(4\xab>\x8d\xab\
\xca\x15\x88\xbf\xa8\x8b-\x99\x83\x0b\x10\x0e\xe1\xea\x10\xe2\
\xde\x13V\xa0\xa5\xf0\xecx\xb5\xd6\xcd\xa61\xb2\x88\xee\
1\x02\x0b\x11>\x98I3\x01\xe4\xc0\xf0\x0f\xf1'=\
Q\xdem\x00\xce\xc2`\xb8\x81&$l\xb4\xdd\x0a\x8d\
0\xab\x18SZ\xae\xee\xd5]zu\xeb\xa4\x96\x96a\
*\xe6\x9e\xb4\x90\xf3\x17(\x0a\xb0\xa02\xc8C0\x1d\
\x05\x03(pt}Z\xc7\xa52R\xe3%P\xa5E\
\xad\x1fs\x1b\x8fm\x91'2\xe1q\xcd\x06\xc9V\xa1\
,\x14\x80\x80\xc2\xe1i\xc68\xff\xf8N\xa0Va}\
\xb3\x15\x01\x0c,\xcb\x9fxO\xcb\xb4\xcdy\x9c\x10\xfc\
\xa0\xf5\x0fW*\xad\xa3\xec%\x8b\x9bp\x00\x99\x96r\
F{\x8e\xc7L,\x1bTw\xbe)\xf7Sf\xa5\xfb\
\x9c\xca\x80\x11\xceN1\xd0\xe4E=\xc5x\x5c<0\
\x15\x8dX\x18\x86\xed\xd1\x9fc\xde\xfc*\x05\xe6e<\
\x1c\xd9d\xc3\xc6\xcd\xf2\xf5\xf7?\xcb\xca\x99\xb3\xa4;\
B<\x8da\x011T\x13\xe9\xe1\xac\x87\x5ch\x1cR\
\xacv]\xc9W\x02y1\xf6u\x8dHP\xf5,\xd2\
\xdbe\xa9\xf38j*\xabO\xff4\x02\xf0\xd9\x1b\xe5\
\xee;o\x91\x0em[\xda\xd8\xe8\xa9\x0d\xf5$F\xaa\
\x02\xd9\x08#\xa5Yu\xd9[\xa5\xd5\xd2\xb0\xc9{\xb1\
\xb1}Z\xef\x0a\x87\xc1\xf3L\x18\xc0$\x0e:\x05\x80\
J\x80\xa1K\x07\x8f\xady\x7fT\x1c(4\xb5B\x80\
\xb4i\x84\xe8\x89\x83\x87\xe4\xc4\xbe}\x92\x1d-_\xb1\
\xe1\xccR\xa9\xc0\xa5^k\xce\xfb\x1b-_O\xc0\xa5\
\x9f\x1d\xa5a\xd9\x8b\x15\xb3/n\x9e\xa1;\xce]\xc3\
\xdf\x19\x9a8\x88p\x01\xc0\x93\xb2\xa3\xcaG\x85\xb2Z\
\xec<\xdd2\x0f\xd2+\x7f\xd7\x8a\x17\xfb<n\x22\x95\
\xfd6\xa4\xea\x14c\xa5w\xcb\x00,={\xf9\x06V\
\x196$\xc6=`s\x00\xec\x1e\xf0\xbck\xf8z\x1f\
\x84\xd2wC~\x947\xdez[\xd6\xac]\x17\x98o\
K\x9d|\x82V\x00 \xbf\x8b%\xd3u\xf03\x12\x87\
\xe9\xa9QA\xeaW\xa9\x82\x84\xb5:\x04\x979\xdd\xe6\
L\xf0.\x00\xaf\x22\x93\xd0U\xcfK\xc3\x1e\xd5\xa7\xe1\
|zv\x9f\x189[\x96@>8k\xben\xb5\x18\
)\x15]@\xa6,Fm\xbe\x826e\x93\xcem\xcf\
\x92\xd7^y^\xaa\x95+\xa50\xdcJ\x0f\x11\x1e.\
\xfc4f\xd2ty\xfe\xb5wd\xc6\x9c\xf9\x9eM\xc2\
\x9e37\xc1\x1b]\x04a\x96_\x80T\xfb\x11Pb\
\x15P\x0f\xff#*\xe0\xcd\xd7u\x97{o\xee\xad\xef\
\x98\x9a<\xcd0\x05@Y\x97N\xde\x11\xb5X\xe9\xba\
&:Tv\x10%\x05\xdf\xbd]\x1a\xa3f\x1e\x96a\
&\xf28N:-\xfe1\xe8\xfc\xf7\x1d\x9a\x18\x11\xdd\
\x89\x1b\xab\x06\xbc\x14\xd7\x9c\x15\xab\x1d\xff\xfe\xb2\xa5i\
\x11\xae\xa3w\x1a\xb1\xb1\xe3Q.\xf2\xca\xb8\x85\xb2\x16\
\x9a\x9bi\xf0a\x04*\x89\x94J\xc6EP\x84X\xe6\
\x11\x0d`\x87p\xd3`\xd9DP\x98\x84c\x8e\x877\
\xe5\x9b9+d\xce\xbam\xe8\xf2Ek\x86\x89\xf8\xd9\
\xa4f\xd5\x8a\xd2\xff\xd2\x0b\xe5\xfc\x0e\xad-\xe4k@\
\x88\x10\x0a\xb6`!\xf4\x0d(R\xda\x08>\xcb0\x8d\
{\xdf2E\x1b\xebg)\x95\xc6\x1a\xc9c\xec\xfdU\
\x99&\x1fB\x86\xeb1\xd4\x02'\xa1\xf4$;\x9a\x14\
9`\x1f\xbf\xeb\xed\x04\xe2\xf9\xc7\xe1\xfa\xa4E\x9f\xad\
 2\x9f5\x19\xcbZ\xe0\x96a;\xe1\x96\x04T\xb1\
$\xd0\x88*\x0a\xaaL\x18\xc6\xae\xa3\xb2\x8cJ\xad9\
\xab\x14(\xdf\xa3\xb5\xa5\x8c\xcf*\x09^\xcc\xd1X?\
\x1a\xd3\xd4\xba\x7f\x13\x8f\xd5\x16\xc16\x1c\xa07V\x0f\
@\x00\x1cE?\xd3s\x8dB\x9a\xfc&\x0a\xa8B;\
\x00\xf63\xf8\xe7\x912e\xf48\xe9\x00k\xa0\x0b\x94\
\x80\xd4H\xd9\xef\x0a\xe4\xb4\xe7-[\x0e\xc2\xbf\x8e\xe4\
\xe6\x1c\xe9\xf3\xcdz\x99Q\x07\x8eSq]\xa6\x95^\
\xd3\xf3|\xb2\xa6=\xc8|\x7f\xe2\xc7_e\x1d\xe0\x8f\
\xef\xbf\xef\x0ei\xdd\xa2)\xbcSV\xf9<\x85\x87\x9d\
\xac\x00\x18\xfe\xe2\x85\xb5\x5c\x9c\x9fs\xe7\xfb\xddT\x00\
P\xa8\xd3\x03`h\x8b\xcd\xafX\x16\xe81\x1fU\x02\
\x08\xd5\xcbh\x81a\xac\xe4\xdd'\x1c\xa6\x803\xfb\xf8\
H*\xb5Hx;\x06\xc0'\x86\xc7\xb2A\x81c\xb6\
\xbej\xb3$\x0f\x1a5\xa4?\xdc\xf2X\x82\xe9\xe0\x96\
\xb3:\xc2:\x10B\x81\x12B\xe3\x9e7k\xae\x14\xaa\
\x0a\xc0\x09\x94\x142\xcc\x96\x0d\xca\x82z\xbe\x9c\xe0\xa7\
BC\x9a\xd7\xbf\xf9\x8f\xa5\x84\x96J(g\x14\x03\x83\
J\x07\x9ff\xd10\x15K\xc3`\xb0\x18C\xc0)\xcb\
6\x0c\xa0\x9b\x9b\xe7\xf2{S\xed\xe0\x14\x04Go\xc7\
1\xbeiPp_\x02\xde\xff\xf8\x09\x93|\x89\x7f\x81\
\xbd\xcc\xdb\x12\x8a\xba)PS\xef\xea\xd4H\xcaD\xe7\
\xcb\x10\x05 hOpJ\xec\x1e^\x03\x8b\x9c\xae\xf2\
\x85\x9bvhS:Bi\x97+\x9c\x1f84%\x01\
\xecVF\xca\x00\x9a\xde4\xc32\x17\x05|\x1d\xe1\x89\
\x92t\x92\xb0s\xaf\xa2\xff\xed\x00\x16\xbf\x09\x09\x89t\
\xae_\x1d\xe5\xde\xb9d\xe4\x82\x04\x85\xfe6\xed\x80c\
\xe4\xcb\xf7\x06I\xb3\x06u\xb53fZ\x0f\xce\x7f\x22\
\xc2J\xcf\xbf\xf6\xb6|\xf6\xcd`\x1d'\x8f\x8aE\x0b\
\xa0\xa1^Mx\xa5+\xca\xb2-{\xe4\xadI\x8b\x81\
\x0d\x83\xfc\x13\x8c\x9f\xcd\xe1\xda\xb7n /<q\xbd\
\xd4Di`j\xc9\x97\x19\xa6\x00\xb8\x97\xe7\xe4L\x86\
\xcb\xc2\x01\xecp\xde\xcb`A\x98\xddx\x11`##\
\x8a\xaf\xa7u&\x939\xdfY]\xaa\xe5sSa\x06\
w\x00q\x8f\x165\xa1w\x09\xb8@\xf7?\xf3\x14\x98\
\x00H\xd0\x22\xed\xd8\x96\x06M\x8e\x8fV\xa7!\xf7#\
\x16\x88\xc8\x88\xefMY\x02L\x84\x1d\x10\xd6\xec\xc6f\
\x06G% /\x84i;(\x19\x97#v\xc6\x90\x80\
\xd9\xab&\xc6\x94\xdc3\x9d+\x9e\x15\x01\xdfB\x09 \
N\xb4\xc3ogfh\xd3\xfa\xb5\xb42\xa0u\x93\x06\
\xc1c\x07\xe3\xc8\x99=\xb7\x14\x86\x02P\xa0\x10\x5c\xed\
v \xaa\x93\xb8f(\xd6zqc\xf0\xefd\x15\x98\
\xac\xa1\xa6e\x13\xb7T\xb2\x95\x06\xb1\xa1?\x81sI\
\x1a6\xc6\x97\x87\x06\x0e\xd7\x7f\x12@q\xb2\x13\x15\x8b\
I}\xe4\xaf|'{\x8eq\xaa\xe2\xa0\xd5\x03\xf7\xbf\
2U(\x0b:\xcd\xear\xd5\x09\xb2\x8a\x80rJ\xb3\
Q\xc9Xi\x19Y\x0bK/\xe0}\xad\xab\xdfX2\
\x16l\xc8\xe5\x09\xa8@?9\x07\xc0k#L&\xec\
,\x22K7\xa9\xad7\xdfe?,\xc0_\x7f\x1f/\
\xc3\x80\xe5]\x07\xa6\xe5\xc5%\xa3\x15\xd9\xcf\xc2-\xe9\
\x9d\x8c\xba\x10\xf8M\xff\xc6:dCY_\xfe\x0a\x95\
\x15\xdc'\x07~w\xc7?M\xd0\x87\xdbf\x5c\x03\xee\
\x99uhy\xfa$\xca$\x0f\x22\x0c\xf6\xd8#\xf7\x02\
\xb8\xa46\xfa\x15D\xd6,+\xdc}SR\x00t\x92\
U\xc8\xdbX>iB\xff\x99\xc4>\xbd\x96J\xad\xe6\
\x06\xf0oXlV\x19p\x89\x80\x1a\x02 \x1db\x0f\
\x9c j\xaf\xc6\xd0M\xebd+\xd9\x03\x1e#6d\
B\xbc6[\xa9\x12\xd8\x03\xa0q\xad\xbd\xb7\xe1/\x9e\
\xcd9\x80\xe5|\x02s\x10\x15]\x08\x8apqC\xa7\
\x8e\xa4IsV\xb8{6\x22\xab\x87PV\xa8\x0a,\
\xc3jJ6\xf6[w.\xf7\x11\xbf\xe7\xdf\xf69&\
\xa6Ofc\xf0\x054\x9b_A\x83\x8c\xa2\xec\xc8\xcf\
\x85\x0c\xcc\xf9\xc6}l*\x05H\xff6o\xc1*$\
\xee\xda\xad\xdb\xb7\xcb\xdb\xc0\xfa\xff\xe0\xe3O\x91\xa5\x0e\
E\x1d\xcf\xa5\xb5\xcf\x92?\x22\xa0\xb2\x0c\x9a\x07s\xbb\
\xda\xa1dm`\xc7\x86Z\x01\x90\xfe\x87S\x88\xbd\xd9\
\x0az\x04?=|\xec\xb8L\x80\xe0\x1f\x86\x9c3\xc2\
\xf5r|v\x9a\x94G\xe5\x86\x92R\xb1X!\x08\xd1\
\xf2\x0a\xd2V\x98yIz\x82\xff\x9e\x81\x1d\xab\xf3\x8b\
\xaf\xff\x02\x8f\x9a\x0c\xef\xf5k\xe3\x17*\xfa\x1f\xefK\
\x8f\xea\xf5\x1d\x9a\xa8\xb0\x1d2k\x89\xec\x83\x87\x80\xdc\
\x8d=7^y\xf2a\xe9\x87P@A\xad\x0aq\xe3\
N~F\x82G\x10\xa5\xd8/_\x0e\xf9I\x9e}\xf5\
mI\x84\x97\x91G~\xc8\x89s\x10\x92\xa6L\xe2\x1a\
\x0c\x83A\xfd%J\xd6y.\xc7P\xb9|)y\xe8\
\xceK\xa5\x1f\xfa\x03D1/\xcb\xad{\x98\xc7f\xb8\
\x02@\xab7\x1e\xda\x0ac\x17s \x04y\xe4\x84\x05\
\xc6\xe4\x86\x07\xba4\x01~4Q\xf6R\x9f\xa8\xf4&\
*>\x93\xee\xf7\xb9\x89\xdb\xe5\xd3\x19\xf1h\x03\x8c\xf2\
?\x1c\xcc\xbc\xec\x81\x16\xc6\x97\xa0\xb9OAj\xedi\
\x14\xfe\xa1\xe3\xe4sv\xa0\xb4\xe7W\xa0G\x8dZ\xbe\
Qv!$`\x14;\xc3\x10\x5cH\x80\xb9\x01-\x91\
xH\xcf\x80\xb7kSxi\xba\x80f\xa2\xfcp0\
\xe0!9\xbf\x06\x92\xd8$\xa34kPG\xaeEe\
@\xcb\xc6\xf5u\xc3\x1a\xfea6{.\xb4\xf6,\x8c\
\xc6A\xf9\xf2\x12d\xc4=\x80\x89R\xb4\x88\xc8\x0cp\
\xb2s\xfd\xebGvSX\xa1{b\xff\x1fr|\xd5\
j\xc9Y\xab&LX\x10\xb9ef\x9e\x80\xc7\xdf\x7f\
\xc3\xfagm+\xe3\xa3a\xcb\xff\xacfK\x86wb\
\xcf>XG\xc0I(\x01F\xaa\xf5\xb5F\xe0{\xe2\
\xd3\xeeO\xba\xf8M\xb6\xb2\xe5\xa2\xce#\xa0\xc2\x9bn\
\x7f#\xe8\xd5\xd2\xe7\xd6c)\xa0\x0b%\xd04\xf2\xf2\
\x01pk\xcd!0\x96\x91?\x04\xe0,\xb2\xd4\xd6\x9c\
c\xa4{q\x12\x80n\xbe\xfe\xee'\xc9\x8f\xc6(}\
\xe05\xaa\x84\xf90.\xc6`F\xe2f\x99\xf7e\xce\
Dt\x95\xaaR\xb0r\x154X9\x13\xcc2\xbdw\
J\xea\xf7\x0bUX\x09\x00\xbe\x0c\xcc\xeb\x99\x9f~A\
C\xa0|\x8a\x04X\xad\x12rP\xc2\x02\x19\xa5~\x7f\
\xdd-\xa1<\x82\x7f[\xc5R\xf9\xacg\xf5[+\xdd\
\xb9\xff\xedu\x9a\xeb\xa2\xf1\x7f\x9c\xabx\x006\x09P\
\xe9\x8d\x0e\x80@\xe2\xa9\x17\x1a\xe0\x835\x13\x9f\xf74\
J\x01\x05\xedqd\xc1\xab\xab\x1e\xb97L\x5c\xf5\x84\
9\xe9V\x95X\xd4\xfe\xa3\x01\x14\x8flP\x82\xb3\xd9\
u6*\xb0\xa3o\x92\x89Q`\xbdL\x1b\x82o\xb9\
\x10\x16\xbf\xe6w~\xfe\xc3\xdb\xab\xe5\xcf{\x98\xac\x7f\
\xfd\xc9\xbb\xea\x1f8\xb4\x22\xc0(\x02J\xc76\x0c`\
\x14\x00\xbb\xaf\xac\xcb\xdf\xdc\xda~\xae\x1ek\xa3\x0cs\
<\xfbP\xba\xf8\xd57\xdf\xa2\xd9\xcf{\xe8i\x91\xe8\
\x85BJ \xc1\x8d@g\x9b\x90\xacH\x05\x80{\x8d\
=\x00z\xc2\x93y\x0d\x1a\xa7\xd9QD\xb6\xa8\xa7|\
\x961\xb0t\xa7c\xbe\x0ef\xcb\xa5x,\xc3\xe7,\
\x95M\xc8\xa1H\xaej\x8b\xe1\x80\xe8|\xb9\xa4\x09\xbc\
\x01\xe7\xd5\xad(\xf5\xcb\xb2y\x1b\x1b3\x05\x94\x80P\
%\x9cB\xff{\x94\xfe}\x830\xb61V\x91\x9d\x0f\
\x1e}k\xd7\xb3\xd4\x8b4xV\x9c\xac\x87\x87\xc0\x85\
=\xce\xeb\xd8N\xdey\xfd\x05\x89)U\xdc3\x88l\
L5\xf5\xb7\xe5\xed1\x9e\xb8\xf8\x04y\x1e\xd5\x00?\
\x0c\xffMi\x8b\x8d\xb4\x1a\xc1\xc3r50ib\x11\
>^\xcc\xe6@(I\x5cE@\x22\x0c=?d\xe8\
\xf9]\x9a\xcb\x9b/\xdc\x22\xc5P\x91b\xfd\x9ea\x9f\
\x97\xa1\x0a\x80\xa3\xdd=p\xf1\xfe\x84\x10\xc0\x97(\xb3\
S\x92\xc3\x17\xe5\x81\x0c\xc8j\x00\xba\xd93+fD\
\x8b\x9c\x99\xff\xdf\xa3\xber?\x12v\xb8q*\xa1\xb9\
\x02\xeb\xff;\x03\x05\x90\xad\x16S\x13\x06\xe1f9\x00\
\x82a\x84\x01\x95\xa0C\xe8\x8eHk\xfd\xabY\xcb\x11\
\x1a\xa06m\xda\x93\x92\xf4rBX\x116\xb8a\xf9\
\xe2\xd2\x13H\x89\x8c\xa3\xf1\xd9\x0a\xff\xeb6\xa9\x999\
\xc3@\xf8_|G\x90\xa0)\xab6i\x05\xc3\xda\x9d\
p\x1f\xda\xc1\xe4\x85\x12P\x1bn\xc7\xcb/\xe8&]\
\xdb\x9d\x05\xf8q\x22\x19\x1a\x0b\x85\xdap\x9e<\xf9\xa4\
h\x91r\xe8Hi\x95/XD\xa6q\x87\xb1\x92x\
\x98\xbav\xba\xb1\x0c\x9a\x9aZ0\xf8\xdf1\xe2U\x03\
\xf3<G\x99\x12&\x1ej\x0fOn#\xff\xe1\xc4\x96\
m({\x82\xf0W\xe0\x13\xb3\xb9\x8c\xcec\xf3\x0b\xec\
\xc9I`\xa2d\xa4Q(%T\x944\x97\x88\xa5\x96\
\x88\xbd\x0a\xbf\x9b;\x98\xcd\xaecT\xa6f\x048\xf3\
\x008\xf6\x13\xb4\xac]~\x03\x9f\xe9\xd0\xb8p\x8dz\
)`\xa5\x19\x86\xa8\x04\xa8JC \x19\xca2n\xfb\
.\x91\xac9\x05\xfd\xa2%\xcb\xe53$\xedl]\x9e\
 =P\x09\xd0\x02\xee\xcf\x00+\xf1\xa6\xc6[9*\
E\xd1\xd5\xaaKt\xd5j\xea\x05\xf8\xd7\x1dD\x94d\
\x82)^lr\xfc*y\xf5\xd7\xd1R\xa9JEy\
\xf4\xe1\xbb\xa4\x0c\xad\xe5\xd3P\xa6ST\x00\x94`)\
\xf5\x8c\x12\xeb\xf2[\x5c\x7f\x0b\xcf\x03E\xab\x1f4f\
\x5c\xfb\xd6B\xd4\xd8\xbeU0\x9c\xa5m\xbd\x01z\x1f\
7fW4\x0fo\x8f\x0aw$\xdbf+\x80\xf2?\
\x05\xc12a\x03CW\xb8\x17sd\xe0\x01P\xc5\x16\
\x02S)\xd9\xd1\xb1\x13\xea\xee\xbe\xfc\x9c\x9f\xb9g+\
\xa9[*\xd2\xcf(\xe8Y\x81\xc0\xfdg\x95`\xfb\xb9\
n\x07}e\x9eg+\x8btk\x187\xbfi!l\
\x14d\xe5D:>c\xf1\xdb\x18\x84\xddGFQp\
\x0a\xf0\x1f\xc8\xcb\xf9q\xe8p\x85\xfc]\x1a\xbf\x5c\x05\
\x1d\xc7GD\xd4\x9aeKh|{\xde\xda\xcd\x9e\xa0\
-\x83\x1e\x00W\xb5\x8c\x95\x1e0b2\x8a\x973\x94\
|\x9c\x1d4\xd1\xfbd\xe2\xc6\xbd2x\xe2\x1cY\xbd\
a\xb3\xf6\x9fq\x87_1u\xf9Z\xe4,\xf4\xbcV\
CV=\x1b\x17Q\xfe\xb8\x84\xbd\xc0~t|\xdbT\
\x88\xd1\xe5>\x16abw\xbf\x1ae\x8a\xcb\xb5\xed\x1b\
ixx\xdc\x12T\xb9\xad\xde\xa8\xa1d\x1e\xac\x00\xf8\
\xe2\xdd\xd7\xa43\xda`\xd3S\xe28vr|!\x1c\
\x0f\xf8\x13\xf4\xf31*\x8c\x9e}\xf5M \x03\x12u\
\x10@C\x08\x03\xb0\xe3,\xbb\xea\xee\x80\xc7\x81^\x80\
\xe1@\x89\xfd\x8bH\xacX\xd3*\x15\xcb\xc8\xd3\x0f\xf6\
\x93>\xbd\xda\xa37\x05\xfaN8\x850\xe4\x01\x19\xa6\
\x00(\x03'\xf1q\xcf\x81x\x08e\xf8\xe6\x84E\xda\
\xdd\x8eG\x01\xc4\xd1:\xd5,o\x80#\xf0\xbb\x11n\
\x19s8WV\xc2\xf6}\x0a\xfe3}\x8dIP\xa4\
6\xd8\x1c\xd8\xcb$f&\xb5\x9c\xee\x88\xbc2\x1c\xcb\
`h\xa53$\xc0\x86C\xf4<\xb0\x9d\xaa\xf3Sq\
\xb3\xe6\xc2\xf3\x8b\x01\x02\xf2\x9cZ\x15\x14\x86\x98\xa1\x12\
\x15F\x1epH\xf0\xfc\xa8+\x1a\x8a\x0b\xc3\x17?\x03\
yq' \x89\x9d\xf0b\x0c\xaab\xd92\xd2\xfb\xfc\
\xceri\xcfs\xa4 ,1W\xd3\xcc\xb6\xb0\x85\x0a\
\x22\x1f\xa0 \x84\xb8\x9a6\xd6\xc5n\x9b\x00\xa9u\xe4\
,\x07\x9b\xb1\xaf\xeeS\x8c\xf7\x18\x92\xbarV(\x87\
,ec\xbdz\xb1J\xab\xbd\x9e\xd8\x89DJ\x08u\
u\xe9;\xeb\x88\xe79\x0b\x8e\x93\xaan~\x08e$\
H\xd1\x0b\xc0P\x02!|\x9d\xb2\xe3lh\xc3\xb5\xc8\
\xa3L\xb2\xa5&F\x91Y*\xe7\xc3\x17\x0e\x81\xd0\xb9\
2\xa1\xafdck\x1d\x9b\x07`\xc6G\xf7\xbf\xb5\x86\
\xc8\xfc,\xa3s\xd6\x8e\xdfJr\xb3\x9b\xba\x02`\xc6\
\xbfq\xf36M\x04\x9c\x8a~\xdeg\x03\x07\xbd[\xb1\
\x02\x92\x8f\xcf\xb6:\xb8>_\xd7\x0fg\xb3\xe3_\x05\
\xd4\xf8\xd7\xae\xaf}\xd5M\x88\xd7\xa9l\xe6\xc9)\x85\
~2fg\x9c\xceS\xa8P\xd1\x93d6\xfdOs\
\x16\xca\x87c&H\xdb\xb6m\xe4\xce\xdbo@\x89\xaa\
\x01\xa4\xf2\x1f\xee\xed#\xd9g\xc9\x86\x00\xcc\xcc\x19\xf7\
\xb7E\xfa3\x15\x00P\x08\xd5K`\xc1\x80|\xdf\xa3\
\x06P\x01\xb0\x18\xcf\xd5\xea\x01;\x90 E\x80\x92L\
5t%Xm\xc0\xa3\xd61\x9bZQ\x18C\x88h\
\xe6\xbf\xae\xb1\xb1F\xf9\x8b\xde\xcaz#\xe8\xaewY\
\xf8\xde\xbb\xea\xc9\xe6\x8d\xf5Z\xab\x98\xabU\xaf\xf4`\
\x15\x09\xfe\xe9\x94\x06\x9f\xe2\xa4\xe3U\x8f\x17\xef\xe0S\
\xc0-\x8d\xab\x97\x8c\xb7\xf7U\x028zv\x8a\x80\xa7\
\x1c\xd8g\xe9\x0f\x5cG\x11v\x14\x02t\xf4\xb8\x09\xf2\
\xc6\x9bo\xcb\xac9s\xd1\xc5\x12}\x09\xf0\xbf\xecx\
fMX\xcc\x0d h\xd6l\xdf\x0d\x05`\x8b\xe7b\
g\x13\xb4\x9b\xdb5\x80\x07\xb3\xa4\x17\xb7>\x1dJ:\
\xf9Z\xb3\xdfxp\xbe\x8ea~w\xa0\x14\xae \x0c\
\x87\xa4r\xd5@g\xb3d\xec\xd4\xd9\xda\xae\xba8x\
I\x13\xc4\xe0[7o\x82\xc6<\xc5$a\xf5Z\x19\
3q\xaa\xc4\xa3;\xe71\xae\x9dN\xbc\x09eT\x86\
\xb1\xd7\x17\xc6^\x17\xf0[\xa3\xb8\x18\x0f\xa8\xa3\x07\xd2\
\xc7\x0exl\x9f\xfd}.<\xc4\xbb\x0dMa\x9e\xda\
\xd4\xac$=\xd0\xef\x85\xc9\x7f\xab\x00\xd2\xf6#<\x0f\
\x7f\xd8\x86m\x5c\xc2+\xfa\x5c(\xcf<z\xaf\x94/\
\x83^-\x96\x84B\xb6\xfa\xc9\x1b\xc1\xd3\xf9p\x01x\
\xeb\x84\xa9\xb3\xe4\xe9\x17^\x95i\xb3\xe6\xe9s\x99o\
\xd0\x15\xe3\xbc\x0a8\x0by /\x17l\xdd+\xefM\
\x5c,\x89\xdb\x0dt0[\x84wh\xd3@\xbey\xef\
>\x89\x06\x12\xa3\xa1]c0\xf9\x8f\x0cS\x00\xfc\x0f\
%\x7ff\xed\xe2\xb7Z\xc2\xb6V5\xc7\x5c9\x80\x9f\
\x0c\xec\xe8\x01\xa8q$Z^\xc6\x1cFC'\x01\xb0\
\xae\x9ec\xf9\x0e\xd6?A\x8bx\x14B2\xde\xf9\xf5\
\x00\xbc\x00\xa2`\xc6\xa5\xee\xc9H\xb8Sr\x837;\
\xdc\x10\x96\xfe\x97\x8f>\x81N\x7fGd\xcc\xb2\x0d2\
~\xe5F\xd9\x0c\x85\x80\xee|\xdd\x84<\x07\x03d\xe8\
\xa1*4\xd4\xe6\x08\x094._B*\x14)\xa8\xbd\
\xb6\xfd\x82%\xf0H\x84\x18p\xbfQ\xcb\x12\xe5W\x00\
E0\xa7\xc1\xb2\x16m\xebY\xaax\x11i\xd7\xb2\x89\
\xf4\x81\x22P\xa7:;\x08\x1aK8/\x10\x02\x8b\xd0\
\x0b\xa0\xa5\x81f\x5c\xcaH\x99]\xaf\x00)f\x9e\x8c\
IcF\xcf\xac\xe7$\x94*eG\xfc\xdf\xb8\xd1\xed\
?\xb5j\x8c2p\x0c\x96_6ZG ~\x05\x00\
\xb21\xfd\xc04Z\xc6\x8a\x1ft\xa5\xb2\x97\x00]\xa9\
*\xb4uqt\x96\xec\xa3-3T\x16\x84\xdf\xc9\xdc\
\xc80\xad'\xc0\x95\x08*\xa1\xdb\xf1h\x8e\x80M|\
R\x0c\x03g\xe9\x93Y[Fg&\xda0O\x7f\x08\
\xc0i|\xa9+\x00fz\x0e\xc1R\x1a\xf1\xdbX\xf9\
\xf6\xdb\x1f\xa5\x22\xb4\xab\x0b\xe0\x05(\x87D7\xb3\xe4\
\x96a\x911C\xe0\x17\x88\x89\x91\xc2\x88\xf9g\x07r\
b\xb8\xd8`\xa8\xeb1c\xf6C:>\xc5,\x9b\xe2\
J\x1d\x07-}8n\xb2\x0c\x05\xf3\xba\xba\xdfer\
\xe9%\x17\xa2\x02\x00\xa1-\x15^A\x94`\xd6 \x82\
a$\xa7\x00\x182\xb5\xe2\x81\xb4\xa6\xa1,~h\x93\
\xfc\x9cg\x80\x1fY\x0f\x80R\x13\xf7\x9c\xcd}Q\xc1\
\xe8\xa1\x03Z\x14L7&\x1b\x1a3\x82\xdc\xd0n0\
O\xb0t\xc9\xf7p\xfb\xc5\xb3\xfb\x02\xec\xd7\xf9\xb1\xec\
&\xf7m_\xdf\x1e\xf3\xcd\x8d\xb7\xeft\xff\xb9I\xb2\
\x1e\x06|\xe0\xb5\xc2v\x96\x9e\x17\x1a\xe3\xfe *\xa0\
\xa5A\x9f\xf2k\x14\x00_\xce\x8bSD\xf8\x13\xd7\x1f\
\x03\x0d\xb3\xde\xff\xedw\xdf\x97\xc9S\xa7k{k'\
\xf4\xca#\x1f\xaaM\xcd\x8aX\xc7\x9c2y\xf9:Y\
\x09\xe03\x8e\x8b\x02\xb1^L\x09\xb9\xf7\x9c&R\xa9\
pz'\x00z/n\xd9\x11\x047\x9e7e\xf5f\
\x19\x0a\x83\xa7x\xc9Rr\xf9\x15}e\xc9\xea\xf52\
u\xd6\x5c\xa9[\xb3\xa6\x9c\x8br\xd3\xfa\x80I/\x0a\
\xe1\x9f\x13^\xb6#\x00+K\x80\xf0\x1f6r\x8c\xfc\
\xf2\xdb\x18\xc4\xd57\xa9\xe0&\x0d\xe4\x04O\xa8\x84\xbc\
\x80\xde\xa8\xf8\xeaP\xa3\xbc\xe4e\xebe\x1f-\xd2`\
\xa3\x91\xf8$*\x00\xb6i/\x16@\xda\xc3\xb3\xd8\xb3\
imi\x02\x98w~\xcf6\xe0\xdf\xcfX\x22kw\
0\x0c`\xae\x8e\x81\xe1\xf5\xf6\xcbOKG\xa0\x02\xe6\
c\x1b\xec\xb4\x1e\x18\xd7\xeau\xe8:\xf8\xde\xc7\xf2%\
\x0c\x8c\xc3\xe03\xec\xa4\xd9(\x06\xed\xe9\xcf\xae#u\
\x10\x0e\xd8\x01\x16\xfd\x1d\xbc\x00CF\xcf\xb6\x9e\x9d$\
)\x07\xaf\xec\xb3\x8f^-}/n\xaf\xa5\xd6\x1e\xcd\
\xf9\x9e\x0f\x05\xa0\x0f\xd9}Z\x87tZ\xe7\x93\x16\xe9\
\x9a\xa1\xa5\xfd\xd6\xe4%j\xa9\xf2(\x01\xab\x94\x93\x7f\
i\x93\x1a\x86\x11\xf87\xc0i=1\xe5\x8b\xe9\xf2!\
\xe2\x1f\xb1\xff\xd9\xd6W\xddF\xd81\xd5\x91\xc8u\x15\
\xca\x13\xdb\xa2gA\xfa\x8d%X\x01p\xc2\x8d\xc9Q\
\xcb\xd04\xe9\xf7e\xeb\x15\xe2\x97\x15\x12\x86\x99\x99\xb1\
\xe7DB\x09\x15\x12f\xb0\xc6B\xb00nU\x07\x1a\
\xb8*&84\xf1\xcf\x0a\x1anRV[L^\xb9\
\x19]\x0a\xd7\x036\x12\xe5D\x14\xca\xf8\x9e\xd5\x01\x85\
Q\x8b\x7f\x16\xf2\x01\xae\xbd\xb4\xa74\xa8U]\xdf-\
w\xce|\xc0\x93.\x07e3\x8f\x9e\xa7\xba\xa2^\xe3\
h\xc3\xfct\xcc\x95@'\x7fC`#\x93K]\xf6\
\x81\x04\xa3@B\x13z[\xca\xdf\xc8|\xce\x8e.\x85\
QP<\xbc\xae~\x5c[g\xdd\xe8OJ\x09\xebJ\
\x05q\xf0|]\x7f\xcb\x9c\x02\xf2\xd3*N\xcaX5\
H\xa9\xd7*\x83S\xd5\x9a\x0c\x88\x89w\xb8R=\xa0\
\xc4\x01\x08(&\xfc\xdbY6\x9e\xb2\x10\x94;`E\
\x8f\xa3;\xbd4\x12qd\xd6\x88\xb2e\xc1\xe2\xa5\xf2\
\xe9\x17\xdf\xc9n4\x06\xea\x0e\xe8\xce\xa6\x04\x011/\
\xa3\xf7\xca\x0e\xcb\x9f\xf5\xfd\xd1\x10\xfe\xac\xf77\xb7\xb7\
\xd2\xf2\x0c\xd2xf\xdd\x9a\xa5\x90\xa4\xe5\x17\x87\xfd&\
s\xd7\xac\x93\xc7\x1f\xbe[Z\xa1S\x1a\xe994>\
\xec(-\xd2\x19\x0fR\x02H\xfeV\xf0{\x9f\xbb\xca\
\x16\xdd\x1b\xfcg=\x12\x8a}\xe1\x5c\xfe\xf6;\x9b0\
h\x92|\x0d\xca\x9f\xe2S\xb8\xc4\x18+\xccM\xe2 \
\x97\x8c\x0b\x8a\xff\xbb$U\xbd\x8el\xc3f\xd5\xdb\xcd\
k<\x01!\xb3\xef\x84\xb8[zO\xd3\xf4\xb1b\x8f\
\xe8]2!\xbfs\x9e+\xe5\x1a\xbam\xbc\xd0\x15\xef\
\xa5\x95\x01\xfc,\xe0\x15sc\x0a\xe4\xbf\xf0<\x8e\xca\
\xcc\xbe\xba\xff\xd9A\xd3$\x10(\x8d\xd2i\xf3\x17\x14\
\xa01\xe3'\xc8\xfb\x1f~,3f\xcd\xd6\xde\xf4\xc6\
#\x856\xbfHPnU\xbd\x82\xd4*WR\x12w\
\xed\x95qqkd\xcb\xde\x03z\xbf|\xb0F;\xc0\
\x93{'\x12\x00s\x9fF\x8eG8z\x0d\xb7Kh\
\x95\xbf?u\xa9\xf2\xcd\xc2\xc5\x8a\xcb\x8b\xc8/i\xd0\
\xa0\x9e\xec\x05|nq\xf0\xb9h$\x9a2\xe4\x99/\
\x1a\xb5\xf8\xd8{<\xe8&\xdf\x82\xb0\xcd\x84\xc9\xd3\xe4\
\x8bo\x7f\x909\xf3\x17#\xdd\xc8\xe4\x1b1\x0f\x8c\x9e\
\x80^\x0d\xab\x99\xb0/\x0d\x08\xeby\xa1\x22;.~\
\x93\xbc<n>2\xfdMs\xb4h\xf0\xdf\xbe\xad\x1a\
H\x0c\x14\x07]\x02\xcc\xe3\xc2u\x9b\xe5\xd7\x85\x09\x80\
>\xa1\xeb\x9dyV\xb9\xe4\x96\xfeW\xc9\x1d7\xf7\x97\
r(mNk\xe8\x8b\xe3\xda\x0b/\xea\xb7?\xfd*\
\xaf\xbd\xf3\xa1\x96\x1cs\xfd\x196g5\xc0\x05\x18k\
\x12zE,9zB\x1ey\xeb\x07\xd9\x83>6<\
\x08\x0c\xd4\xfd\x9c\xe6\xf2\xcaS7\xc0\xf0\xc3\xfb{|\
&@\x90QS\xef\xee\x1d\xaet\xfd\x8c\xf3\x0b\xb2\xf2\
\xd5(\x87\xfb\x005\x8c\xb3\xd6n\xd3\xe71F\xd2\x02\
\xc9\x80\xf7\xa1$\x90\x80;\xc1\x9au\xb0\xf6\x17\xe9\x00\
\xfdn\xf7\xe4\xae\xe1\xa6\x99\xb5n\xab\xe2\xeb/\x87\x0b\
\xc7\xe6\x9d\xab\xeb\x9d E\x8ci\xb9XVzZf\
\x1a\xbb\xb6Mu8\xce\xa3\xd0D\xf7\xc3u\xe44\xda\
-\xfb\x0e\xa9g\xc2=S\x89\x09\x02-7\xe6\x89}\
\xe5+\xc3\xd5Fh\xe2\x16\x00Q*U\x88H\x8aT\
\xac\x8c\xd0&\xb12^\xc5j\x83\x9f\x90\x09\xcb\x16\xc2\
\xee`Vhi\xb8\xe4\xe9\x05\xb8\xf1\xf2\x8b$w\xae\
\xdc&\x0f\xa0(z\x05\xc0:52\x19+\xe4\x5c\xff\
|y;V\xbf\x07\x80\x99\xfd\xda\xfa\x97Mw\xc8|\
8V\xe3\xcb6\x8c\x90\x99\xcf[w\xc0\xfa/\x0d%\
!\x10\x0fw\x0c\xdah\xa4\xe6\xde\xec\x11\xa0P\xaa\xd8\
,\xd9PK\xad\x0eH5vN\xb6\x8f\x83\xact\xb2\
-<S=\xcd6\x01\x8a\xa1\x00\x9d3M\xf4\xb3\xcc\
\xcdy\x13\xbc\x84?\xcbL\xd5\x13\xa0\x5c\xd3\x13\xf6.\
\x1c\xa0\xfc9\x0d\x0a\x00\xd5\xa6\xdd\x08c\x0cA\xb2\xdb\
\x88\xa1\xbf\xcaY\x80\xba>\x1fk\x94W{#\x98\xf1\
\xe5\xc1\xbb\x15m\xd0Hr\x83!\xe9\xfbq\xdcN\xf2\
EJ\xd4Y\xfc<\xab\x96\xe9(\xb9\x97\xb6\x00\xfe\xf6\
qX.\xfb\x91\xa3\xf2\xda\x8bOJE\x94\x8b2f\
\x1bz\xe84\xa8\x90\x89T\x050B\xdf<\xc7*\x95\
V\x11p\x1f\xea\xf7\xf6\x9f+uu\x99\xff\xc63@\
/\x81\xd93\x0e\xfd\xcf\xe8\x95\x16>\xd8%\xa8\x062\
d\xad \x0c\x8e\xd5{\xe1\x1a\xd2\x9d\x8e\x85\xcbk9\
I\xd0\xfb\xb8w3\xe3vV\x99K)0\x8f1\xbc\
\xce\x08e\xa3\xd8:W\xbf\xd1\x9b\xbd4A\xa5}\x0d\
\x87Q\xe8kE@\x00\xcc\xc7D_\x18\xe6\xe2\x1e\xf1\
+\xb7\x9cc\x9f7\xcc*\xa1\x9cw\xd4%\x09\xcb\xfd\
\xc6N\x98(o\xc1\xf2\x9f9k\x8e\x1c\xc2>7\xf3\
\x0cL\x14\x18i-\xd1s\xbeaE`\x19\xe0\x9e\xcb\
6m\x97\x89\xcb\x00D\x06\x83\x83\xe7\x10\xde\x9d\x08\x80\
\xc45\xf9\x1b1\xf13y\xf0\xf9[a\xb8\xbd:~\
\x01\x8c\xa6\x9dR\x09!\xb5AO?*\xe7tl\xab\
\xd68\xbd\x03\xe6\xd5l\xb8\xd0\x0ar~D\xaf\xf3\x81\
?\xfe\x90)h\xba3\xe8\xed\x8fe\xfa\xec\xb9\x9e\x1e\
\xce\xec\xfd\xaa\xd8\xb7W\xb5\xa8\xa9ai\xf2e\x0am\
V\x00P\xd9\xf8\x11\x08\xacF\xd1\x8a\x92\x0a\x10\xfc}\
QvW\x00\xc6Y6m\xc6d\x80\x82\xbe\x9a\xb6H\
\x12\x91\x0c\xc8\xcc|zY\x9b4\xac'/>\xfb\x98\
4\x837\x22\x8f\x22@FN\xe3\x1c/\xbd\xc2\xe3&\
\x13\x13\xe0m\x999w\x81>?\x7f\xee\x1c\x9a\x03p\
;\x1a\xea\x15\x05\xee\xcb\x89\xaa\x15\xe4\x9d\x1f&\xc8\x87\
_\x8dV\xda\xcb\x81\xe7V\xad\x5cF\x9e\x7f\xf4\x1a\xe9\
\xd9\xb5\x85\x8d\xee\x06\x87\x01\xa2&\xdf\xdb;\xa5\xde\x04\
gd\xfd\x9cr\xbb\x1b\xf1\x14\x02\x19\xb0\xec\x8e%w\
<\xa8\xd5\xdc\xde\xbe\x81\xb4A\xe9\x1d\x13)\x9c\xf6\xe5\
xdjj@`{\xb93S\xbb\x02\xd83\xb0P\
\x86c\x1c?CPn\x87\xcb\x9cW\x10\xca\x92\xc0?\
L\xc2c\xb6hF\xf2\xe8?\x11\x9b\xa2\xc0\x9e\x04\x0b\
~:2\xfbY)\xe02Y\x0d\xe1\x98\xd1\xe4\xc6\x02\
3\x03\x95\xdd\xa1\xd8X\x89\xa8\x8a\xe5P\xd7\xca\xccV\
\x96\xb9P{%1\xc6C\xa9\xf9\x1d!\x86y\x89\xdb\
\xe4\x00\xb4R\xb2\x8fhX\xa6\xe7\xa3}\xf0}\x03\xfa\
\x01\xc0\xaf\x80\x14(PXK\x02\xb3\xa3\x86\x98\x8c\xd0\
\xebo\xcd-\xe4Y96\x09\x8a<\x95w\xb1\xeeO\
\xcf\xfa\xb7,\xcd\xfd8\x01\xc6\xcf\x18ivv2\x83\
\xf6m\xact\xbbB\xce\xb3`$\xa3$\xc1\xc28\x81\
f*\xd9\x80y\x1fe\x13\xa5B\x89\xcf\xd0\x8d[a\
\xf3\xd3\xf5P7\x0c\xce\xc6Xm,\xd6$\xfe\x05\x14\
\x00\x0d\x07\xd8DN\xe3\x12\xb5IT\x1eo$\xc74\
\xe3qGZ7*\xbb\x00N\x87\xab\xfb\x93O\xbf\x92\
\xec\xa8y\xbf\xa8d\x11\xa9\x8d\xach\x06Qr\xa2\xbe\
\xbfhl-\xc9\x1fS\xc1\xa5q\x9c\x91\xfd\x95\xd97\
u\xc2\x90KL\x8f\xd3,\xa0$>7t\x84T\xa9\
^M\x9e\xf8\xdf\x03R\x141I\x9dW\xcf\xbbd(\
\xda\x09\xf1\xb4\xccy\xb0\x02\xc0\x9bX\x85\xc0\xfe4\xfd\
\x00\xf0\x99\xcd\xd8\xd6\xd2@}\x18\x9b\xfe\x90\x22M\xa2\
\xa0\xb1\xe4\xf1\xbbk\xa2b\x95\x06\x0d\x13\xf0\xb0\x02P\
\xff\x0a\xfc'\x99\xa9\xf6\xc4\xba9\xd5\xa3y\xfen\xff\
\xd9\xdb\xfa\xb6\xb31x\xac`1\x8a\xb6=\x97;\xc7\
z&\xec\x09\xc6;\xe6\x14\x05^\xc6\xf3\xf5_\x80\xde\
\x99\x08\x0b\x9f\x93\xc9\x8fu\x8a\x89\xf56\x18\x10,\xa7\
}\xdakq\x9f\xbf\xb1\x8f\xa6\xce\x98!o\xbf\xf7\x81\
\xba\xff\x0f\xc2\xf2ts\x1c\x0d^\xd3\x14\xae\xee&U\
\xca!\x06\x9d\x07q\xee\xa3\x9a\xfc7=a\x83\xf2P\
\x0e\x9f\xa1\xca\x9b\xce\xae'\xad\xaa\x96>e\xcc\x94H\
\xe9\x97\xd5cl1\xff\xce\x948\xed\x89R\xbdJ%\
(\x00\x8f\xc0\xed\xdf>\x22E\x92\xd3\xcb\xb0\xc6\xe4\x19\
\xb3\xe5\x8d\x0f>\xd3\xf8\xfaQ\xe68`\xae\x89eP\
\x1b\x0d\xdb\xaeE%\x03\x93\xb1\xa9H\xedC\xfb\xdfG\
~\x99\x89\xf6\xf6\xa6\xa2\x03f\x86\xd4\xabPZ.l\
^G+\xd9\x9c\xa1F\xbe;c\x15B\xbaq@\x7f\
\xc5\x1cq]\x0a\x22\xa9\xf9\x81;o\x95\xeb\x01\x0d\x5c\
\x1c} \x1c\x0fwr%5u\x80+\x19\x87R\xd3\
W\xd0 \xe8\x87a#\xd0t\xce@X7E\x8e\x1a\
\x93\x01w\x82\xf1\xc44\x8a\x95\xe8\xd2\xc5P1\xf0\xbd\
\xacX\xb5Q\x9f\x11\x0d\x85\xec\xca\xde\x9d\xe4\xa9G\xae\
\x86\xd1\xc8\x5c\xa3`\xbf[\xd4\xe4\xbb{\x81\x0eR{\
|\xa4K\x92\xb6\xf3X:5\x07\xc9o\x1fA\xab\xda\
\xb0\x07\x84\x06\x82e\xbc\x9b\x96\xf7\xed\x1d\x90\x1ce\xad\
6\xbf\xd5\x9d\x928\xe7\xe9\x87\x8e\x9a\xdaL&\x15\x06\
\x88>\xe5qm\xdd\x7f\x08@:\x092\x1ehzt\
Wr6X\x96\xc8\xc5\xaf\x077\xbb\xe3\x01i{\xbb\
S?\x9b\xcf\xa7\xe5\xbfu\xffa\xf9`j\x9c\xe2N\
\x1fe\x86\xab\x1e\x01\x05\xc0i%\xac\x1a`\xbd-K\
\x16\x8b\xa3\x15-\xd1\x15\x19.\x88F\xa2HYx/\
\x18\xd7b#\x92\xa5{\x8eJ\xdc\xee?e\xe3\x8e=\
R\x12x\xe5\x17w\xeb \xddQ\xa6\x92\xbf@!(\
\x00E\xe0\xaa\xb2-L]\xf6\xbd\xe1^&\x8e\xaa\xae\
\x14\xdf;q\x18\xael!\xd4\xc7i\xe9)\x09\x9bI\
\xef\xc0\x06)\xfa\x8bS\xa4\xbdp\xc05\x00\x00 \x00\
IDAT,\xe3\xf1\xa8\xdf\xc0\x9e\x0a\x80:\x98(\
h\x80T\xdc\xe1h\xd3\x9c\x1c\xb8\x8fMT\xb4Y\xfc\
\xc6\x827q}\x17\xff7!\x07\x93#\x10\xe8pf\
\xef\xc7\x8d\xe0\xe5-\xd8\x99\xf5\x98\xa8\xef\xef4.#\
\x9f\xbfq\xd36\x19\xfc\xc3p\x99:q\xb2\xb4\x04t\
\xe7\x05\xa5\x8b\xa24\xa7\x00j\xfd+H!\x94\xfb\x99\
\x8c\xff\x90\xf9L\xe3s\xfe\x09\xa7\x93<r\xc1[\xf5\
\xf1\x84)\xf2\xed\xb4Yr)\x92\xa1\xae\xec\xd7W\xf2\
9\xf7\xbf.\x85\xd9\xd1\xa1\xa4\x15\xe9\xfb\x9d\x9c\x0b\x10\
\x98Wc\xfd[\xcf\x80\xb5\xf2\xd5\xe2w\x1e\x01\x97\x17\
\xa0\x0aA\xe0s}\xb6U\x1aL\xb6\xb8S x\x9a\
\xc9/\xf0,~\xf78\xcf\x8dc\xe8\xcby\xb7<\x1d\
\xc7\xea\x96\x01\xb2\xb6t\xe8\x94\x09?\x0bv|\xcf\x8a\
xg\xef\xfb\xbdo\xc6+\x00\x12\x86\xe0Q\xaf\x81\xf5\
2)\xee\x04C]N=\xb0nx\xe7\xd5\xd2]c\
\xc3g\xce>\xe7\x9f\x0c\x05\x90\xe7L\x9a6U\xeb\xfc\
'O\x9b!\xfb\xd0\xda\xd8o\xf97\xa9\x5cV\x1aV\
*\x03\x03#\x8f\xf2\xd6]\x88\x83O]\xb1^\x16\xac\
C\xd24\xe6\x8b\x89tM*\x96\x90\x810\xe0*\xc0\
(q^\xd3H\xd72\xad\xe7Q\xe82\xc4IdY\
\x86pYY\xf2\xcaS\x8fH\xaf\xee\xddT\xf1\x8c\xf4\
8\x08\xe3c\x12\xdaT\xbf\xfd\xf1W\xda\x86\xf7/6\
a\xc2\xe4\xe6E\xf8\xa0N\xd9\xe2j\x08\xb2c\xed\x8a\
m\xfb\xe4\x81a\xd3\xe4\x00\x14\x01\xbe?\xc3\x05\x9d\xea\
V\x956\x80\xdf\x0d\xd5\xf1v\xc3\x90\x1c>7^\xd6\
\xefb\x19\xa21d[6k$o\xbd\xf4\xb4\xd4G\
\xc9\xb4I\x17\x8d\xfc\xa0\xb2\xb6e\xfbN\xed\x0e\xf8\xd6\
\x07\x9f\x22\x0f\xc0\xf4\x06\xa8\x08\xc8\xe5z\xe5\x8aA)\
\xd9#yPeU\x0b\x1e\x8b\xbd\xc8#\x9b\x0bD\xc2\
\xc3\x80\x87\xe7\xfekX\xb7\x8a|\xf8\xda\x1dR\xafV\
e\xaf\x8d\xbb{r\x06&\x01\xfa\x04\x97}:_`\
-\x90\x9a\x18{\x9f\xb2j\x8b~J\xa1\xcf\x92\x8c\x07\
\xbb6F\x07\xbe\x22\xa9\x0a_o#\xe2Zf\xd1\x0f\
\x9e\xbbR\xb6 \xc1\xf0R\xe0\xebS\xf01&\x93\xdc\
\xc1%`\x88x\x01\xa0\x7f\xd9\xf9o\xd1\xa6\x9dJ\xb4\
t\xad\xf4D\xed?\xf1\x96\x8bB\xd3M\xdbRE\xbe\
\xa8)\x0d\x8c\x04s\x10\xda\xe3+\xe3\x16h{a\x86\
G\x08\x19L4\xabD\x00[\x1c\xd1\x18\x94\x9bH\xc3\
F\x99\x80\xc3\xc6B9\xf0R\xd4BI\xa0\x05\xf0.\
\xb1eKJ\xef\xae\x1d\xe5\xecs{\xca\x81l\xb9\xd1\
^\xf2\x0f\x94\xbe \x9f\x00\x1d\xc6\x8a\xc1:\xcf\x89r\
9Z\xfez06\xaa\xdc%\x90\xfcD+H\x01k\
\xa0\xf3*h\x0a\x05\xb9\xcfz\xd3\xcb\x8cO,`\xe0\
pp\xfe\xb2);Tg\xb1\x9bg\xe9\x85F\x10C\
\xf1R\xccu\x96\xcaxZ\xaa\xd5\xaa\xed\x0a(\x05\xf1\
?\xca\xb1\xf88\x1b\x1f\xa5\x80\xe7\x93=\xabF\x09I\
\x1f\xa1cu\x0a\x00\x99\xb0e\xae\x1e\x12\xa0\x9dCO\
\x09\xf6\xb9\xa6OE1\xe6<P\xeb\x9f<}\xb6|\
\x83\xde\x00y\xe0>\xbd\xb2Q\x1diV\xad\xb2d/\
\x18-9\xb5W\x02\xa5F\xe6(\xdd\xe9@\x9d\xa9\xde\
\x82\xf3F\x04=\xfa\x9e\xc9\xfc\xeeE\x9b\xe45\x80\x82\
~\xf4\xfe;\xa5y\x8b\xc6Z\xc7\x1c:\xb7\x14F\xba\
\xb4\xa9\xde\xfd\xe4\x13\x82h\xd1\xd1\x94\xa3I\xde\xd3~\
\xa6\xa5sV\xf8\x1b\x92rn~\x93\xf0\xca\xef\xd9\x0b\
\xc7\xc4\xd7\xad\xd0'\xbdhR\xae-)T\xba\xb7\x0a\
,\xef\x17\xd8\x82\x86\xa05\xb1\xcex\x19\x82\xbf\xe3\xb7\
Vi\xb5\x89\xc0\xe6R\x9b\xa4\xe8\x94O\xbdK\xc0\xc5\
o\xcea\xb8\x81\xd3\xe9x\xa8\x8b\xe6\x1a\xe5\x96\xefo\
\xf0.H\xf7&\x04\xa7W\xa9'\xccr/z\x01\x14\
\x15\xd0\xe4\xce\xe8\xa7F\x9b\xd6\xdf\x19.\x980\x15\x09\
\x7f\xef\x7f\x88\x06?3\xe5 [\x1b\xdb\x8a\x89\xa2P\
b\x9b\xc1\xeao\x00\xb7\xbf\x11\xfez\x0b\xd4\xfe\x1f\xd0\
\xf8\xff\xca\xad\x062\xbd\x00\x12\x02;\xc5\xa2\x92\x0b\x89\
\xdc\x06\x00\xe8TV3r\x02 \x1d1i\x9b\xd8'\
\xcc#\xcb\x85g>\xf5\xd0=\xb0\xb2\xfb\xc2\xf2E\x95\
\x89/l\x13\xfe\xaef>9\xf6\xfd\xe0\x89c'M\
\xd3\x16\xbc\xf3\x96,5\xa7\xe3s&[7\xa9PJ\
.kVC\xd6!d\xfd*\x90\x5c\x1d\x18\x1c\xdf\xf7\
\xca6\x8d\xa4\x02\xc2\x05\xa12\x82\x15\x08\xd3\xa0\x1cM\
_\xb9\xc1k(\x97\x1f\xc6\xcd\xe3@\xc1\xbc\xfa\x8aK\
\xa48\xfbE\x84\xf0\xd0\x94\xde\x9c\x14q\x10\xbc\xe4s\
$\x18?\xf3\xf2\x1b\x88\xf3\xb3\xe7\x80HY$Z2\
\x17l\xfd\xae\x03\xb2\x0e=l\x0a\x02\x03\x80B\xff\x00\
\xb0f\xfed\xebu\xacwi\xc8\xd1\x17\x1f\xbfN\xae\
\xe8\xdb\x05M\xd6\x8c\xf2\xe2\x8e\x0cT\x00\xc2\xbf\xde\x01\
0K\x96\xad\xb1\x14N\xb3\xdfq\x14\x86\xe5\xda\x07n\
\x8d+0\xe9\x9e\xcb\xd6s\xe9\x05xg\xc0\xd5\x88\xb2\
\x14X\xb8\x9b\x90\xfc\xf0\xc4\xaf\xb3d#\xb4\xc1\xde\x80\
\xd5\xa5\x00'\xeesr\x07\xafg\x1cid\xdc:\xf9\
\x06\x8a\xc3FM\x9e\x88\x92\x18\x84!\xa8\xf5\x9d\x03b\
fc\x0b\xe7I\xf0\xf6L\xe44z\xcagr\x8dH\
\xd4\xaf\x8c] \xf3\xa0\xa0\xd0\xa5\xcf\xe4\x94\xd2p\xe9\
\x14\x02\xe11?`-\x16}\x1f\x14\x02\x96\xc1x\xd1\
\xb6\x10J$\xcf(\x04\xb7\xfaU}z\xc9S\x8f>\
\x22y\xd1\xb0B\xeb\x9e\xc9+(\xb0)\x7f5\xde\xaf\
\x5c\x12\x7f\x13\x06\xd4(\x00\x06\xef\x9c\xbfS\x01 #\
5v\x85n\x1b\x8d\xf73\xe6\xc5\xaf\xed\xd3\xf5:\x9b\
D\xe5Iks_\x9d;\x8f\xee\xbc\xe8\xa8\xddh\x96\
\xc1)\x03\xb5B\xda\xbd\x87^\xe4\xb8)\xafs\x82]\
U\x1e\xc3c\x9c5\xafU\x01\x14.\xf6\x1e\xfa\x93h\
\x80\xc8\x11\xc0\x95\xc6\xfde\xb9W\x98\xe4?\x13\x87\xf5\
m\x0e\xdf\xefiYH2\x885\xeb\x12\x81\x99>L\
\xe6\xa2\xfdm\xc7\xda5\xe4\x8a6-\xa40\xeb\xc4\xad\
\xecH\xcb\xfd\xfe\x89\xe7\x1a\x854\x9b,I\xdc$\x8f\
\x0c\x19*e\xcb\x95\x91G\xc1\x9c\xcbC\x19\x0d\x00\x00\
\x91^\xcc\x92\x9c\x8e\x02`h\xd0G\xf8\xfa\xabJr\
\xfb\xc3\x08~\x83_\x81\xcf\x8c\xbc7\xb4j\x15\x01\xe6\
\xbb\xa8\x0ek(\xda\xec\x07^\xc3\xe1\xf1W*\xc0z\
\x9d\x19\xb0\x09\x1d\xd8\xbf\xfd\x9a\xb8#\x1f\xd2\xa1\xa5{\
C\xb3\xee\xce\xees\xf70;\x01f\x87\x04-\xb5\xfe\
\xa5S\xc4;0\xcf\xc59\xfe=\xff\x82\xeea~\xeb\
r\x08\xdc&3\xd7\xfa\xee\xe7\x94j{\xbe\xf9\xca\x8c\
\x909\x02\xf3\x16.\x947\xdey_\x13\xff\xf61t\
\xa7\xf3\x05\xdea\xdd\xfe\x8da\xf9\x17\xb1\x1d[u;\
\xe2\x06+\xe1\x0a\x1f\xb5x\xa5l\x03\x18\x18\xcf/\x01\
\xef\xe3\x85\x00\x00b\xfc\xff\xe4Z\xfa\xf4\xa1b\x7f\xce\
\x0cc\xfcT\x00\x86X\x05\x80O\xb8\x06\xc2\xf5\xde\xdb\
\x07H\x0d\x84\x03\xc8\xcb\x22=\xb8g\xf7\xe2\xbdG\x8e\
\x99(/\xbe\xf1\xae\xac\xc2\xfe%\xde\x01g\x88%w\
\x04\xdea(x|\xc2&\xb3R\x98?&A\xf6i\
QW\x11-\xbd\x83<\xd2\x96\x0en\x86\xa16|~\
<\xf2\x14\x90\x0be\xe9\x93\xb9\x00\x83\x9e}\x5cZ4\
2\xa0li9\x98\x9c\xfe\xd3/\xbf\xcbc\xcf\x0d\x92\
u\x1b\xe8\xe2\x17\xf5\xf6v\x06\xdeB\xe5r%\xe4\x07\
\xcc\xc5\xda\x8d\xdb\xad\xbcr\x1e-@#@\x19\xba\xe5\
\xda\xee\xf2\xcc\x13\xfd\xe580\x03\xfca\x80LW\x00\
\x98\xc5\xb9\x18\x84\xf4\xd6\xc4%\xb0\x12\xd0\xfb\x1a\x07\xeb\
\xdf\x1b\xa2\x94\xe4\x9e\xce\xc4\x92F{\xd9\x08f\x89\x04\
\xb9\x1d\xae\xfc\x87\x86\xcfP\xafBuh=\x8ftk\
\xaa%s\xc9Yr\xdc\x03\xcc=\xf8\x1c\x9d\x9d~E\
\x0e\xc0A\x84\x0fhE7B\xcc\xe7\xca\xe6\xb1\xd2\x18\
\x99\xf6\xc1[2\x82\x81\xa4\xd3)$\xb0\x8d\xd0\xe8\x06\
\x01rr1jNI@y\xa0\x04\xd0\xad\xdf\xa9f\
\x8c\xd4\xc7\xfc\x1c\x815\xbf\xe1h6h~\x87$\x11\
\x9d\xc8\xb6#\xe6|\x18my]\xc3\x12\x0e\x9e\x89 \
U*U\x92\x9b\xae\xbdF\x06\x5c}\x15\x0cl\x8b\x13\
n-!ez\xca\xec\xc8\x098xZEf\xe3\x18\
\xd7\xa7\xf2\x09\xf3O]\xfeVx[A\xef\x05.\xf5\
rk\x91[\xc6C\x85\xc1\xbb\xb1O\xf8\xfbv\x8by\
\x0e\xd5\x0cO\xe0\xbbo-ctLL\xff\xa4\xf44\
\xdf\x1b\xa5\xcc\xfe\xed,J*\x00\xbc\x97en\xba\xee\
\xaa\x00\xd8g\xa8\x05\xc5\x84 nRsm\x10m\x84\
\xdc\xfft\x96\xf2 4\xf0\x09H\xda\xf9\xf6\xbb\x9f\xa5\
\x106z\xbfv\xad\xa4Y\xd5J&\xea\x90iTu\
:o\x94\x96k\x8d\xc8\x22\xc3zk\xd4D\xf9}\xf1\
\x12\xb9\xb0\xfb\xb9r\xcd5\x97\xc3\x82\xcc\xab{\xcc\x93\
\xfc\x8e\xec,\x89\xa5\xe5)\xfesO\x0e\x05(\x01\x07\
\xe8XI<\x90\xd8\xe7\xe8\xcd\xc4\xfeI\xe7\xcc\xd20\
\xe32\xdb\xc0\x94\x0d\xfa\xc5\xb3Q\x1c\xdc'V\x01\xf0\
\xcep\x04\xcc=b<T\x86\xea\xdc\x7f\x03\xf7\x0e\xf0\
\x14\xa7\x04\xd8\x0d\xa6\x8a\xb6\xd9c\xfa?\xef\xe1:r\
C\xff\xba\xef|\x5cI\xcf\xb5\x8f\xf3\xed\x0d\xbf2a\
\xbcnFYV\x01\xea\xf6\x0d\x7fRI[\xbeL\xde\
\xfd\xe0#@Y\x8f\x92\x9d\xc0\xedP<\x04\xdc\x93\xa8\
\xac\x0d+\x95\x95F\x95K#\xf9\x0f\xeb\xe6\xf3\xa6\x1e\
\x87W\x90\xae\xff1q\xab\xe0\xf1\xfaK\x05>\xdd\xfe\
4\xda\xba\xd6\xa9t\xaa\xcb\x98\xa6\xeb\x18\x02\xf8\x1d\xc6\
\xe3\xe73W\xa8\xd1\xc7\xa3e\xd3F\xf2\xd8\xbd\x03\xb5\
\xe4\x8e\x95&i9HC;\x00[>t\xc4h\xb8\
\xda\xbfD\x1c}\xad\xe1\xa5\xb8\x09=\x014\xc2v\x1f\
:\xaa\xf6\x06\xa1\x83/hZKj \xf7\xca\xad\xb2\
\x17\xaa\xb1\x0f=\x06\x8f\xf4\x84\xa5kd\xce\x9a\xcd\x8a\
\x14\xcaucw\xd6\x87\xef\xbeE\xae\xbd\xa2\x8f\x94\xf2\
\x1aBE6J\xae\x09\xbd\x14\x8f=?H\xe6/\x8a\
\xd3\xf5d\xa8\xfb\xc2v\x0d\xe56\x08\xf8\xe9\x80>\xfe\
\xf4\xdb\xd1\xb2\x1c9\x19\xca\xde\x0d7\x94\x22\xc8\x0b\xbb\
\x19\xdf?\xfd\xd8ur\x1c\xa1\x03\x7f\x15B\xa6+\x00\
\x9c\xdc]H\xc4\xf8q\xc1\x1a\xf9\x1e-x\xd5\x0d\x07\
\x82\xa5\xe0\xbf\xb1u]-)\xa1+*\x12w\xec!\
\xb8\x91\x1f\x83\x07`\x09\x5c\xf9t\x85?z^3\xb4\
\x19.\xa5\x80>\xe1\x0eZ\xff\xab\x91<\xf2\xe1\xb4e\
Z\x05\xc0=\x9f\x07\x0b\xdd96F\xd1\xff\xcaCy\
\xc8\x8c\xc3\xbc+\xacH\x8c\xed\x8d\x89\x8bd\xe9\x96\xbd\
\xda7\x80\x9fr\xf1\xea\xa1\xfe\xf3\xc6^\xe7\xc9\xd9\x9d\
\xceA\xc6|)\xcc\xdfQ\xd9\xbam\x87lHL\x94\
\xc4\xc4\x0d\xb2\x1d\xe5y\x87\x10S\xcf\x01WP\xd9R\
\xa5\xa5y\x93\xc6\xd2\xaeuk\xa9\x14S\xd6\x86\xf2-\
\xb3r\x02^\x19\x1d\x99\xa0\xb5\xaf\xadr`\xd2FM\
_s\xe5\xd9.\x19\xd0'\xccy\xaa\xe3\xe7z\x17M\
\xb2s\xf77\xb3\xe7\xde'\xe00\xb5\x8c\xd4\xddG\xb5\
f\x1fcr\xd6\x9c\xdf\x1aWfe\x99\xa8\xf2K\xcb\
4\x95/\x1aM\xda\xc59\xbd\x12Aw\xbd~ME\
\xc0\xba\x9e\xc3\x09z\xef\x9e\xfe1\x9f\xfa\xea+\xfe=\
\x9a$}?x\xa8\xccD\x92\xd19\xf5\xea [\xb8\
9\x04 \xfa\xc5\xeb\xea\xfe\x8b\x0f\xb8\xcbO@\xebZ\
\xbei\x8b<\x83\x06IG!\xbe\xee\xbb\xebVi\xd9\
\xbc\xb1&WE\xb2\x97Oev\x82\x12\x02y\x03\xc3\
\x05\x03\xde\x01Ur\xf5\x03\xcfz\xe7\xb2\xb3\x0a<\x9b\
?\xd1\x95\xb4Df`\xd7I\xa9\x8e\x82\xd7~`\xe4\
\xb2\xb1\x90\x95\xeel2\xac7fOiu'\xf8\x04\
\xb6wR(\x058\xe9\xed{s\xd5%\x8c\xd07g\
\xeb&1\x02\xdf*\x07\xfe\xb9\xf4\xf4\x05\xab@\xf0L\
S\x1dc\x94bOa\xd6\xd1sKdCM\xfc*\
y\x13\xd9\xfe\x14\xfe;`@\x1cG\xf9#\xefM\xe1\
\xdf\x14n\xff\xfah(S\x04Vf\xc0j4B\xe5\
\x00\x04\xc9\xb4\x15\x892ce\xa2&(3\xdcH\xc4\
R\xe6M5\x82\xe1t\xe6\x0e\xab\xee`\x8c9\x80\x1d\
C4\xd57\x01\x80\xc3\xea-\xbeo\x99\x92%\xe4\xae\
[o\x90+/\xb9HJ\xa0\x0do\xb8\x99Oil\
\x7f\x83\xd7m\xd9\xbeK\x86 \xd1\xeem$\x06nB\
\xfbf]m\xabxq\x1e\x8b\xa1\x12\xa2E\xb5\xf2P\
\xe8c@\xcf&\x9a\xef\x0fE\xbb\xfbs\x967\xc1\x0b\
\xf0\xd3\xdce\xb2\x03\x1e[]\x1f\xdc\xa0K\xbb6\xf2\
\xd8\x83wJ\x93\xba\xe8\x87A%\xc5\xaf\xd0\xa548\
\xac\xd7\x9c\x85K\xe4\xe9\x97\xdf\x94\xdf\x016\xc6\xcb\xe8\
\xee\xef\xde\xb9\x19z\x0e\xdc\xa0M\xa9\xc6O],\x9f\
|\xf1\x9b\xccFS\x226\xa0c.D5\xe4n\xbc\
\xfe\xf4\x00\xe9\x82~\x05'\xd0\x96\xdb\x95\x80*EM\
\xb9\xa7w\xa6\xf3\x22\xc6\x09\xd9Z\xf1\xc51\x0bd+\
\xe2\xf7\x5c4\xc6W\xd8\xed\xe8\xc66\xe8\xa4\x84\x970\
Z\x8bG\xe2'M\x13\x17\x80\x8e\xf0\xe7G\xcd\x97i\
h\xd6\xf0'b\xe4\xd7\xb6\xaa%\x175\xac\x0a\x97\xb9\
?\xa9\xcc]J4+h\x90\xcb\x13\xe5\xeb\xd9\x09\xb2\
\x1e\x0b\xc5\x83\xd8\xfb\xc4\x22`W>6p\xc8\xac\x83\
\xfb\x9eDM\xd8\xc9\x04T\x040A\xc7\x1c\xd0\x22\x11\
\xd6\xe8\xd5\xf3|\xb9\xf3\xae;\xa4N\x9d\xba\xaa\xa5\x1e\
\x83\xf2s\xe4\xcf#r\x10\x1e\x80?\x10+\xe2\xdf\x9c\
\xb3\x02\x889\x17G\x9c\xbf \xc2\x00\xccw\xf0\x98\xa2\
rF\xc3\xc8\x94\xc1XK\xc8\xc5KU\x22\xab{\x80\
?\x8d+L]\x8d\xd6\xc5nFb\x99\xa0#`&\
L\x19\xfb\xc2\x0e\xd51Z\xc3\xb5\x82K\xde\xf4\xe1z\
\x97\xa0\x94xwq\x80\x9b\xd9{\x99/t8\xa1q\
zw\x1f\xe5\x8e\xe6\x9f\xd7\xda\xd7\xde\xcf\xa0\x9dQ9\
\xe1\xe3\xdc\xbd\xfcL\xd7rV7\xf4H7\xa5\xa5J\
\xfb&A\x82\x9d\x8d\xaff \xb3\xf8\xd3\xcf\xbe\x91\x5c\
H,\xea\xd7\xae\xb5\xb4\x8e\xadn\x13q2\x8b\xb2\xce\
\xccs\xdd\xee\xe4\xdd)P\xf9\xee\x9f\xc1Z\xf9i\xe6\
|9\xfb\xacfr\xd7\x1d7\x02g\x02X\x10*\x8c\
\xd2\xca\x96#\x1b\xf3I^\x00^\xe6\x95\xf1Y\x11j\
\xb9\x9d\xc6q}\xdf\xe9\x88T\xaa\x9a\xfd\xc0\x90\xbf~\
\xa4\xff\xb5\xe8\x81\x8e\xe6\x0d%\x9a\xf3\xeceJW\x8e\
f\xfd\x9e/G\xb4z3Go\x9e8\x0fQ\x04\x9d\
\xf7\xca=\xd8\x0a~\xce\x99\x9f\xf5q\x88J\xe6\x96\x8e\
\xed\xeeT\x15\x9a\xb4\xef\x11#\xbeW\xc3\xdf*\x02V\
\xf0\xf3*\x86\x136n\xdb\xaa ?\x83\x7f\xfcI\xb6\
\xc1h`\xdc\x9aoL\xbe\xd7\xa4r9i\x8c\x8c\x7f\
\xb5\xfc}\xfb\xcdy 6\xee\xde/\xe3\x97\xae\x95\x84\
-\xa6g\x0a\xe1t\xcfB\xc9\xd9\xf5\xadkK\x0cp\
\x02\xd2,y#[\xe2\xa0\xb38\xac\xfd\x88i\xbf1\
a!J\xa7\xb7 Q\xfa\x84z8\xcf;\xa7\xa3\xdc\
\x830@\xf3\x86u\x95\xc7\xa7\x85\xde8w,\xddK\
D\xff\x92O\xbf\x1e,o\xbc\xf7\x89\xc6\xd2U}\xc2\
\xbd\xd8b\xb7I\xe5\x18iW\xab\x92\x82 %wo\
\xa30\x9aP\xd1\xe8\xc5\xab\xb5Z\xc2$\x98GIY\
\x00\x9d=z\xef\xed\xd2\xa7g7 b\x1a\xfc\x80\x88\
\x0e\xf0\xafU\xeb7\xca\xcbo\xbc\xa7c\xe3\x91\x13\xe3\
i\x0f\xc4\xbf\x97\x9f\xbc^jA)\xd9\x07/\xf8\xb4\
\xd9K\xe5\x93\xafF\xc9\xa4\x19q*\x1b\x9a4\xa8.\
\x9f\xbdq\x97TE\x18G\xe9\xde\xb78YB\x01 \
\x1d\x13}\xef#X\xe2\xe3Vl\xf04J&\xbd\xdd\
\x03L\x00BK\xaaW:\x05\xbe\xc1\x09'A\xbc\x8b\
\x92\x90_\x11\xd3?\xf4\xe71\xad\x91\xbf\x11\x09)\xb4\
\xe4C\x17\x8a\xb7:\x0c\xa6\xcc\xdc\x03\xe6 pq(\
\xdc\xaa\x22\xce~%\xa0\x7f\xdb\x03\xfc\x87\xf1\xff\xcc:\
8>\x96\x9b\xbc\x03\xa0\xa4\x95h\xf2\xc0EcV\xea\
\x11\xc2\xef\xc2\xfd\x16\x13SN\xae\x87[\xff\xaa\xcb/\
\x93\xf2\xe5`\xd9\xbbM\xaf\x8c)\xc0@\xe8\xd60\x9d\
\xcel\xe0\xd3Y6\xce|\xe1u\xea\xee\xe4\xff\xc9\xf8\
\xecD{LL9\x97\xe5n\xc6\x8a\x08\xb2:T3\
\xb6\x0f\x0f\xbb>'It\xab\x09\xdb1\xda\xe1\xea\x1d\
\x02/\x11P\xf5\x82\xeei\x84\xbb\xb3\x8a\x9c\xb07\xd7\
\xf2D\x17\xd34.T=W\xefo\x18\xa1\xf1\x0c\x98\
\x15\xf5\xde!\x99\xb1\xa7\x85i\xf8i$X\x9b\x8e\x92\
mp\xa9\xfe4t\xa4\x8c\x1b;\x01\xe5D1\xc0\x0c\
o-e\x8b\x00\x03\xc0?\xff\x96\xb43]\x13O#\
\xb1\xfbe\x92\x0a\x1e\xebI\xe2>\x8a\xdf\xbcE^\xfa\
u\x94\xecF\x86\xf5C\xf7\xdc&\xad\xdb\xb4\xd4\x98\xe7\
\xa9\xcek\xa4C\x0b\x1b\x0a\xb0\xca\xae\xde\xc3\xd2\xb95\
\xdb\xacBl\x99\xb5\xf3\x0e\xd8\xf3\xcc3\xed\xde\xd1\xfd\
\xe0\x94p*\xbe*\xfa\xcd\xfbx\x0b\x17XA\xd5\x9d\
uGy\x84m\xe8\xce\xa8\x0cf\xc5\xf5Ws\x8d\xbb\
\xd2c\xce\xbc\xadOGv\xef\xef.1\xc9\xb0\x96\xce\
\xbd/\xcd\x1e04n\x9e\xe1\x14\x02\xfdK\x95\x03\xfc\
\x06F\xb9\x13x\x15\x9f\x7f\xf5\x8d|\xf2\xd9\xe7\xb2\x1e\
\x9eC#\xfc!\xc8aQ\xd6Gi[s\xf4\xb7/\
\x09\xb8\xe6 \xe1o\x9fC/m\xdc\x86m26n\
5\xda<\x1b\x107\x86&i\xb0]\x83\x065)\xe5\
]\xb9\xa1\xa6\xcfO\xc3\xf3\x87\xa0\x7f\xcb\x8f\xe8\x7f\xb2\
\xd5\x22\xb8\x96\x03\xee\x08\x81w\xfa\xf5\xed-e\x80w\
\x12\xba\xd7\x22y6K\xd0W\xae]'o\xbd\xff\xb9\
\x0c\x867\xe0\x0f`\x06pN\xb5\xb6\xbedQ9\x07\
\xed\x7f\xcb W\xccS\xfa\xc2\xdd\xd4L5\xc0\x92\xf6\
\xcb\x88\x05+\x90\xb7\xc5\xae\x84,1\xcc)\x97^\xd4\
]\x1e\xc4\xbe`\xae\x82BTGr`\xfdv\xe3\x1e\
\xef\xa1\x12\xe0Y4\x07\x22\x941-\xfc\xc6\xf5\xab\xc9\
\xff\xee\xbf\x12}^\x1a\xeb\x1e$\x22\xe9B$g\x8e\
\x183G6l\xde!-\x1a\xd7\x94\xeb\xfavE\xe9\
7\x13\x90\xfd\xf4\x8a?3\x03\x090\xdc\xbb\x1eB}\
\xfa\x04@\xe1~2}\x19@%X;i\x12\x1c\xfa\
\x01\xeb\xf8\x92\xc6\xd5\xbd\xe6\x0a\xc9\xcd\x93*\x00\x98m\
6\xf2\xf9\x06mq\x0fB3dL\xea\xb6\xf6\x0d\xa5\
\x01J8\xd4\xd5\xe2;\xb80\xcc\x15x\x7f\xcaR\x99\
\xbdn\x9b\x17\xdec\xeb_\x121\xbb,E\xba.\x91\
\xac]Z\xcf\xe1\x1e^\x02\xf7\x16\x15\x80U\x80\x95\xa4\
5_\x15\x08\x80;\xff8\x0a\xa6zD\xdf\xb5F\xf5\
\xea2\xa0\xff\xb5h\xf8p\xb1\x94t-F9h\x9b\
\xc0\xa4l\xc0g\xcd\x18\x8b\xdd04\x8fy;\x86h\
\xaf1\xf1\x7f_\xf6\xb0\xd2&\x18\x9dZ\x1d\xc6\xf40\
\x02\x98\xbf\x1a.\xa5\xb2\x97\x7f[k\xc3\x8b\x9c:\x0f\
\x82\xc7\xf4\xec,$g\x01\x06\x09{\x9eKf\x16`\
\x8dz\xb52\xbd\x90\xfb\xf0~>d@\x83\x99n\xcf\
\xb2q\x7f\xd7\xf4\xc7\xdc\xc2\xf7 \xbd6xuNG\
H\xf9G\xcb\xdfYR\x14\xb7,A\xbeF\xf6\xee\xc6\
\xb5\x89r.:3\xf6j\xd1\xe4d\xef\x92\x93\x0bi\
%\x94,v>\xdf\x99!\xbb\xf7\xc7L\x91a\xf3\x16\
H\xa7\xd6-\xe4\xb6;nB\x22\x12\xda[\x9f\xb4\xbe\
gf\xf0a=\x01J\xf7\xbe\xe7\xf1Ok\xf1\x9b\x04\
AK\xcb\xb6\x0a\xc6\xec\x0f=\xc9\x5c\xe4\xb3\xeaI\x92\
6\x1d\xc6\x90\xa4\xddg\xf6\xb7\x08^*`\xe9\x9b\xea\
\x19\xfb\x88\x10\x81\xef\xf7\xb6y\xfb\xd5\xa7?\x98\x91\x99\
\x8a\x00\xd5\xfb\xfd{\xc3S2,}\xf3\x1d\x95\xd6\xa3\
\xe0\x1d\xfdK\xbe\xfa\xf6;\x94\xfb}&\xf1+V(\
\xbe?o\xc0J#\xd6\xb57\x87\xeb\xbf\x14\xe2\xc6\xa6\
\x94\xce-Z`\xf2\x0e\x83W\xd3\xf5?%~\xbdZ\
\xcb<\xca\x02\xa1\x94aS\xe2\xa6\xa4\x15\xe9.\x82\x09\
K\xf6\x94lX\x8ce(\x81\xfb\x1cU\x5c\x0b\x91,\
M\xc1\x9d\x1d\xbc\xbe\x11Bn\xf7\x0e\xbcI\xce\xeb\xd2\
\xc1k\xc2\x93\x96\xe7\xf0m\x89\x09\xb0$n\xb9\xbc\xf2\
\xee'H\x0e\x9c\xa0\x7fsZ\x19&\xae\x13SJ\xba\
5\xac\xae\xc8\x87\xa1\xe2\xdb)\xc3\x86n\x08\x0ctB\
\x95\xa5\x85\xeb\xb7x^\x80jh\x8a\xf5\xf2\xd3\x8f!\
\x1c\xd0Z\x81\xdd\x22\xdd\x1a\x04#\x1a\x02T\xcd\x87\x9e\
|A\xb6\xc2k\xc3gUA\x98\xe6\x8e\x1b/\x90\xfe\
W\x9e\xab\xf9s\xfc\xec/x\xe0\xb6\xa0/\xc0^$\
 \x96\x80\x01]\x060\xfb\xec\xdf\x10z\x00\x07\x00@\
@\x91>=-3\x98\xc6s\x09\xc5\xb8\x021\xef\xf7\
 \xf0\x96\x02\x12\x97\xfb\x82\xf1\x95\x86\x88w?\xd5\xa3\
\x85j\x95.\x932\xb9[\xf35\xc6\xc2\x83\xf0\x01p\
\x05v#\x09+/\xcaB\xaemY\x1bI)\x15\xc0\
pY\x0d\xe0{Q<`\x22\x92&\x88\xfe\xb7\x06\x8a\
\x00\x0fZ\xfc\xbd\x1bW\xd3,VB\xecf\xb6\x02\xb0\
\x18-\x89\xdfe\x9bG(\x00\x1cK\xc7\x06\xb1\x12\x95\
\xaf\x90\xccOX#\xbb\xd1r\x96\xdah\xb3&\x8d\xe4\
\xce\x81\xb7K\xd7\xce\x9d\xd4\xdd\xefY,.\xd3\xd9Y\
?\x1e\x034\x0a\x80\xba\xfd=\xe6\xe6q1\xcf81\
\xdf;\x9b\xdaX.tg1\x99\xc8\xcc\xa2M\xf8\xf3\
,\x19\xca`\x9c\xe3\x8b\x87\xfa\xad\x99P6b\xee\x17\
\xd8:\x01\xa1n^\xc1Y2\xe6\x0c\x0e\xc4(\x1d\xce\
\xaa\xd1\xdf\xf0\x99\xfa+xq\x90\x02\xc0o\x8d\xbb\x9f\
\xff\x09r\x97\x9eA\xe1oG\xaa#\xf6\xde\x17\x93\xb8\
w\xffA\x19?q\x9aV\x05\x14\x04S\xbd\x1cB\xf1\
l@0\x93\xde\x02[\xf2\xdf\xa1\x01\x90\x99$\xc0}\
\xfa\xf8\x90\xe1\x8a=\xf1\xc4CwIm\xb8b\x99\xb1\
\x9d\x91GJ\xe1\x00o\x1c\xaa\x13\xf8\x14\x03\xab\x10x\
\x95y\xeeo\x95\xae\xee*\x1f\xbb\xf73\x08}=j\
\x06'+\x94>\xf3\xde\xffk\xc8tx*\x87\x8fK\
\xd99\xf3H\xc3\xee\x03\xff\x95\x9aph5\x07\xab\x90\
+\xcd\xdbs\xcc\x1e0\xfb\x97C\xa3\xc0\x1e\xfc\xe3\x8f\
Z\xee\xb7t\xd9r\xf9\x93@5\xd6\xb2eV{\xeb\
\x1a\x15\xa4\x5c\x11\x94Ok\xbc0\xdc\x81dk\x08\x95\
\x89\xcb\xd7\xa2\xc2\x03]>\x8d\xde\x84R4\xd3\xc7\x85\
\x10\xe5V'\xc8\x90\xe5\xe6\xfa\xd1x\x1c\xbah-\x12\
\xb9\xd7j\x1f\x14\x0e\x8a\xf0\xbf\xdd\xbbv\x92{n\xb9\
^\x9a\xa2\x19\x90\xe3\x17i\x19\x14\xab\xa5\xf6\xc1S2\
}\xde\x22y\x02\xa5w\x8b\x97\xc6\x9b\xcb\xf1\xc2\xc4\xf4\
g/\x84\xb3\x11\x0aP\x85\xc77]A\x0a\x80\xb1\x94\
d\x19,\xf1qP\x02v\x22\xc4\xad\xb2\x0d\xb2\xe9\x8e\
\x01\xd7\xc9-7\x5c#1(\xc7VOm*\x82X\
\xc9\x0d{j\xca\xecy\xf2\xf8\xd3/\x01\xbdp\xbe\xae\
]q4\x1e\xeb\xdb\xab\x03\x92\x0b\xfbJ1\x00\xd8\xf9\
\xb3\xfc\xfd\xb9\x09\xe18L\xa6\x02\x01\xf9\x17\x83\x03%\
\xe2\xdd\x10\xc0,\xb2\x93\x9d\xd3,\x19\x93\xbf\xa5]}\
\xb8\x97\x5c\x87\xa6\xe4\x97\x90/\xc8\x92\xb97\x918\xb7\
\x09`\x08\xd4\xd2\xbb\xa0\x94\xaf\x7f\x9bZ@\xf6c\x1b\
\xce\xc0*\x11\xb9\x8a%$\x0c\x17\xec\x81U\xcd\xa3\x0c\
j*\xd9\xc3\xfa\x1c<\xcb\x89\xb9\xb4\x10L\xfa\x9dk\
\x5c\x92\xec\xf3\xfc\xae\xf5\x00pSujRGZ\xb5\
l)\xbf\xa13\xd4|h\xa6Z{\x8b\xd8~\xaf\x8b\
/\x94\xdbo\xb9I\xea\xd5\xae\xe5\xe5Jh|\x93;\
\xdeZ1\x0a%\xaa\xc4\xcb\x1dk\xb5\x03U\x0a,\xab\
p;\xd9\xd0\xb7w\x9ds!\x9e$\xc0u\xe3\xa7D\
\xf8\xba\xe5<\xb9m\x5c\xf2\xde\xcd\xedZxl*\xd8\
x\x0a\xe1=&t\xea_\x11\xc7\x18}\xcf\xf7oB\
\xab\x10x\xeeOED\x0b\x89\x05\x86\xd9\xb4\xe9\xb5~\
\x86\x95\x07\x0e\xe6\xb8$n\xdc\x22C~\xfeU\xa6N\
\x99!uQ\x12w%\xb2\x94k\x96A\xd3#\xef\xdc\
\x7f\xae\x02\xe0V\x91tC\xec\x8awa-\x8d_\x16\
/=:\xb5\x93[n\xbfQ;\x93e\xa4U\xe8f\
>\xd5p\x80w\xa2U\x04\xdc\xdf\x0e\xc1&\xc8k\xe0\
S\x14\x02\x0f\x08,\xb2o\x83xqx*\xd1\xf6\x8c\
\x14\xd5\x9f\xd0\xcd\xe5\xae\xa1 \xf7\x11\x93\xf7\xab_\xd8\
\xd8}e<\x09\xc6\xf3e\xf4d\x9b\x8f\xe3X\x00~\
\xfe\x09\x0bv\xd2\x94\xa9\xf2\xc2+\xc8\x22_\xb0\xd0\x0a\
\x7f\x93X\x5c\xa9Da\x05\xb4\xa9\x8c\xea\xa9Po\xa9\
\xffu\xf9\x98\x84\xad;\x01\xff\xbb\x16\x09n\xc6pb\
h\x87\xe1\xd6\x81\x1d\x1ah?\x97\xd4\x0c\xb5\xf4\xdag\
\x96K\xe9\x1b\xc7#O\xea\x8b\x99\xf12\x7f\xe3NE\
?\xe5k\x97BB`\xff+/\x95\xeb\xae\xba\x04\x9d\
\xf8J\xa7\x99\x069\xa7\xcc\xa5b_\x81\xaf~\x1c.\
\xaf\xbe\xf5\xa1\xec\xdc\x85\xa6G\xd6\xbbBa\xdb\xb3I\
\xac\x86\x04t\x19B\x04x@UL\x92}\x7f\xfc)\
\xbf/Z\xa9\x98\x09\xae\xdc\xbd1\x14\x93\x97\x9exH\
\xda\xb4lj\xca\xcdS\x99\x18\x15\xe6\xd9sh\x89\xe2\
 \x8c\xe5\xb3\xef~\x00\xdc\xf2\xdf\xa8,\xc8\x85$\xef\
\xfa\xf2\xcc\xc3WK\x83\xda\x95\x93\x87\x16\x0f\x83?\x12\
5\x05H\x80\xe6\xc9\xa9=>=\x97-\xfc\xbd\xb8p\
l\x13\xcc\xc47v\x0b\xe4\x91\x8b1\x0eh\x95\xf7u\
A;G\xc40\xdc\x9e\xf4F\x1b\xc2m\xe9\xd6g\xed\
<\xa1!9\xd1\x8c\xe9\xdf\xdb\xa5\x11\x5c\xfaE\x83\xca\
XX\xf3\xcf\xf2\xbf\xe9k\xb6\x02\xc6\xd2\x80\xea\xb4\xb2\
\xee\xffZh\xe2\xa2\xcdu2mN\x8c\xc0\x8a\x83'\
\xe4\x9d\xc9\x8be\x15r\x00\x08\xab\x1d[\xbe\xb4\xf4\xee\
\xd8J\x16\xaf\x5c+\x13\x16.\x07\xb35\xe57U*\
W\x92[o\x1e \x97_v\x89\x14+\x8c\xf8\xb2\x02\
\x9e\x90\x07\xd8\xec~\xbe\x8a'\xf4)\xb9\xcd\xdf\x1e\xdf\
\xf1,\x1d\xbb.\x1e\xafs1Nk\x9d\x90\xc8\x8dB\
ke\xb9\xf9<@\xf7\xc1\x0aA0w\x0c\xb5\xf9\xed\
\xf4\x1ane\xa7:\xcc\x9c{\x0b\xcd\xf8B\xc8\xf7\xee\
;\xe7\xdar\x7f\xabY\xad;\xd2\x1b\xc2\x99\x8a\xf9G\
\xb2+8\xea\xa3`$\xf1\x09\xabd0\xbc\x00\x09\xf1\
+aiU\x95\xcb\xcej!%\x990\xc5\x8d\x1d\xc9\
\x8d\xb2\xe09~&\xc7$\xac\xe9h\xfe\xf4\x1a:\x22\
\x16E\x06\xf6=\x10\xfe\x0d\x1b7P\xac\x8d\xcc~\xbf\
`\x9c\x00K\xe0>\x9d\xcb\xe4/X&n\x99\x8c\xf9\
\xdam\x06\xe7\x11\xb3\xfc\xdf\xb7\x16\xee6\x01ao\xf7\
\x8b\x9ec\xf6\xa2\xa1H\x9bH\xab\xcf\x09\xec5\xf7\x87\
7\x1c\xffX\xdcs\x92\x9b@~\xee\xb3\xfc\x8d\xf5i\
\x9e\xab\x9e\x00\xab\x18p\x01\xc6\x8e\x9b\xa0\xe5~\x93\xa7\
M\xf7\x9a\xfb\xf0\xeb\x18t\xf6k\x85\xeew5\xca\x14\
S\xafi\xb2\x96(Nf\xd9\xf4\x02\xb4\xfe\x9d\x96\x90\
(\x07\x804\xc7\xa3(B\xb5L\xb6f\xe34\x83K\
\x90\xf1\x07e\xc7\x04 \xb9\x0eA.\xc0:\xc8\x00\xea\
p\x0ca4\xa8[Gn\xbd\xbe\x9f\x5cp^g\x83\
\xc3aW\xc2\xe7\xd2Iq\xb0\x9c\x0b\xc2\xee&\x22\xa7\
\xe5M\xe4\x03|\xf2\xcd`U\x9c\xf8\x8e\xf4j\xc5\x96\
-\x81\xb0\x1e\x00\xe3\x90,\x99\x1c\x91s\xd5O \x0f\
\x8b\xf0\xc0\xd3Q9A\xbe\xcd#/<\xb6O>p\
\xa7\x5c\xdd\xb7\x97\x14-\x12\x9d\xbc\xe0\xf6\x8d\x90\xcf\xdd\
\x8b\x1e+\xdfB!y~\xd0;\xb2\x03\x0a\x09\x97\xbf\
\x06\xc26\x0f\xdey\xa9\x5cuig9\x81\x8e\x84\xe1\
\xd7\xf0d\xfe\x1a5\x15\xbd\x00\xcc\xe6\xc8\xec-j\xde\
\x92\x82\xffshr\xbf\xa1\xbb\x93\xb1\xda\x92\xe0\x8e\xcf\
\x83\xec\xd2\xba\xd2\x0d\xae\xfc\x93,\xb9\x90\xe5c|\xfc\
E(\x00\x8c\x07\xb1\x89C>\x10\xf4\xc0\x8e\x0d\xa4c\
\x8dr\xda\x84\xc1%\x0b\xce@\x03\x22\xba\xff\xe3\xb7\xed\
Qba\xf2\xcbehb\xd1\x0b!\x80B\xb0X2\
\x83\x88\xdd\xab\x90`\xb8\x91\x96\xa3\xc5\xe6\xdb\x93\x96\xd8\
*\x00\xcc\x03\x88\xec\xe2fut\xc1'\xa1\x05'[\
N\xd2\xba\xcc\x89\xf7j\x0dar\xef]wJ\xe7\x8e\
\xed5\xd6\xa3}\xc5\xc9p\xb8\xb6\x1e\x1e\x06\x99\x99e\
d\xde\x0b\x9a\xcf\xbc\x0d\xe1\x98\x87r,K\x13\x8e>\
T\x01\xa0K\xdd\x5c\x1c\x9cO\xea\xce7L\xce\x1d\x1e\
!\x06\xb8\xa3e\x83\xa1\xf4\x96\x9c\xf2\xe0[`\xbd\xc4\
\x5c\xa7<\x8fc\xd0\xcb\xac\xb0\xd7\xf1:n\xeb\xce3\
?\x83\x9c\x15a\x5cm\xa9\xb9\xdfB\xc8,m\x7fr\
\x8a1\x8c#\x7f\xfe\x09\xc0\x958`\x03\xfc$;\xb6\
l\x93.\x88S2\x1f\x805\xc5\xc9\xb1\xcd\x90\xba\x8a\
\xb4=7\x03\xcf>\x0e\x84\xc8\x0d\x80=}\x0fm\x7f\
g\xaf\x5c\x03\x97d\x0f\xb9\xfa\xea\xcb\xa4 \xdf-\x15\
\xd7fF\x0d3\xa5\xdc\x00\xf7](\xbd\xfa\xc3T\x1e\
S\xf0Y\xf6D\x0et\xf4\xe5\xbd\x87\xf3\xaa\x05T\xec\
\x90W\xb4\xb4\xef\xdf\x02~\x86\x13\xe6k\xb3\xdf\x02t\
\xefv\x82\xf1\x8e%\xc3\xbb\xad\x02\xc0\xeb\xc6\x8c\x1b\xaf\
\xc2\x7f\xc6\xcc\xd9\xb2\xff\x00\x81~L7\xc4RH\xf4\
\xa3\xe5\x1f\x0b\xc8[\xc6\xb3S\x5c+\x5c\xb0\x1b.\xf6\
i\x88\xff/B\xd94\xbb\xea\xf1\xd9\xb5\x80\x99\xcf\xec\
\xff\x96\xa8\x020\xd5J\x99#K\xf6#\xf9\xed'x\
\x8fG\x02\x1eX;\xcc\xe2\xfd\xf3\x83\xfe:\xb5m-\
\xf7\xa04\xb0M\x8b\xa6\x06\xc0\xcc\xb2\x9a\xb4\xf0xb\
Z\xc4A\xb9}\xfc\x99\x97e\xd4\xb8I\xe6\x1d\xf1\x7f\
*Lg!\xfb\xbeS\xfd\xaa)\x921gd#\x90\
\x13\x87\xceY&\xdb,f\x01\xe7\xbf\xcf\x85\xe7+.\
@\xdd\xd8\x1a'u\xc7\x0cwC^Ceg\xe2\x8c\
Y\xf2\xf4\x8bo\xc8\x9c\x05\x8bu-\x0b\xa3\xbf\x06\xc3\
\x00\xec\xfc\xc7\x1e1\x91\x1eQ3\xee\xeb\x93\xc4\xc4\x09\
\xe7\xa2\xcbLU\x80\x93\xc4\xb1\xccC\x7f\x00B.\xee\
@\x1c\x9f\x9f\xf1\x85\x9a\xa1\xe3\xdd\x1d\x10\xe4%\xbc\xae\
r\xe1F\xca\xf2\xa3\xe3\xf2&<\x08l\xeb{\x18\x9a\
\x10\x8f\x1e\x80\xf5\xbd\x16\x89}\xce=E\xa1\xf9\x03\x1a\
\xff\xfc\xbcp\x8d\xec`\xe6((\x82\x0du\xfa\xa3\xf3\
_\xdb\xeaeuq3\x87\x84-3\xb1\x0a\xc0*x\
1\xde\x9c\xb0H\x96m5e\x80,\xb5\xe9\xd9\xa4\x96\
TEB\x07\xcbJ\xe6\xac\xd9$\xfb\x80\xec\xc4#?\
\xea\xcb/\xe9u\x91\xdc~\xeb\xcdR;6\xd6\xeb\x84\
e\x14\x00J G\x12N\x01pB<`\xa1\xb8p\
\x81\xb7\x81\xd5\xa5H\xfd\xc0'\xeaU\xf0\xdak]\xfd\
}\x08\xb5y\xd5N>+\xdc\xdc#0\x06\xbfu\x1e\
\xb8<\x0cG\xe4\xf3\xbc\xa5\xb6\xc9}\xfe\xd3\x1c\x03\x0c\
\x8d1;\xc5 \x94?\x86\x08#sy\xc6\xac6\xe7\
\x80\xda\xfb\x04\xe4\x03\xfc\x80p\xc0qXP}P\x22\
\xd7\xa9^-[\xaa\xea\xe69@\xdbY]\x01P%\
\x0c\xff\xd9\x7f\xe4\xb0\xfc<g\xa1\x0c\x9d\xbb\x10\x09G\
%\xe5\xa1\x07\xee\x90\xea\xd5+G\xc4\xd4\x22eV\xa7\
{^X\x05\x807\xf5K\x02Ox\x07\x9e\x16\x94'\
\x10z~\x9a\x07\xe5\xd3\x84O\x0a\x10\x98\xef<7~\
\xc8\xbd\x1d\x95\xba\xfd\xe5}\x9d\x0c\xf9\xf2n\xcc\x08\x9f\
6}\xba\xbc:\xe8\x0d\x99=w\xbe\x96\x0a+\xd6\x0a\
h\x9e\x9d\xfd\xceBg?\xd6\xfa\xe7g2\x9b\x0d!\
\x04\x94\xe8\xc0\xdc\xb8\xb9[\x07\xa3C\x8d\x0f$\x98\xd1\
\xd5\x9f\x1bew\x1dj\x96S\xf8\xdf\xe20P\x5c\xf4\
$\xcd\xd3r\x9a\x17\xf0]\xb3\xc30Y\xb5c\xbf|\
\x07TW\xc2\xa7\x13\x17\x86\xb3Y\x14U7\x97\xf7\xbe\
\x00\x95\x01\xfdP\x0aWA\xcb\xa1}\xa6BDO\xe6\
\xfd\xe9\xfd\x18\x05\x05\xf7\x91'\x9f\x975\xeb7x\xa1\
\x0e6d\xbb\xa8ym\xe5\xcb)\xf1\x13\x02\x03\x0d\x9f\
\x17\x8f\x0e\x8a\xc68\xe5\xb9u \xf8\x9f|\xe8n9\
\xa7C\x1b-\xefNU\xf2\x90\x9d\xe3\xba\xf8\xd5k\xe5\
u\x94(\xd2\x13\xc0$N&\x853\xdb\xff\x8dgo\
\x96\xc6\x0d\xd0\x1e8\xc2D\x8c\xa8\x19\xf7\xf7N\xfa\x0b\
\x9d\x84\x8cEe(\x89\xff\xcd\x18\x96x\xf2\xdc\xf3\xb9\
{\xc0\x18?\x83{~d\x5c\xa2\xf6i&\xb1\xb2\xc9\
\xcd\x0d\x10\xd0\xdd\x00{\xf8\xb7\x02\xd6\x84WUH\xa8\
?-\x5c\x85\x06\x11\x09Z#\xca\xbf\x09\xa1{/P\
\x05\xd9\xd8!\x07\xee\xb5\x1d\xda\xe1G\xd3\x97\xca\xe4U\
\x06\xa1\x89\x163\xdd\xff\xfd\xe0\xc2\xaa\x89\xec\x7f\xcd\xf0\
\x8d\x88,\xce\xdcI\x94g\x1b\x10\xa6\x18\x04Eh1\
0\x12\x18\xce \xbe\x7f\xb7\x865\xd1\x8d\xab\xac\xec:\
\x88\x06\x16\xd8\x88\xfe\x98\x12K\x03\xfb]\xd1W\xae\xbe\
\xeaJ\xa9T\x1e0\xc6\xce5\xa8.M\xbf\x12`\xb9\
\xb6\xeeo\xa2\xa3\xf9\xdf\x96\xa1\x81@\xab\x8a\xd0yP\
\x86\xcf\x0dd\xa7\xdfX%\xf6,?osS\xe3Z\
\x9a\xba\xe5\x0a\xf56\x05=\xc0cq\xe6j\xdfw\xce\
\xd2\xf1'\x16\x06\x18`\xf0(\x83\xdd\xfd:@\xf3\xfe\
\xa1\xc2?\x83\x04\xbf\x9fJH\xcf[\xd1\x8b|\xe4\xef\
ce\xf4\xe8\x89R\x08\xde\x9b\x8b\x00\x90\xd3\xbaf5\
\xed\xec\xe8dB\x98\xe1\x9e9b;\x8d;\x93\x191\
\xee?yy\x82\x0cF#\x95l@:\xeb\x078\xd6\
s:\xb7\xf3\xb9\xfe3\xd3\xac\x08\xbc\x5c\xb2\x0a\x80\xef\
\xfd5\xc4\xe5\xb9\xfd\x83'&\x92\xeb\xfdW(U\xba\
m\x17\x8e\xa1\xf8\x15\x0fo\xbf\x84_\x8c\x93Tc\xdf\
\x07\xe1\x84\x06\x859-\xfd\xd1\xb0\xfc?\xfe\xe4s\xe0\
Q\xcc\x86\xeb\x1a\xc6\x82\xf5^\x14CN\x14\x9b\xfb4\
\x02\xd2_!\xd5\xc5\x11_\x00\x00 \x00IDAT\
t\x0f\x0dX\xfe\xe1E#\x87\xcaR\xc1E\xeb\xb7\xca\
\xe4x\xe6M\xb1E\xb0HI\x18d\xc4MaG:\
s\x8f\xcc\xe5\x9c\xe4\x933\x11\xa2\xf8\x01\xb9d\xcb\xd5\
p2\x93\x5c\x11%\xb8\xfd\xd1\x89\xaf\x1f\xdc\xed\xe5J\
\xa2\xbb\xdf)\xd0<k\xeaw!\xa1\xf7\xdd\x8f>\x97\
\xb7>\xfa\x02\xf3{\xd0&R#\x0c\x0b\xe1\xdf\xbdQ\
\x0d\xad\x9e\x08\xebE\xc10(\xc7\x88\x9e8\x1e\xf9\x13\
\x9c?\x1e\xc5\xa0\x9c\xdc\x8dPY?\x00\x17\x95.^\
,\x22o\x19\xdfh7\x1a5}\x8b\xb6\xe3/\x01\x13\
`;\xf8\x09i\xb3,\xc2\xdc\xb7\xf5\xef)w\xdf\xda\
\x8b= SW&x\xce\xe8\x81\x17&\xe5A}\xb9\
2v;)\x9c\x9c\xd4S\x12Na\x06#\xbc\xe4o\
\xa0\xde-\x04\x9a\xdf\x9b\x13\x96h\xe3\x1b\x1e\x04\x03b\
\xeb\xc3\xc7\xcfo\xaem\x0d\x83\x5cs\xbe\xfbRp\xb2\
\xb9\xcfs\xa3\xe6!\x9c`<\x08\xec\x96\xa7\x89\x84\xe8\
2X\x18\xd9\xfdl\xb1\xfb)\xea\xffW \xb6N\x22\
f\x85\x001\xac/\x84\xa7\xa08\x08:+\x1c\xdcK\
L\x8ad>\xc3\xdcD\x94\xb7@c\xe4\xcbt\xa8]\
E3uY\xb2\x13\x07M\x92\x0d'\xb6\xec\xc5\x1c\xe1\
=\xb2C\x1b\x8f\xadYCn\xe8\x7f\xad\x5c\xd2\x1b\xa5\
\x81\x84\x9at5\xfe6$\xe0\x81\x91x\x96\x8e\x1f\xf1\
\xc4m\xfe\xe4\xb8\x95\xfd\x5c\xa5\xbf\xc3\xb3\x0b$\xfay\
\xf3\x16\x22\xd4\x0d]\xf9\xd5K\xdf\x0c{n{\xa7D\
\xf8\xb5\xaf .\x17\xbc,\xa9\x09s\xf7\xbdO7q\
w\xd3\x9f\x99 \xfc\xdd\x0b\xd0\x9d\xb8i\xf36\x19\xf9\
\xdb8\x990i\x8aDC\x09\xe8\x8a\xf2\xc0N\x08\x09\
0\x1c\x10\xec-\xc9\x0a\xd4\x18~\x0c\x5c\xd7\xc3\x00I\
\x99\x06\xd7\xe8\x10d&\xefGy\xd9E=\xcf\x93>\
\x17\xf7P\xc8S\x8b\x91\xa6\xac\xc8:\xb0\xb3\xcc\xcb\xa4\
*\xcc\x83<\x01>\xda\x0c\xf3\x06\xae\xec5D}\xf5\
b\xba\xfa\xbdG\xca\xd6\xab\x16F\xc9p\x82\xdc\xe3m\
\xd6\x03\x17v\xd2\xc2J0\xc6\xfc\xb1\x9f\x81\x82J\xa1\
0\x04\x00?\xdf\x0f\x19\x82R\xb6e*\xfc\xf5\x9d\xf1\
\x8f\x96\x7f\xd3\xaa\xe5\xb4\xe4\x8fJg\xb8Z\xff\xd0g\
rl\x8c\xf9\xb3\xfb\x1f=\x8f\x14\xb4\xe4\xb5\xb5 t\
h8\xd1\x80\xca,\xeb?t\xac\xfb\xe0\xf5\x18\xb5,\
Q[\xbcoQw;\x9a\x22\xc3xj\x8cj\x94\xdb\
o\xbcV\xba\x03(\xe8\x94BS\x98>\x22\xb2\xc6\xaf\
^'\xff{\xee\x15\xf9u\xd4x\xab\x00\x98\x0a2\xe6\
Q\xb4E\xc7\xbd\x93C)4@\x8c\xa1D\xc1\xff\x0b\
\xbc\x00kv\xec6\x98\x00\xd8\xfb\xc4\x04\xb8\xfb\xb6\x1b\
\xa4v\x8dj\xb6Z9u\xf5\x84\xe5\x80\x93g\xcc\x91\
'_xMf\xcd[\xa8\xec\x8c\xf7\xea\xd4\xb6\xa1|\
\xf0\xea@ \x22\x16\x09\xf6l%\xb3\xf3\xa2\xde\xe9\xdb\
>\xa9~\xb9\xe2\xf27\x05\x84g\xc9\x05\x8a\xbd2c\
\xc7\x92\x88\xf7\x00\xde\xf6+X\xf1#\xb0\x88|Y\x0e\
\x8d\xa5\x80\xb7B\x90\xf7\xa8W\x05Iz\x01\xecn\xbf\
\xd6I\xb1\xb4\xfb\xd0\x11\xed\xdb\xbc\x02\x99\xa1L\xe6#\
\xddw\xaeU^\xc3\x00l\xf4\xc3\xce\x7f\xc3Q6B\
O\x03\xaf\xad\x80\xcf\xae\x04\x11\xb7\x03\xf8\x0f\x95\xa1\xcc\
\xd6b\xdd\x9c\xd3\x85E\x0f\x00\x91\x0d\xe9~\x22\x13!\
BWGdz2\x03\x95\xe5/3\xd1mj.\xb0\
\xa6\x09\xcdI\xc6\x91\x0b\xcaQ3\xe0a\xdfz\xf3M\
\xd2\xbd\xdb\xb9 Ft\xef\xf2\x98\x8d\xcf\x0b\xa0R\xd9\
\xaa|\xa47\xdd\xbd.Q\xcf/\x8c\xf1\xbb\xc7\xbf\xed\
/\xfa\x91\xe9B\xe6\x18\x9b^M\x86\xc5G\x04\xd1\xaf\
\xb5\xfe\xf4\xd2\x80%hH-\x98\xd0\xfd\x0ah8\xe3\
\xc8\x7fzX-\xdb/\xec}\x02\xde+\x85I\x89\xa1\
f \xa1\xf3\xddhM\x10\xbey\xe8\xf0\xdfQ\x228\
UX\xa4\xda\xa3IC\xe9R\xbf6\xa0W-\x5c\xb0\
m*\x92U\xe81t\x8aH\x93K\x127\xca\xe7\xa8\
l\xd8\xb4\x7f?\xa0F\xdb\xca\x15\x97\xf7\x92\x92\xb4d\
,\xc3\x8b\x88\x0be\xe0\xdc\x87>*UE\xc0\xb7M\
\x0c\xf5\x86\xa1L?\xe1\xba\x07\x84#`\xb7\x8fR{\
_\x9f\xb2`N\x0ds3\x1f\xafv\xca\xac\xa1\xab$\
\xd9\x00\x08\xe6\xaf\xbe\xf9\x16\x08\x94_\xc8\xd6\xad[\xd5\
\x8b\xaa\xbb\x0d\xf7%\xc4o\xcb\xaa\xc6\xed_\x00\xe0=\
f\x1f\x05\xf6er\xceq\x1a\x84\xeb\xd0F|\x1c\xb0\
\xed\xe9\xfe\xe7y\x0cI\x9e]\xad\x0c\x92\xffj\x02s\
\x85\x88v\xa9\x0b\xae\xd4^\xfd\xf4\xbe\x0f\xcc\xd3\x16 \
\xe2\xfd\x00\x80\xa0q\x08\x05\x1f\xb0Iw\x05\xa0\xf8t\
E\xfb\xf3\x817\xf5\x97\x16M\x90\x9cz\x0a#&\xbd\
0\xd9u2b\xf0\xb7\xdf\xf7\xb8\xac\x03\xfd\x13\x81\x96\
\x9c\x93\xca\xd4\xb9@\xdd\xab\x85\xd2\xf5\xa0F?\x869\
Z\xfe'2z\x89A\x06d\xd7P\xc2\x98\xb7\xc4X\
\x1eG\xa3\xacv\x08\x072\xe9=\x92\x9c\x19zx\xd6\
\xe2\xd9\xaf\xbd\xf3\xb1|\xf0\xf9\xb7\xd6%\x8bD\xf1\xea\
\x15d\xd0\xd37J\x97\xb6\x8d\xbc\xe7\xa54\xa7QW\
\xb4\xa8\x994\x00p\xbb\x86D\xcc\xc1e\xccL\x0f\x00\
\x09\x92\xe0\x09\x0bP\xd2\xf1\x16p\x9e7\xa9\x16g\xe2\
V5J\x14\x91g.h\xa9\xae\xa7\xe4\xf6\x18\xcf}\
\x1fX\x00\xda\xe0\xc7.~\x0cb\xfc7\xb7\xad\x87\x16\
\xc1\x05\x815\x10'3\x01\xfeC\x0d\x8c\xef\xda\xacR\
I\xd5b\xeb\x22D\x10N0\x9d\x1eQ\x9e\xfa\xd5\x8c\
\xfb\xbf\x0fdCj\xb3\x07!\xecI|U\xa0\xd91\
\xeb\x94\x99\xbb\xd4\xc07#\xb1d*\x9a?\xac\x00$\
\xe7\x9f\x84\x9a\xc4\x0b\xb0\x06\xb6\xdd\xd9m\xe4\xb6\x9b\x06\
H\x9b\xd6gI\xc1\x02(\x81\xf4\x1b!n\xe2\x9c\x95\
\xc3\x97\xf6\xa0\x869^\x08w\x15>Nx\xdb\xd84\
\xce\x0b7\xe7\x81\x98\xbfS!|\xb4\xe4\x13\xca.\x9e\
\xedg9'\xdf/y.y\xd2\xc6\xa0\x22\xc21y\
\xe3Ly\xae\xb5\xcdp\x98\x18\xef\xa9\xaf\xd0\xa9_\xa9\
\xcc\x1aV\xd4\x96m\xdbe\xe8\xaf\xa3e\xca\xd4\x99r\
\x1cV\xda\x85\xcd\x1bI{\xf4\x0b/S\x18Y\xc1\xa7\
~\xfb3~%\xcbt\x13\xd0\x80\xea\xfb\x99se\xf1\
\xc6\xcd\xd2\xb4q}\x84\x9e.\x13\x02\x9c\x98D\xab\x90\
\xd1\xfbe\xcc\x19\x1f]\xda\x1f\xe0O\x02\x0c\xf7;\xef\
\x98\xec+8e:\xdc;\xfbw\x8cO\x08\x84\x8e0\
\xe8\xde\xa7\xe0\x9d\xe2\x0e=z\xf4\xa8,\x8b_!C\
~\xf8I>\xfb\xf2+\xd9\xbd\x9b\x82\x9a$oxg\
\x09\xf4Wi\x0c\xb7\x7f\x93J\xe5`\x18\xd8\xf6\xdf'\
y\xe0\xb8\xa9\xfc\xbb\xd2\xfc\xce\xe6?\xb4\xfc'#\xec\
Hc\x83\xeb[\x021\xff\x1e\xf5+i\xe7U\xd6\xc5\
\xa7\x1a\xbfN\xfb\xb2\xa4\xf1\x8a`\x03#\x0eM\xd4\xd8\
)\x90\x95eG\x90\x0fF\xfeS\x1a\xa5\x81\x97\xc3\xdd\
~\x13\x90\x02+\xc7\x94\xd1\xf6\xcfi9\x1c\xaf\xa1Q\
\xfa\xc6\xfb\x9f\xca\xa0\xb7?\x96]{\xf7\xd8\x08c\x92\
\xd4(]\x5c\xceC,\x9e\x9e\xe4\xc0\x1e\xb0\xe3\xe2:\
\x80\x071\x8c2\x01a\x00b\x02\x90c\x96\x034\xf0\
\xff\x1e\xbcK\xa1\x81\x0bh\xd2l\xb8\x11\xb9\x0f\xed\x80\
q\xd2\x1f\xe8\xa1\xf3\x03PF\xef\x7f\xe2y`\x8d\x98\
\x92\xcc\xd2(I\xbc\xad\x7f\x0f\xb9\xf3\xa6\x8b\xd4K\x9c\
\xda\x11U\xa5Dt\xd2\xab\xbd\xdbh\xa6\xbd_\x91\xb5\
\xe9V\xa9]\x7f\x86\xbe7N\xb0=Hp\xfb\x12\xd6\
\xfa\xd0\xc5k\xac\x0b\x85\xa5\x17\xd9\xe5\xe6v\xf5\xe4b\
\xb8\xec\xfd\x80\x07\xfe\x81\xb0<c\x11\xe2\xe6\xaf\x8c\x9d\
\x0f\x8c\x7f\x13\xa7\xe1d0\xc3\x9f\xedt\x87\xe1~k\
\x90,B\x0eK\xd7\x0dKX.A\x0c\xab\x94\xba\xff\
\xc3\xa9\xf3g\xe85S\xb9-\x09a\xb0\xedw\xcdp\
\x00\x87V\x18%7\xe77\x8a\x95X\xb4\x7f\xa4\xeb\xee\
\x18\x14%\xe6\x01\xcc\x80'\x80Y\xd8\xb4,IA\x05\
 \xf4;\xb4k+7\xddp\x9d\x9c\xdd\xaa\x95\xe4S\
\x90 {\xe0>&\xce\xe9\xcf\xe3\xf7\xef\x04Cl*\
\xb0=K\xc3\x08[\xff\xe1]\x91\x92\xa4\xf2[*$\
w\xef\x1e\x81y6\xbf\x05\xc6r\x12\xa3M\xee\xfe\x11\
2\xcaH4\xeaLYa\xbc\xe8q\xb8\x147o\xdb\
)c'L\x95\xf1\x13&\xcbQ@\xe7v@\xfb\xe0\
\xce\xf5jK\xc5\xe2\xc5C\xe2\xe8\x1ce\xe6\xaa\x05\x5c\
\x1bZ\x94k\xb6\xef\x94_\xe7/\x96\x99p\x87\xd6\xaa\
]S\xae\xbc\xbc\xb7\xd4\xc5\xb8\xd5\x0b\x94)\x93y\x1a\
\x0f\x0d\x11\xcc.\x04\x93F\xd9p\x1a\x038\xd5K\x9d\
\xf2+\xb2\xef\xc0\x1f2\x05\xe5}\xdf\x0f\x1e,\xe3\xd0\
\xd2w\x0f\x00ltWa\x8f\xd3\x1a-\x83r\xd3\xc6\
\xf0\x1e\xd6._\x02\x9e\xd4\xdc\xc6\x93\x11\xc6\x0b\x17n\
$<\x8d\xd9\xff\x04\xffY\x044;S\xe7\x1f\x85\x8e\
\xab\xd1\xda6\x9d\x9eS\x7f\xa7\xc0S}\x9b\xf4\xbc\x8e\
c\xfe\x13aS\x86{\x7fD>\x00\xbd\xc1TZ)\
3\xaaU\xae$7^\xddW\xae\xba\xecb\x8d\xc1\x1b\
C\xc7\xbf\xb7R_y\x06N\xd94\xe8A\x08\xdf\xa1\
#F\x19\x94@\x1c\x04\xafk\x89\xc4\xca\xb3QY\xc1\
\x0a\xb4\x93\xa49\xac\xa5\xcd{\xf7\xa3?\xc0*Y\xcf\
*.<\x9b\x06\xdb\x9d\x00\x05b\xb9b\xd9\xd2%\xc3\
+\xd0a&\x87~\x879\x0b\x17\xcb\xc3@\x05\x9c\x02\
E\x9cG!(e\xdd\xbb\xb6\x90\xe7\xd0\xf9\xaf\x1c\x8c\
\xc5\xc0n\x0c\xaf\xbeF!\xb1,\xe9\xc9\x9e-\xa4\x15\
\x12\xcb\xfc;\x97\x1e\x80\xcc\xde\xc8\xcc\xd6'*\xe0\xd3\
\xbf\xcd\x05\xc2\x13\xe2\xf9\xd8\xa8\xb4zi\xa9?|n\
\x13\xed\x18\x18X\xb8\xe0\x17\xe4b?7z\xae\xad\xf3\
7u\x91\xecV\xc5&C+\xb7\xef\x93\xbdt\xff\xe3\
\x92h\xe4\x04\x5c\x8f\xe4B\xe2X\xb3\xddcV8\x8c\
\xcb\xda('\x13\xd1\x7f\xfaCx36\x02}\x8b\x07\
;\x1bv\x01\xf63C\x01\x84\xa4$\xed\x12\xd4(n\
\xc3v\x99\x85:\xd3\x1d\xec\xcd\xcd\xed\x89\x1b\x14\x01&\
\x00\xcb\x02o\x19p\xbd\xb4nu\x96\xcf\xab\xe34R\
\xff\xdb:1\x1c<\x03\x8e\xa1\x9b\xa44W\xc9\x1c\x82\
\xe2\x17N\x10'c\xc8\x07\xdc\xf1\xe4N:P\xfb@\
\xb7~\xfe\xcdh?;\x05B\xcc\xb2B\xff\xe4)W\
&\xb0\x07\x18\xdf\x13\xe1J\xff\x15\xccd\xf7\xce\x9d\xd2\
\xb8R%$|\xd6\x93z\x15\xcbI^\xe4v\xf8\xa9\
\xdb\x9b\xc3\x0c$V>\x9f\xcfe\xd2l\x02j\xa2G\
\xa0\x9cq>\x1a\x93TDVu\xbf+/\x91\xa6\xea\
R5e\xbb\xff\xc6#\xa2P\xc1\x19y\xf1\x10\xcb\xcf\
\xc7\xf1(\x84\xf8o\xef\xee\xbd\xf2\xf3\xf0_\xe5\xa3O\
>\x95\xa5\xcb\x97kV8\x119\x8d@\xca.\x95 \
\x08Z\xa2T\xadr\x89\xa2\xda\xbb>B\xbd9\xb0/\
q\xab\x15\xe8KB\xf0\x1f6\x01r<\xa15\xdc\xff\
L\xcc\xae\xcc^-Yt\xd9\x19\xe6e\xcb\xe0_\xe0\
\x0d6\xd82\xc8\x07\x00\x0fm\x8a\xbdu\x17P\x02\xcf\
G>@\x1eb\x1f\xe8\xdb\x86\x9fk\xb7\xac\xca\xd2l\
\xa8\x9cJ\x10\xb1Y\xa6\xcd\x9e+w<\xf8\x84\xc4\xaf\
\x5cm\x8c/\x1c\xf9\x91S\xd6\xa3QM\x0d\x05h'\
Z\x1f\xff\xe2\xf5\x7f 9}\x0cP\x01\x97m\xdc\xae\
Uk\x5c\x90\x9e\xe7v\x92\xc7\x80\x09\xd0\xb0n-\xba\
[\x22\x0a\x03\xb0\x9b\xe3f\xc0\x01\xbf\xf3\xc1\xe72\x08\
\x15\x01\x7f\xff}L\x11\x06\x9b5\xac!/<\xde_\
Z\xc2\x13\x91\x1a\xebT\xdd\xf7|\xb8qnn\xd7@\
{\x1e;\x97jVP\x008\xf8#l\xd83#\xde\
\xa2\x03\x06r\x01\x08;y>*\x02L\xf5W0\xc6\
1\x17'\x0f\x08\x9f\xa5~\xdf\xccI\xd0R?Z\xb3\
\xf4\x02\x10\x94\x84\x9d\x02\xe9\xd2\xa2\x04\xaaW\xae\x98\xdc\
\x80\x10H\xc3\x98\x12a\xdd\xdbgdOGrS\x0c\
/;\xeaU\x88p\xf5\xf2\x98\xf9\x0al\xa4o\x8a\xf7\
m\x898O\xeb\x9aHhD<\xcf\x91-\x9b\x1f\xcd\
E\x5ci\xae\x96\x06\xa2\xd4\xc7\x12j4:\x01v?\
\xef\x5c \x05\x0e\x90:\xb5jirV8gf\x8a\
B%D\x98\xa7(\x5c\x1d\xc5\xf9<\x07\xde\xeb\xfaC\
\x0ef7\x99M\x97\x1a\x95F2_\x8e1\xa6\x8d\xbb\
\xa5\xe1\xceg\xe6T\xc77\x951 \x5c5i\xd2T\
\x191r\x8c\xac\xdf\xb0\x05\xb9)\xd1Z!P\xbfB\
\x8c\xe6\x05d\xa6\x82J%e?\x5c\x8eK\x81h8\
r\x01[To\x93\xaa\x95+I\xcf\xee\xe7J\x87\x8e\
\xc03G\xdbh\xed\x11\x91\xb5v\xd1\x99Y\xb4T\xee\
\x9a\x1e\xcaB\xd0\x1e\xf3\xcan\x02\x0f\xe63\x8e ,\
\xb8i\xcb\x16\xf9\xfd\xf7\xdf\xe5\xf57\xdfAS\x9f\x0d\
\x06\x8e[={\xeca\x9fK\x91\xfd\xc8+*\x14g\
k\xdcS\xd9k\x88y\xc3}>k\xd5&\xf52\xb2\
\xe2\x83\x07\x0d\xa9\x0b\x1bT\xd5\xd0)1T\xb2\x92\xfc\
\xf7\xf32\xb2\x03\x02\x03\xb1a\xd0$@\xbf3o\x8a\
\x0c\x87\xf9\x00\xdd\xd0'\xe0\xde\xdbo\x92\x86\xf0`Q\
.Dr(\xb8\x9a\xe51\xd4\xb1\x8eB>\xbd\xf2\xf6\
\x87\xfa\xef\x10:\xb1\xea<\xe0\x1c\xa2\x03vCU@\
ix^\x5c\x92\xa5\xe9'\x05\xc5\x01\xc6)\xfb(0\
\xa4\xc2=\xcf\xa3F\xb5\xca\xf2\xc2\xff\x1e\x94\xf3;w\
0\xd5[\xc9\x0c'\xd8\xcc\x8dBY\xe7Q\x19>j\
\x9c\xdc\xfb\xd83\xb2\x0d\xed\x9cyi\x95\x8ae\xe4Q\
\xc0\x02_\xd1\xa7\x936wK\x89_\x83^\xa2\x92\xca\
\x17- \x0fwk&\xd5\xd0lF\x1f\xce)\xb2\x16\
_$\x93r&\xcf\xe1b\xae\xda\xb9_\x9e\x85\x17`\
=\xb4Og\xdd6\x86+\xeb\x91\xf3\x9aI\x09\xb8\xc4\
\xc3\xe1\xa8\x91\xd8\x89\xa1\xff\xce\x14\xf4\x16@,\x88u\
\x97\x81\xc3x7\x18\x12\xbe\xb0a\x15\xe9\x8b&\x16\xa5\
\x01\xa4\x90U\xb2X\xdd8\x19\xb7\xdb\x05\xa2z\xf6\xf7\
yZ\xd9\xe0\xc6W\x1b\x9a%\xab\x01\xcah\x97C\xb3\
\xf5\xf8F\xc4\x04`\x99\x09cL\xec\x85`\x92\xf4\xa2\
\xa4\x10\x1a\xb1t\xee\xd0\x1e\xe1\x80\xfe\xd2\xbcYS\x85\
\x0fveq\x9e\xce\xebW\xe1-\x1fwM\x7f\xc2\xad\
\xaf\xf1\x06\xb8\xc3g\xb5G\xb6\x8f\xd2\x95d\xfe\x11\xd6\
~\x04oL!K\xb8\xd6\xc5\x8b\x97\x01\xb8e\x8a,\
!\xf68\xfe>\xbbfUi^\xbd\x8aT/UJ\
\x13\x8d\xdc\xdc\x9f\xd1\xa9\xf6\x85n8\xae\x9d\x07\xff@\
\xc2\xe9Z$\x81-\x97]\xc8U\xa8\x13[S:\xa0\
v\xb9E\xb3F&\xfe\xfb\x0fS\xbc\x22X\x8e,r\
\x8aa\xf9\x9e\x7f\x0c\xbf\xb0#\xc7\x01\x94\xf8\xcd\x87\x17\
f\xf8\xf0_\x80)\xf1\xb3\xec\x00\xf3W\xd9\x83\xff\xd1\
x\xa3qP\x0baB\x96\xfa\x95\x8c\xf65bJ\x13\
\xd1\x18F@\xaf\x22\x05\x16\xbd\x8c\xac`\xe1\xc1fi\
W\xa3Q\x1b!\x80\xb3\x1a\xdf\x0c]8\xf2\xc1\x85\xc8\
'\x1b<\x7f%\xf8\xa8\x85\x0a\x06\xf3/\x0fH\xee\xab\
/\xeb-7^s9\xb2\xe6\x8bG\x96\x1fdy\xaa\
Kvf[\xe5-H\xe6\xbd\xfd\xbe\xc7d\xf4\x84)\
\xda\xfc\x8b\x07=/\x0c\x05\xb4B\xc5V\x01x\x04\xcc\
\xf6\x08\xe4+\xb1\x8f\x02C*&\x0f\x00\x80B0\xcc\
\x1eC\x8b\xe0\xeb\xfb\xf55-\x82\xad\x178%\x22\xe4\
{qo\xce\x02\x1d<\xf4\xbf\xe7e\xe6\xdc\x05\xba^\
%\x8a\x15\x92\xeb\xd1\x18\xe8\xd1\x07\xfbI.(\x1b\x9a\
\xfb\x14\x12\xe6r\xf7\xc5\xbe\x8d\xd22\xc0\xebZ\xd5V\
\x8d\x8e\xe5v\xba\x99\xad\x05\x99\xd9\xbb@5]X\xec\
_\xcd\x8e\xd7\x96\x8fL\xbe\xe0n\xa05?\xa0m]\
\xb9\x18\xf1{\x7f\xd7,O$\xe1:\xbaW\xbe\x00\xda\
\xdfoK\xd7\xc9>f\xc9[9e\xd6\x22J\x0a\x22\
\x0b\x96\x00\x16,\x0fd\x17\xa5\x80\x13<M\xbb\xe4\x8c\
M\x11G\xc10\xc8+\xe3\x17\xc8\x84\x15\x9b\x14\xd8\x88\
\x9f\x95G\x02`\xe7z\xd5\xa52 \x8b\xa9\xb8:\xe6\
\xcb\xb9\xda\x8b\x5c\x81\x05P\x00\x16B\x11\xd8\x0bO\x80\
y\xd5(\x89\x8e\x8e\x96\xf6m\xcfF\x89\xe05\xd2\x1e\
\xb9\x01y`\x1d\x98\x091\xac%\xe8\x8d\xbd?\xfc\x16\
]\xc8\x9cd\xd0\x14\xfdk\x05K\xb0*\xef\xd1\x10?\
f&\xf7\xa6\xad\xdbe\xea\xb4Y2q\xf2tI\x04\
\xe8H\xa5\x92\xc5\x80\xd8V]ZT\xab\x8a\x8c\xeb\x22\
(m\xa5\xc3=\xe0\x92Lo\x22\xf4<\x13\xb8\xf1n\
\xb4B\x1d\x0b\xa5\xe4\xb7EK%7\x94\xc96\xad\x9a\
KGt1\xabP1F]\x9cA\xa4\x90\xcc{\xa5\
\xf7\xf8\xfe\xff\xdd\xcf\xe4E\x11\xdf\x85]\xe0\xc6\x8e\x19\
+\xdf~?\xc4\xd4\xf7\x1f5\xe1Lng6\xf0+\
S\xb8\x904\x82\xe0\xafW\xbe$\x84On\xdd\xdf.\
\xb1/-\xcb\xc3\xfb\x91\xa70\xc7h\x0aj\xff7(\
\xc4n\x92\xca\x88.\xe0\x99\xfd\x81\xfe\xc7\xbc\xa9\xac\xae\
\x00\x90>i\x00NE5\x15\x95\x00\x02\xacq\x8f\xe5\
\x80\x0c!\x10\x0fK\x03/\xbd\xb8\xa7\xed\x1a\x986_\
\x86z\x1b\x80\xcf?k\xfeB\xb9\xe9\xae\x87\x00\xf7\xbd\
Zsd\xc8\xb7\x08\x0f\xcc\xb6\xc1\xb5\x00\x17LXb\
\xbf\x8e\xbc\x15\x18/#\x16$H\xe2N\x94\xa2\xeb>\
\x16\x94\x03\x9e/\x0f\xdcu\x8b\xd4\xc7\x98\x22\x91\xbf|\
6\x8d\xdf\x95\xe82\xfa\xc2k\xef\xc8w\xc0\x058\x81\
\xea\xb8\xfc\x08kw\xeb\xdc\x5c\xde\x1ft\x87D\xb3\x09\
^\x98.\x80\x9e\x02\xa0\x12\x00R\xa49j\xec\x1f>\
\xb7\xa9^\xc0\xd8s\x968,\xb52\x1b~\x05@\x1d\
^\x1e7_q\x01\x8c\xc5\xcf\xf2\xbd\xfc\xf2\xdc\x85\xad\
\xa4\x1c[Wb\xcc\xa1\xae7\x9e5\x0b\xd9\xfe\xcc\xa4\
_\xbf\xe7\xa0f\xfd;\x17%\x17\xa8F\xa9\xc2h\x17\
\x5c_\x1a\xc3\xfd\x0f,\xa4\xf4\xf4D\xa7\xcf\xf4a\x81\
\x99T\xc2\xb2\xc5\x1f\xa0\xfc0\x11\x90\xefD\x10\x8f\xce\
u\xab!\x11\xb0\xb8b\x1c\xf8\x13\xeb\xa8\x0c\x11\x0ey\
\x1e\xdcK\x8b\x13\xb7\xa2-\xf2Q/\x1c@\xcb\xff\xec\
6\xad\xd0=\xf0Vi\xd6\xbc\x19\x98C>E\xc5\x0a\
zq\x87\x99k\xa4K\xc4\x89B)\xbd\xf0I\xc9\x83\
YD\xb9L\x9fEJ\xfb]R\x8b\xe1\xbbf*\xac\
\xb5^\xb4(\x0eM\x84~\x91\xd5k\x12\xe5(,\xef\
\xfa\x00{\x22f@Ud\x0e\x17\xce\x9bG[\x89F\
\xd2H$\xb5Q\xbaV\xb1,K\xa2\x14\xa1\xd5\xc0}\
v\x1c\x7f\xaeB\xc2\xdf\xf7h@u\x08\xe5\xb9]P\
F\xd5\xa6MK)\xc4\xf0\xd3\xff\xf3uLmNO\
\xff\xfb\x80\xb8f|\xf90\xea\xdb\xd9\x08f\xd8\xd0a\
\xf2\xd9\x17_\xca\xe6-[\x95\xe7\xb9\xea\x9a\x9c\x10D\
e\xd0\x96\x97\x1d\xeaj\x22O\x8a\x1eD\xbfq\xe0\xdf\
\x87\xa9\xd1 \xc7\xces\xb4?\x0bx\xc9L\xb4jg\
h\x91l\xa1$\x12\xa9\xd91\xf5bd\xff\xfb\x1d\x87\
\xa7\xff\xbeg\xf6\x0e\xbb\x90G6\x12\x10\xf3\xc3\x17\xaf\
E\xa98p\x11\xf08\xee\x9d\xd6-\x9a)\x1a\xdfY\
(\x9f\xa6r\x93*/\xd39\x0f\x1c\x1anE\xb9\xf5\
\xebo\xbd//\xbf\xf9\x81\xecB\xa7V\x82&q\xbe\
\x99\x7fq>b\xf2\xda^\xd9\xcaU*\x02\x7f\xa2\xff\
\xcc/\xf3W \x0f`\x1b\x12\xb9\x8dW\xa5V\xcd\xea\
\xf2\xf8\xfd\x03\xa5'\xba\x18\xb2\xa6?\x12\xe3\x87#\xd9\
\x8ad\xc4\x8f\xbe\xfa^^{\xf7c9\x840\x1dC\
\x0eMP\x8e\xf8\xe5\xdb\xf7Hu\xe0=$i\xb8;\
\xfc\xa1\xb6\xbe\xba\x89!\xf8\x19\x06h^\xa9\x94\x0d\x03\
\xf8\xad\xbf3\xbb0\xa9\xde\x1d\x13\xfc\x07b7\x9f\xcf\
^.?-X\xa3\xda\x9b\x91LIrY\xb3\x1ar\
e\xf3X\xdb\xee\xd7\xdc\xc9\xe1\xc3\xf3\x8c}H\x02y\
\x03p\xba\x84\x86t\xd0\xc0<\x87\x8b\xd1\x19\x9d\x02\xaf\
n\x19\x0b\x18\xe0B\x06\x07!\xd5\x81d\xec\x09\xdc\x80\
\xb9!\xe0\xc7\xc3\xfa\xffh\xfa2\x84@\x0e\xa8\xad\xce\
\xfa\xddv\x00\x9ch\x08x\xe4@\xa6i\xb0\xabp\x0f\
\xb2v\xe7\xaf\xdb,K6lSO\x80\x12)\xfe\x97\
\x1b\x19\xc0M\xd1B\xf86t\x0fl{v[\x80\x05\
\xd1\x8b@\x0b\xc1\xbe\x9b\xaf\xefy\xa0\x1c\x88\xca\xd5\xc9\
\x09\xadn6\x22!\xd4\x8c\x9d\xb9\x7f\xe8\xd3,Y\x07\
\xdc\xbd\xc6\xba\xd8\xb9k\x97\x8c\x19;If\xceY\xa0\
\xb5\xbfDvhX\xb1\xbc4\xa8\x84\xc4.\xb8.\xcb\
\xa1\xf1\x0e3\xbb\xd3\xa4\xb6s\xcd\xd55H\x81\x0f+\
\x9e%C\xccZ&n\x04K\x91\xe8!\xa2W\x0c\xff\
\xf6B\xf1\xd8\x08%\xa0h\xd1h)\x8f\xd2)\xf5\x17\
\xf9\x85\xbf\xe7^L\x8b}\xf9\x0f]\xa3\x0c\x1e\xb6Z\
\xfd\x10&\xbb\xf7\xee\x95\xd9H8\xfb\xf2\xebod\xd8\
/#\xbc\x843\xf2\x08\xf2\xb2\x02\x80\xf2-\x8f\x8e~\
\x8c\xf7W,^\xc4KV\xf3\x0f7\xad\xab\xc3u6\
\x88\xa3h\xfdK\xf7?\x04\x15c\xe5\xcc\x97\xba\x06\x98\
*l\xfdK%\xf5\x9f\xb2\xff9W\x09\xc00\xf8\x1e\
\xa5\x81l\x02\xa7\xe0j8\x0a#O\xaaG\xb7\xce\xf2\
\xc0\xc0\x9b!0M{\xdf\xb0\xb2 $\x17\xc3\x8fy\
\xc2{oD(\xe0Ad\xe4\x8f@L\x9e}?T\
N\xe1F\xcd\xab\xc6hU\x001\x18(\x9c\xdd:0\
_\x8b\xa1\x95\xddPLT\x06\xa3Y\xd1\xad7\x5c-\
\x03\x10\x92(\x078\xedH\xd2\x12\xa8\x00\xecE\x05\xc8\
\xcf\xc8\x1bz\xf2\x85A\xb2\x0d\xfb\x94c\xa9\x0c\x90\xa7\
\xd7\x9f\xbd\x11X0\xad\xe4\x04dgrkdrF\
\xac\xd4<\xb7n\x05\xe0\xed7\xd4\xa4\x8e\xcc\xaf\x01\x08\
\xdei\x1c\xe4J\xb8K\x9e\xfem\x0e\x9a* #\xde\
\xcebiX\xc3wvn(\xcd\xe0\xc1 T\xae9\
\x8cr\xc0S8\x89c\x96oPh\xe1\xcd\xc0\x13p\
\x1a+\xd1\xff\xa8\xc52\x91\xb0\x08\x5c&is\xfcd\
\x0c\x17\xe0B\xe6\xb0\x89\x80oNX\xac\x15\x11\x1c\xa7\
\x89/U\xc0\xbf\x18T10\xa9/d\xae\xd4\x1f\x88\
\xec`h\xb9\xcc\x07`8\x809\x01J\xd4 4*\
\x01u\xd0:\xf8\x9a~W\xca\x05=\xcfG?\xea\xd2\
:_\x81\xc3\x5co.0\x88\x10AMw\xec\xd9\xfa\
u\x98\x04\xa5\x8c\x99\x9d\x7f\xffS<\x8f\x16\xe8\xfa(\
\x10\xf7V\xa1\xe4n&z\x80/Z\xb2\x14\x1b}\x87\
d\x07\x83\x89\x81P\xee\x0e\xac\x87\xe6\x80\x12VJ\xc0\
y\x00\x18\xf0\xc53\xadr\xc7\xbda\xffE13\x99\
\x16\x06\x85|.\xb8\x88\x19\xa3\x847!\x8a\x09\xa2T\
\x02\xa8\x10XFe\xc8\x82\x0d\xa0\xf8\x93\xb0\xd1'\xb5\
\x80\xfa\xf7/D\x06\xbe\xa1\xdb\x85\xce\xfcb\xc2\xd8\x16\
\x84\x83~\x1b\xf5\xbb|\xf9\xe57\xb2p\xf1\x12\xcd\xf2\
\xd7\xad\x87\xb5\xa0\xb0*\x89\x86>u\x90\x17D\xb7?\
\x01\xc2\x9c\xe0q\x98\x83\xa76|\xde;\x9b,\x07\xda\
(k\xd6]\xeb_\xf6\x0c`\xc5T_4Nc\xde\
T\xc0\x16\xcej\xe6S\xf8\xb7\xa6\xd0\x9f\xbd~\x9b\xf6\
\x0b0\x8d\xe0Lm~\x05x\xd6\xae\xb9\xfc\x12\xb9\xe1\
\xea\xcb\xa5\x04\x14\xea\x00\x18zd\xb3\xc7\xb5`Y\xde\
\xf8\xe93\xe5\xbeG\x9f\x91\x84Uk\xe5o\xe6\x03`\
}\xd80\xa8=\xbc2\x5c\x1f\xe6\xcb(W\xc5\xe7\x8c\
\xff\x8f\x5c\x98 \xab\xb7\x01\x15\x90\xa1\x15T\xfb\x9c\x8b\
\x16\xda\xf7\xde>\x00\xb8\xfe\x0dL?\x17\xc3\xb4\x93\x1d\
\x04\xe9\x85h\x9c\x13\x10.|\x18%\x89\xacF \xf3\
.^\x0c\xdem\xe0\x01<z\xdf\x15\x02\xac\x7f\xab\x00\
\x9cl\xd4k\x12\xa0\xb3\x0e\x8b\xe4\xcf-/\xf7j#\
UK\x14\xc2\x04\xa4\xc9\x9e\x88l\x96N\xf3\xac\x13p\
A\x0e[\xbc\x0e.\xfd%\x9a\xc9\xaf\x13\x89I\xea\x04\
K\xfe6`\x03\xd0%\xca\xc5\xf4\x18'f\x87<o\
\x1f\xca.^\x06&\xc0l\x84\x03\x8e\x1ec\x9d<\x00\
\x13\xe0\xc6\xba\xee\xac\xdar6\x9a\xff\xa8\xc2\x93\xe5\x92\
\x98\xdcb\xa1\x03\x17zI\xbf\x01@$\x863X\x86\
\xc5wn\x80L\xcf\xf6@\x04,Y\xa8\x80o\x13\xba\
\x09\xb6\x0a\x10\xde\x7f?\x10\x15\x17\xc0\x130w\xcdF\
\x84\x03Lo\x04R\x15Ka*V\x80\x07\xe4*\xf4\
\x0e\xe8w\x85\x94\x02z[\x0eX\x9b\xd9\x82Z\xee:\
\xc2s\x84\xa8\x13\xae\xaea\x0f\xb64\x05\xcf\xc0i.\
\xf7\x7f\x97\xfbf\x80\x1b\x9dK\xc7\xda\xe6-\x1b7\xca\
\xa2\xb8xI@\xd7\xbd}\xfb\xf6I\xeb\x96\xcd\xa4\xc3\
Y\xcd\xa5 \x85\xf6~\xc0B\x03K \x09\xb0\xbcD\
\x85\xd5\x04 \xd27b\xc1*\xe0\xc9\x80 \xf8U\xf8\
\xd3\xea\xd72\xa5\x00\x83\x09\xb7\x0dTi6\xda^\x96\
3\x0c\xfe\x8dD\xa2k\x0d\x97?[H'\x02di\
\xf0\x0f?\xca\x07\x1f}\xac\x89~\x0c\x058\xc1\xcf\xf0\
O\x09\x08\xe165+\xc2\xe5_B\x8d\x05/A4\
\xad\xe6~\xd0D\x1a5\xe4o\xb8\x8e\x89\xfbO\xb4\xd1\
\xc3\x9a=\x8f\xd6\xc1@M%fJ7(\x014D\
\xb2\x1e\xdfL\x99\x22H\xc6D\xb0\x1c\x8f\xd6\xc1_!\
\xb4\xca\xd2@\x1a\xea9\xb0\x0f\xea\xd4\xaa!\xf7\xdfq\
\xb3\xf4\xea\xd1\x0d=c\x02\xb9Ufw\x04w9\x0d\
}\x8a\xe3\xab\xc7\xb0Y>\x022\xdf\x8b\xaf\xbf\xa7Y\
\xf9\xc7m>@9$lwE\x93\x9e\x8a\x00\xb2#\
\xef\xa5b\xcd\xbd6q\xe9Z\x99\xb5\xda\xf0f\xf2\xf5\
*\xf0\xea\xdd\x83\xca\x04\x82\x02E\xa3\xf2GK.S\
\x91M\xcc\x13[\xb8d\xb9<\xf4\xccK2\x01\xa5\xc4\
\xbcO\x1e\xec\xf3s\xda7\x96\xaf\xdf\xbb_\x9b\x0c%\
wD!\xf9-\xe9\x98\xad_\xe4K\x103\x9f\x99\xf1\
y\xa0\x8dd\xfe\x11J\xc5\x84a\xfc[\x1e\xfde\x96\
\xcc[\xbf\x03Z\x93\xa9;\xa6\x05\x7fW\xa7F\x8aG\
\x9d\x13\x0c/\xe0\x9a1\xd7\x13^\xf1g\xb4\x89\xfcv\
n\x82bC\x93\x8d\xd1e\xc6\x06\x16\xdd\xebU\xd6~\
\xd6Y\xf5 \xf3\xfd\xeb\xf8\xdf\xf2\x01\xb0\x00\xc6\xc4\x03\
\xd6\x12\x84B\xea\xa9^\xba\x18\x12L\xaa)\x22\xe0I\
\xde\x0b\xdf\xb4\x91v\x0e\xa1\xd4\x84\x9e\x80\xd9\xabM\xf7\
@\x97\xc9K\xc2*\x02 \x8c\xde\x17\xf6\x90\xeb\xae\xbb\
\x0a\xee\xaf*\x12]0\xa4\x99\x85u\xf5z\x89\x96t\
\x19+A\xba\xdc\x83\x7f\x86\xe6\x9fU\xd77h\x5c\x9e\
+=\xfch5\xdeK\x8b%;:\xb7a\x93\x1f\x87\
\x85\xf17\xb4\xfb\x5cl\xe3\xaa\xfeB\xe3\x9a\x17Z\x1e\
\xf8\xc7Zpg\xed\x83\xc3\x05\xc7pT\xaa\xd3\xd3\xe3\
\x03{\xfaGL\xd2\xbf{\x90\xba|\xa8\xe7\xde\x0b\x5c\
\x88\xa5\xf1\xf12x\xf0\x10$\xfb\xfd \x87\x0f\x9b\xe6\
1\xc6+\x98M=\x7f\xd5K\x15\x83\xcb\xbf\x22<\x00\
\xf9l~\x13\xf7\xa6\xf5|\xd2ks\x8a~M\xa7`\
l\x05\xaf$`M\x02PF5b\x84\xff4D\xf5\
\x15a\xd3\x997uje\x85\x99\xbf~4a\xb6#\
\xb4\xf13r\x01F\xa0\xe1\x9c\x1aF\x18VnX\xea\
\xad\xd12\xf8\xf9\xc7\x1f\x90\xfauk\xc3\x02?)=\
:\xa2\xc1S\x9e\xde\xf9\xe0\x932d\xf8H \xf4\xb1\
O\x8b\xe9\xb6\xdb\x18X;\xedkU\xd1\xb6\xee\xba\x8e\
\x90U\xab\xe0\x85\x18\x07L\x00\x82\xb8\x991\xe4\x92+\
\xfb\x5c\x80\x86>\xd7\xa34\xb0\x8a\x81hO.$\xe1\
\x1b\xcd:(\x8a/\xbd\xf5\x81|\x08\xe5\xc3\x95\x1d\xc6\
\x02\xf2\xf9\x9b\x0f\xee\xc7\xbb\xa0Uq2\xdd\x01\xa3\x90\
4\x92\xb4m\x7f\xa0~\xb1i\xc5\x92r\x7f\xd7&\x9a\
\xdd\x99\xf9a\x00\xbf\x02`\xc4\x1c\x85\x16\xb1\xf1_\x03\
F\xfeN\xc4\xb6\x9dK\xbf9\xe2\xe1\xf7wm,%\
1\xb9\xea\xb2\xf416\xf2\xc6D\x84\x0d\xde\x9d\xbcD\
\xe6\xa3\x9c\x8e\xde\x03\x12t\x83\x98\xe2\xc0\x00\xa8#\xf5\
\x910\xa3\xd7D\xb4\xbc\x19w\x92\xbe\x03\x1eGx\x09\
*/C\xa1\xc4\xb0\xcf5\xe7\xa0,4\xcan\x0d\xab\
\xa3\x05e\xb1\x88\xc6\xcd\x9aa\xb6\xa1$\x06\xf5\x16d\
\xa0j\xa6\xaa\x99PE\x0dl\xd1\xb4\xb1\x5c\x89.n\
];\xb6\x95\xa2%\x80@\xc7\xban\xfd^\xd9\x8eW\
i\xe1h\x82\xc9bI\x9a]j\xbd\x01\xaa\x14\xfc\xa7\
\x0cd\x04u\x98\xc4/\xb3\x17\xfcn^G\xf3J5\
n)\xc8?<\xeb\xc5\xee\xa1\xd3\x18\xe4i\x19\x96\xa7\
\xf1\xdc\xff\x0f\x97\xd2\x92\xfb\x03\xa1\xba\xd5k\xd7\xc9\xb8\
\x89\x93\xb4\xc4o\xf1\x9289r\xc4T\xf3p\x1f\xb2\
\xea\xa2\x04\xbc~M\xab\x98f>\xf9\xf3\xe4\xb0\xf9\x00\
\x5cs\x86\xeb\xa8\xd4\xd9\xd3Ou;\x82\xbe\xe8\x92\x9e\
\xbbz3\x1a=%j\x03\x1b\xde\x8a\xc0c\xdd\xeaT\
\xd4\xd0)\xe5\x83\xa3\x05\xe3\x9d\xfag)\x92\x9c\xeb\x84\
\x9d\x07\xe4{$W\xcf\x04\xc6\xc11\x18\x96\xdc7\x85\
`\x00\x9d\x8f$\xbc\xc7\xef\xbb\x03\xad\x83\xcb\xdbP\x80\
k|\x96\x1c\x15\x06\x5c\xeb\xea\x09\xc0\x1a\xc5\xc5\xaf\x94\
\x07\x1e{V\xa6\xcd\x99\x87\xf53-\xdb\xd9$\xa8c\
\x9d*^\xfbe\xc6\xd5\x88\x03@\x80\xa5\xc5\xc8\xd5\xa2\
+\x9f{\xbaV\x8d\xaap\xdd\x0f\x94\x8b\xce\xefj\x0c\
Z\xcb\xa7\x93\xdd\x03\xb8f\x0f:\x13~=x\xa8\xdc\
\xf7\xf83\x9a3\xc2\xa3\x14\xbc\x0d\x8f\xdds9P\x0f\
\xbb%\x0by\x1cuA\xc3*Il\xb8\xe3\xe0\x1d\xd9\
\xd3\xf9\xe1nM\x00\x90S\x5cr\x01v7\xab\x1d\x9c\
\xe0Cp\xe1\xbc=i\x91\xc6\xf65\xb3\x9f.\x1c\xa8\
k7\x9f]O\xb1\xa9s\xe7@\x1c\xd3w\xf0\x1aV\
\x12\xb09\x04a\x85\x0d0\x10\xdc$(\x7f\xbc\xb2y\
\x0d-\x7f,\x9c7\xb7\x0a\xda\xacv\xb8\x8d5\x12\xa5\
\x8c\x045\xda\xbc\x0f\xee]\xbc\x0f!\x81\xcfCvi\
\x9d\xf2\xa5B\x5cD\xe1Y4\xaf9\x8ay[\x0bl\
\x04\xba\xf4\x88\xe8EO\x80\x89\x08Da\xferH\xb9\
\xb2\xa5\xe5\xfcs;K\x7f\xe0d\xc7V\xaf\x81p\xb0\
\x0b\x8d8\xc1\x81\xa406aRz\xb7\xae)\xb5Z\
\xad+\x90\xbf\xa7Pr\x92\xd5\xe6\xf6\xdf0\x1e\x1b\xd1\
\xf1\x04DrJX\xf0y\xff\x867\xff\xe7\xbf\x83\xee\
*U\xe6\x90m\x8f\xd0\xe4f\xc4\xfa'O\x9a\x80.\
~?\xcb\xdc\xf9\x0bd\xaf\x85\xf3\xe5\x9a\xd2\x88!\x8a\
_y$\xf8\x9d\x0d\xab\xbfr\x09\xf4\x02\xd1\x9c'\xa2\
\x02\x98p\xed\xa9\xca\xfb\x93g2I\xf6!\xec\xc8\xc6\
?q@\xabc\x1e\x02\xc7I\xe4\xd5\xcb\x01\xfd{^\
\x9dJA\xcdn\xa8\x84\x9e\xaa\xb7!\xb3V\x91m\x82\
w\x1c=.\xd3\xd6m\x97as\x91\x1f\x06~\xa8\xc6\
\x0c&\xb1,*l\x08\x15|\xcb\x0d\xd7\x00w\x03\x86\
\xb0\xf3\xae\xa5`j\xf9\x15 \x8a$*\x18\x83\x7f\xfe\
U\x9e~\xe5MY\x0f\xeb\x5c\x1b2\x91oC\xbe\xb2\
aP,[\xd33\xc9\x16\xe7\xc6A\xf83\x19\xd0\xa1\
\xb82\x17\xe0\x1a@k\xdf\x83\x5c\x80\xaaH\xf6e\x9f\
\x96\x14\xc3\x00\xe0\xc5\xec\xa0;\x19\xed\xb8o\xbc\xe3\x01\
}\x1e\xcf\xcf\x07\xcfx\x8fsZ\xca\x9b/\xdc\x22E\
\x11\xf2\x0eg\xd0G\xbdui\xfb\xa4\xfb\x87N\xd3f\
\x09\xbc(\xb7\xc5\x04\xe8\x01\xd7x~&\x04e\xf2\xa1\
\xee(\x0c\x9dd\xee&\x81\xe4\xb6x\xf3.yj\xe4\
\x1c\x00\xe50\xc3\xdd4y\xa9\x80\x86?O\xa0]p\
\xe5\xe2\x85\x02%\x17\xd4\x0f\xd4:MB\x7f\xe8\xdd\xf2\
1\xb2\xe9\x97\x00\x18H\xdd\xe0\xf8.\x16\xed,\xaf\x07\
\x12`Sd\xb4f\xb94\x00\xe5\x0fLR\x11T1\
l\x93\xcf\x80\x88\xa85\xacp)\xb1\x0e\xfc\x1c`\x01\
4E\x86)+\x05R\xf6^\x04\x9b\x04\xdb\x01+<\
q\xd9:Y\xbd\x1d\x00I\xf0\x86P\xf9s\x04\x9c\x13\
\xc9aM\x90\x80\xf2\xd8\x03wK\xf3V-@\x03\xb9\
T\x11P\xb4\xc5(\xa3\x22y\x80\xc0\xae\x0b\x906\xd9\
\xe1\xe6\xb1Y\xe5\xffy\x032~\xd7\xa4\x18>8]\
\x930\xe3_\xe7\xdf\xfeD\xae\xc8\x09\xf0 *\xe5\x07\
\x00\xb2\xb4\x04\x96>3\xfcG\xfc\xf6;\xfe>\xa8\xcc\
\xday\x00\xb3#7'\x1fr8j\xc0(k\x1b[\
AJ\x22\x9b\x9c\x06\x8d\xe1W\xe9'\xf6\xdd\x9c\xf3\xb9\
+\x91p<\x09\x8d\x7f6\xee6\xaei>\xabu\x95\
\xd2\x9a\xfd_\xb3T\xd1,_\xfb\xef\xa7\x1f\xf27\xc3\
\xe3\xcc\xa7|\x97\x03\x90w\x89\xfb\x8f\xca\xae\xc3\x7fA\
\xc9\xd9&c\xe1\x86?\xfc\xa7\xe9\xb8\xca\x12\xbc:\xb1\
U\xe4\xb1;\x06H\xd7N\x9d%\x17\xabb\xd2B\x90\
\x90G'\x10\x8a9\x80\x5c\x9c\xbb\x1e~J\x86\xff6\
V\x0e\xfeaz\xd2\xf0\xa8\x06\x99\xd3\xb9N5)\x0b\
yE\xb4WV\x01\x8c\x8b[#\xf1\x9bwjU\x05\
\x8f\xeaU*\xc9\xc3w\xdd\xaa\xad\x82\xa9\x10\xa4$\x9b\
\xf4\xae\xe0\xbd\xeb\xd0\x05\xf2\xd9\x97\xde\x90/\x07\xffd\
B\x0c\x90\xe5\xf5\xf0\x1e\xaf?\x7f\xb3\x9c\xd5\xb8z\xd8\
\x06\x7fQ\x93\xee\xec\x95t\xf3\xe0\x89\xc0\xc7\xdf\xeb\xd5\
\x8b\xb3\xb9\xc3\xad\xed\xebI1\x96-X\xb7\x92\xb3\x14\
\xd32\x0fg\xee\x5c#\xb0\xde\x98\xb0D~\x8d[k\
zS3\xd7\x09\xff\xb9\xb2y-\xb9\xa8Q\x15-\x0b\
4\x8b\x16\xf8\xef\x11$P}\x0d`\xa0\x11q\xeb\xb4\
\xd1\x10'\x95\xf1\xb4>\x98\x9c\xde\x8d\xaaiw\xab\xac\
\x12\x06pv\xbcSz\x96o\xdd#\x1fO[\xaa\x8a\
\x8f\xd6\x8db\xf0L\xfei\x83\xf2\x92B\xf0^D\xaa\
\x81;\x22d\x85\x00\x93\x03\x97n\xdc\x01\x17\xdf\x11_\
\xcbP\xd3;;\x06Y\xb1W\x5c\xd6Kz\xf7\xbe\x18\
\xc4\x88>\x09\x8c3k\xdc\xdf\xcd\xa97B\xac\x85\x89\
q\x19\x0d\x1aZ\xad\xf5\x04d~\x08\xe9\xccQ\xe0\x7f\
w\xfeo\x06\x82g\xc0\xe7\x06\x0e\x15\xcb>\xa6B\x9d\
\x99{\x90M\xbcv\xed\xd9+\x8b\xe3\x96\xc8\xc8\x11\xbf\
r#K\xd1\x00\x00 \x00IDAT\xc9\xef\xa3F\
+\x94\xaf_\x08sO\x11\xa7\xbe42\xba\xebU\x89\
\x91\xfa@\xf6\xcb\xc7\xfc1'\xc9\xd2a\x09\x82\xfd\x85\
FH\xd2(\x98\xb92Q\xeb\xff\x0f \x89\x98\xe7\x10\
\xcd\xae/J\xae/AC\xb5<\x10\x90\xe99\x86t\
x\x0d\x1b\xe4:YLS\xf0\xb3\xef\xcb\x0e\x84Ni\
\xe4R\xbcR\xa0&e\xcb!\x87\xc1FO\xe0\x92\xfd\
\xf8\x9eP\xc7s\x90#\xc5\xbe*\xb4\x0c\xd9\xea\xf8,\
\xc4\xeb\x9f\x82\x12\xd0\xbc[w\xc8\x97\xd0\x1e\x0a\xc9\x07\
\xc3\xc8\xb3\xb5/\x00,\xfce+V\xcb=\x8f>\x8d\
\x12\xdey\x8a\xe3\xc0\x83\xc9\x93\x8d*\x95\x95V(\xd9\
,\x06\x99\xc3\xaa\x0d\xce\xf5t\x0d\xb7\x98\x10/=\xb2\
W]z\xb1\xdc{\xdb\x8dR\xa3rE\x13\xda\x09\xa3\
\x05\xb8|7z\xb4\x8f \x840b\xf48\xb9\xf9\xee\
\x87\xd1\x1c\xea\xa0z\x88J\xa14\xf4\x9e\x9b{\xa1\xbc\
\xb0\xa7&6\x866m\x8a\x9a\xf3\xe0\xa5IoM\x5c\
\x02\xac\xe4\x95\x8a\x96\xa4\xe0\x05\x80\x12|\x08\xa0@U\
P\x0d\x90\x93/\xeeE{\xd2c\xa9N\xff\x1e.\x81\
b\xf3\xde?\xe4>x/6\xe2'=\x04\x04\xb5\xa1\
vzW\xa7\x86R\x05\x0d*\x0c\xa8C\x80(\xb8\xa1\
\x96#\xe9\xe2\x9dI\x8b\xd5\x0b`\xfd\xdf\xd8X\xc5\x14\
\xd3\x9au\xad\xc9u\x18<\xfdQ\x9f\xce\x1d\x92\xd4\xf5\
\xff\x11\x14\x00\xb61f\x16+\x97\xa4.\xdc\xff\x9d\x91\
\xe0Q\x1a \x13i\x0d_\xb8\x90\xc0:x\x14H|\
\xec\xf5ME\xcaml\xf5\x06!{\xb4\x15@2\xae\
Ei\xcc9\xe7v\x01D%\xdc\x8e\x1a\xeb3a\x03\
c\xa1\xd0\xfa\xa7\x03\xc0\xe2((\x912\xe1\xec\xbf$\
\xc1\xd3Y\xf1\xff\xae\xfd\xa7\xcd@\x88\x02\xe0\x97\x0f&\
J\xa9<\x8a\x02\xf6\x0f\xc0{/F)\xe7\xcf\x00\xf4\
\x19\x0dD\xbf\x0d\xa8\xea\xf8\x13u\xe3<\xdc\xfe\xa3\x12\
\x1e\x8d0_\xadr\xa5\xa4I\xb5\x0aR\x1a\x89~l\
\x12\x13\xd4\xa13\x1d\xa6(T\x01\x88\x82\x86\xb2\x0d\xd0\
\xbf\xe3\xe1\xfeO\x00\x02 \x8d\x0d\xbeY}\xe4K\x11\
-\xb6)\xca\xad\x0d\xa0ZV>\xcc[q\xdc\xfb\x81\
\x95?6~\x83L^\xb9Y\x0e\xa0_\x0a\x87^\x08\
\x09\x94u\xcb\x97\xd6\xce\x88\xe4\xf7\x14\xc0D\xe6c,\
\x9e\xef\xec\x80\xb8\xa8\x04tiRW^~\xee\x09\xa9\
\x5c\xa7\x1ex_\xda\xb8\xac\xf2Gxo\xc6L\x9c\x22\
\x8f>\xfb\xb2\xc4-_\x89\xdc\x5cVb\x99|\x80\xb6\
0\xde\x9a \x97\xa3 \xfa*\xecDXz\xd4\x92\xd5\
\xf0\x02\xecpbI\x1a \x11\xf1\x9e\xdbo\x94\x0b\xbb\
u\x81g\xde4,\xf2\x87\x02\x02\x14\xa7:\x8b\xd6\xbc\
/[\xbbN\x06\xde\xfd(\xba\x03\xce\xd6\xf7\xca\x8fw\
=\xa7CSy\xe7\x95\xdb\xd0\x0e\xba\x805\xd4\x02k\
\x175\xf5\xde>I\xf3\x12\xb7\x03o~\xaeZ\xc5$\
\xb0\xdc\xd0>\xee\x84\x10\xed\x14\x0b\xf72k\x82\x99\xf0\
\x95\x8eZgz\x90\x0e\xc7\x93\x17.\x8e/f-\x97\
Og\xacP\xa1\xa8\x9a\x13&\xe1\xbaV\xf4\x02T\x93\
\xfct]\x83\xa0\x9d\xa7\x9a\xcfe8\xe7\xb3\x99\xf1\x9a\
PG+\x98\xf2\xaa0b%\xf4\x02t\x07&@\xb8\
\xba\xfa\xf4\x18\xef\xe9\xdc\xc3\x112+\x01&\xb0\xa1\x05\
\x08\x99Gy(j\xe7\x02j\xb2**\x02R#M\
'\xb0\x83\xc6A\xa5\x12\x1f\x1c\xc0&\x99\x9e\xb0A\xfb\
\x080\x11\x85\xb4\xe4B\x02\xdc \xec0\xd5\x13\x0d\x85\
\x1ez\xe0\x0e\xa9\x16\x1b+l\xfdAM\x921,\x13\
\xc3\xe4\xe1F\xe0\x04\xbf\x0d\x07\xa8W \xeb\x95\x94\x9e\
\xcez\xfcw\xed\x7f3\xa0\x8c\xc3\xf1D'E\xf5g\
\x88H\xa5\xfb\x19\x8cX\xbb\xc7AY\xde\x82N\x8aC\
\x86\x0c\x96/\xbf\xfa\x16\xe8\x8ek4V\xcc\xc3\xdbo\
\xe4a0\x5cJ\x03\xce\xb7\x0d\xca\x9bcK\xa3\xbc\x8f\
\xa5\xb7\xba\x87\xb8a\xcf\x9c\xf0\xe5\x18\xb2\xc3\xe0#\x1f\
 \xf8\x0fc\xd2\xe4\x1b\xcc\x95\xba\xa0Ae\xb9\x0c=\
S\xe8\x15\xceb\xa2\xc0#\xc6 \x1e\xa7.\xeb$Y\
\x82P\xc6\xd7\xb3\x12d^\x22\xab\xc6\xa8\x89%\x018\
\xab\x90\xb4G2\x1e\xf3\xa7L\x09<\x11\x0f\xd1\xe5r\
\xcb\x1e\x19\x83\xaa\x07b\xa6\xf0\xe0\xfd\x8a\x22\xe1r\xc0\
%=\xe4\xc1\x87\xee\x93\xbc\xf9\xf2\xa7\xc9@\xe4R1\
\x5c\xfb\x17\xd6\xef\x83\x8f\xbfR\xa4\xbe\xcd[\xd1N\x19\
\xf4\xc0Ud\xf9\xf9yh\x18T\x0f\xca\x08\x95\x8dY\
\xab6j.\x80z\x01 \xa8\x0a\xa3'\xc05W\x5c\
\x8az\xfe~R\xbe\x0cs\xbd\xacZcmZ\xfd\xa1\
\xc6\x97\x9d\x02\xd0\xc8\x8e=\xfb\xe5\xdd\x8f>\x95\x97\x80\
H\xc8\xbe\x04|\x87\x0a\xc0\x88\xf8h\xd0\x9d\xd2\xa9}\
C9\xe1a\x02\x98k\xa2&\xdc\xd5+\xe9\xe0\xd1\xa3\
\xf2\x0c\x9a\xed,B\xc3\x04Ev\xc2\xff\xce\xa9]A\
\x06vl \x05S\xa8!\xcc<6`u\x1f\xbc\xfc\
\x0e\x94s<1r\xb6\xac@\x8b_&\xabp\x92*\
\xa34\xee\x7f\xe77SO\x86_\xf8p\xd2sbb\
W \xdcAx`6\xd8!Q\xd03\xd0\xa2ri\
\xe9\x87\xe6\x16\xb5\xd12Xi'\xf3^.\xec\x93\xd9\
\x03\xe1\x0b(.\x0c_\xb8\xbe\x06TV\xba\x22\xa1\xa4\
~\xc5\xd2'iv\x11\x0f\xdf\x0apj\xfa\xf1h\xf9\
IE\x80\x1b\xff\x18J\x0f\x03z\xb4\xb9\x1b\xfb\x09\x5c\
\xd6\xe7B\xb9\xe8\xe2\x0b\xa4\x1e\xfa\xd5\x17)XPk\
\x8f\xb3\xb1b\xc0\xba6iA\xd0\x1b`H\x95J\x80\
\xcf\x1b\x90b\x9c:\xe2\x11\xffw\xe2\x7f3\x90\xf5f\
\xc0\x02b\xa9\x8c\xb1\xeeZ\xba\x81\xff\xc6\xbe\xda\x0f\xa4\
\xb6u\xeb\x13e\xca\x94)2t\xd8p\x009\xc5\x01\
\xd8\x89]\xf5\x026\x1c\xb7\x06\x0d\xaf2\xa8\xb3\xa7u\
J\xa1P\x08q\xff\xe3\x0a\xe6\xe0^7X\xb9H\x8f\
I\xf0\xdf\x91\x8f\xf9\x13\x02b4,\xd1\x85\xeb\xb6\xc2\
#L\x01B~ZH\xae\x82\x87\xb4}\x8d\x98\xac\x03\
\x13\x9f\xea\xcb\x9b\xd6\xd5\xc3\xc1/\x7fD\xf2\xb7I\xfc\
f%\x03\xda\xe5\x22o\xaa\x030T\xf8\xbbQ\xbc\x0c\
\xbe\xc5!\x18?\xf3\xd6lQ\xec\x03^\xcb\xb5dN\
T\xcd\xca1\xf2\x04\x8c\x9f\xee\xdd\xcf\x93\x9cji\xa7\
V\x15\x10\x18\x1c\x050\x95\xbc\x9d{\x0f\xc8s\x83\xde\
R\xbc\xfe=\x08\xfd8\x83\xba\x12\x5c\xf4\x1d\xe1\xc5\xad\
\x02\xc8\xe0\xbd6\xf1r\xd9\xa6\xed\x9e\x97\xa5u\xf3&\
\xf2\xf0\xbd\x03\xa5K\xfb\xb3\xe1\x012\x180\xce\x0b\xe0\
7\xca\xb9vTf\x0e\xc3\x934~\xc6\x5cy\x10\xdd\
\x01W\xaf]\xaf\x9f\x15*\x98W\xae\xed{\xae\xbc\xfa\
\xfc\x00I\x82\xf1\x18\xe4E\x98tO/\x84p\x93\xe4\
K\x80\x22\x0c\x01D\xe2au/\xa3\xa3\x10\xca<\x9e\
\xbd\xa0\xa5T\xc7\xc0L|\x97G\xfa\x13`\xaa\xeb\x18\
\xe6\x84\xc0(\x8cf=x\xde*\x94\xc9\xadD\xab\xca\
\xbf\xbc<\x86\xee\xf5*J\xffVu\xbd\x1a\x7f\xc6\xa5\
\x89b\xc6w\xa0\x92\xf3=\xae\x19\xc6\xb2:\x8d\xb9\x88\
\x14\x850e\x18\xe0\xbcz\x95\xb4)DV\xd4r\x7f\
A\xdd\xeaw\xf3\x80e\xc0\xb2M\x0c\x90\x96A\x17`\
\x01\xb0\xeb\x14\x93\x02\xd3v\x049\x90<\x82d\x1f\x81\
\xf9k6\xcb\x22t\xab:\xc0\x98\x95\x1a\x1c\xd4\x88\x8c\
\xcb\x9f\x1e\x01V\x0b4o\xd6\x18(\x82\xdd\xa5c\xdb\
\xd6R\x02Y\xb3\xf4\x0a\xa8\xe2\x14\x02$d\x88\xcd(\
\x02\xffy\x02\xd2\xb6B\xff\x9d\xfd\xcf\x98\x01\xee\x0be\
\xc6\x0a\x92\x95M\x19\xfe\xde\xbd{$!a\x95,X\
\xb0@\xe6\xce\x9d\xa7\xe5|\x89\x1b6\x02\xab\xddX\x97\
\xba\xab\xcc\xb6\xd2Fd\xa5Q\xd6[\x17\xcd{j\x96\
)\x8e&2\xf9\x02\x80fj\xf5\xf9\x8f3\xc7\x835\
D\x8aRa&\xa4m\x81\xc0r\x1eU\x82\xa51\xfe\
_\x13\xb2 \xeb\x99F\xdelj\xee\x91\xc6\xc4\xc9\x1b\
a\x98\xc4!\xe9\xfb\x8b\x99+d\x0e\xc2\xa6\x0c[\xf0\
}\xd8H\xad\x03\xac\x7ff\xe1\xab\xab\xdf\x9b_S\xcb\
\xb0\xef\xd0Q\x99\xba\xc2\xb4\xea\xe55\xbcW\x1e(b\
m\xd0'\xe0\xf5W\x9e\x96\xd8j\xd5T\x10\x1b\x1c\x14\
\x13\xf6L\xdd'\xc3\xe7d\x93\xd5\xeb6h\xdb\xde\xf1\
Sghi \xef\xcd\xb2\xceF\x95\xcbh\xd7@\xae\
\xfb\xfc\xb5[d\xda\x8aD\x83\xdc\x8a\x9b\x17)\x5cX\
\xee\x18p\x9d\x0c\x1cp-\xba\xb8\x22\x19\x11\x0aah\
E\x80\x86_ixa,\xa4\xbd\x95k\xd6\xcb\x13\xcf\
\xbf&\xc3~\x1b\xad!\x0f:jc\xabW\x94\xdf\xbf\
\x7f\x0e\x15\x0e\x85\xb5\xaa\xc0\x1dQS\xee\xe9\xcd\xabe\
\xd9\xe6=\xf2$,\xe9\x1d\xd0B\xa8\xb9\xf2!\xfdQ\
#\xdf\x0b\x0d\x1f\xf2\xc3=\xa1\xe1\x0f\xab\x08d%\xeb\
\x98c\xd9\x04\xc0\x8a'~\x9d%\xab\xd1\xad\xca-4\
\x13\x02]\x18#/\xb48\xffA\x22Y\x04B\xff\x1c\
\x16\xf5b\xb8\x888i\x5c\xfef\xc0\x12\xb8\x16\xe1\x83\
\xbae\x8b\x9a\xfbd!?\x001\xb8\xa7\xa1.\x97=\
\x01\xd6\xa2=2)\x97\x04\xdc&\xb6\xa2\xe2L\x9bD\
\xc0t8\xe8\xaa\xc4|\xac\xc73\xc6\xc6\xad\x92M\x98\
S\xb3K|Y\xb4\xcc\xad\x00=\x14\x00RU\xdd\xba\
\xb12\xe0\xba\xab\xa5'\xd0\xb3\x0a\x17)\x22'`5\
\xf00\x15\x01\xc6M\x1aP\x02\xb8i\xa8=G\xaeA\
\xa7\xc3\x1b\xfdw\x8b\xfff \xfdg\x00{D\xd9(\
\x85N\x8e\x5c\x10>\xd9\xe5\xf0\x81}\x12\x17\x17'\xa3\
\xc6\x8c\x93\xf1\x93&\xcb\x1a\xb8\xf8\xf7\xef\xdb\xaf\xd0\xbd\
\xae\xd2&\x88\x0f\xe1\xda\x22\x88\xf37\x02\xaa'Ab\
(\x00T\x91p\x06\x97\x07\xb3}\xe6\x84\xbe7\x1e<\
\x8b\xbd\xedG\xa2C\x1dk\xd2Y%\xa5\xe1Q\xf0\x15\
\xba\xfe{\xc002\x9d\x05\xb3\xfeA\x99@\xc0\xb8\xaf\
\xe6\xacD\xef\x98\xd5\xe8#c\xa0\x93\xd97\xa51\xe0\
x[\x83g\x16\xc4{\x05\xaa\xca\xec;\xa9\xf7F\x80\
\xb5rH~\x03D\xefJxD\xed\x12\x03Y/\xb7\
\xb4\x07\xe4\xf6W\x1f\xbe\x06\xd7|\xb4\x02\xeb\x18\x0fg\
\xf2\xc1W\xbfr@\x99\x9a\x0drh\xd1\xe2\xa5r\xcb\
\xfd\x8f\xcb\xbc\x85\x8b\xbd\x86A\xec\xe3\xd1\xb1^\x15\xf4\
v)#;\xf7\xa3\xf7\x02r\x11Vn\xdb\xe5y\x01\
:\xc1\xc8z\x04^\x80\xb3\x81\xf6\x99d\xbd2\xe1\xcb\
\x02\xa9\x00\x01bx\xff^\xf9\xfc\xfb\x9f\xe4\x89\xe7\x06\
\x01M\x929\x07'\xa0H\x14\x92A\xcf\x0d\x94\xab\xfa\
\xb4\x0740C\xdfF\x8a\xab\x02@\xa2\xfb\x0bu\x84\
\xcf \x0f`\xc6\xeam\x10\x00d\xf6'\xa4F\xc9\xc2\
\xf2\xc8yp\xa5#fb.\x88L\xdf\xc98\x121\
\x1b\x83q}\xc6\xf4?\x9c\xb6L\xdd8j\xe7\xe3?\
5\xd0.w`\x87\xfaR\x1be\x17\x1a\xaf\xd6\xcf\x8d\
@b\xdc\x9bu\xf5\xbf/KD\xc3\xa0\xa3J\xec\xb9\
aE_\x0ab\xe7\xbf\x82H\xd2\xc8J^\x00&8\
& t\xf1\x06z\x020\xae\xe5\xde\xa5!\x08\xbaC\
\x1d@\x02\xa3'B\xba(\x00\x9c#\xac?]M\x84\
M\x9e\x07\x08aj\xa5\xbb\xa0\x91R10\x0eN\xa3\
\x1a\x19\x9aP\x9f\x984o\xdaPn\x00\x9a`\xc7\xce\
\x9d\xb4\xb7v\x0e/y\xd4*\x03:b\x13\xcb\xa4\x12\
p\x92\x16k\x89&H\xb9\xcc\x00\xbe\x97q\xb4\xfa\xdf\
\x93\xfe\xd93\x10\xe0}\xb4\xaa\xc8s\x0e\xa3\xa3\xdb\x1e\
t~\x8b[\xb2D&O\x9e\x22\x13\xf0o\xc5\xca\x95\
r\x18I~~\xf7\xac\xf3\x108\xe4\xbc\xec\xd87\x14\
\xa65\x90\xbb\xd3\xb4jY)\x0b\xabT\xe3\xd7\xb81\
\xbf\xf3\xe7,e\xd4\x9c\xf1\xed\xd6\xa0Q\x0e\x91\xff6\
\xed\x01z\x9d\xf2\xca($\xff\x15\xf5\x1a\xffd%\x83\
(\xa5y\xe1\xda\xccE^\x1b\xfb\xbf\xc4\xc1\xb0uy\
Je\xe0ea\x13\xb5\xba1\x88\xa7\x13`'\x99|\
\x8ac\xf0\x82\xafF\xb2\xf8\xa8%\xab\xd0\x0c\xc9\xac%\
\xd7'\x1f\xa0\xe6/8\xaf\xb3\xbc\xfc\xd4\xe3R\x12x\
\x0c.\xb3)\x5c~\x95AN\x0d\xe6\xc8\x9a\x0b\x82\x90\
\xfag_|'\x83\x80\xda\xb7\x06\x9d\x1d5\x07\x04\xe3\
-\x0b\x01Md\xd7\xf2\xa8\xf8`\x05\x06\xe1\x81\x0fY\
\xf8\xe5\xc2\xd1\x05e\xe0\x8d\xd7hE@^\xc0y\xab\
\x97\xc3ze\xfd\xbey\xbbh\xaa\xfcLG\xcf\x90\xab\
n\xbaC\xb6\xef\xd8\xadcgB\xf7\x85\xe7\xb5\x93\xcf\
\xde\xb8\x1f\xdeb\x00\x0eYia\x14\x00\x5cI\xa3n\
\xd6\xfa\xed\xf2<\x94\x80\xbdp\x83\xf0\xc3<\xb9\xb2\xcb\
\x9d\x1d\x1bI\x87\x1a\xe5\xd4-\x9e\xb5\x8e\x80 \xe2\xb8\
\x8e \xbb\xf2\xe51\x0be*b8,c\xe1K\xe7\
\x82\xd4d\x9f\x80kZ\xd6F\x16m~+\xacx\xb6\
\x99\xb69h\x0a\xf1\xe9\x8c\xe5\xda\x14\xc2\x1d\xf5\xe0\x1a\
\xba\x0a\x1d\x02\xd9\x5c\xc8\x84>\xb2\x86\x14\xe2Xv\x80\
\x18_\x19\xbb@{\x02\x18%'Ij\x94)\xa61\
\xa4\x0a\xc5\xe1\xdaI\xcf\xc3\xbe65W&\xa5\xac@\
v\xec\x0a\xd4\xa9n\x06s`\xc2\x8cS\x8e\x8c\x22\x89\
\xce\x11\xd8u\x05\x81\xa2\xd5\xa4Q}9\x0f\x15\x03\xed\
\x11\xb3\xaaQ\xbd\x9a\xe4\xcdK\x00\x0a\xdcL\x95\x07\x07\
\x1ed\x12\x04\x1dC1\x8f\x0a\xe7W\xcaj\x0agz\
N\xf0\x7f\xf7\xca*3\xe0\xd8t\xb8j'C\xe7\xf6\
\x0cdt\x13\xdb}\xf3\x96mh\xd3\xbcP&O\x99\
*s\xe6\xce\x97\xf8\x15\x09\xf2\x07j\xf7\xc9\xcc\xb5\xfc\
\xcb\x1e\xfe\x8a\x1a\xe7\xee-\x86xl\xd5\x92E\x15\xbb\
?\x06\xb1u\x0d7\x92\xfe\x9d\xfb:\x13\xdc\xabj\x00\
\x22Wa*\x5c\xcf\xecPGh\x5c\xbe3\xab\xa8\x88\
\xfb\xcf\x7f\x0c\x91\xa6\x97\x81q&\xd7\x9d\xd3\xc7\xb2?\
\x86\x84\x7fC\xeb\xdf\x83G\x8cG\x92\x89\x95t\xb5\x13\
\x8a\xb70[Y\xa7\x94L\x89\x17e2\xf4\x02\xc0\xa7\
\xb3\x1a\x82sc\xc2\x9f\xf0\xd8D\x17\x96\xcb.\xee\xa1\
m{\x8b\xa1i\x10}\xec\xe1\xad\xf1\xf0o\xc9\xfbl\
\xdd\xb9[^x\xfd]\x192l\x84\xec\xb6\xf9\x00\xe4\
\xa3UK\x16\xd3\xdc\x84\xbf\xe0]`\x12f\xa2z_\
\x8dC\xe8\xbcs:\xca\xff\xee\xbfC\x1a\xd5\xadc\xe1\
\x81\x8d\xa7(H\x01\xf0,\xd6(I\xdc\xbc\x15\xa8\x80\
\xcf\xca\xcf#F\xe9\xf8\xd8\x7f \xb6z\x15\x19\xfc\xd9\
\x0b\xc8i(\x0a\xc7\x05\xd1%\xe1\xc5\xd0\x10\x00\x96V\
\xc9\x16Z\xcbKc\xe6\xc9\x044J8\x8a:Uj\
R\x8c\x89_\x8d\xe4\xb8\x12\x8c?8\xd7\xd4\x99\x5c\xc1\
S\xbc7\x87F\xb8\xdf\x17G\xcf\x97\x04\x08tN\x22\
?#\x98Q\xdff\xb1\xe8oPY\x0aA\x0b\xd29\
\xb2I\x1fl\x0fL-q\xe4\xd2\xf5\xdan\x98\xf3\x10\
\x0d\xcd\xbc{\xfd\xcar\x11\xfa!\x10\x17\xc0\x89\xa6\xcc\
&~\xbe\x0b!\x8c\xd9\xdax\xdc\x0a\xae\x8f!\xcar\
\xe8\x06\xc7R\xc0\x1aP\x5c\xd2ky\x9c\xc6kx\x9f\
q\xfd\xf3\xb3Cp'\xad\xdf\xbe_\xe6\xaf\xdf,k\
\xd0\xc1J3hi\xb1X\xc2\xd3\x98!\x12\x99\x0a\xc0\
\x95Y\xa1|\x8c\xb4:\xab\x05\xdaQvA\xbe@\x13\
)R\x1c\xfd\xc9y;U\x1eT\xe5\xd4\xdaZS.\
\xa8d\x1e\xb4\xf2n\x0c\xa7H\x0e\xff]\xf6\xdf\x0c\x9c\
\xd6\x0c\x90\xfe4A\x98\x1eF\xba\xf8\xc1\x0cW\xaeX\
!?\x0f\x1b&c\xc7M@g\xc65\xb2{\xf7\x1e\
$\xf9\x1dSW.\xadw\x92\xb0\xb7w\xbc\xd0\x17\x92\
\xb0`9RA'v\x7fy\x94'\xb3\xea\x88\xb5\xe8\
^n\x95%\xfd\xb0\x95:\xa7\xf5\x16\x11^\x8c\xb1\x12\
\x1e\x9c\xb1\x7fz\x01\x9c\xa7\x8f\x1e\xe0\xeb[\xd7A\x82\
t\x99\x08o\x94\xb9\xa79>D\x03\xe9\x9b9+d\
\x19\xb0SL\xc9b\x94f\xfe\xd3SZ\xbb\x5cI3\
\xc8\x94\x14-\xf2;\xc8\x08V[\xb1\x22b<\xe6\x85\
sB\x933;\xf8U\x91\x22\xd1\x00\xe8\xe9\x81v\xbb\
\x8f\xe9\x1a\xa6\xc6\xab\x82\xab\x13\x10=\xc0\xe3\xe7\xa3\x0c\
\xf4^@\x05\xcf\x9a\xbb\xe0\xff\xd8\xfb\x0e\xc0\xaa\xaa\xac\
\xeb\x0d\x16Z\x02\x09\x09i\x90\xde\xe8\xbd\xf7\x8e\x8a(\
\x8a\x82(\x88\x15\xb1\xf72\xc5\xd1\x7f>g\x9c\xe2\xd8\
{\xef]P)\xd2;\xa1\x87\x1a\x08\x09\x10\xd2H\x08\
!$\xb4PT\xfe\xb5\xf6\xb9\xf7\xe5%\xa4\xbc\xf4\xa0\
^'\x93\x90\xbcw\xdf\xbd\xe7\x9e\xb3\xcf.k\xaf\xe5\
\x10\x0c\xa2\xc3\xc5\xec\x04\x1d\x15\xa5m'\x0e\xc1\xdax\
\xa2\x22B\xe5\xe1\xbb\xa7\xca\xa4k\xc6\x02\x98h\x11\x03\
\xd9vWw\xae\x82\x83X\x88c\xc0\x18|\xf1\xf5\xf7\
r\xd7\xa3\x7f\xd5?\xd0\x01\xf0Cf\xf6\xf9\x7f\xfeE\
\xc6\x8d\xee\x8fk\x06O\xc0/\xc0\xbf\x19\x07\xc0\x18z\
z8;3\x0f\xcb\xb3s7\xe8f\xca\xae\xd3Hp\
\x01\xdc9\xb0\xa3\xb4\x0b\xf0R\x81\xa0ZpPK\x98\
U\xce\xbe\x8fU\x9f\xc6\xaf\xe6\x81\x1e\xf8\xfd\x988%\
~\xd0E\x89\xa3\x112\x19w\xa3\x05bxt+\xad\
\x03Y7\xac\x88\xd6\x1dh\xfdx\x07\xa5\x83\x0d\xd0\xbb\
6\xce\x81\xa0\x13\xc0\x13\xa8\xd76\xd2'\x8c\xda\xe7u\
\xe7 \xc4\xe8\xbd\xd5q\x00/&\xc1\xcb%\x8a\x18\xe0\
El\xb6\xca/\x1d\x04 ^\xb9\x81\x80\xae\xdf\x9b#\
\x8d\x89\xc9E\x10\xe5^\xb0\x08\x92<\x83LaD\x0e\
\x1b\xe3g\xad-\xcb\xe3\xe4\xf5\xb0v\xd6\xa6u\xa4\x8c\
\x186XF\x0c\x19$Qm\xa2\xc5\x0d\xc0\x96\x8b\x10\
M]\xa0i\x0c\xa6<\x91A\xa07\xeb\xe4\xc1\x14r\
B\xcaX\xaf\xae\xdf\xc5\x1f\xaf\xfcc\x04\x9c-\xa55\
\xb18\xef4\x15k\xb4\xd1\xd9\xba\xc56\xd7\x9f\xe1\xa0\
\xe6\x9f\xc8\x97\xb8\xcd\x9b\xe5\xf3\xaf\xbf\x91\xef\x7f\x9c%\
9P_\xa4\xcc+#}f\x03\xcc<\xe546 \
c\x03\x9c\xab\x0f\x8e\xfe\x06\x1a\xe1G\xf9yK06\
\x7fRw\xb3E\xd9\xac\x11C9[\x17\x8c\x8bF\xb6\
\xf8o\x1dJ}\xcb\xe3\xd9\x82\xc6\x94\xb7\x11P\xbb\xb6\
[\x84\xb6G{\xbb5\xd4\x8d\xa8.\xd9\xc2b\xe71\
\xee\xe5(\x22\xf7/\xd7'\xcal0\x9d\xda6\xf2b\
\xec[\x04\xd9\x11+Ei^\x83\xb3(y%86\
t\xbc,\xff\xd4\xcf\xb2b\xd7>\x89\x01I\x0fE~\
\xf8\xb7\x0b06M@\x11|3\xb4S\xfe\xf5\xe4\xa3\
\xda)`\x9f\xce&\xe61\x9b\xben\xac\xfaA\xceN\
\x80:\x97\xf8\xfb\xf4\x99s\xe5_/\xbc\x06\xd1\xa7]\
\x0e<\x00\xaf\xafg\x84\xd9\xa7(\xe3\x9e\x01\xd6V\xbe\
\xb79D\xdb&M\x18'\x0fL\xbb\x05\xf2\xed\x14b\
\xb2\x8e\x12\xe4\xd8\x19\x9cm\xde\xb6C\xae\xba\xf1\x0e\xd9\
\x9f\x99\xa5/\xa6\xce\xc1\x03\xd3n\x96??4\x0d\xe1\
\xd7)<\xf5\xe3\x96\x03`m|\xacQ\xfc\x8c7\xbe\
\xbdr\x9b\xcc\xd9\xb6\x0f\x11\xdf\xcf\x9a\x06\xea\x0c\xe5'\
2\x03j[\x9d\xb9\x9dZ\xb5#\xd6\xe5:\xae\xc1\xfe\
7q\x0bG\xf1\xc0>^\xb3S\xe6 \xaa\xe7\xf5\xdb\
\x22\x8ea\xe0\xce\x9e\x02\x94?E\x838\xb8\xf6\xc1\xb4\
\x1d\xf1\x03\xec\x80\xc8D\xab\x08\xef\xcd\x0d\xc4\x0c\xe4\xbb\
\x9e\x00\xcdk\x1f\xa4\xecl\xb9\xe4\xda\xbciN\x1a.\
\xcaYx.\x9f\xc0\xbbM\x85\xc7\xceku\x87\xa1\x19\
\x08\xad\xe9\xae\xf0\x1a\xd9\xd6R5G\xe9\xa9w\xdb\xd3\
\xa6\x87\x9c\x0c\x15\xab\xedp\x9eRsrUz\xd8\xee\
k\xb6'=\xbf3+\xc0\x1a\x14\xc13\xa1!Ap\
\x08\xa2\xa4uT\xa4D@\xed\xaae \xd4\xcc|}\
\xa5\xb9G3\x5c?2.J+\x0c\x03L\xda\x14\x93\
\x1b\xad\xe5\xd9V5#\xfa\xc7Y\xea\xde\x08\x14\xd4\xe9\
1\xe7\x94\xef\x1d\xca\x9b\xd8\xdcY7\xdd\xb7/I6\
n\xd8(+W\xc7H\xec\xa6\xcd\x92\x8d\xb4\xad\x8d\xe0\
/j\xd8\x09\xd0%\xa8\xac92\x86$\xe5j\xe9\xd9\
T|Q\xb7e\x9b.S\xfcE#}\x87\xed\xaeu\
Kj,\xf9Q\xd0\xe1\xce\xde\xbcK\xa9hY\xde\xd3\
t4\xda\xd3\x18\xfd\xf7F{\xb4\x96'\xea\xde\xe3;\
\xe7\x8a\xe8x\xc5\x00\xaf\xf4!\xec?\x99S\xb9\x9fq\
\xec\xd9bG\xe4\x7f\x18H\xe2t\xef\xe7\x0dZ\xd9\x9a\
\x92o\xcb\xec*<G\x1e\xe8\xe6W\xa2=z=\x84\
\xd4h\xdf\xd4\x09\xc0g5o\xee)\x0f\xdeu\xab\xdc\
\x85>}\x05H\x961N\x0e\xd6>+R:\x0d\xac\
\xc1\xbb\x9f~%\xaf\xbf\xff\x09Z\xf6\x92\x91M2\x5c\
6t\x16#\xe18\x1eA)c72\xad\xccD1\
c4d@\x1fy\x1cr\xc5\xfd!\xffmw\x03\x98\
\xde\x85b\xf2\xd38O\xea\xc1l\xb9\xeb\xbe\xc7d\xde\
\x92\x15z\xcd\x0d\x1b4\x94\xab.\x1f%/=\xf7\x8c\
4k\x80\x00\xac>Z\x02\x1d\x19\x00\xab\xd6\xcd\x17\xce\
E\x14\xfd\x1e\xd0\xe6\xe4\xd9\xd77b\x12?<\xa2\x8b\
\x90\x22\x98@\xb9ZA\xa9\x94\xf0\xa4t\xabr\xde\xaf\
0\x16\x19@q\xbe\x0a\xb6\xbf\xf5\xc04\xb0\x94a\xd7\
\xb3: \x8b\xc1^\x7f\xd6\xf9Y\x13\xb2\xbdw\xf2\xeb\
\x7f\x0a@\xe0\xea\xbd\xe8}E\x9a\x9d\x0f2\x18<\xcd\
\x94\xbd\x1c\xd1&\xa8NL~\xdb\x01 \xb8\xe5\x8d\xe5\
\xdb\x15\xb7\xc0\xc9B\x02\x89\xde\x91A\xd2+\x02\x8cR\
H5V\xcd\xc1\x09e\x84Flg\xaf\xa44\x17\xb9\
\x17N\xc0\x11\xc8\xcc;\xaa\xb2\xa1\xf1@\xce\x92Z\xd3\
\xb4\xd8\x98\xe9\xc9s\xf0\x9fF\x9a\xfe\x22\xf5\x98\xd9Z\
C\xa2\x0b//o8\x00-$48\x18\x1d\x05\xed\
\xa4S\xa7N\x8a\x1dh\xe6\xe1i<u\xb4\xdc8\x00\
+UU\xe3\xa8\x9aA\xfa\xe3,\xe7\xe1\x080\xbaW\
\xfc\x14\xcbO\xc8Bqn\x9e\xc9?&\x09\xe8\x99\xde\
\xbc\x19j\xa1\xb1\x9b$\x1e5\xfd\xf4\xfdi\xf8\xca\x90\
\x93\xf9\xa7\x80\xa4>\xa5\x11\xbf#\xda\xb7\xecmC\xe8\
dP\xe7=\x0c`\xe3@\x94\xe2<\x11)7\xa2v\
\x06\xb49\xb8A\xe8FS4Z)c\xcc\xcaJ'\
W\xf5\x90\x13t\xb8\x11\x1b\xdb\xd2\x1d\xfb\x14\xfd\xce\x83\
\x81\xc6H\xd8=\xa2\xff\xa9\xafR\xcc\xf6R\xd5\x97Q\
\xe9\xf3q\xa3'?\x0a\xf7-f\x81Y\xde\xa5\xe1&\
%<\xdb\xa4\xd9\xfb\xdf\x04?\xdb%\xdd\xc2I\xf3\xd2\
?^\xdb:\x81\x83\x22G\xcaZ\x80\xf3\xecMW\x05\
\xd4@\xd0\xf3\xd7G\xee\x95\x9bn\xbc\x1e\xde#\xa2\xea\
bl\x94\xf33\xd5\xa4'3EVp\x93\x81M\xfa\
\xcd\x0f>\x93\x8f\x81\xdaO\xcf\xc8T\xbbI\xcb\xcb\xae\
.R\x06\x13\xac\xce\x0c+\x89\x81\x22@\x09|\xff\xb4\
[A\x0e4\x1eB}\x04\xbf[\xe1\xb85\xc7\x0a=\
'\xfc-\x07Z\x04\xffE\x86\xe1\xb9\xd7\xde\xd6M\xf2\
b\xec\x15=\xbbv\x96\xf7\xdfxA\x82}\xc8z\x8b\
\xeb\xb0A\x80\x1c\x02KrGk'\xff[\x18+)\
\x87\x8ehG\x00\x8f\xcb\xd1\xa6pk\xbf6\xe8\xab7\
LPu\xd9#\xa4G\x94\x89v\x8a\x7f\x01\xcf\xb0\x1d\
)~\xf2n\xf3z\xb90;!\x9bq\xc7\x80\xf6\xe8\
\x10\xf0\xb0j\xdbl\x19\xf9E3\x06\xdf\xc6&J:\
\xde\xc7\x83\xded\xff\x88\x00\x99\x02\xf1\x8b\x08\xd4\xed\x8c\
,sA\xbd\xbb\xd23\xb6\x02'`\xa4\x91\x8cg\xf2\
\xf2\x92-\x000\xa2d\xa1@\x9d\x0bLk\x0by\xa5\
\xd1\x09P\x1b\x07'43\xa8\xbf\xa2\x93$\x1b\x08h\
\xea\x0b\xc4AE,\x07e\x18SO,<v\xea\x80\
\xe3\xff\x88\x01`m\x8a\xdc\x02\x5cL\x0d\x91%ps\
sCf B\x86\x0f\x1b\x22\x97\x8c\x1a)\xd1`\x1e\
l\x802\xc2\xd9\x9f\x01L\xb24\x10\x8c:W\x19\x87\
\x1a_<\xb4\xb2\x0cpY\x7f/\xebs\xfe\xf8{\x9d\
\x18\x81\xa2F\xd6\xd83s8\xcaW\xecL\xd1\x96\xbd\
\xfa\xd8\xd8\xb1\xe9\xef\x88\x97%\xcb\x96\xc9bH\xef\xc6\
\xe1\xe7c'\x8ek\x7f\xf6\x19d\x01\x98\xdegDf\
g\x09\x9c\xd7~\x13\xcc\xd3(\x80\xf8Xv\x0b@\xb4\
\xdf\x10\x86\x9as\x92\xd3\xd2t\xb8\xd4\x89!9\xe7\x22\
\xec\x08\xd4\xfe\x83M~3c\xdd\x0e\xa5\xc0\xe5=s\
\xd0(\xf5\xcb@i\xa8U2\xadkw\xc3L\xaf>\
\x0fEhX)v\xfc4\x0b\xb5\xfa/6$ ;\
jl8\x1fC(\xa2\xfeA\x00\xd6\x85\xe3{e\x1e\
\x0b\xe7\x01\xa5{\x17\xe03X\x9b\xb7\x0f\xda/\x82\x01\
\xbf\xf9\xe0\x0d\xe9\x836\xbdz\xc0\x84\x94\xe5\x04\x98\xf7\
\x9a\xab\xf9\x056s\x1f\xd8!\xff\xef\xbf\xaf\xc8\x0c\x94\
\x04\x98e\xa2]\xe79h\xef\xe9\x10\xd8\x8a\xb7\xec\x00\
\xb8\xfe\x9a+\xe4\xa9\xc7\x1f\x94\x96\xe0^9k=\xaf\
b\x9f\x0f\xde\xcf\xb9\xfc\x1d\xcey\xcf\xe3OA\x87 \
_\xedlhP+\xf9\xe4\xcd\x17\xa4K\x87\xf6r\x00\
\x00D\xa7\x0c\x00.\x89\x01\x17\xfe/\x07\x11\xdc\xb3?\
m\x94-\x00\x22\x9c\xd6\x08Z\xe0\xe9\xba\xc9\x9fGu\
\x93\xb6\x88\xa2\x09\x84\xa8\xeb\x07=\xdb\x15\xe8\x9b\xff\x18\
\xe2?\xbb\xb3\x8c\xf4-W&\x9d\x80>H\x97\x8fG\
}\x8b\xba\x01F/@d\x1f\xe4 I\x86\xb4\x1c\xef\
\xb1\x15\x99\x08\x02\xbc\xaas8\x00\x84\xe1\xe2\xe6\xc0\x0e\
\xd4\xde\x9d\xd3\xc0\x1c\xc1$|e\xe9V\x05j\x12\x9d\
\xca\x89\xd2\x06\xc0\x96\xc1\x98\xe4\x01\x00\xba\xd4\xc6Q`\
X\xcc\x86K\x87\xea0\xb2G\xfb\xd11\x90|0W\
\xb9\xc5\x8f\xc0;?\x01\xa1\x0d\x95\x16\xd5\xc3Y\x9d\x8b\
\x8b\xc1\xa4\xe5\xd4Q\xc3X\xbb\x83e\xb0e@\x80t\
\xec\xd8Q\xfa\xf6\xee)\x1d;u\x94\xa0\xa0`-\x15\
4\xc0\xdf\xed\xc5\xac\x090S+p\x18^\xc7\x9e^\
B}L?\xdd\xaa\xd7\xda\xe3\xf5\x87\x1fP\x1b3\xa7\
\x1a>S\xa7\xa0\xc9>\xf1\x8b\x91;ERr\x0e\xe7\
I\xc6\xfetILH\x94mq;d{\x1c\xf84\
\xf6$\xc9!\x10\xf6\x1c\x83\x1a\x1f\xfb\xa5\xcd\xbc\xb0J\
O\x9cQ:\xc9\xcc\xbc\x22w;\xa5a\xc3\x11\xed\x87\
\xfbz#\xd5\xdfD\xeb\xc9\xb43\xfa\x89e\xa4\x7f\xab\
\xe1N+~J+\xfa\xa4\x83\xbc\x15=\xffD\xba\x1f\
<\x82z\xb0\x15\xe0\xf4\x0b\xf7WR4*\xa5\xd6e\
\xe0\xb7=\x00\xb4\x01I\x08\x8c\xa8\xf4\xba\x16\xf2\xbe\xb6\
\xa6\x0d\x9fY\x1fD\xff\xac\xa9W\x05\x87\x01\xcb\x01\xd9\
\xc8\x92,\x00S\x223\x9d\xca\x1fc\xcd\x91\xf6m\xa2\
\xe4\xad\x17\xfe%\xdd:\xb6-\xc8\xfe8=!\x9b[\
\xa7(h\x9av\xe8g<\x8f-;v\xc9\x7f_z\
C\xe6.\x5c\x02G\x14\xa5\xe8b\xd2.\xdc\xc0\xbbv\
j\x87\x1a\xfe\xbdr\x05\xc0\xd5\x86\x13\xa0d\xb7\xe6$\
\xe6\xf4\x9a\xd8m\x90\x08~L\xf6\xa5\xd0i9+^\
\x9e\xcd\xe5\xad\xe7\xff!c\xae\xb8L\xbe\xfb\xee\x87\xc2\
\x0e\x80\xb5t\x14\x07\xf0\x0e\xd2\xcc3A\xa3\xc8T\x0a\
/\x92\x00\x96\x87\x87w\x95!\xd0\x07\xd0\x1az\x1d\xcc\
\x0b\x15\xf5p\xf3\xe1\xc9S\x04\xe2\x93\xb5H\xe9\x81,\
\x888N\xfe\xaf\x09&F?\x00\xfc\xc6A\xd9*\xca\
\xa7\x99>0f:\x16\xefJ\x93/\xd6\xef\x92= \
\xc1\xe1\xb0j\xeb\x08\x04#n\x80\x06v\xe7@o\xcb\
\x18Xi\xbd\x8a/\xbfJ\xbd\x93\x13\xe9]\xb4.\xce\
\xdc\x9a\xa4\xce\x00o(\xb4Es\xb4\x02\xa2\xc6\x85\xf6\
\x22\xb3\xb6\x1d\xb1O\xa5>\xabBo\xb6\xe6\x05\x8d0\
7{*p\x1dE\x1a\x8b)\xb4\x830\xb4\x14\xbd \
\xdb`.\xbe\xe8\x10\xd8\x98\x01\xb3\x8e\x0aOfz\xd7\
\xf4z=\xb0\xe9\x07\xb4l)\x91\x11\xe1\xd2::J\
\xda\xb7k\x872A$\x14\x0b\x034c\xa0\xe5\x0aF\
\x05g!ml\x91X\xe9\xb5\xdb)\xb2\x0a\xdd\xc8\x1f\
o:\x9fF\xc0\x11\xa9#\xcaWe4D\xf3\xfbR\
\xd3d\xfb\xb6\xed\xd8\xf0\xe3$1q\x8f$'\xef\x93\
\x8c\xcc\x03r\x14\xf30\x1f\x94\xa9\xa4\xe3-\xc0\x01\x14\
8\xa4\xf6}_\x0c\x0e|\xf2k\x10AN\x14\xbf\xa3\
\xae\x8fT*y9\x0a\xaf\xb5\xf3e\xb4\x0a\xb2\x98\xc7\
\x19\xd1\xa2\xd7};\x02=U\xc1\xc3=\x91\x9f\x9e\x92\
\xbf\x97\xb7G\xd7\x14R\xe6u\xd0\xcc;\x0d\xb4yf\
\xa4\xed\xe5^\xf5\xfd\x160\x18B4\xcd\xd6*j\x8d\
,\x0d\x03#v^\xd8\x1b\xb5y\xb3}W\xe5\xcd\x09\
 \x1a\x87M#O\x02\xe5\x83\xf7\x82\x97\xc5\x98\x19v\
?A/\x01\x9b\xf2\xdf\xff\xf4\xb0\x84\x87\x06\xe9~\xe9\
\x9c'W\x22 \xa5\x10\xb6\xae\xc0\xc2\x01\x98\x7f\xd5\xd3\
L\xe9\xca\xb5\x1bT/`\xc9\x8a\xd5:?\x0b\xe6\xa6\
\xf5*|\x0e\x81|7M\xbc\x06e\x87\xfb\xd0\x92\xd8\
T\x1d\xd6\xe2\xee\x82\xefe\xd0\x9b\x98\x9c.\x0f<\xfe\
\xa4,]\xb9FOB\xf2\xb6\xff\xfe\xbf\xbf\xc8\x140\
\x0b\xde\x03\x9e\x80B\x19\x00{h\x18\x14s\xe3|a\
\xd1&9\x04N\x00\xfd=NHT(\xebBv{\
\x5c\xdd\x9d\xf2vQ\x04\xdc\xc8\x98\x1c\x0bP\x13\xfa\x0c\
\x1b\xfb\x81#\xc04\xa8y0\xf2\x96}\xa1o}C\
\xcf(\xa8\x1ezh\x0a;\x0fQ*)\x82\x7f\xc0D\
R\x12\x06\x0cxs\x002\xc8\x825\x0e\xe2B\xac\xcb\
h\x94ZK\xab\xc2\x80O\xea\xc97`\xb7\x22h1\
\x03\x94\xc0\x9c\xd8~\x00\x1c\xd1\x01h\x03\xb9P;\xbd\
^\xe3\xcf\xc6\xc1\x85~n_,7y\xa6\xb1\xe8\x10\
\xf0\x8b\x0b\x962\xa3\xa4\xbb\xa4\xee@\x06hG\xa9\xe9\
@g\x81+\xda6\xac\xce\xe9W\x83\x1bh(\x8d\xa1\
\xcdM0\xa1\x97\x97\x97\x04\x07\x07J\xc7\x0e\x1d\xa4k\
\xe7N\xd2\x16\xdd\x05\x01\x01hW\xba\x00D\x19\xea\xe8\
\xc1\xb9 \xad\xb5\xb5\x0c\x99,4\x00C>@'\xf6\
\xae?B\xff\x1a\x9f*\xe7|\xa0]\xae)\xef\x95\xf0\
1+\xb8\x04\xcf\xf4\x82\x8b\xd4\xf9;\x80(\x7fE\xcc\
jY\x84\xb4\xfeV\xb4Z\xe5\x1c>,G\xf2\x8e8\
6|\xa6\xf7\x0b9\x89\x96m\xb3?\x9a\x94\xda\xbe\xe0\
\x0c\x09\xc2\xa6\x11\xec\xe5)>\xf8\xb91R\xfe,\xb5\
1{hJW\x06?\xa4S\xc71\x9f\xca\xbb\x99\x94\
\xf7f\xab\xe6\xf5L\xfb\x13\x07\xc1\xabM\x00U\xeeB\
ld\x19\x08\x8elG\xbc{\xb0\x8f\x82\xffH\x9ef\
;\xd0uu\x89\x98\xc0\xb4>\x94]\xb3\x95\xd5us\
\x1aA\x8c\xec]\x03\x83!\xec\xf6\xe0v\xe1\xca\xb2x\
\x11\x9e[U\x1e?ccME\xc6\xf8\xbb\xb5q\xca\
\x91b\x1b\x19\x8f\xa6M\xe5\x06\xb4\xe9=\xfd\xe4c`\
Plh\xe3J\x1d\x1fmg\x1du\xce:\xcdy\x93\
C\x12\xb4\x1d\x9e\xd2\xbe\xfd\x97\xdf\xfa@\xb6\xc6\xc5;\
p'\xf6\x09\xec\xb9\xd7\x1b\xb4\xc4O>z\x9f\x0c\x1f\
\xd4\x1fuW6\x15\x16\x7f\xd0\xe6Rr\xfa\xdf/\xbd\
\x09\x9c\xc1\xa7*\xf9\xde\x08\xd8\xabg\xff\xf6\x84\xdc|\
\xeb$\x194\xec\xca\xc2\x0e\x80\x9d1\xe5z\x22\x22\xfe\
\xcf?\xacF4\x9ck\xd1X\x8at\x85\x5c\xee\xb4\x81\
\xed\xd1\x1a\xe8Q'E!T}\x89\x1c3E6h\
z\xb7?\x22b\xfea\xeb^l\x9a\xc7-\x9a_\x93\
\x09\xe8\x1f\xe1/Ww\x8e\x80\xe6\x01[\xd3\xeaIl\
j6\x14\x06\xe3!\x8c\x94eP\xa4\x18\x8c6X\x0c\
\x04\x04\xf6Gj\xac\xb6\x950\xe9\x00P\xde\x92\xe5\x8a\
\xbd\xd9\xe4\xeb\x86H\x0f&\xdb\x90\xb6a\xda?J\x0e\
\xec:[\x84T\xbej\x93\xb2\xe7#\xa2!\xe6\x82e\
&\x80\xca\x8c\x99hyI\xc3\xc2:\x00\xa7\x80\xf56\
\xa6\xf2\xd4X[\x0bD\xd1\xc8\xfaE\xe2\xa1\xfa(\x05\
\x5c\xac\xe4C\xcd\xe0\x09\xfb\xf8\xb4\x90\xf0pp|G\
EK\x04\x08/B\x83\x81\x89h\xe1\x03\x87\xc1]'\
=I\xadL\xcf\xae\xf1\x08\x8c.\x84\xe5\xa3[i\x5c\
g\x8f\xbd*\x0d\xc6\x1f\xe7\xaa\x9a\x11\xd0Y\xa3\x8f\xcd\
T~\xe9\xc6\x9d\x82\xa3\x9e\x9ds\x08\xbc\xfb\xbbd\xd5\
\xaa\x18Y\xb3f\xad$\xee\xd9+9\xe8\xd1\xd7z*\
m\xc29F\x92Nj}EV\x13h\xd5\x10\x11\xbd\
\x0f\xa4R\x03\xf0\xe5\xe7\xe1\xaemo\xac\xf3\xb3}\xec\
\x02\xae'~\xa2\x95\xea\xb5\x7fv\x0e\xe0j\x1a\xb8W\
\xd9\xd1d\xd4H\x5c\xd42(\xcfm\x00\x00\xf0\x186\
\x1e\x1e\xcc\xecr\xf3\xbf\xb4]\xb0\xf2\xa7\xd4R\x9cS\
\xc6\xed\x15vG\xc8zG[H\x0c\x17K\xd7|.\
,\xebv\x01.\xaa?\xda\xfe\xbc\x81g\xa8\xea\x83\xe3\
\xc7\xcduGZ6(\x83\xe3U\x83\x86s\x806\x89\
\xc1\xc9\xb4[&\xc9]\xb7\xdd(\xbe\xc0\x06\x14\x87\x07\
\xb0\xaf\xc7\x11\xe0X1<\xe7s\x1aZ\xf6^\x7f\xef\
c\x80\x02\xbf\x95,t\x9e\x14\x97\x05\xf0\xf1\xf6R \
\xe0\xc3\xf7\xdc.\x9eM\xdd\x1d\xb6\xac\xe8}r,N\
 \xcb\xb5p\xd9*y\x0c\xa4@\xc9i\xfb\xa5\x85w\
sy\xf3\xf9\x7fJ\xb7N\xed\xa5\xeb\xa0\xcb\x0b\x88\x80\
\xce5~g\xe5yd\x00\xb8\xd9\x1cGk\x1d\x0do\
\x00\xbc\xe1;\xe0\x00\xf4\x04K\x1eSEu\xb3>t\
\xae\xbfJ\x87\x86\xbc\x00sA\xfbKv(\x93&2\
\xd3\x9b(\xd1\xbe(\x07\x5c\x09\xf2\x9fh?O-y\
\x90\x18\x88BA\x07\xc0\xbcg/\x8c\x81\xe8\x80\xa0\x13\
\x10\x0c\xd4\xaf\xfd\xde\xaa\x9eXe\x9f\xcf8$\x94\xb6\
\xfc\x00e\x80m\xa0\x04\xa6CB\x15\xb1\xfe\xd1\xc1\xe8\
u\x0d\xd4Z\xa5\xb9\xb3\xda\xf4\xdb\x0b\xb34\x16\xba\xaf\
\x12.\x8b\x0b\x8a-HLK\x12?p\x00\x8eZF\
\xee\x11\xfd\xce\xf2\x01\xb3\x06zW\xf6\x0en\xdd\xa5\xbd\
\xc0.\xc0\x184\x82#\xe4\xd6\xc4]\x9d\x02oLt\
?_?\xf1\xf3\xf3\x13_\xf4\xcd\x06\xa1\x5c\xd02 \
P\xfc\x90%\xf0C\xd7\x81\x87{S\x80\xc0Q\xcaR\
\xaf\x91\xc8p[d\xe3\xfc\x88\xe4\xca\x9e+\xe7\xf7+\
l\xe0\x9e\xbd\xfb\x92\xba\xd5.\xf5pcO\x03b:\
1q\xb7\xc4!\xbd\xbfm{\x1c\x1c\x80\xda),\xb5\
\x00\x00 \x00IDAT\x04IOO\x97\xc3\x16\xf7\
\xbe5Y\xac|\x9f\xd9\xc0\x094m\xea\xd6\x04\xcf\xde\
M<\xc0\x9f\xe1\x8d\x16_O\xac\x17\xf7\x06\x17\xa8\x1d\
h\x8c\x94\x7f\x03\xcc\x09{\xd37#X\xdc\x84u\xfe\
]\xc1\xcf\xb5\xb9\xe2\x5cy\xdav\xbb\x18\xfb\xfe\xf7C\
6v\xce\xe6\x04m\xe3e\xfa\x99\x192\x02\xa4\x19\xe0\
1\xe0\xa9\xdb\x87\xed\x08\x8a,\x04\x16\xeastp\x11\
\x03`\xeb\xc0\xb4B\xc9f R\xffQ\x10V\xb21\
^U{?\xa6\xf4@\xaa\xf4\xd5\x89\xc9*\xdes\x12\
A\x8c\xed0\xf9\xb6\xf0\x96\x9b'\x8f\x97\xdbn\xbcN\
\x02)\x94\xa6\x8a\xa8\xc5_\x81:\x8f\xfc\x93U\xae\xe4\
\xb3\xd8\x84\xfe\xfd\xff\xbd\xfa\x8e\xcc\x9e\xbf\x18\x99+v\
\xe2\x15\xbc\x97/c\xe03\x08\xba\x04\x7fz\xe8\x1e\xe9\
\xdb\xa3\x0b\x09\xd6K\xbc=\xc5-\x80\xae\xfa\x9b\x1f\xe6\
\xc8\xec\x05K\x10 E\xc8\x03\xa0\x14\xce\xcb\xce\x91\xbe\
\x97\x8e;\xb7\x04\xc03\xb1V\xce\x94\xd7\xe2\xf8\x14\xb4\
\xd3m\xd5\xcd\x93\x0b\xa11\xd2\xb0T\x85\x1a\x0d\xa5=\
\xa6\xc6U\x0c\xa1\x06\x0e\xb5\xd1\x8c\xda*\xf1Y\x1c\xe8\
\x83\x10:\x9a\x0b\x07\x80\xf5\xa2\x03\xda\xf3o\x8efH\
\xed\xf7\x0c\xf1\xd54\x7fk\xa8%\xed\x02\x19\xd2\x17(\
\x05\xb0-\x90u\x14\x0eo\x0b\x18\x8c1p\x12\xae\x01\
n\xa0( \xd0~\x80E\xbd\xb5J\x5cn)o\x05\
\xe0\x05\x91\xff\x07Hyi\xdb\xa2\x05\x04d'\xc0`\
d\x01\xbc\xe0\xf1\x9a\x14S\xf5|zu\x9eU#}\
\x82bP&\xd0\xcc\x00\xd2\xb5T$\xcc\xc6\xb3J\x07\
1\x15\x15\xca\xc8\xcd\xcd\xfeY{\xcak\xa5\x8d\x91\xbd\
\xf5^\xe3\x94\x9a\x9a\x1c\x17\x0a\xdb\x0d/\xb62\x05\x1e\
h-\xf4l\xde\x5c|\xb0@\xdbDCF\xb9CG\
\xb4\x1e\xb6\x11\x7f?dN.\x868\x08g>\x95\xbe\
\xac\x93\x9f\x9b\x99\xb6\x07\xd5\xca\x1e\x94\x02\xc0)q\x9c\
J\x01&V\xe7\xd8\xd6\xf4\xb9\x9d\x9f\x8f\xf3g\xabT\
4y\xd2\xf9K;\x15j\xbd\xc0^?\x8e\x88\x9a\xfa\
\x1d0\x9eg\x11\xc1\xe7\xe5\xe5\xca^p\xa7s\xc3g\
j\x9fQ~:\xd0\xd3Y\x07\xb3\xf0\xb7<E<\x13\
\xb5o\x1fE\xd7\x22\xa3\xb3\xe6\xe0[\xef\x18\x16$\xad\
!\xf9\xddT\xeb\xf8\xb0s\x9aMB\x05A3Kf\
\x0b\xaf\xeb\x1by\x85\x9f%\x06]\xcb\x88\xb8g\x0a\xce\
\xc4$\xa4\x80*\x17\xd1?\xee\x9d\x82o\xe3\xbbA\xf4\
\x076\xce\x1b\xb6\xbd\xaeD\xff%=\x0b\xee<l\xdf\
\xa68Z,\xb2\xb5dI\xe5A`f\xef\x08\xb4\xfd\
\x01\xf8\xd7\x0c\x8c\x8b\xd5\x12\xa4\xda\x17\x85\xefy\x98w\
\xa4P^\x83\xb1,\xb0A\xe0\xf6\xf7\xf7\x03q\xcfU\
r\xf7\xedS\xc4\x1f6\xc7\xce^\xf2\x1a\xedkrv\
r\x1d\xd7\x89\x93\x10\xbb\xb6h\xf9*8\x01o\xcb\xaa\
5\x1bL)\xc0\xe9\xa13\x08\x0c\x0b\x09\x96;\x91e\
\xb8m\xf2Du\x5c\x8b#Q3o\x81U\xc3\x1ev\
\x08\x8eq2\xb2\x0b\xcd\xe0\x00\x07\x07\x05B\xa1r\xa3\
\x0c\x1d{}\xf1\x0e\x00?\xccp\xcf\x1f\x97g\xe6\xac\
\x97\xed\xa8\x151e\xc4\xf43#\xe1[\xfb\xb5\x95@\
t\x05\xf0\xe4\xd5K\x11\xe1\xfc\xf8\x99\xbe=W\x0a\xd1\
\x95\xc5`\xdb\x5c\x0e\xf8aL\xf8\xd9p\x00\x18\xe5g\
\xa2\x86n\xd3\xd9\xba!\xe5\xc7\xfa\x17)\x80\xc3Q\xff\
[\x96\x98\x0e\x99\xe1\x04I\xc1\xc6\xc3\xab`\xad\xa95\
2\x04\xd7\x03\x10\xd8\x1b\x19\x035\x18\xae|x\x95\xbf\
\x06\x1e\x1d\x22\xe2O\xd0\xdd@J`R\x18\xd3\x8eF\
\xc0k\x1f\xde!\x5cBZxR\xa8\xaa\xceV\x01\xca\
3\x1c|^|>\xec\xca8e\x81\x09\xe9\x0c\x1c@\
\xa9 \x03e\x02:\x03\x14\x7f\xa2\x97\xab<\xec\xf4\xa6\
K\xd8\x94m\xa0\xce\x05\xe8\xfdf$\xd8\x0c]\x06\xcd\
\xb10\xfd\xd0\xc7KPa\xd7.\x9d\xa5c\xfb\xb6\xe2\
\x8fL\x01\xcb\x06\xac\x05\x13NV\x90\xa6+\x9c\x06>\
\xf7>\x9cS\xc5\x85\xffZ8EL+\xcc\xa5C'\
M-r\xa1z`y\xc6\xe7|}\xad\x19S\xf3\xc5\
V.\xc7*\xc7x\x10\x11M2\x9e\x93\xc7\x8fJf\
\xc6\x01I\x00\xe5\xee\x8e8\x10\xbb\x80\x86\x97r\xba\x07\
\xd17\x9d\x9b{XN\x80\xa1\x8f\xafs\xde\xf4\x8b\x1a\
A\xe3c\x148k\xec\x1ei\x8e\xe8\xbf\x15l\x17e\
w)\x0d\xcbT\xbfr\xa2\x1b\xcb\x5c\xec\x90j\xdf\xb7\
\xfd\xcc\xce\xd7A\xb7\xae\x9bwx\x08\xeb\xe6;\xb4\xfe\
\xa5 \xfa7J\xa8\xb0\x1f(\x81\xde\x8e\xf4\x7f\x17\xd8\
@\xca\x13\xd7\x8emsmp9k\x88\xd1\xfa\x82|\
\xffL\xfd\xa3|ho\x90\x91\x10X\x1a\x0c\xca\xdf`\
\x8a\xf5\xb8\xd2.\xec\xdaG\x96\xf8*\xda\x9cc R\
\xa2p\x10\xa5\x94m\x22%\x96\x98|Q\x96\xbc\xed\xc6\
\x892\xf5\x96\xeb!\xf7\x8c\xeb\xd1\xf5nG\xb2\xe6\x8a\
\x9d\x1dU{\xfe\xb2\x14\x90\x07|\xd4g\xdf|/\xaf\
\xbd\xf3!H\x82\x92\xd4\xc6\xd9\x07O\xe3\xd6\xa4\x09H\
}.\x91\xa7\x1f\xbf_\x82[\xb5\x84\x93\x5c\xb2*\xa1\
~\x0e\xbe\xce`q\xd5\xd7V?\xa8>\xce[$\xd7\
\xdc\xfe@\xf1\x0e\x00\xdf`\xb4\x01~\xd5\x0c\xc0\xbc\x1d\
\xc9\xa8s\xb0\xe5@@\x90\xd3T\xee\x1f\xda\x09*Q\
\xb6\xe2[%G\xb0\x8c\xb7\x17\xf6\xc9+\xe3\x9b\x9b\xf7\
r\x90\xb3\xd0\xf2\xc2{\x22\xe1Q:\xca\x016\x00\xa6\
\x09\x22\xc5nA-\xa0\x05\x10\x02\xf4oc\x9d\x5c\xca\
(\xa8\x80@\x94\x0b`,\xfa\x81\x1b\xe0:0\x04\x86\
\xc1IpN\xcdT\xef(8\x9d\x1d\x1fJ`\xe3\x97\
pN\x98\xc9\xd0\xc9\x8f[c\x0ds\x044\x01\xda\x07\
\xa2?T\x8dY\x8d]Q5\x7f\x90\xf5\xdct3\xc6\
\x06\xa1 \xc23\x8a\x11 \xf3`.6\x82\x5c\x8c\x01\
\xcb\x06\xb9\xa8\x01\x12\xefA0!\xa5M\xe98\x14\xee\
\x88(\x18\x14\x9b\xcc\x83\x9d\x06\xc4\x10\xb4\x80VA\xab\
\x96\x01\x12\x12\x1a*\xa1\xfc\x02\xc0\x90]\x06\xde\xde(\
\x17\x80\xba\xb8)\x16\x5cC\xa4\x89\x95@F\xdd^\x5c\
\x17\x07\x1e_\xf6\xd2t\xde\x80\x0ao(\x95\x99\xb7\xd5\
<\xbc5qz\x0e\x93\x8e\x97\x89d\xd4\x0e\xeaw<\
K\xac\xad\xdc#p\xe6P\xb3?\x80\xb4~JZ\xba\
\xa4\x00\xbd\x9f\x9a\x92\x22\xa9\xf8\x9ey \x0b\x9c\xfb\x87\
$\x17Q\xfeI\xd4\xaa\x0bG\xf6&\x15\xcbqo\x80\
\x0c\x8e'Z\x9c\xfc}\xfd\xc1\x1b\xd1P2\x0edH\
FF:\x9c\x04\xd3\xdeg\x1b[\x1aa:w\xa4\xd0\
&c_0\xf0L\x81`8\xe5\xbf\xf9{}\x9e\x8e\
\x07j\x9bN\x93Ur\xa4\x86jb\xcc\xaa\xe134\
\x93\x8a\x9bc\xc4\xba\x0a\xd4\xb6\xb6L.\x11\xeb\xa3\x81\
\xfa'\xf3i\x00\x98\x0c\xeb\x9a\xe9(p\xa0\xed\x0e\x86\
\xb3\xb2:)C[\xbc\x13\x0f\xe4*E/\x0fO\x00\
\x84\x07\x81\x15\xb5c\xb0\x1f\xc8\xebX\xde\xab\x86A,\
\xe6\x94\xb4\x06l\xa3\x5c\xbe3\x09\x1c\xfe\x07Q\x0e\x00\
&\xc0\xda\xe7\x03P\x82\xbci\xd2x\x99<\xfej\x09\
\x81=a \xe9\xecg\x16\xe7\x00\xd8\xee1\xc9\xa9\xde\
|\xffS\xf9r\xfaL]\x1f\xce\xb6\x86\x9dk\xbd\x91\
\xfe\xff\x7f\x7fzH\x86\x00\x0cx\xd6\xd1\xc6Zr\x10\
\xc4\xcf\xfa\x05Y\xb2\xa3\x87\x0e\xca\x8f\xf3\x17\xc9\xad\x8f\
\xfe\xbdd\x07\x80\x89\xef\x0bq\xa5\x94\xcb\xfd\x08\x829\
\xfb\x11-\xf3\x02\x08\x98\xb9\xb9o[\xb9\xac}0\xc4\
u\xaaW\x1f\x9a\x0b[\xdb\xf45-loj\x95_\
\x88\x1c\x08\x96\x00\x16\xa1\xedo\xf6\xf6$I;|L\
\x1f+?\x8f2\xc0\x1dZz)\x10\xa61\xee\xf5\xfb\
-{\x91j\xa7D2\xf9\xc1\xeb\xa9c0\x1a\xf7~\
\x0d8\xb2\x09\x22\xac\x0d'\x80\x0e\xcb\xac\xad\xfb\xe4\xab\
X\xd4=\x81\xe0\xe55\xb0\xf6?\x04\xa8W\xa6\xbf\x98\
\xa9\xa9\xa9\xc9_3K\xcc\xd9\x10\x17\x98\xe2_@P\
~\x1a)\xfb\xd3H\xff\xe5\xc3)\xa2\x82\x17\x1d\x00u\
\x0e\x90\x9a\xa3cp\x04\xcafyp\x12\x08t\x22\xa7\
\x85y^E\x17\x891\xfa\xec4 \xc7wSd\x07\
< \xf8\xe1\xdd\xa2\x85:\x06\xde\xe88\xf0\x837\xdf\
\xb2\xa5?\xbeZ\x8a?\xf8\x09\xf8\xeff@\xfd^x\
\x11\x22H.jniL\xd5)\xe0\xcc\xde\xf0\x0b\xb8\
\x09t~Y\x0f\xa5\xc0\x977\xa3W-i\xca\x9a{\
0E>\xa9\xc0\xd9Q\xe3f\x7f\xb1\x01\x83_g\xf1\
\x9c\xa0\x9c\x97\x0a@\x12\xd3\xf8\x89\x89P=K\x05\xe7\
96\xfa,\xb4\xe8Q`'\x0f\x7f?\x8a/\xf2\xf0\
+\xdf~\x91\xa4\xbcsT\xdf\xaci3\xb4]EJ\
\xdb\xd6\xedQ\xdfl'\x81-\x83\xf0\x1c/\x96\xb4\xfd\
)\xb2q\xcbz\xe8\xafoD\xe6 \x09\x8e\xc6\xc9s\
F\x84\xac\xa6\x14\xea\xa1\xf3\xdc\x12\xad\xb4\xa1\x88\x1e\xfd\
\xc1\xfd\xd1\xf0\xc2z\xca}_4\xe3x\xbe\x81\xfd\x8a\
\x9b\x02Y\xc0\xd4\xcc\xdc\x88l\x0ak\xff\xe4F\xc1\xe1\
\xd7\x14\xd8.\x90\xa3\xf5\x834qC\xa4\x93\x8b\xc7=\
\xd4\xfc\x84*\xe4\x87YWEL&m\xde{\xc0@\
\xad\xde\x93!\xc7\xd8\xbe\x88u\xc5g\xd9=\xbc\xa5\xb2\
\xa2\x92\x92\xb9\xc6\x0f\xec\xf8\xc4,Q\x1feK\xf2~\
\x0d>\xec\xf9\x12\x08\xbb1\xfe\xea+\xe4\xd6I\x13$\
,0\xe0\x1c\x9e\x00\xe7\xf9\xec|\xdd\xc4\x15\xc4l\xd8\
$\xcf\xbf\xf6\x8e\xcc_\xbc\xbcPW\x00mF\x87\xb6\
\xad\xe5/P%\xbcf\xech\xf9\x15\xf6\xad,\x7f\x87\
\x9fs\x1a\x98\x82\xc3p\x8e\x7f\x00\x1e\xe0\xee\xbf\xfe\xbb\
d\x07@\xeb\x13p\x19I\xa2\xc3,\xc0N\x94\x01\x94\
\x14\x08\xa9\x8d~\xe1~2\x15\x13\x86\xda\x00\xce\x1b`\
Y\x17P\x9e\x87\xc2\x87O\x0f\x95\x1e^c\xf0\x16G\
\x83\xcfYQ\xdcU\xe1\x89[\xa9e\x96\x03\x16\xc7\xa7\
\xa1C`\xaf\xa4\xc0\x09\xe0g\xd2\xdf\xe0\xc6O\xa6\xc0\
\xe1\x90\x12\xe6\xfd\xcd\xd8\x04\x95,\xd4\xdd\x99\xb6e\xfd\
,\xd8\xcb]\xae\xe9\x12\x0e\xbd\x80Pc\xbcMAS\
'bM\x1d\xab {\xfc\x118\xafwa|\xf8\xac\
\x98\xee\xa2\xe0\xc5`\xe8]S\x88\xa4X~\xe8\x9a\xba\
\xb8j\xf8\x9c\x02c\xe0\xec\x00\x16\xa4\xd3u\xbe\xaa\x96\
\x85\xddrh$N\x15X\x88yD^m\x96N\xb2\
\xd1\xd6z\x08\x8eA\x0ez\xc1\xcf\x10\xb8\xe3HG;\
?;\x83\xe8U\xdabR\xbbZ\xd4\xc5\xee\xe0\x1cp\
\xc7\xa6\xdf\x14\xc8[:\x06T<\x0c\x0d\x0d\xd1\xaf`\
0l\xf9\x81^\xb3\xb1\x9b\xbb\x82\x0b\xd5\xcb\xc7\xb9\xeb\
\xfd\x0a\xbc\x82F(&\xfbd\xdf\x87\xba\x0c\x8e\x8f,\
<o\xceg\x87\x80\x9b&\xd7\x02S\x96Z\xf7\xc4f\
J\x14\xfe\x89\xbc\xc3\x92\x80\x0d?\x16t\xbb\xb1\x9b\xb6\
JRR\xaade\x1f\xc4\x86\x7fX\xd1\xfa\xa7\xf0\x8c\
\xf8\xc5\x08\xc5\xd9A*\xf4\xb4\xad\xb2\x1b\x9d.\xc5\x8a\
\x80\x08e@\xdf\xc1r\xe3\xc4[%\x0cN@\x93&\
n\xe8\xf8\x80j)\xd6\xc2)\xf4Q\x1f\xce\xcd\x91\xd4\
\xf4\x14\xd9\xbam\x93\xc4\xac].[\xb7o\xc6g\xc0\
\x11\xc0\x1a6\x84?\xb4&&#\xd0\x08\xd9\x1dO\xd4\
G}\x81\x13\x88\xf6m\x86R\x9a\x874F\xa9Hs\
\x16v\xc8\xa6\xe9\x06N\xee\x9a[\xe7U\xb3\x94\x8c\x83\
\xcb\xaf\xb5\x10\xfdY\x01\xda_f\xcf\xccq\x16\xc1N\
\x08$\xd0\xa3\xa5%: \xea\xf4\x81a\xa7\xd3B\xad\
\x97\xd9\xdb\x92u\x1d\xdbe\xbfp\xec\x0f\xc3\xc0\xf7\x1f\
\x88\xe7\xe6\xdco_\x93\xf7\xc3\xd2+\xc5\x94\x88\xaf\x88\
K;\xe0 \xd1\xab\x0f\xaf\xc5\x1f\xb6a\xdc\x95\x97\xc9\
\x83\xa0\xf2\x0d\x0a\xf0\xb3\xf6\x8bs\xaf\xce\xdeJh\x1b\
\xf8\xbc\x8e\xc2\x09\x9e\xbbx\x99\xbc\xfc\xc6{\xb26v\
\x8b\xb1W\xf8\x1bmS\xff^\xdd\xe4\xa9'\x1e\x94\x01\
P]\xfd\xd5)\xd3U\xd2=s\xce\x1fC&\xed\xe8\
\xa1\x032c\xfe2\xb9\xff\xe9\xe7Jv\x00x\x12T\
U\x119\xfd,o\xad\xd8&K\x10-3\x15\xce%\
\xc36\x99\xfb\x87v\xd6>z\x82\x05\xabc\xfb#\xb8\
\x8d\xbc\xf7\xdf\xa0\xdf\x9d^)9\xf9{C\xc8\xc7\xbd\
\x91%\xe9[\x05O\x96\xeb\x9a\xedg\x0bw\xa6\xca\x1c\
\x94\x04H\xb3kS\xd7\x92\x0f\x9bLX$\x02:\x88\
\x8d\x83Y\x00\xeaL\xd3\x1e\x10Y\xda\xa1%\x90\x9e \
\xcch\x8f\xef\x06\x89^s\x0e\x00\x03|\xaa6\xbe\xbd\
b\xbblL\xc9\xd2O\xe6\xc4\xe8\x18\xe4'\xc3P\x06\
`\xefri\xf5\xf0*\x18\xbaZ<Eq\x19 k\
\xeci\xe4,\x83m\x92\xb6&\x02\xb7\x81\x85\xf9\xc8\x14\
\xb0\xe5\xf0\x18\x1c\xd9#\xe8l\xc9E\xa6\xe0\x00\x18\xe2\
2\xa1lx\x8c\xc40\xc8\x22\x18\xf9\xd0\xb2g4q\
\x04\xec6h\x8e\xda\x9e\x97\x97\x01\x16\xfa\x03\xf1\xeb\xe7\
\xef\x8f\x96D\x1fd\x0d\x9aK\x0b|y\xa3\x97\x9cN\
C\x13l.M\x90\xa2l\x00g\xc2\x18\xa8\x82\xb4\xb2\
\xe5+\xe8\xa7\xb2vX\x90#<w\xa3)\x5c\xa6\xae\
\xf9\x8d\xa8(\xb8\xce\xcc{^\xb3\x95 \x07\x19\x137\
\xe6\xdc#G%\x07\x1b|2R\xf9\xbb\xf7\xee\x95]\
P<K\x00\x19O\x12\x18\xc9\xf6\xa3\xb6\x7f\x82-[\
,4\xaa\x03V\xfc}\xd2\xf1\xe2\x98\xf1\xab\x05\x00\x9c\
!\x18\xdf\xe0\xe0\x08\xc9F\xcdu\xc5\xda\x18\x10\xfb\xec\
\x95\x91C/\x95\x07\xefyB\xb3\x00g@\x17\xedp\
\x14qJ*\xfa\x11@\x95w$O\xf6\xecM\x94u\
\x1bW\xc3\x01Y\x8f\xebI\x94\x9c\x9cl-\x0f8\xa2\
z\xdb\xb0\xc2\xb9h\x81\xee\x00r\xfb\x87\x01OC\x12\
\xa0\xa6\x00\x93Q\x01\xce\xd4\x1b\xf4)\xd5\xe2\xfc\xaf\xf8\
G\xe7\xc1\xd6\xcd\xd9\x84\xe7\x00\xda_\x9b-\x8fbg\
\xf7\x0e\xee\xa8\xca\xa7\xac\xfd\x97\xf08*\xfe\xa1U\xf5\
N\x0c\xfd/\xd8\xc0V\x22\xf0a\xcf\xff>\x0b\xf5\xcf\
G\xc1\xd4?\xbb\xa0:!\xf5\xdfX\xf9\xfe\xed\xa3\xe6\
l\xb2=\x8fhs\xc8|\xba\x02-\x96\xd4F\xa1\xbd\
\xb1{\xa2\xd8\x1dp\x1d2\x017\x02\x1c\xd8\x1a\xad\xca\
\x9c\xdfe9\xfb\xdco\x0f\x1f9\x223\x7fZ(\xef\
}\xfa5\x94\x03\xe3\xd5~\x90\xd3\x7f\xd2\xb5ce\xd4\
\xd0\x01j\x83X^+\xee(\xc8Z\x19\xa7<\x17\xa0\
\xd9\xfc\xa3\xb9\xf2\xf5O\x8b\xe4\xb1\x7f\xbcT\xba\x03`\
o,\xb3Pk\xa6\xd7u\x90\xdd\x00\xb0@\xdc\x80H\
\x08D&=oh\x03T\xc7q\x1c\x037\x0f\x9e\xea\
;+wh:%\xcc\xbb\xa9\x0cE\x9b\xdb\x98N!\
H\xd37\xb0\xfa\xc3\xed(\xaar\x0f\x9a`\xb2\x95H\
'\x11\x18H\xde\x03\xaa/\xf1`Z\x89b\x18\x14\x06\
:\x80{\xdf\x05\xe6'F\x95\xb42D\x98\x0e\x89j\
\xa5x\x00\x7fl\xb8\xceFA#\xbdj\xac\x0d(O\
\x03\xae\xf9\x8de\xdbd)\x08\x9b\xb8\xd9\xf3\xf3B\xe1\
\x05\x0fE\x19 \x9cm<\x95\x1b\x92\xeax\xa4\xb5|\
N\x13\xed\x19\xdb\x8d\x08\x10\x9b\x03\x93fG\xc0\x91\x9d\
\x99\x95#\x87\x01x%C!\x1dBv\x1e\x1cCv\
\xe8$\xa2Q\x13\xc9\xda\x97^8K`\x9dQ\x178\
kr\xd4,pC\x14\xea\x0e\xf68f\x0b(v\xe4\
\x8d\x9e]/|\xf1;\xfbw\x99%\xf0C[\xa2\x17\
2\x08\x94\xf8t\x073\x17y\x0a\xea\xc1\xa1`d\xca\
k+\xc0\x17\xd8\xf3\xc8r\x16\xf4\xf2\xad{\xd0\xe7k\
_O\xc1u\x19\x83RP\xc7v\x0e^\x8b{\x00\x85\
\xff^\x10{\x17\xcd\xec\x99\xd7Y\xeb\xcd\xca\xc4\x19\xc7\
\x05\x19\x17l\xf8G\x90Q\xc9\xca>$\xfb\xd3\xd3$\
y\xdf>\xd9\xbb/U\x99\xf7\xf6\xa2\x8ey \xeb\xa0\
\xf64\x9f@\xa4o\xb7\xd0\xda8\x00;\x85\xc8\xcf\xa3\
Al\xd6\xd4M|\xe04\xf9\xa2\x8d3\x00\xed\x9a\xfe\
(\xb5\xf8\xb0\xa5\x13\x80\xcd`\x94d\x02ZF\xc8\xbc\
\xf5q\xf2\xca\x07\xef\xc2\xa1\xd8!}{\x0d\x90\xfb\xa6\
=\x22\x9d;uC\xb9\xc0\x08\xc0\x14\xacE\xb3\x08\xe8\
T\xd1\x11\xc8E\x16\x22)\x094\xaex\x1f\xb3\x01\xdb\
\xe3\xb6\x00s\xb0\xcf\x01$\xe45\xe9\xf5\xe1\x7fl\xad\
\xf5\x04. \x10\x0e@\x08\x94D\xc9)Or\x99\xba\
\xbc\xf9\x93\x94H\xbb,\xac\xc36\x01\xb4\x0d\xac=S\
^v\xe1vp$P\xf2\x17\xaf\xe1\xefF\xb6\x0d\x84\
J*:a`\xc3\x0a\xdeY\xcbK\xb5\xc8\xc7\x9bL\
\x0d\x82\x1ed;?Z\xb3C6\xa5\xa2\xce\xceN \
\x5c0\xd7\x1d;\xa0\xfaB\x0b\xa5\x05\xd6]M\x00\xff\
\x5c\x19\x9d\xfdPk]\x0f\xcd\x80\xed\xd0Dai\xd2\
\x1c\xf5\x909\xf4\x92\xab.\x1b!\xb7\xa0\x8f\xbfC\xdb\
h\xedP*\xc6\xfd\xd55\xcc\xc3\xfc?pkh\xdb\
\x8bY\x1f+\xeb6\xc4\xea\x9a\x1b\xd8\xb7\x97\xf4\xeb\xd5\
\x1dv\xa6I1\xef\xb7\xe6\xbd\xe3\xfd\xe6\xd3\xd9\x0d\x90\
\x0d\xa2\xac\xd3\xa7\x00\x22\x9f>[\xfe\xf6\xfc\x1b\xa5;\
\x00\xd6g\xa3\x0c\x90+\xff\x9c\xbb\x1e\x9b#\xd2\xe0\x96\
q\xe9\x02\xb0\xdc\xed\xfd\x0dc\x94\x89\x80\xab\xce+\xe6\
\x83\xcdA\xea\xe33\xf4w2=\x7f\x06\x059\x02U\
X\x7f\x1f\x0e*\xe2I=[kV@\x0d0\xd7k\
%?\x9a\x8b\x9eJRT\x0f\xa4\xb3\xb3\x03\xe5\x0e[\
\x04\x89D!lyl\x06\xcf2\x0f\xf5\xe4,l\xbc\
\x8c\x12Yg\xa7sp\x0dZ\x07G\xb7\x0f)\xd4\xe6\
\xe1\xca\x04\xa9\xcck8\xdc\xacy\xbf\xbb2N\xafW\
\x95\xafp\x90\xf4b0\xd2`\x9d\xc1~\xc5\xe8\xa7\xd6\
(\x0b+ss5\xf4^\x9d\xb1\x165'\x01\x83\xec\
2`\x86\x80\x18\x022r1Ez\x18\xc2Ft\x08\
r\x010$Kd>2`\x8cB\xec\x85\xe9\x8c\x0e\
/\xae'\x84\xc6\x89\x0b\xbc\x01\xe6\x0e\xa58\x19\xc9\x12\
7\xe0\x09\x82\x10\x12\x86x \xdd\xec\x0dIQ_\x1f\
(\x22r\xa3\xc3\x86\xe7\x0d\xc7\xc0\x0b\x8eA3d\x17\
\x88G\xa8\x7f\x11p6\x9ae3\xe5/\x9d\xeav>\
W\xb3\xed\xa6\xd8\xa3\x86\xc2Ji;G\xc1\xf6\xbat\
\x0e^m\x83j;\x10\x8e(\x84''\xcb\x9dc=\
\x9b\x85\xa5\x9f\x8c4>\xd3\xf3\xac\xa5\x1f=\x0en\x06\
dN\xb2\x80\xc8\xcf\xc8\xc8@=\x1f\xa0=\x80\xf7\x0e\
de\x03\xa5\x9f%\x07\xd0n\xc4~\xfc\xa3\xc7\x8e)\
Z\xdfQ\xe3\xb4\x9c\x17g\xe7\xb8\x09Zp\x03\xfc|\
T\xa4$\x14\xf5\xd1`\xb4O\xf9\xb5\xf0\x12O\x8c\x0d\
{\xf69\x06MP\xa7gKg#l\xcan\x0d\x9b\
\xc9\x87?,\x90\xff\xbe\xf7>h}\xf7\x83\x1b\xbd\xbb\
\xdcs\xc7C\xd0\x8b\x18\xa8\xc2*\xa5\x1d\xbcOb\x0a\
\x8e\x1d;*YY\x07\xe0\xa4\xec\x96\x8d\x9b\xd7\xc1\xa8\
\x82\xf0,)\xd18\x02\xc6\x7f\xb2\xc6\xb5\x9e*\xa1r\
\xe3g&\xa0}+_\xd0n{\xe0ZP\x1a\xe0X\
[\xdeS]\xf3\xb5\x0ba\x15\xac\xeb<}\xfa\x17\xf9\
v\xddv\x15\xfd\xd1 \x06\xd7\xde\x12\x9b>K\xb9}\
\x90YU{j;\x985\xb4\x06]\xf9\x18\xfb^\xc8\
\x1c\xfa\x11@\x7f\x8b\xa0\xc8\x97\x8b\x0c\x90\xedH2\xe8\
\xa1\xd4/\xc1\x9cv6\xda\x95\xf3V\xe7kx\xcdL\
$\x1eBP\xb1nO\xba\xc4&\xa5\xab\xa2\x9f\xae%\
\x8c;3\x01W\x5c:\x5c\xee\x07\x1dotx\xa8\xae\
\xb0\xc2\x99\xbd\x82ih\xdb\x1a\xae\xdf\xe3\x08Vr\x0e\
\xa3\xe4\x8by\xee\x05\xbb\xe1\x86\xb5q\xeea6D\x87\
\x83\xed\xf4\x82\x9fa\xe7\xb2\xd2R\xd4a\x7f\xf5\xc3\xaf\
\xe4\xf9\xf7>-\xdd\x01\xb0\xd7\xc2IL\x98\xe7\xa1\x0e\
\xb8\x1c\xadqD\xa0\xf3\xf7\xec\x8bg; %\x82Y\
3\xafJ\x07\x80 \xb7d\xb4\xdf=\xb7 V7\xe3\
_\xb5o\xd8Db\x1e0\x18\x93\xa1T\xa5 ='\
\xa4g\xe5\x01:guS]\x93\x94\xa9<\xfb\x94\xdb\
=\x81Ec\x1e\x1ap\x010\x04\xcc\x08\x1c\xc5&\xa0\
\x0b\x08\x07\x17M\xd7@\x1f\x05\xd0D J p\xa8\
\xda\x0f\xcb\xda\xf0\x9a\xa6\x03\x9b\xc0n\x00\xb2\x1b\xf2`\
K\x13U\x01\xfb\x00\x0b\xd0\x00\xd7\xfb\xc7Q\xfa\x088\
\x0c\xb7#\xdc5N\x93)\x19\x9c\xd5N\x02\xe2\x07\xc8\
\xf4E\x87\x802\xc7\xec\x9bf\x86\x80\xadT\xb9\xf8\x1d\
\xe7\xaa\x82.q\xb0|d6\xb7\x92=R\x1a\x00\xa6\
\xf0\xec\xefT@d\xc6\xc0\x13\x0e\x81'\x80\x87M\x91\
5\xe0\xcf\xcd\xf1s\x0bl\x84\x1e@\xb6\xf3w\xecT\
`\xebO#\xa6\xc4\x1b\x01\xa8\x06\x87\x82r\xb4\xac\x87\
\xd7'c\x1d\xbe\xa8\xaeX\x0f}\xf3t\xc8Y\x07\xd7\
\xcfp\xb6,\x1a\xdc\x1a\xe3\xa4F\x0a?02\xfe\x15\
mAg e\xca\xba\xf9q\xdc\x1b\x0d\x0dS\xf4\xc7\
\xb0\xd1\x937\xff8\xbe\x9f8\x8e\xef\xd8\xd0s\xb1\xb1\
\x1f\xce\xcd\xd5\x0d\x9eN\x00\x11\xfaD(3\xcd~\x06\
\xeb\x87\xe7#_\xbaY8\xf8\xb2\xd6\x04/\x83\x11>\
\xb5\x1d\x9a\x92_\x1f\x9b>k\xa1!\xad\xfcu\xe3\x0f\
\xc4\xcf\xdep\x8c\xdc\x1b7\xc1\xeb@2\x86\xeb\xb7\xfd\
\x1c\x13\xd4\x1b\xf7\xe7B\x10\x82\xbc\xfd\xc5\x0f\xf2\xea\xe7\
\xdf\x00,xD\xa2\x22Z\xcb\xb4[\xef\x95KF\x8e\
)\xd7t\xe7\xb9~F\xc6 \xfbP\xb6\xec\xdc\x15\x07\
\x19\xe0\xb5\xb2e{\xac$\xed\xdb\x83{\x01@\xce\x99\
S\x00gf\x00B\xe5\xbfh\x7f/\xb4\xdczI\x0b\
\x00\xe7\x1ah\xff\xb5S\x1bc\xb9\xae\xa0\x86^\x8c\xf1\
\xe7\xd8o\xda\xbb_\xe6mKT\x0an\x8d\xfeQ\xd2\
\x18\x02\xb5?F\xff\x81D\xfe\xb3\xc2a;\x985t\
i\xae~\x8c\x82\x9e\x11\xe8\x90\xfe|\xbf2\xb9\x9a{\
\x22\xd8\x8f%OR\xa0\xd75{g\xe3KHw\xbe\
:1E\xb6\xa7\x1cPp\xb2\xca\xfdb\xfd\xb3D8\
i\xfcX\xb9\xf9\xfa\xf1\x12\x09\x99_\xed@q>\xd4\
\x8c\xd8\x9c\x14\xe7n,jgt\xaf\xa7\xb4\xb0zn\
\x8e\xa3\xa4\xa0\xf84\x9c\xf7\xac\xb4d\x9d\xdb\x7f\xfd\xef\
\xeb\xf2\xd5\xac\xf9.d\x00\x98f\x01\x88a>Z\xe6\
\xde\x8b\x89s\xa0\xce\xe9\x19_\xd91L\xae\x06\x18\xce\
\xa4\xc0\xab\xee \xf9\xce\xd6\xf4C\x9au p\x8b\xed\
_fz\x1a\x0f\x8a\x91\xf7\x148\x01L\xc1s\x22\x94\
UGq\xe5\xca8\xc4L\xc0\x12x\x18\x8b\x14\x13[\
\x04\xb7\xe0\xfbQG\xfa\xc6p#\x98(\xa2\xa0\x9d\x89\
%\x10v\x04\x5c\x0f\x82\xa4\x9a\xd8\xffy/|\xf6\xa4\
-^\xb7/\x13\xcfd\xa7l\x03\x17\xb6\x1aX\xf4\xb8\
w\x0d\x0b\x90\x01\xad\x83\x11\xb5TOi\xc6\x95\xb1<\
\x9f_\xe3\x8c\xc8\xd5\xb9e\xeda\xdc,\xc9\xfcu\x08\
\x1a\xdb{\x0f\xe4\xa0\xbe\x97\x0db\xa2\xa3\xca3\x1e\x0c\
\xa1\x187l\xca\xa7\xeb\xa34ua#\xc9\x01iM\
\xd6\xc1L\xddP\x1ds\xc2)\xba*\x98\xcd\x053\xc6\
i\xaf\xd49\xc6\x8e\x04\x0aw4\xc1s\xe4\xc6\xef\x86\
h\xb81\x22ae;\xc4&\xd9\x18\x7f\xa3.B\xa3\
F\x8d\xa5\x01\xbe\xd3! `\xf1B\xbc\x8f\x91\x10k\
\xd6lq\xbc\x80N\x01\x1d\x14\x1a\x0bn\xf6\x16g\x02\
\xdb)\xcf \x128\x8d\xf6\xa1|\xa4\xe6\x19\x15\x1fC\
;\x1e\xa3\xf6c\xb8G\xca\x87\xe6\xab#`\xbe\x18\xf9\
\xe7S\x9b\x1c\xf7t\x9a`=\xab\x7f\x5c\xe7c\x91\x07\
\xee\x5cwl\x88\xb2\x087v\x96?\x02\xfd\xb9\xe9\xa3\
\x93\x82\xcc\x8c-\xfd\xa4%2\x1eTwl\x0c\xa7@\
\xf9\xf5\xe9\x9c\xa8\x13eNXt]3\xbd{\x1c\xd7\
\xf6\xea\x87_\xcb\x87\xd3g!ks\x06m\x7f\x01h\
\xb3\x9a*\xd7];Y\xc7\xac\xbc\x07\x9d&\xa6T\x0f\
\xa1|\x91\xb0{\x87\xc4\xc5o\x83x\xd0f\xd9\xb1s\
;:\x13\xf6\x1b\x89\x5c]s\xe6\xa2\xa8!B\xfe\x00\
F\x9e\xfc\xce\x0e\x02\xb2\xa2\xeaL\xb1\x88\x84\xca{\x0d\
U\xfbz>k\xee\xfa\xf6YQC\xc6&4\x03e\
\x93}\xc8\xe4\x1a\x8c\x13R\xd1\xee\x0d\xe5Vts\x0d\
\x02aN\x93\x86\xe5\x1f\xb7\xaa\xbd\xe6s\xcff\xbb\xd1\
\x9cg\x0c\xca\x08x\xa6H\x9bQj\x05q\x11\xae\xb9\
\x07Q\xff\xe8zj\xda\x98\xa5\x99\xbayp\x0eg\xa3\
E\x90\x12\xc2[\x80ic\xf0`\xaf\x17\xf2\x04\xd0\x09\
\xb8q\xc28\x89\x0c\x0bV\xeai3\x8f\xc02\x88\x8c\
A\x1e\x9con\xd6\xcd\xe003\x0bf\x8e\x82\x08P\
wD\x9bXK\xcb\xc0\xc4\xd48\xbf\xc6yL\xce\x82\
[\xe3\xb8\x1c\xdc\x9f\x8aL\xe6)\xb9\xed\xd1gd\xf5\
\xa6-.8\x008\x07\xed\x07\x81p\xff\x99\xbf\x11\xa0\
3#\xb8\xc0\x143{\xe6o\xee\xdbF\xda\xc2+V\
\xc4o\x15<\x03\x1a]\x02T\x96\x02t\xf8\xbf\x85\x9b\
4*w\x9a\xcb\xfa\x09L\xad\xb6\x05)\x0f\xd5\x09\xc3\
\x10yWe\xb9\x9d\xe3G\xe0F<@v\xa4A&\
\xdb\x1e\xcb\x03\xc6\x08\x14\xbeA^\x177\x80\xee\xa0F\
~bd7-\x15\xd4\x88V\x00\xae\x83\xd9kF\xfe\
o\xad\x88\x93%\x09i*\xf0\xc1q\xa1\x02\x16{a\
\x99\xb2<'\xafT\x05\xcf\xe7\xf7v\x0a\xed\xb0\xc0\xa4\
\xa4\xe1\xc9D\xfb\xd1\x1e\x00\x06\x93\xb2\x0eC\xc4\xe8\xb8\
:\x8b\x94\x85%\x05s\x9b\x88hi\x1e\xd6U\x9ax\
\x07\xc9\xce\xc4\x9d\xf2\xe3\xec\xe9\x00\x9b%\xe8\xa4at\
\xd2\x14\x193\xe2\x0e\x8e\xa2\xac\xc0\x8d\xcbF\xf3r<\
\xed}C7<u\xec\xed\x19_\xbcK\xa9\x1b;6\
x\x02\x11\xc9g\xcf\x8d\x8f?_\x88\xb9X\xdf\xda\xf4\
\xb9Yr\x8dj&@\xf3gf\x02k\xb7\x84\x15\xfd\
\xab\xe6=\xdb(q=T\xc6\xe3\xf73\x8a{@\xeb\
\x9d#\x93q\xee\xb5\x14\xacG\x0b\xa3\xa0\x1b\x8e\xf9-\
\xdfG'%\x00e\x8d\xc0\x00_\x89\x08fj\xbf\xa5\
\xd6\xf3Y\xd7\xf7\x02`\x89c\xc1\x94\xbe\xdd\x15Q<\
\xb0\xb0\x885\xd1@\xa4>\xe4{s\xe5\x85\xf7>\x97\
/\x7f\x9c\xa7NH\xb3f\x1er\xdd5\x93\xe5\xd6\x1b\
\xa7\xc1I\xa2\x1cv\xc5\xdcp\x8d\xe41\x1eG\xe1\x08\
%\x03\x17\xb0c\xe76\xb0\xb0-Gy F\xb3\x1b\
NfU3>\xee\xc0m\xf8\x025\x1f\x0c>\x90p\
\xa8p\xfa!\x8af\x14W\xb4e\xb1\xb6\xd7\x0b\x1d\xbe\
\xb5\x89\xa9\xb2\x18\xc8t\xbb\x16\xcdx\x8a\xc1\xd3\xcd}\
\xda*\xb5\xb9:\x88u\xec0O\xf1\xaclG \xf8\
!\xea\xfe[\xd3\x0e\x19\xe0\x22\xfe\xe3\xdcn\xd7\xca\x07\
\x5c\xff\xc1\xe2\x0fR':\xb9u\xfd`9`\x03\x00\
\x8c\x1b\x81\xc3`&@\xd7=\xbe\x82\xb16&_w\
\xb5L\x9ep\xb5\xae\x13\x96\x97\xf7\xa1\x9c\xb6\x16\xed\x7f\
;w\xedV\x99\xea.\x1d\xdaB\xf8\xa7\x9f\x96\x0e\xb8\
\x869\xef\x0f\xc0aMJN\xd32\xa6\x82\x8d\x99=\
CP\xa0m\xc9\x1c9:z\x16\x83\xa0Y\x9a O\
\x02\x980;\x13t\xd9yGe\xfc\xb4'$\x09\xd4\
\xd9\xe7\xa8\x01\x167\x90\x9c\xd4L\x81Qo\xf9\x87-\
$\x9f\x01|\x0a'\xf5m\xdaX\x91\xf0\x83Q\x06 \
\x05cU\x1c</\x01\x1eL\xf9\xb0\xfdP\xf9\x9dq\
bf!8)\xd8\xfb\xcd\x83H\xfcKP\x06\x986\
\xb0\x83\xb8\xa1\x07\xbej\xdc\x0f\x87\x7f\xa5\x9e2=N\
\x12\x06\xad\xd8\xbd_3\x11\x06lWp\x97\xdc\x18h\
\x0c\xa8!@\x07\x80@E\x83\x1d\xa8\xce\x05e\xce\xcf\
O\xe0\xa6D\xcfx:t\x0btR\xe1z\x08Z\xa2\
\x04f\x14\x1c\x81\xaa\xca\x8eT\xc5s=_\xcf\xa1(\
r\xa4M\xf7h\xd4\x7fP\xa5@\xb9\xf1\x93Q0\xc0\
\xaf\xa5\xf4\xef\xd6Uz\xa0\xf7844ZZ\xb5\xee\
%n\x1e\xbe\xb23!N^}\xebyY\xb8d\xae\
\xde\xb67\x80m\xfd\xba\xb4\x03\xedpk9\x04\x84p\
\x16Z\xdf\x0e!}\xce4z.S\xec\x88\xb0\xd9\x02\
G'\x8e\xd9%\xce\xb3_1\xcf\x0bj\xda\xf6\x9c\xb2\
\xbd\x7f]\xcf\xc6\x88\x14*\x1e\xda\x93\xb3l\x10\xaa\xf3\
\xfbJ\x02\xac\xaa?\xe24\xdf\xcd|\x22u\xaeq.\
\xb8!3\x82n\x84\xf5\xd7\x0c\xad\x91>0D\xdc\xe4\
[a\xe3\x8f\x04\x91\x12\xa3|\x7f8\x024L\x8ax\
\xb67\x1a\xbd\x8d2\xd6\x88\x93Sa\xcf\x1df\x09r\
\xd0\xc6\xf4\xd2{_\xc8\xe7?\xcc\xd5\xe8\x9c\xad\x7fc\
G_\x03\xb6\xb5{\xd0\x89A\x12\xac\x8a9\x00\xc6j\
\x9aO\xe29N\xa1$\x92\x9c\x9c$KW,\x94e\
+\x17+F\xe0\x18\xd8\x09\xd9jZp=\xf5`{\
.Fi\xc0]y\xe7)\xc7\xcd\xcc\x1b\xd3\xebe\xdd\
^\x8d\xac\x07\x5c*KU?n\xdc)I\x07\x0f+\
\x89\x16\x0fO\x04*\xf7\x03\xf9o\xfa\xfe/,4b\
\xf6\xf8U\x95=\xad\xf0}\xe2\xf9\x13\xe8L\xc4\xff\xf2\
\xdd\xe9\xaaG\xc3)\xc1)\x14\x00\x1b7\x14u\xff0\
\x003\xa9\xd0X\xbd\xf6\xb6\xc2wP\xe4\x8dg\x01\xbe\
<\xa9\x04L\x04\x06\xaa\xbd\xd6@\xae\x9eD\x84\x85\xc8\
=So\x92\xcbF\x0e\x93}`\xbb\xfc\x1e\x8a\x80K\
W\xc6\x80\xcb\xe2\x80\xda\x80\xee\x1d;\xc8#\xf7N\x95\
Q\xc3\x06\xa9\x83M\x85?\xbef\xfa\xec\xf9\xba\x0e)\
\xf0\x13\xe0\xeb#\x81 \x1a\x22\x99\x19i\x88\x03\xc8S\
\x02\x95X\xae;]vx\xdfqd&\x0fe\xed\x97\
\xf4\xcc\x83r\xe5m\x0f\xab#P\x0e\x07\xa0\xbe\xb0\xf7\
\xfc\xbdU;d76F\x1a)N\xf4\xcb\x01\x80\x9b\
H$<<\xe0\xaa\x88\xc45\x03\x00\x07\x80my/\
/\xdab\x08x\xe8qc\xd26\x86\xd7\x9d\x99\x9d\xa7\
\x83\xc0\xd7Q\xbd\xeaN8\x00#\xda\x04\x22\x0dW5\
\x0e\x88\xf3S\xe3\xe7\x90\x0ax\x11\x04'V\xa1K \
\x15)\xdfS\x16\xe74_\xd7\x08\xd8\x07\x96#\xfa\xa0\
\x1drl\xa7p\xf1\xaa\x91\x0c@\x81\x83A\xa7\x8cL\
\x85d\xc4\xe2u\xf29{\xa2.\xd6/:X\xba\x85\
\xb6\xd4\xecDU\x94G\xaaj\x09\x9cO\xe7\xe1\x5c>\
\x81EJ\xfd\x81\xc4\xccll\xfe\x87\xe0\xf8\x1a'\x90\
H\xffh\x90\xce\x0c\x1b4\x02h\xdc\x81\xe2\x8b\x8d\xef\
\x22\x80\xf5.n\xdcT7\xc84\xa4\xd9\xde\xff\xf8M\
\xf9f\xc6\xe7\x9a\xc2k\x01@\xdb5\x97\x0e\x91\xa9\x93\
\xae\x01\xb5\xfd\x85@\xcc\xa3\xe3\x00\x9b?\x17r6\x22\
\xda\x5c\x10\x88\xe4i\xda\x9duw\x90\x16\x91\xb8\x08\x99\
\x82\xa3H\xcd\xe7#\xfb\xc4\xf6\xb6\xd3H\x09\xb2\xbd\x8e\
\x94\xdc\x8c\xd2\x7fF4D\xe3\xa05|lJ\xce\x18\
\x18\xe7\x0d\xbd\xe8FT\xdc\x1a5x\x04\xd4\xd7\x95&\
\xf9\x02\xdc\x0bU\xf2\x98Y0\x19\x06f\x17hH\x1a\
`\xa3gJ\x9f\xe9H\xe2\x10X\xa2pGy\xc2\x13\
k\xdf\x07dI\xfe\xbeh\x85D\x94\xc2h\xa4\x09J\
\x13\xfcl\xa5h\xb6\x98\xda\xca7\x17\x9d\x1di\xb5`\
:\x97\xc9\xf9\xff\xfa\xc7\xdf\xc8\x07\xdf\xfc\x88\xb2\xc4)\
\xb036\x92\x91\xc3.\x93;n\xb9WBC\xc2+\
\xe7\x00X\x13\xd4\xce~\x5c\x8c^kf\x04\xd6n\x8c\
\x91\x18d\x03b7\xad\x97\xd4\xfd`E\x85\xd3f$\
\x85-\x87\x01\x83J\xa0`\xb8\x8f\x97\x90\x8a\xb6\x15\xf8\
Q\x98\x96\xa6}\xac\xc9C3*\x86\xc2\xd5\xc2\xb2\xd4\
\x031M\xaa,\xdd\xb1W7\x1c>{\xda\x0c\xda\xcb\
[\xfb\xb6\xd3\x00\xae8w\xa9\xb6\xe5*8\xac,\xbd\
~\x17\xbbGA\xe0\x87\x80G\xb1y%\xbc\x90=b\
\xe4\xdf\x01-\xcf\xb4\xbfff\x9c\x1f\x87\xd2\xeb#\x00\
 Y\xd0\x8e\xf4,S\x0e\xd0\xe4\x198\x5czt\x93\
\x01\xfd{#\xeaO\x94\xe5\xabV#8\xa0\xd2\xab\xc1\
\xf2tm\xdfN\xfe\xf4\xe0\xddr\xc5\xe8\x11z\xb7)\
\xe9\x19\xf2\xfa;\x1f\xc9\xdb\x1f}\xa1\xc1\x03\xe7+\xd7\
'\xbb\x8a(tFj`:\x15Q\x10\xfe\x09AV\
A\xf15\xb0Q\x17\xc0\x8e\x1cFiroj\xba\x8c\
\xb9\xf9~\x94\xf4N\xbb\xe6\x00XS\x0a\x12\xc1\xc7\xe5\
\x1d\xf4\x9e3-~\xdcB5RF\xf7\xce\x01\x1d\xa4\
\x1b8\xa4\xcb\xb7\xc0Kxhx\xa2g`\xdcb\xf0\
\x19\xff\x99\x1f\xab\x00,\x15\xf2\x00\xe8&\x12`\x8f\xcd\
\xbbSUy\xc9\x1c\xf0\x9eP\x02 \x08\xaf+\xfa\xf5\
/d\x1fk\x15\xfb\x834\xf8D\xfe\xc7\xa2\xdf>\x06\
\x5c\x00\xdb\xb1\x11\x10\xfc\xc5Aw\xb4\x02\xf6\x88\x14?\
\xd4i\xaa\xe4\xfe\xcb1\x97)\xfd\xcb\x96\x98\x0f\x80\x03\
\xe0w^+\xbb\x16\xd8\x163\x00R\x98\xa6m\xe9\x8f\
\xc3\xd5\x11\xb0\xe7\xce\xaf\x88\x94H\x17\x9d\x08 ({\
\xa63\xe0\x04\xa8\x1a!\x16\xa4\xa7Gs\xe9\xd5\xa3\xaf\
\x8c\x1a~\xb9t\xef\xd2\x13z\x02\xdeV\x8d\xddl\xc2\
<r O\xfb\xf5\xf4\xcf\xe5\x83O\xde\xd4\x0d\x84\x9b\
\xe5\xb0~=\xe4\x91;&+\xf8\xcd\xcc\x13\xa3m\xc1\
\x0d\x92\x1a\xf5,\x0b\xb0\xc6\xce\x05m\x1c\x81\x13r\x04\
_\xfcw>\xea\xee\xdc\xf8\xb8\xe1\x9d\xc0k\xf8w\xbe\
Vk\xf2\xf8\xddI\x18K\x9e\x83\xe7\xa2c\xc0HO\
7^\xcd&\x14\xa4\xf3\xf5S-)eF\xefLY\
ss'G>\xf1\x05\x8a9P\x90!\x9dm\xe0\x0d\
\xf4\x0b]\x0c\x88r\xd9\xe2H\xc0\x22\x7fGG\x5c\x1d\
\x00\x0b\x90\xd8\x08\xc0\xdc\x8bq\x0e\x07\x01\x0b\x86\xc1\xf0\
)\x98\xf1\xa8\xd2u\x81\xf3~\xf8\xf5\x8f\xf2\xfa\xa7\xdf\
j\x7f41\x0f\xec\x00\x98\x86\x0c@\xa7\x8e\xdd\xad\x14\
^\xe1-\xc1\xec\xd3F\x8a\xda\xfc\xe4\xca\xa6a\xb2(\
$\xfeb\xe7G&\xf0\x00[\xb7n\x02\xbb\xe0:\x07\
\x97\xc0id\x09\xd46Z\xcf\x9d\xd8\x0b\x82\x03\x99\x09\
\xa06\x07\x1d\x012t\x9a\xcf\xb6\xf3v\xd5\xbf]\xf1\
\x13\xe8z\xb0\xbdy\xc6\xba\x9d`\xfd;\xec\xe0\xb7\xa0\
\x86\xcb\xbdC:J7\x80\x97i+\xaa\xffjJY\
}\xc5\x18k>\x1b\x96}\xe7\x80\xa1\xf5\x1b8\x00\xdc\
sln\x0ew\xcc\xb3^\xe3;X\x0b\x00\x00 \x00\
IDAT\xe1\xadP\xfb\x0f\x04\xe6\x86%$WW\
v\xddy\x1d/\x99\xa5\xc4M\xfb2d[J\xa6\x02\
\x8b9\x0c\x06\x1c\xeb\x06\xc0-\xf08p\xfcy\xb0\x9c\
\xd7\x12\xdc\x17\xd7_s%X\x04\xaf\x93\xb0`p\xfe\
\xe3\xbf\xa3\x08\x16V\xad\xd9(\xdf!\x0b\xb0\x19\xca\x81\
{\x93S\xe4\x08x7\xec\xb5\xa6\xc11\x1cp:\x03\
! +\x8b\x02\xe7@dX\xa8\x84\x02\x83\xe3\xd1\xf8\
B\xb5!\xe3\xef|\x0c\xe5\xc8|\xd7\x1d\x00\x12r2\
\xfa\xf8v\xd3n\xf9\x1e\xe8sb\x02x1\x0dq\x91\
\xd7\xf7\x88\x96\xb1\x10\xd1\xf1\x84\xd7[\xd9\x09\xc5\xf7\xd3\
x%\xa0\xe7\xfe\x9fs7 \xea\x06M/\xeb\x8a0\
D\x03\xa2C\xe05\x9dBM\x0b\xcaKV\x8a\x90\x1e\
m\xefP?\xb9\x03-\x89\xad\x10\x8dk\xfb[\x95\xbb\
\x01\x98\x94px\x92\xa0U\x1f\x03@J,\xe4x\xf7\
\xe3!\x92\x0axt\x87\x10\xe5D`\xf7v\x8d\xcfH\
|d&j\xd1\x94\xc3\x5c\x00a b\x17hf\xc2\
\xc8\x07\x00tl8Rd\xb5']\x5cw\x16\xdd\xb9\
Wb[\x1e\x9b\xa2\xa3\xe0\x15\x0cVSa0c\xf7\
\x81\xaa\x16\x0e\x00Q\xffv\xcbWs\x90\xd1\x0c\x1b2\
J\xc6^>^ZG\xb7S\xe0]\xd1j\x0f\xe7\xe5\
\x89\xfc\x132o\xc1ly\xfd\xed\x17d?jn\xc4\
fti\x17-\x8f\xdfu\x13\xd2ymu\x93\xb6\x17\
\xab\xfd\xc9\xce\xc6\xcc\xec'\x05(}\xf2R\xfc\x02\xa3\
\xc8z\xbd\x82\xf7\xb0\xd9S\x11Q\x1d\x07\xfe\x8c\xe7~\
\x1a\xd9\x01\xdd\xfc\x91\x1d\xa0\x03\xcdR\x02S\xe4\xfc\xb2\
\xb9\x0ct\xf3\xb7R\xf7\xc4\x11\x10m\xcf(\x9f\x1b<\
\xb9\x08\x1aa\x93\xe7\xcf\x8a+\xd0\xc8\xdf\x80\x08\xeb\x13\
Phu\x15p\x8e\x9b\xff\x0a\x0e{\xcd;\x03(\xab\
\xe3\xe9\xf3\xfc\xbc\xaeof-\x90\x97?\xfcRRA\
(D\xe7\xa2]\x9b\x0er\xfb\xcdw\xcb\xb0\xc1\x97\x98\
\xa8\xc9\xe9\xe2\xf8#\xa3u\x8e\x0d\xd9\xd3\xac|\xa8K\
\x97\xe7\xec(\xf0\xbc?c\xcc\x0ffg\xc9\xb6\x1d[\
d\xc5\xaa%\xb2q\xd3ZI\xa7\xde\x80\x93#\xc0\xcf\
&\x0f\xbd\x1f\xf0\x01\xad\x03\xbc$\x1a\xa58F\xadJ\
$d\x1fU\x1d\xa58\xce\x8b\x0f'\x9a_3.g\
e\x01\xa2\xe75\x1a0\xb1\x05\xcd\x04\x07lY\x9e\x0c\
Ys*\xfe\xd5\xb8\xbd:g\xd4\x9d\x07\xc2\xfcL\xdb\
O!\xb6wV\x02\x84\x99g2n\xf6\xb5w\x0e\x09\
\x00\xe1\x0f\xa9~\xd1\x1e\xab\xc3y\x1ez\x00\xbc\x1b2\
\x06b\xa3\xdf\x9e\x86\xcc\x22J\x8b\x199\xb9\xba\x86\x9d\
\x0f\xce\x97\xd0\xe0 \x15\xfc\x99\x08\xf2\xa0\xb6\x88\xe6\x19\
\xf0\xa9e\xa0\x8d\xc1&\x9e\xb2\x1f\x01\xe9\x8e]\xc0\x0b\
l\x94\xd5\xeb7\xc9\xae\xdd{\x15\xc4k2\x82\xe6\xf1\
r\xde\xd2Y'{)19\xc1\xf8\xf2\x03\xed\xf5\xc7\
\xdf\xcd\x96\x1c\x88\xaa\xb9T\x020\xe6\x08*]x8\
\xab\xf6\x1e\x90O\x01\xcaH\xb2\xca\x00\xfc\xa4\xce\x88\xbe\
o\x02\x16\xa03\xf4\xa4\xab\xc2\xdb\xe7\x82\xcd\x80\xe7\xf7\
\x1c@\x80\xb1\x00\x1d\xf23h\x8c\xfaF\x04\x81\xf0!\
X>[\xb9\x09\xfc\xfdG\xf5F\xa9n\xc4\xf6<\xa6\
\xe0\xaf\xee\x1a.-\x10\xc5T\x0d\x19D\xf1\xab4\x0f\
\x03\xbf3\xe30\xb8\x11\x0e\x1b\xc3\x0e dk_2\
1q\xb4]\xb2+\x95~\x91\xc3\xe0\xb2V\x09\xa3\xc4\
\xb6\xc5\xef\xe0\x98eB\xdf\x80\x0f\x9eu\xc8\x01\x18\xa7\
^\x91\x81U4\x16\x95\xbe\xe4:v\x82\x82g\xab?\
Y\x1bn>\xda>Y\xe3_\xbb;\x05H\xff\xc3\x00\
\x1d\x99\xde]n\x1c\xbe>~2\xa8\xff`\xd0y^\
'\x91\x91m\x1d\xad|Eo\x8c\x8b\x93\x9b\xee\xaa\xd5\
\xcb\xe5\xe57\x9f\x93\x9d\xf1\xdbu\xf5\x84 -w\xef\
\xcd\x13d\xfc\xe8\xe1*\x80S\xf2:1\xd7V\xb4.\
_\xa8;\x81\xaf\xb06:\xa6\x08\x8d\xd3[\xc1H\x1b\
\x1f\xa7\xd8\x16\xfe\xc7\xb6@\xfelE\xb4\xc5m\xe8U\
\xb1\xbe+:\x194\xd5\x89\xb4\xef\xbce\xab\xe5E\x00\
\x01w@G\x80c\xd52 P\xe9\x80\xc7\x8f\x9b\xa4\
\x99\x08\xe7k<q\xe2\xb8\xc4'\xec\x90}\xc9I\x12\
\x15\x1e-m\xa0\x19@\x87\xc6\x95\xf1*\xdaN\xa5\x80\
P\xacy\xe2\x1e\x0e\x80\x83`\xe9\xcaE(\x0d\xac\xd0\
\xf3\x1f\xc8\xca\xd0N\x09C\x85l\x9e\x1f#\xd6(\x94\
\x04\x08\xcc\xf5\x03N\x80\xff\xe6&l\xac\xb8\xbe\xacj\
\x0f\xa7\xdc}\x0a\x9c\xd8\xafb\xb6\xab@\x96]\x1e\x0a\
B\xf4\x7f\xd7\xa0\x8e\xd25\xc8Gmf\xed\x1f\x85\x07\
\x81s0n\x7f\x8e\xbc\x01\xe6\xd9\x9d\xc8\xb4\x1a=\x06\
C\xb2\x15\xee\xeb\xa5u\xff\x80\xe6n\x9a\xe9\xad\x9e\x01\
\xac\xb9\x11\xe1\xa3?\x09u\xbeX\xdco\xcc\x8e=\xd8\
\x8c\xed\xd26p%\xd8\xc3(W>n\xcc\xa5r\xd5\
\xe8Q\x9a\xc6W\xa4\x83\xb6\xc6Z\xd6\xdf\xec\xee:\x89\
rrr\xe0\x00l\x96\xc5+V\xc9\x16(gR[\
#\x07\xe5E\xb6\xf12\x11g\xb0<V\xf6\x0b?\xf3\
\xfct\x88\x99It\xc1\x01(H^\x1d8qF\x12\
\x0f\x1d\x93\x1f B\xb3\x05\xe9\x0b\x92\xa6p\xb15E\
tNF\xbc\xcb\xa1(\xe5\x01\x86\xbc\xcad\x01\x8c-\
\x06`\x02@\xc3\xb7Vn\x93\xf9@\xe2s\xa3\xe7C\
o\x13\xe0-\x93\x07uEOk\xba,\xd8\xb6\x1b-\
Y\x14\xf80r\x96d\x07\xbc\xb6[\x84\x5c\x8e\x88\x9c\
\x99\x08\xbb\xf5\xa9\xaa\x1f\xa9\x1d]\xb0O\x9c\x83Z\xd3\
u\xbe\xa2v\x83\x06{\x0d\x94\xb1H\x9a\x14\x97\x91\xe3\
X0T\x05d\x8f\xac7J\x13\x95\x02FU\xf5\x00\
\xd6\x99\xf39Y_\x18m\x0a\x071\xe2\xdf\x84\xc8?\
\x1dN\x80\xdd\xd3O\x22\x9f\x88\xb0(P\xce^\x22\x97\
\x8c\xb8\x1c\xfc\xff\xa1V\xcbZ\xc97\xc2y\xb1\x05\xfc\
\xf3\xaf!\x03\xc0\xda1\xff\xcdv\xb7\x89W\x8c\x94G\
\xa6N\xd6(\xbe\xf4\x8d\xb4h\x92\xba\xf8\xa4uI\xe0\
\xbd\x8a\x0eqmn\xee\xae\x5c\xb3\xa9u^(k\xb7\
lW `\xccFr\xa3\x0b\xa2\x9bf\xc8\xca\x5c\x83\
,\xc0=\xc0\x1fx;\xe6;\x03\x89\xbd`\xfe{\xf7\
\xc3\xd7Q\xc7_-\x83\xfb\x0f\x93{A\x1a\xd4\xdc\x0b\
h\xea\x0a\x1cZc\xb7\x1c$\xe2%H%L\xde\x80\
u\x1b\xd7\xc8\x9au\xab$\x0e\x99\x81\x83\x87\xb24\x0b\
c\xdbifNZ\xa0\xd6\x1e\x06|@\x08\xca\xa5\x01\
\xc8\x0c4\x83}2\xd4\xc2%\xc7\x0d\x95\xf1\x0f\x8e\xa3\
l:oK\xa2lF\x9a\x99\xf3X\xb7\x09\x5c\xc7\xd5\
\x9d\xc35[\xeb\x85\x00\xa1.\xa4\xcf\x0bp+\x14\x85\
\x16I\x02\x8e\xe9#\x80\xfe\x885#\xe2\x9f\xae\x14\xeb\
\xe6\xad@\xcb<\x08\x1a',\xab\x10\xfc]'.\xbe\
\x9c\xf3\xa7\xb8\xe7\x99\x83,:[\xb97\x83(\x88\xe9\
x\x1e\x9e\xb0\x13}\xc1\xf07\x11i\xffa\x03\xfa\x8a\
7\xea\xfaEi~\x9d\xad\x81\x8e!\x1c$\x96I\xd8\
!\x13\x07\x0c\xc1f\xac\x8f\xed\xf1\x09\xc0\x13$@\x0b\
#S\xb1F\x9c\x93f}\x9b\xcc\x22\x0f\xf5!\x96?\
|M\x89\xfb\xb5\xf3E\xf3=\x89\xb9\xf9r(\xff\x8c\
l\x03\x8aq\xd1v\xd4g,\x02\x1a\xaa\x06R\x17\xe0\
\x060\xf4\xb5\x06\x22\xbe2\x86\xc4\x5c\xccY\xa4\xfa\xcf\
\xc8\x97\x1b\x13\xe4\xeb\x0d`\xe8\xa2\xc1\xc4\x04n\x09/\
\xfa\x96\xa1=4\xc5E\xae\xe5\x95\x09 5 \xb2U\
W\x1b\x98\x02\x9b6RM\xeb\x81\x91\x06\xddZ\xa5.\
\xb6\xbd_\xf0\xb3\xf4\xe3\xaa\xda}/\xe7\x8c\xb2^\xce\
\xabHA\x8d\xfa\x93\xb5\xbbT\xaf\xe14\xd5\xd3p}\
\xbe\xe8Of7@\xa7 \x7f3\x0cu\xe3r+v\
\x93\xd5\xf2.\xb3\x18\x98\xcc\xce\x06\xa8+\x16N\xd4\xf6\
\xd4,\xa5I\xd5\x1ew\xeb\xf9vl\xdfE\xae\xbab\
\xbc\x0c\x190\x0ch[\xd4\xef-\xf6\xc0\xd2/\xa9\x9e\
\xec\xde\x93 \xef}\xfc\x86\xcc\x9e\xfb\x83R\xd42u\
=\xacowy\xf6\xf1{\xb4\xd6W\x5c\xbb\xa8\xbd\xc1\
\x9c{\xee\xe2\x1d\x80j\x19\x96:~Rf\xf7\xf6$\
\xa7\xca\x9b\x9f~'\xb3\x16\xadP\xec\xc4\x05\x88f\x07\
\xf4\x1d\xa2\x94\xc0\xed\xdbvR\xb0$\x9f\xedi\x94G\
b7\xad\x93\xff\xbc\xf8\x0fd\x00\xf6H\x87v\x9d\xe5\
\xcf\x8f\xfe?\x008\xdb8\xee\xb2\xb4\x91um\xd4\x09\
L\xcc\x07\xab`\xa2\xac\x88Y\x22K\x97/\x02\x9f@\
\xbc\xf2%\x98\xc3X4\xb6\x82z\x01\xa0K\xce\x08\x12\
\x09\x11\x1f\xe0f\xab\xa9Zk\xb3`C\xac\xd8C\xb0\
\x1d\xc2m \x9d\x99\xbb9A\xd9+M.\x18\xedf\
\xf8\xbcG\xd16\xdd\xc6\xbf\xb9R\x00\xd7\xad\x83\x01_\
>\x00\xe6;\xb5\xa5\x99\xf82{,\xc8n\xca@\xa6\
5\x82?\xcd\x9e\xe8X9\x1b3\xd7\x9eR\xdd\xba_\
d\xd3\x01&_\x0d\x80&\xb3\x8d\xc4\x01\xd0\x0e\x91\xdb\
c\xe4\x90\x81hi\x9d\x08P`W\x00I\xc9\xe5b\
\xb2svT\xed\xd8\x86\x8a\xdc\x90\xce2\xd8,\x06\x84\
\xe4\xed\xa0\xba&K\x02\x9b\x80\x11\xd8\xb4\x05\x19\x15\xb4\
\x14\xa6\xa4C\xa5\x90X&{f\xd2y(\xd5\x01\xb0\
>\x8d\x10\x96\x13g\xceJ\xc2\xe1|9NA\x15\xa4\
0\xe7l\xde\xa5\xecFFTB\x94\x0c\xe8\x86\x1e\xad\
eht j\xe3\x95g\xa1;\x8a\x85\xfd\x13\x10\xee\
\xef\xa3\xf5\x90\x14\xad\x9c\xc8L\xa1\x8d\xed\xd1\x0e\xccO\
\xdeho\xc9\x97\xe9\xeb\xe2\x1c\x00\x17;%\xda+\xc4\
W\xeeBg@+\xab?\xb4\xb2\x8b\xaa\x90\xa5\xe0?\
l\xcd\x85Z\xdaP\x8b\x9b\xee,\x03\xb0\x15\xf0\xeb\xd8\
D++b\x0cNwt\x02\x0ci\x1b\x06\xd0V\xcd\
ic\xd7\xb5\x85V\xda\xf5\xd0k&I\xca\xea\x04\x90\
>!\xa3EJe\xc38Y_\xdb\xcb\x22\xc3\xa3\xe4\
\xfa\x097\xc9\xa0~C\xf5\xdf\xa6\xfe\xedX>E\x0c\
Q\xc1'!)\x0f\xc1\x9bt\xf9\xe4\xcb\xf7\xe4\xcbo\
?\xb16\x03\x94\xca\xdaD\xc9?\x1e\xbb[\xdaE\x85\
+\x92\xbf\xa8\xa3\x5c\xb2\x03\xe0\xea\xa8\xd6\x8c1\xac\xb2\
5\xe5\xeam9\xbd\x8e\x9f}8\xef\x88\xb6\x01~:\
c\x8evQ\xd06D\x82\x11\xf0\xae\xdb\xee\x931\x97\
]\xad\x1b?\x8f\xe3`/\x5c\xbab\x91\xbc\xf0\xca\xbf\
\x10\x05\x1d\x04k`\x1by\xec\x81\xbfH\xf7n\xbd\xad\
3\x96dN\xcd\x9f\xed\xe7Q\xf8\xb9\x14~\x8f\xbd\xe9\
\xb24\xc0r\xc3*\x94\x04~\x9a?\x13\xb5\xd9-`\
\x19\x04g=x\xd7M\x17\x84\x99;LgS\xac\x8b\
\xb4\xc2l\x1ddK\x1e\x83\x95\xaa\xe8\xc5\xe7\xb5\x10\xb3\
\xf2\xfd\xfa\x9d\x0a^U\xd69|&\x81\x88\x94p\xbf\
\xa2C\xa8a\xcc\xabLz\xa1\x02\xcf\xac\xb4\xb7ps\
\xa3d7\xed\x17\xf5fL\xcd\xdf\xcc\xe3&p\x90(\
\xf2\xc3Rf\x03\xb6\xfbY\x11l!\x07\xa0\xb6[\x16\
\xca;\x1eVYc/J\xc8\xf3\xb7&J:\x827\
\xce/v\xd3\xf4\xeb\xdd\x1dsx\x0a\xd4\xfdzJ\x13\
\xe5\xc9p\xec\xfb\xe7\x94\x04\xcb\x1aS\x9do\xc8\x9a\x13\
0\x9f\xbc/E\x96\xc5\xac\x95%(\x11\xecIJA\
\x1b`\x96\x92}\x11\x5c\x5cf\x09\xc0\x86Ie!\x22\
O\xce\x03](\x22nz\xe1[\x90^Z\xba3I\
\x0eP\x8f\x1eWC\xf5<\x92KLD\x8a\xc9\x90\xf3\
T\xa2\x10\x80\xf7\x92~\x98`\x90W\x97n\x91#V\
\x0b\x8b\x12\xdd\xa0\x13`b\xdf\x8e\xba\x90\xe2\xd1\x97=\
'v\x17z\xf4Y\xfb.\xa0\x0a\x9e\xd2\xbb\xb5\x8cj\
\x1b\xac\xd4\xb85uT\x85&AE\xaf\x95\xcb%\x16\
\xd1+9\x016\xa5f\xeb\xf3\xb8\x00\xb3\x87 @\xe5\
\xc9F\xd4\xf1G\x06\xa0\xf0\xe8\x12$G&?z\xe1\
;\xd2\xb2T6\x98\x83\xc4\xb9\xed\x09\xfa\xdd^\xdd\xfa\
*\xbb\x5c\xe7\x0e]QW.F^\xb9\x14\xc3CS\
\x9fs8G\xbe\xfd\xfesy\xe7\x83\xd7Q\x8b\x03\x90\
\x15\x9ec8z\xe3\x1fF\x09`\xf4\x90~\x0a\xe2\xab\
L\xa6\xac\xa2s\xe5|\x7f\x1f\xb9\x12\x18\xc5\xfc\xb4d\
\x95\xbc\xf5\xf9tI\x84A\xa3\x99\xf4@\x19\xe0\x86\xf1\
\x13\xe5\xae\xa9\x0f\x80\x1a\xd9\xb4$\xe7\x1c\xce\x96og\
|\x81g\xf0\x9a\xf6\xf5\x87\x85D\xc8\x03w?&\x83\
\x07\x0e\xb36\x99\xb2GC\xeb\xfeL\xfd\x97\xf5R\x06\
\xda\x16\xcfAr\xca>\x05\x09\xae^\xb7B\xb3\x01Y\
\xd0G(\xda1\xc0\x16\xe6 \xf0\xd7\x13\x1f\x10\x82\xf5\
\xc9\xf6\xdd\xca\xa2\xf2\xd9\xf5\xb1\x0a-fK\x90\x9d%\
~\xc5.Q\xf6\x00Q\xd9##\xba\xa8p\x9b\x9d\x06\
\xae+\x06\xe1(0U\x040\x7f\x80\xd4\xbf-QL\
{\xc6RO\xb7\xb0\x96\xc02\x05!\xf0#S\xa4+\
\xaewY\x0f\xa9\xf6\xff\xce`\xed0\x82\xd7\xd5\x00g\
\xb2\x15\xf0$\x82[\x12\xf9p\xd3\xbf}\xcaD\xe9\xd3\
\xb3+\xda\x1b\x8b\x13\x08*\xa8\xe3\x97u\x17\x85\x1cV\
\x06-p\x04\xe8\x84\x1e\x84(\xd7F\x94\x07b\x80\x17\
\x88Cy >!\xd15\x07\x80\x1f\x98t\xe4\x94\x1c\
8\x06\xa4\xb1\xb5\xd1R \x85e\x80\xb84x\xb9\x16\
\x821\x00\xfd\xc07\x81\xa2wX\xeb@u\x08\xca\x5c\
4\xa5\xdc\x09\xd9\x067 \xc3@ `\x0eu\x9f-\
U6\xd6\xcf\xee\x1e\xd9[\x098\xe8W/g) \
>\x19\xd1\x1b[\xf3\x8c\xd7\x1e\xed\xeb!\xd3\xd0\x1a\xd8\
\x11\xce\x82\xa9\xd1\xdb\x91\x91\xb3\xeb[\x87\xdc\xe0\xb2\x9e\
h\x19\x7f\xe7\xdd\xe5\x01\xd0\xf1\xf9\xfa]\xf2=\x88\x9a\
\x8c^C=\xf1B\xfa\xacoT02\x01\x01f\x1c\
j)kQ\xc9\xdb\xab\x96\xb7\xef\x031J\x0c\xf8\x1d\
\xd8\xe3\xcfE\xa9\x1e3\xe6\x8e\x87\x87\x87\x8c\x18r\xa9\
\x5c{\xd5D\xa4\x8a\xdbj\x7fmE\xe61\xe9ug\
\xfd\xf4\xbd\xbc\xf8\xc6\x7f\xc0\x99\x9f\xa3\xf7@\x91\x9b\x9b\
\xae\x1d#S\xaf\xbfZQ\xfa\x7f8\x00\x15{\xb4\xdc\
\xd86n\xdb)o\xa0\x15p%\xd0\xcf\x1cKn\x10\
C\x07\xf4\x91G\xef\x7fDB\xc3z\xa2\x8cS\x0fY\
\x98Ty\x0d\x84L\xdf\xcf\xfaV\x9foP`\x88b\
\x00.\x1d5\xc6\x91b\xae\xd8\x15\x94\xfc.\x06L\xf5\
\xa1\xc7\x90\x9f\x7f\xdc\x92 ^\x03G`\xa5\xc4\xef\xda\
\x81\xden\x00\xdb\xb4Dgf\x14\xaf\xb9\x1967\xb6\
\x0d2\xb0\xa1\xa3\xce\xa0\xa5\x1e\xa3\x89sJ\x8c%e\
w\x8c\x1d\xe39\x93A\xf5\xfb\xed\xba\x1dZ\xc6\xd2\xf2\
\x16\xde\xe2\x0b\x1b@\xae\x94\xfe\x11\x01\xa6~^+F\
\xc0\xa8\x14:\x09\x15\xea\xfd\xd3\xc6/NH\x95\xcfP\
\xbeLA\xb7\x97\x19\x16vz\x5c\x80\x0c\x89\x8f\x0a\x9b\
\xb1\x04\xc0\x8c\xda\xf9+lf?7\xb2\x89\xfe\xa2A\
k<\xf6\xcc\xbdP %7\x83\x0f\x88\xb2\xc6\x8c\x1a\
.7^7N:\xb7o\x8b\xce\x22\x92\xda\x15\x7f\x94\
7\xa86\xd5\x12\x0b\xb7\xc2\xf9\xa6?\x83c\x01%\x87\
\xa4\xb4TY\x07u\xc1R3\x00\xb6'q\x06\x9b\xef\
.\xa4\xff\xf3N\x11\x98\xa19\x0cM\xd5\xb0\x97\x91\x9b\
\xefA \xf6\x0dB\xb6\x9e\x0c\x8e\x02\xb5!\xb0\x00\x11\
\x00\xbcT&\x09\xc0:,\xe9x\xff\x01=\x80\xf4\x5c\
s~\x1e\xf4\x92\xef\x1c\xdeS) \x7fA\x14v\xfc\
\xe4\x19\x99\x15\xbbS\x07\x96\xedO\x1c=\xa2\xa2Y\x0a\
\xa0Za\x08j_\xcc\x16\xfc\x96\x0f\x13\xf1\x8bb\x00\
>$g6\xc8\x92x\x90\x9d\x91\xca\x80\x03\xc1\x09@\
\xc7\xa9V\xd6~\x1d\x18xGv\x06\xf3\x85=\xddY\
`\xc0\x9a\xb7u7\xb8\xd1-yg\x8e\x1f\xbcd\xd2\
\xcar\xf3\x9ft\xdd-\x12\x1a\x12f(F+\xe84\
Q9o\xf1\xf2\x05\xf2\xdcK\xff\x90\x94\xd4\x14\x93\xe6\
C\xfb\xd2\x15#\x06\xca\x93\xf7\xddf!\x99+x\xf2\
:0\xa6\xb5y\x09\x1c\xb5\x0cD3\xef}\xf5\x83|\
5s\xbe\xb6D\xf1 \xad\xea-\x93o\x95k\xc6\xde\
\x0c~\x80\x06J\xc5\xfc\x8f\xff<)1kW(p\
3\xb0U\xb0\xdc=\xf5!\xb9\xfc\xd2+\xab\xcd\x01p\
\x1e\x17:\xe1l\xd5L\xdc\xb3KY!W\xae^\x86\
\xb9\x90\xa4\xe8l\xe2B4k\xc9\xb9\x87k\xa3\xb3\xde\
!\xd0O\xda\xa3?\x9f\xd9\x00v=\x15;;,a\
4g\x05T\x9a\xc6#0\xea?n\x8c\x07z\x9e]\
S\xb4\xfbF\x02\xf8\x12dB)\xda\xe6\x81\xf5_ \
\x0cU3\xa5\xa2\xe2\xe6\x88\xbd\xa7Pj{\x0b\xb2\x95\
//\xd9,\xe9\xc0\x92\xb1\x03\x85v\x8c`\xefP\xec\
\x1dWtk\x8bv?\x80\xb99\x0a\xe7\xed21\xe4\
U\x06\x86QO\xd2\x0e\x1d\x91\x99`e\xdc\x0f\x92\x1f\
\x96\x1f=!\xf05\xe1\xaa\xcb\xe5\xf6\x9bn\x00\x95x\
\x98\xb6\xe4:\xdfjq%\xc1\xf2:\x01\xe7<\x03\x5c\
\x0c\x0bC\x9c\x1f\xa8\xea\xbb\x92\x01@-\x0di\x8a]\
9 $\x01\x0f\x80}\x85|XY\x10\x0fY\x0a}\
\xe9x\x08\xa3\x98(\x0a(Ft\x01\xb0\x0c0\x06B\
A\x8a\x05\xa8H\xf8D?\x10\x17\x9a\x8e\xf2\xc2\xbf\xe7\
o\x90-i\x8c\xa0\xcc`\xb2\xef\x7fB\x9f\x8e\xbaP\
\xe8\x00p\xc0\xf6 \x8a\xfb\x09\xa8\xd7\x03`Y*\x00\
p\x9d\x95k!\xd2C\xb1\x222^\xb1O\xff\xb7\x1c\
q\x11m\xbc/\x9b`\xc0\x9d`.L\x933dP\
\xc4x\x85\xb4@\xef:<i\xb6\xd1\xb0\x9f\xbc\x8e`\
\x17kt\xff\xb0\x1d\x80_0\x7f\xc9\xdf0ok\x82\
$\xb3\x8d\x95\x9c\xf7j\x80A\xe0\xe2\xe3\x8b\xcd\xff\x12\
\xb9y\xf2T\xf1\xf7k\xa5\xf3\xad\xa0V\xea\x94-\xd2\
\x1f\xcd\xbc3S\xbb\xe4\x09\xbe\x1e\xe8\xf0\xe7_\xfd\x97\
l\xd9\x12\xab\xeb\x86\x0b| R|\xff\xf9\xf3}H\
Y\xbb\xf3D\x95+\x95\xd5\xe8(\xd6\xa5\x0f\x83\xf1\xc2\
\xc6:}\xee\x12\xcd\x02\xa4\x822\x95k\xbb\x01x\x19\
\xe8\xc01\xcd\xdf\xaaU\x90lE'\xc6\x93\x7f\x7fT\
\xd3\xf0l\xfd\x0b\x09\x0e\x93\xfb\xee|DF\x0c\xbd\xb4\
F\x1c\x00\x9d\x1dXs\x9c_\xf9\xe0\x86\xd8\xb8y\xbd\
:\x02\x9b\xb7n\x04\x7f@\x9a\x0a0\xd9,\x89\x9c\x0b\
,\x0bD\x02\xe9\xce\xd47A\x82\x0ad\xb6\x17\xac\xce\
\xbbb\xb2\x96\xf8\x15\xd9I\xd7\xefM\x93\x85\xdbw#\
\xaa6\xa8\x7f\xce\xcbP\x88\x15=<\xbcK\x9d\x02\xfe\
\xf1\x0eH\xaaE\x01\xb3\xb7@*\xb7\xfb 0\x1c:\
N&#\xd2\x0a\x8a\x8b\xa3:E\xc2\x09h\xae\xe0\xb7\
\xdf\x8a\xcd\xe6\xfd\xad\x04\x0d\xf0\xaa\xf8}Jn\xc7\xe3\
\x92\xc1\xfd\xe5\xff\xfe\xf6\x98F\xfe\xf5\x5c\x8c\x96+\xed\
\x00X\xcb\xd8\xe1\x98\x94\x06\x02\xd4\x07\x83Iw\xf0\xf8\
\x19\x94\x00\xc06\xa6:\x8c\xb6\xd13\xa4\x0d\x1b!3\
\xb9\x127E\xd6)\x1e<q\xdf0\x7f\xb9\xa1W4\
\x04{\x9a[\xf3\xb7\x02\xcc\xd2\x18\x90<\x0c\x14\x15\x08\
\xbf\xdf\xbc\xd71\x11\xb8\xa9\x8d\xec\x18.\x03\xd1\x16b\
e\x8c\xf4:\xd6\xeeN\xd3r\x00kJ\xb6\xf1n\xe1\
\xdeH&\xf6\x8c\x92\xe1\x00&6\x05\x80P'\x93\xc3\
^\xd7\x9e\x17\x5c]\xa6\x94D@F63\x01DM\
D!#\xc5\x08\x87\x8c@\x1a\x96\x02\xce_O\xba\xf2\
#\xc6\xf6\xecd\x18\x9be\xf1{e7\xda\xfdTu\
\xce\x9a\xafT\x94\x1b3z\x1c\x22\xc7\xeb\xc0\xa3\x1d\x80\
yB\x99Wc\xbc\x8b5@\x8c\xb8\x8e\xe6i]\x99\
\xe0\xc0F\x0d\x0d\xed\xad\xf3\xc1\x88s\x17D\x81\xa8\x09\
\xb0`\xd1O\xfaw\xce\xdd\xae\x1d\xda\xc8\xbf\x9f\xb8\x1f\
\xbd\xbd\xfe\x8ev\x9c\xca\xdf\xdd\xef\xed\x0c\x06\xa8\xb9\x0d\
\xc8\xe6\xd7?\xfeZ\x16\xacXke \xeb+)\xd0\
\xb4[\xee\x93A\x03\x86j\xea\xfd\xaf\x7f\x7fL\x95\x19\
\x99\xe1!P\xf0\x91\xfb\xfe\x22}z\xf5\xab1\x07\xc0\
<\x19F\xfaF\x1f ;;[6\xc4\xaeAvh\
\xbe\xc4n\xd9\x80k;\xa0\x8a\x8c\xf6\xc14=\xdb\xde\
\xbaA\xd53\x1ae\x01:\x05EA{g\xe9\x80Z\
\x1b\x06\xe7h\x12R\xff\xb3b\xe35\x00\xb27\x087\
\x00\x7foCG\x14[\xb3\x1d\xdc\x03u`\x9a0\x0d\
\xbe\x0d\x02?l[\xde\x04\xdc\x12\x83\x12\xbbt\xeb\x0d\
{=\xbcC\x04@\xde>\xca\xc0\xa8\x99\xff:p\xcd\
\x15\xbf\x04k\x8f\xc1\x0d\xb2m\xfc\xa7-\x09\xda\x9a\xa9\
\xac\xa28n\x82\x0a\xe0\xe3\x8f\xde\xa7\x82YH\x09\xb9\
\xe4\xecT\x85\x03\xa0\x80y\xc67\xfc^V\x1b S\
\xfd)\xa8\xffg\x9e\x80\x04h\x91`G\xc1N\xe8e\
\x9c\x87\x1b#\x90J{NqR?D\xdc\xd7v\x8d\
P\xb1\x1e\xd6\xea+rp\xe8\xd8\xd2\xb6\x10<\x00\xff\
\x02%\xb0\xbd\x0a\xf8\x99\xdd!bqE\xf76\x8ap\
5\xb3\x84-?\xbf\x80\x1b Q6\xa1\x9d+\x1f\xd1\
\x01'\x95\x02\xe1|\x9a\xc9\xd4\xfe\xed\x95\xa4\xa8.-\
\x84\x8a\x8cIi\xef1\xce\xd0YY\x8f\xbe\xd2O\xd6\
\xc5c\x91a\x93\xd3\xe8\xa3\x9e\x22\x8e/\x81W\xed\x81\
\xd4\xa2\xda\x8d\xf3{U\xb9<t\xea\xe5jj\x11\xc2\
\x22\x87O\xc8\xdc-\xbbd\xdf\xc1\x1cKR\x14\xc3\x80\
\xb1i\xee\xe1\x05\xf0\xd8Mr56\xff\x16\xde-,\
:[\xb3p\x8bs\x00\xb8\x89\x13\xe07o\xe1l\x10\
n$\xa1\xfdl\xb0t\xed\xdcS\x81\x82\x05\xce\x82!\
\x8c\xc9@'\xc0{\x1f\xbd\x89n\x80\xf7\xf5o\xaab\
\x86\x0e\x80\xa7\x1e\x98\x0a~\xef\xd6\x7f8\x00.?\xc9\
s_\xc8\xf1$\x91\xc9W\xb3\xe6\xc9\x1b\x9f|'\x87\
\xc0\xa6\xc6y\xcdV\xcdk\xaf\xba\x1e}\xd47B\xc4\
g\x91<\x83\x12\x00\x09z\xc8\xe7\xd0\xaeMGy\xe2\
\x91\xa7\xa5#Z\x05\x1d\xb4\xc0V\x8d\xb4\x12\x97R\xc6\
[\x8bf\x88('\xfe\x8bddf\xc8r\x5c\xdf\xdc\
\x853\x01\xc6\xda\xa9\x1d\x04v6\x80s\x8c\x9d\x02}\
\xe0\xb4w\x00\x9f\x077Cr\xdf\x18UG'\xa7\x14\
N\xed\x09\xd8\xba\x1f6\xec\x04\x16+\xcb\x9aO\xe0J\
\x80\x131\x0c|\xff\x0f\x0c\xed\xac\x1a)\xd6\xbb\x1c\xd7\
Y\xd3\x80e{\x1d\xa9\xd2]N\x9e*\x98\x12\xdf\xa5\
\xb2\xea\x8c\xfc\xf1\xdc\x08\xf4\xbb\xacs\xa4\xb4\xd5\xfbe\
\xda\xbf\x88\x912^B\xf5=\xa6j:\xb3\x8e5\xce\
\xcd,\xcd\xacM\xf1*\x04D\xec\x03\x8fq`\xf9{\
\xea\xcf\x8fH[P\xf5\x1a\x07\xc0\xb5\x84yE\x9c\x00\
\xdb6\xe9{\xad\x0c&\xaf\xa1T\x07\x80\x09Rz.\
{\x81\xfe?\x0c5\xa6\xa2\xb4\xb2f\x93\xad\x0f\x89\xc3\
tY\x86\x8e\x80\x83\xac\xe5\xe0\xa4l\xd9\x18\x00\xd0\x09\
I'\x88\x05\xa8\xe8\xc1\x8b\xdd\x0d\xef\xf6\xa1\xefV\x00\
\xe4\x06\xe1\x02\x9d\x00\xd8\xd4\xc15p}\xbfN\xa0!\
\x86\x92\x15\xc1%\x96\xabx\x1c\xd1\xff\x0c\x80`v\x03\
`\xc1T\x98M\xa0\xd0\x03T\xc1\xb7\xa1\x0d&\x12\xdd\
\x09\x05\xa0\xc0\x8a^U\xed\xbd\xcf\xb9&T\x5c}\x88\
\xa3C\xc1\xa2\xaf7&*\x81\x12\xdb'9\x86\xd4,\
\x1f\x04N\x80.\xc0\x03\x98h\x84\xa0\x9c\xda\xbb\x8f\x9a\
\xfcd\x1a\x19bT\xbeG}45;\xd7\x11!1\
\x22$\x8f\xffuWO\x96\x9b&\xdf\x8e\x1e\xdc&&\
\x0fY\xc6\xc1\x8d\x9d\xbd\xde\xaf\xbf\xf3\x82\x92\xccP\x8a\
v\xd2\xc4[\xa0w\xefk\x19(s\x0e\xe2P\x8e\x1c\
\xc9\x95\xcf\xbf\xfeH^|\xfd\xbf\xfa;>\xb3\xc8\x90\
@y\xec\xce)2\xa4\x0f\xf8,\x5c\xf8\xbc\xb2\xae\xe7\
\xf7\xfaw\x1b\xe1\x1e\x97\xb0\x17e\x80od\xe1\xcau\
\xda\xfe\xd7\xb0A#\x19:h\xa4L\xbc\xf6Fm\x01\
|\x07$@4\x1b\xd42\xe8\xd2\xb9\x87\xfc\xf5\xf1g\
\xc0\xa9\x0e\x83[MGq\xeb\xb2\xe0\xa34\xad\x84\x15\
H\xd0\x22x\xf8\xf1\xf3\xb6\xb8\xcd\xf2\xf5w\x9f\xa9\xf4\
p6h\x86\xd9\x1e\xca\x83\xb5p\x7f\x88Hu\x04\x82\
\x9f\xad\x82\xfc\x99\xd4\xe3\x04\xc8\x99\xec\xd4\xaf\x1a\xf4l\
\xd8\x9d!\xb3\xb7\xc4;>\x82\xf33\xd4\xdb]\xfe|\
Iw\x89\xf0\x06Ci\x1dI\xa338L9tT\
3\xbaTW\xb5\x0f:;\xcc\xce\xd2>\xf5\x05\xe2\xff\
gG$l\x19\xa8\xf3\xad\xcd\xaf\xb8y\x85\xe7\xcc\xfd\
h\xd6&\xb6\xcegj\xeb<\x0fJ\xfc>\xfb\xf4\x9f\
\xa5\x0b\x82\x81zVv\xbdl\x0bd2\x93\x159l\
G\xcc\xb9\x13\xa4T\x07\x80IR\xd6\xfd\xf7\xe6\x9e\x92\
\xa3\xe8\x91\xb6[\xe0\xed\x13\xd9-2y@\xe9/\x82\
\xde\xf4\x96\xe4L\xab\x9dJT%\x8f\x0e\xc0p\xab#\
\xa0\x22\xde\x1b\xa7\x00{D\xff\xf1\xd3:Y\x8d\xc8\xd6\
\xca\xd9\xaa\xfc\xe6\x0d\xfd;\x01A\x8b\xa8K\x01~F\
X\x85\x93)1\xf3\x90,\x04K [\xbcl\xf9K\
\x0e\xd6h\xa4\xc2\xc6w\x8f\x90 \xbc\xd7\x19\x14\xf8[\
\x98_\xf6d\xe0x1\x22\x98\x0b%\xc5/\xd7'\x1a\
j`\xfcw\x11\x8cMGl\xfe\x97v\x8a\x90&`\
m\xac\xd8\xf4\xa9\xc8\x94\xab\xc9\xf7\x14.\xe9pn\xb2\
\xfd\x9a\x94\xa8\x8b\xe2\xf6\x80\xda\x97\xb5F\xba>,c\
!K\x85\xb4?\x91\xfe7L\xb8\x19\xc4<h[U\
G\xb2\xec\x83\xe0\xad/\xbe\xf9D>\xfc\xf4\x1dD\x9d\
\xd92\x0e\x99\x83[&\xdf\x81\xd2A+\x9d\x83\xb6\xa7\
\xcd\xef\xac\xfbN\xff\xe1+y\xf6\xf9\xff\xa7L\x5ct\
\x0aB \xd9\xf9\xc0\xad\x13\xe5\xf2a\x03\x5c\xf17\xca\
\xbe\xa0\xdf\xf9+N\xc2\xe9_\xb4j\x9d\xbc\xfb\xd5\x0c\
\x89\xdf\xb3O\xdd\xdb>=\xfb\xcb\xe8QW\xca\x82\xc5\
?\xc9\xa2\xa5\xf3u\x84\x88\x0f\xe8\x07\xd1\xa0\xa7\xfe\xf4\
Oi\xd1\xc2\xa7\xce\x8c\x1am9\x85\x86~\x9a;]\
f\xfc\xf0\x05\xd0\xd9iZ\xd2\xe4\x22U\xcd\x05\x987\
b\x01B\x81\xe5\xa1\x02\x1e;\x06\x9a@\xb7\x81T\xae\
\xbb\xf6g\xc9\x8fH\xfd\x13M\xaes\x97\x914\xfe\xc6\
\x9e\xff+\xc1\x88J;g\x82fWfvU\x0fI\
A\xaa\x91\x19\x8f}\xb0\xc7_\xc1&10\xd1\x9c\x9c\
\x15\xd0\xb3\x0b\xa2w\x14(\xde\xa3\x02\xad\xeb\xad\x8dk\
\xad\xea{/|\xbe\xb3\xe8H\x81,\x97\xb2\xd7n\xd8\
\x93\xae\x0c\xba<:\xb6m-/\xff\xfbi\xe9\xd7\xb3\
\x9b\xcbOH\xed\x1a\x07\x8f\xe5I\x0b\xdc^\xd2\x88\x15\
\x97\xe9)Z\xd2,\xb3\x04p\x04\xfc\xe8{sOb\
cA4Y\xcc'\xe9\x83\xc4\xffm\xc6\xe6\xcf,\x00\
\xe5\x0e\xf9\xe8Y\xcb\x22\xe7\xf48\x80\xf0\xba@+\xa0\
!\xf8\xd4\xcbKI\xcb\x8fc\xcd\x88\xf5\xa2\xf7cv\
\x18\x03\xce>mx\xc4\xd7\x81\x0b\xc0\x1f\x9by\x01\xb2\
\x15\x7f\xc6u\xb0\xa6\x14\x8b\x8c\xc4\x92\xb8$\xed+5\
\xce\x8aH3,\x8c\xab\xbbD\xa8x\x0f\x850\xec\x85\
\xf1[\xcb\x88s\xcc\xb6\xa6\x1f\x04'@<h&\x09\
\x8e21\x7f\x10\x00A#:\x84+\x0b\xd9o\xcd\x01\
0\xcf\xd0v\x00\x8cq\xe1W*P\xb7\x0b@\xb6\x91\
|(W\xd3\x8d\xfa*\xbc\xac\xa9{S\xb9y\xd2T\
8\x007\x88gs\xe2T\x9cA}\xa5\x1b\x03\xa6j\
\xd9\xdb\xff\xd5\xf4OA\xf0\x93\x0f\x96\xc0\x09`\xee\xba\
C\xf9\xe8\x8dD\xacY$\xfc\xce\xbf\xcf\x98\xf9\x8d<\
\xfb\xdc\xd3\x0aZ\xe3\xefBZ\xf9\xcb}7]'c\
\xd0\x0dP;\x86\xb9z\x8d]\x8d\x9f\x1d\x0f\xfa \xa8\
N\xe7,Y)\xdf\xfe\xb4\x18\x9c\xea\xc7@\xa5:P\
\xc8\xe0\xf8\xd1\x17\xef\xa9\x06\x00\x8f\xc6\x8d\x9b\x80\xce\xf9\
R\xf9\xcbc\xff\x07\xdc\x06\xb2=\xb5t\x14J\xc5Z\
\xd7\xc0\xd9\x97\x97s@f\xcd\xfcB\xde\xfd\xec\x03\xc9\
<d(\xbd\xcd<2\x1b8;\xf8<\xc1\x14\xd79\
\xc4_z\x84\xb5\x02\xe1\xcfI\x99\xb3)A\xf6\xa2\x9d\
\xd5\x04F\xa6\xdc7\x1cR\xb9\xf7\x0c\xea\x80\xa8\x1a\x8e\
>\xe7u\x0d/\xf6\xa2\xf6\x94\xf7A5\xd5/\xc0\xe8\
\xfa\xd3\xf6d\xf0\xbb\x14t?4BF\xa3wD \
\xe4}C\xe0\xe4\x90\xdf\x1f\xad\xe3.:\xe2\xb5\xf4\xf8\
*\xf6\xb1\xd63X\x81\x8e\xb9\x95\xbb\xf6\xa9\xc3\xc6g\
\xea\x07z\xe87\xfe\xf7\x8c\x5c6|\x88K\x9dj\xdc\
\xf8sA\x82E9`fJ|\xd0V\xec\x0e\xfe\x8b\
\xc6\xc8n]Dg@\x13\xe4(?\xea\xe7\x15.\x17\
\x95\x84g*\x93\x08(\xe7$T\xf0\xa0\xcat\x02\xa5\
\x80\xd2|\xb3,\xa4\xff\xa9;M,\x80\xdd\x8e\xc7\xcb\
\xe8\x81v\xbc[\xfa\xb4\x95\xf6P\xc6*\x8e\xfe\xb4\xb4\
\x11\xe5\xe7\xf1\xa6\x97\x83\xac\xe5\xa9Y\xeb\x1d\xaalL\
\x85\x8d\xeb\xd9N\xa2@\x0f\xe9\xec\xd18g&f\x81\
 h+\x9c\x12\xb2\x16\xdau\xb3\x96\xa8\xab\xdd\xd6\xbf\
\xad\xf4\xc1\x22b\x8b\x9cYa\x15{\xa6u\xf5]\xbc\
\x1d\x0a\x16}\x89\x05\xf7\xe5\x86\x04G\x16\x84\x9ev\xaf\
\x88V\xd2\x0f\x8a\x8a\xdabT\xd3\x96\xa1\x86\x06L\x13\
\xac\x9a\xf6?!\xdf\xac\x8d\x03]5\x1cRK\x9a\x96\
\xe9Q\x82\xf6n\x9d|\xa7\xdc:e\x1aZ\xc5\x9c\x19\
+\x0bg\x10\x8a^\xae=\xb7\xb2\xb3\x0f\xca\x1b\xef\xbe\
$3\xe7\xccP\xca\xd9+/\x1f\x87s\xdd\xa9-f\
6W\x05\xdf\xab%\x80\xbc<d\x0b>\x92\x17^\xff\
\xb7N4:\xabaA\xad@\x064IF\x0d\xec\xf3\
\x87Rc\x15\xcd\x09n\x92\xa4\x04\xde\x91\x90$\xf1p\
\xfe\x83\x82\xdaJ2\xda\xe1\xfe\xef\xb9\xa7\x00\xb032\
\xce\xcd!\xe3Lb\xa7\xbbn\x07Q\x90S[p\x89\
@\xcf*\xba6\xe7\xd3\x18\x1c\x0869\xcdN\xd9\xf9\
T\x93\xd2\xbd\x10\x01\xd2\x1e\xb4-\xbe\xf4\xea\xb32o\
\xf1<\x0b\xd4X\x0f\x81\x13\xd4\x18\x89w\x00p\x8c>\
\x017\xcav\xc0\xf4\xb0n\xbe!i\xbfq\x14\x10\x99\
\x11_\x12\xe0\xd1X^\xbcv\xa0\xf8\xba51\xed\xda\
8\xec\xfd\xbf&\xcc\x9c]\xfe\xa8\x87\xeb\xe1F\xceK\
#\x1d\xf1\x8fP%$\xd1\x8f\x1d\xb9\xf2y0\xab\xd1\
)\xd8\x0fX.\x22\xe0\x0d\xd8\xdc\x5c\xb0\x95\x1a\xa8\x86\
\xf1\xaf\xcdS\xd2\xc9\xa3\xce\x08\xb3\x00\xd4\x1d\xe1}^\
\x04\x5c\xca\xcb\xcf>\xad\xbc\xffnl\xd3.%\xb5\xcf\
\xdd\xf7(\x14\x04\xbf\x9e1S\xfe\xfb\xca\xdb\xfas\xbb\
\xd6\x11\xd2\xa7[\x17\x90\x96u\x96\x08\xb4\x116\x87C\
\xd0\x10\xce\x00Qw\xd4\x9a`\x06\x88\xddo\xa5\x95{\
Kw\x00\xf0P\xb2\x8e\xff\xac \xc0\x93N\x13\xb6\xd0\
\xa4\xc6\xf3\xe2T\xa6G\xb2\x01\x22=\xabv\xa5(\x11\
\x85z\xae\xf8\x1b1\x00S@\x0e4(\x92Z\xc6\xe5\
?8\xc1wA\x99\xed\xb1\xe9+\xb5+\x80ws\x11\
0\x06l\x15\xe9\x03\x8a\xc8\xb3gq\x8b\xc6\xe5\xb1&\
\x90i'\xe1\xc6O~\x80\x9d\x88\x86)\x87i\xdc\x97\
\xb3\xd2\x16\x5c\xd8S\xa0\x5c\xd8\x05m\x84J/i\xc5\
\x8e\xfa\xe6\xd2\xf7\x80\xf2_|-\xbd\x83\xc6a\xd5\x9e\
\x0cy\x174\xca\x89\xc0P\xf0\xbe.\x06\x17}kP\
\x8f\xb2%\xb0\x050\x01\xbf5\xc7\xc7\xd8\x0e\x83YI\
\x05\x0f\xc2<D\xfe\xa9\x88\xfc\xed\x83\x0b\x90\xa9\xdfI\
\x13n\xd1\xcd\xdfV\x84+xDe?|\x1a8F\
\x94o\xbc\xf3\xa2\xb6sQ\x9e\xf7\xb2QW\xc8\x1d7\
\xdf\xab,s?\xa3\xad\xd0t\x9a\x18\xa0V\x12\xf8\xe7\
\xdfy\xef\x15\x99\x01\x22\x1a\xcd2\xe0\xc1\xb4\x8d\x04\x08\
\xf0\xfe\xdb\xa5\x1b\xba\x01\xfe\x90j\xae\xda\x05B\xc7\xf6\
\xa2\x0b.\x82\x12\xda1\xf9\xe0\xeb\x99\xf2\xbf\xf7?0\
\xcf\x03_\xad\x90\xa1y\xe0\xee\xc7e\xcc\xa5W!\xc5\
^\xc0\x87n\x83\x8b\xab\xf6J\xca\x7f6:\x8c\xe9\xfb\
S\xe5\xfdO\xde\x92\xaf\xbe\xfbTKF\xcc\xa2\x12\xb7\
\xd4\x09\xa48K\xc1\xf0w\x00A\x163\x9c<\xb8\xc6\
\xed\x80\x8a\x91?[\x9d\x1f\x18\xd2I\x06F\xb4T\xb6\
\xd6b\xbbW\xca\x7fY\x15|\x87\x01\xd0\x1e\x82\xa0\xdb\
Oq\xc9\xf2\x09\xb2\x91\xa7\xc8{`\x99\xd8\xc6\x04d\
\x02\xecwi\xa7(ix1X\xea\xac\xdfW\xf0\xc3\
\xce\x8b\xb7\xf1yQa\xf4{\x006\x89I2e\xeb\
\xb3\xf2\xb7\xc7\xee\x97;n\x99$~`\x03,*\xfa\
\xe3|c\x1c\xbb\x03\xc8\x0c}\xf0\xf9\xb7\xc0\x1f}\x88\
\xf2\xe3a\xc5\x8b\xf0\xf7\x0d1\x9e\xad\x02\xfc\xa4]t\
\x94t\xe9\xd8\x0eX\x97\x0eP,\x0d\x17\x7f/Oi\
\xd0\xb0!\xe6\x91Q~4D@\x85w\xe12\x1c\x00\
\x91\xfd\xc7NI\xda\xd1\xd3\x90\x02.}\xfb\xa6\xf9\xdc\
\x0f5'\xf6\xa2\x92\x17\xc0\xfe j\x04L\xe8\x16\x05\
\x95>\xb6\xa3\x94\x9f\x90\x87\xe79\x08\x87\xe2\xf1\x191\
\xb2\x17\x86\x9d\xd7\xcf\x1b!`\xe4\xb2.Q\x183S\
'+tXi\x7f\x12/\xd0\xe3JB\xfb\x17\xb3\x12\
&\x1d.\xd2\x09%\x89\x09\xdd[KWh\x0a4\xbe\
\xc8I]\xaa\xec=\xe0\xbc\x99l\xac\xff\x7f\xb1>A\
\xa5\x82\xcf`c\xe2\x84\xa3@\xd0\xa0\xb6!*\x10\xf4\
\x9b\xea\xb15\xbb?\x0c;Z\xfdX\xf3\x077E\x0a\
\x00\x7fv\x94\xc5\xc7\xea\x8e:\xff\xb4[\xef\xd1\xb4\x7f\
\x137\xb7B\x06\xd2\x8eX\x5cy\xb8q;\xb7\xc1\x01\
xII]\x88\x07\x18\x0e\xee\x00F\x95\xad\xc1\x1aH\
\x87\xc06\xbcL\xf9/_\xb9P^\x04\x0f\xc0\x9e$\
\xc8\xd6b\xf2\x11\xd8\xd5\xbb['\xf97\x04\x81\x98\xfe\
+\xc5\xe1w\xe5R\xfexMQ\x0b\xa9Q'\x80\xc3\
\xa0\x07~\xfd\xa3od\xe6\x92\x15\xfa<8\xcem\xa2\
\xdb\xc9\xbf\xfe\xfe\xa2~\xe7s\xaa\x8b\xc7AP\x06+\
\xbe\xe4\xb3\xb7\xb5|\xc4\x8d\xbdCK/\xb0\x9av\x90\
\xf8\xac#\x9a\xd1;\x00\x0dwg\xc7\x91\xa5\x01wt\
Z]\x0b\x1b{}\xf7(\x0d~jw\xf37k1\
\x97\x14\xbf;S\xe5+\x5cs6:\xc5\xac\x82\x86:\
5m@\x7f<\xa2c$\x88~ vS\x13\xa9\x89\
Z~\xd86V\x8e\x81\xf1\x971[\x95\x10\xc8\xc6\xc4\
\xddt\xfd\xb5\xf2\xd8\xfd\xd3$*4\xb8L\x102\xdb\
\xf0w\xed\xde\x1f>\x19\xf3\x00\x00 \x00IDAT\
#\xd3g\xcd\x95\x05(yQ\xec\xe7(\x84\xcc\x0at\
E\xa8N{!\xa4\xcb\xbd\xa5mT$\xe8\x85{\xc8\
@\xb0c\xb6\x83\xb4\xb0\x1b\xb2B\xc6\x0d0 p\xfb\
(\xa3\x04POR\xd0O\x9eq\xcc8\x00\xe7>+\
\xe3\xd3\x99\xa8\x87\x9d\x0c\xe0\xa2\x86\xb0\x0a\xeb\x1c\xec\xc7\
\xe7\xeb\x1b!\xd53\x04 \x8f\x1b\xd0\x8fO\x81\x9er\
\x1f\x98L\xc7\x90\xde{\xe6\xa7\xf5\xb2zo\xa6n\x5c\
\xf4\x96\xdbP\x13\xa0_GS\xe3\xe2\xa4w\x9c\xd8)\
\xe9\x05P\x16\xa9\x8a\x17n\xdb#\x07Q\x87\xb2k\xb4\
\xec\x04\xe8\x01z\x5cb\x02:\xf9{H#8&d\
G*/F\xa1\xdc\xf7R\x8do\xb0\xb1\x0e\xf6\x8a\x22\
g\xfa\xd2\x04\xb4\xa1!\x0b\x90F\xbd\x06\x0cKc\x18\
\x8a.(\x7f\x8c\xc4\xe2\xe3f\xf4[)\x03\xf0\xde\xf9\
\x95\x0e\xa0\x11\xbb@\x18)\x19]vf\x83\xea+\x02\
\x9c\xe40\x8c\xfeiT\xf1K\x83\x0da\xeaQ;H\
\x0a\xd2\xb1\xc5?\xa2\x82^\xe5\xf5\xb1k\xe5\xcdw_\
\x96\x0d\x1bV\x03\x9f\xf2\xb3\xf4\xeb3\x08\xe7~T\xba\
v\xea\x8ev3\xccy\x0b\x03\x90\x896\xaf/\xbe\xf9\
P>\xfb\xeaC\x15\xdd\xe0\xe7y\x02\xc9=a\xccH\
y\xf8\xf6\xc9\xbf\x07\xbbW\x8d\xb3\xbd\xb8S\x1b\xef\x9d\
\xc6p5d\x82\x9f{\xfb\x13a\x87\x00\x9f\x07[\x00\
\x07B\xd0\xe9?\xcf\xbc,\x8d\x1a\xb1\x15\xd6J\x8f[\
\x99\x9a\x1a\xbe\xd0b?\x8eW\x9f\x0dP\xe9w\xdf\x7f\
\x09\xf9\xe27\xe48\xb0&\x84\x8eQ]\xf5!\xa8\xf8\
y\x82\xc7\x7f\xc6\xd6dt\xb3\xec\x92c\xa7N[\xd8\
&C\x8c\xd6\x13e\xd6'Fv\x17\x0f\x80\xa2k\xb7\
\xbb\xc7<\x83|\x94+\xd6\xc0VS\xce\x9d\x8a\xb1F\
\x93\x9e8\x86\xfa\xda\xcd0\xa1o;(#6V\xa7\
\xc0\xce\x0a\xd4\x85gP\x9d\xd7\xc0\xbd\x85\xc0\xcd/c\
\xb6)P\x9d-\x91\xbc\xfba\x03\xfb\xca3\x7fzX\
\xbaw\xc1^f\xd9\x8e\x12\xaf\x83\xa5\x15d\xbb\x99\xe1\
I\xdb\x9f)\x0b\x17,\x95\xcf\xa7\xff(\x9b\xb6nW\
m\x11\x82-u\x83\xd7\xf3\x98y\xef\xe7\xd3BF\x0d\
\x1d 7\x82s\xa0S\xa7\xf6Z\xfe\xadouZ\xd0\
6\x96\xe8\x00\xb0\x86\xc4\xf3\xec\x01\x000\xeb\x04S\x0d\
\xc6\x08\x96tpQ\xf1\x01gb\xb3Q\x8d\x00\xf4;\
\xda\x9ejX\x8b\xa6P\x0a\x8c\x96a \xe4\xd1T\xa8\
\xee\xd6\xae\xba~F\x18\xe8\xcde\xdb\xc0s\xbf\xd71\
\xf1\xfd\x00\x00\xbcmHW\xa4?X\xc7-9\xb3\xc0\
M\x7f\xe5\xcedY\x03\xa2 \xf2\xe5\xdb5?7\xa0\
\xe1\x07\x0203\xba}\x88Dz5\x91\x06\xb5\xc6\x93\
]=\xd3\x8e\x10\x90]H\xff\x7f\x8c\xf4\xdbJ\xe8k\
k}\x1a\xff\x05z7\x93K\xd1oK4\xb1\x9dN\
\xb4\xaf\xa0\xf4\x16\xa6\xea\xb9\xce\x8a\x9f\xd56\x1d\xe4\x80\
@\xa7\x0aZ?\x09\x8a\xca>\xca\xf4\x9a9\xea\xd7\xbf\
\x10\xc2>\x9e2u\xca]r\xfb\xad\xf7\xcaI\xc8\xb6\
\x9e\x93-r\xf1\x02\xecy\xb3*f\x99\xbc\x89\xb4\xfe\
\xe6m\x1bu\xc1u\xeb\xdaC\x1e\xbe\xf7\x11 \xcf\x07\
\xa2\x97\x1b\xe8^L\xeb\x9f\xa1\x13\xbf\x1a\xf4\xb3\xaf\xbe\
\xfd\x02T\xe1\xb6Z\xd7RO:B\x0d\xf0I\xa4\xff\
\xbb\xb7o\x83V\xa03Z\x9f\xfb\xe3\xa8\xe4\x088\xa0\
\xcef\xf39z\xec\x98\xcc^\xbcR^\xf9\xe8k\xc9\
\xca6`:\x96~&O\xbcU\xee\xbc\xf5\x01\xcc\x15\
(\xa0\x99\xa8\xc1\xa5\x0f\xae\x19\x8c\x80\x99\xcb\xd4\x8c\xf8\
q\xcewp0_\x91<\xb4\x90\xf2\x88\xf4\xf1\x94\x07\
\x86u\x16/\x10zqC]\x96\x80\xb5\x0c\xe7\x96\xb6\
\x98\xce,\xbb\xad\x9e\x1e\xddK\x22P*(\xca\xd3\xe2\
\xd2\x0dV\xe9\x8b`\xab\xb1\x11\x11|\xfc\xce\xca8\xf0\
\xfb\x1f\xd5\x1d\x9ew\xc7\x80#\x10\xec\x86W\x81\xbf\xc5\
\x07\x9a1\xdc\x00\xcb\xdc\xf0\xaa\xf4\xdaj\xefd\xceh\
\xfc\xd9\xc0\xa6\xc5\x02\xbb\xc1q\xe2\xdc\xea\xd8&R\x9e\
\xfd\xdb\x13h]\xed\xa7e\xda\xb2\x0fJ\xfe\xa2\xc4\xc3\
\xcd\x1b\xdd]\x07 \xfb;s\xdeB\xf9\xf4\xab\xe9\xb2\
\x01B?\x94\xa1\xd6}\x9aq\x0e\x8c\x9d\xed\xec\xba#\
\xebIG\xe0\xfak\xc6JW`\x06|\x9b5\x83h\
V)\x0e\x00\xcf\xc1\x0d\x22\xe1\xf0I\xc9\xcdG\x0b\xa0\
FIe\x19,ScX\x03\xa5#\xb2\xf2\x91\x9f\x9a\
W\xc3M\x9a\x02AT\xe9\xf3o\x0a\x80\x0a=B\xd6\
@\x5cA\x05\xe0\xb5\xa7`h\xa7o\xde-\xef\xad\xdc\
\xa1\xe4@<\xd8\xce6uH7L&w\xc7\x0d;\
\x0f\x9e\xb3g\xc9z\xda\x22t\x05l\x04F\xc1 0\
\x8dG\xca\x14\xd4\xc8\xf6\x11\xb8\xb6V\x12\xd4\xac\xa1b\
\x02\xceKl\xdc9n\xb4\xf9E.\xba \xe6lO\
\x92\xaf\xc0\x0b\x90\x8bvJ>\x1b\xcaLv\x07\xd5\xe8\
\x08\xb4\x04\xaa\xc2\x16gKY\x9eg\xd9\xb3\xb2\x06_\
\xe1t\xb3\xb8vv\x89\xec\xca8\x84\xae\x8f\xbd\xea|\
\xda\x06\x9b\xcf\xd7\x03\xc0\xaf;n\xb9\x1b \x9b)\x0a\
\xf8\xab\x8c\xc1\xb13,\xcbW.\x91\xb7\xe0\x00l\xd9\
\xbeI3J$\x97a\x06`\xc8\xc0\x11r\x0a\x843\
\x17 \x05G5\xb8\x0f?}KEh\xf2\x91\xca\xe5\
{\xbd<\x9b\xc9\xf8\xcbG\xc8#\x1a\xfd\xff~x\x18\
jpb\xe8G\xa5ef\xca\xc7\xdf\xcd\x96\xcf\xbf\x9f\
\xe7\xc8\xc8DG\xb6\x91\xbf>\xf6w\xe9\xdds\x00\xc0\
\x82t\x00\xd4\x02\xd4\xf4\xa5\x95\xfay\x9c#G\x8e\xe4\
\xc9\x9c\xf9?\xca\xebo\xbf\xa8-\xa6<\xc2Z\x00\xb3\
\x84\xb6\xbe\x140\x08~\xbe.Q\xa3k.YF\xfe\
\x81\x08\x82\xee\x03\xd9\x0fuO~./\xc2\xba\xaa\xef\
\x1e\xd7t\x1c\x99\xda\xd5 bc\xd7\x16\xcb\xb5<\x8c\
\xa3R_Z6\x07\xc5o\xc7\x08p\xb8 \xf0\xf8\x1d\
m\xfe\xce\xc3Lm\x06\xd2\x01/\xdf\x81\x0e5\x80#\
y\x84\x04\x06\xc83\x7f}\x0c\x82@\xc3\xa4\x09\x80\xda\
\xae\x1e\x1a\x8b[\xb6\x9b\x1d!?\xcd_,O\xfe\xf3\
\x7f\x92\x04\xe9_\x0d\xe4\xf4\xcfN\xd9p+3\xd0\x0c\
\x14\xe4=\xbbv\x92K\x86\x0d\x92\xc1\x83\xfa\x97\x9c\x01\
\xd0>f\xaa\x17\x1d\xca\xc7\x83-\xbe\x05\xb0\xe8\xc5\xda\
Y\x00\xf2\x01,\x86A\xd6\x96@\xa6\xd9\xf0\xc2\x00\xa4\
\xffo\xe8\x19\xad\x9a\xd4\x85'@\xd9I 2'\xc5\
`b=\xbf`\x13623p\xbc\xbe\x1b\xfau\x96\
\xf6A-\xb4\xf6[\xda\x1e\xc6t\xf0\x110\x19.@\
)`'\xba\x14\xc8\x14\xc87\xb0}\x91$9\x8c\x88\
\x87A\xc4(\xc0\x8d\xed\x14u\xcb0\xb84!\xac\x14\
[\x81Ce\xc6\x94\xe3\xbc!\xf9\x00\x10\xb8;dG\
F\x8ec\x03\x0cDK\xe0\xe5\xddZK \x16\xa5N\
\x12\xe7\xc1\x03\xa8\xb2\xec\x94\xb8KWU\xe5/\xb2(\
\x8c\xccyq\xd9\xbf\x00\xdb\x10\x9f\x91%s\xe0\x1c\xe6\
\xa1Teg\x9c87\x1a5l$\x8f?\xf4\xa4\x8c\
\xbbr\xa2\x02\xfe*\xb3\xf9\x9b\xb5f\x22\x96\x15\xab\x96\
\x1a\x07`[\xacz\xe2\xe1a\x91\xf2\xc0\x9d\x8f\xca%\
#.G\xfa\xf9\x0c\xd8\xe9\xf2!A\xfb9\x80:/\
\x22\x8a#f\x05h_8\x1f\xdd;\xb6\x95\xc7\xef\x98\
\x22\x9d\xdbE;\x91\x9dT\xf9\x10\xfd.Oh\xdb\x18\
>\x1f\xd2\x03\xbf\xf0\xeeg\xb2lm\xac\x8e}C\xcc\
\x83\xc1\x03\x86\xc9\xd3\x7f\xf9\x17\xf4\x17<1m\xca*\
\xf7\xd4\xce\x10\xf2Z\xa9\x0d0\x1f\xb4\xd1\xaf\xbe\xf5?\
\xa5\x08\xe6\xd2\xf4F\x90B\xe0r,\x98\xf3l\x0ey\
\x95\xacFF\xe0&\x80\x99\xc7v\x0aw\xea>\xa9)\
\xdbU\x90\x0a\xb6\x8b\xaf\x0c\xd2V\x81\x94\xe8ch\x91\
$A\x93\xc4\xb1\x161\x9c^\xeeM\x80\xd7\x8a\x94h\
\xd4\xfe\x0b\xd6a\xd9v\xbfv\x9eD\xf5}*\x1d\x80\
]\xc0\xc7\xcd\x04w\x03\xf7F\x8e\x85?\xea\xf5\x7f}\
\xe4^\xb9v\xech\x88\x035s\xd9-u\xe4?1\
I\xf6gf\xc9\xdb\x9f|%/\xbe\xf9\x9e:[,\
'4\x8631w\xf1rd#\xc99`\xca\xf4v\
\x09\x9c?7D980\xc0\xbf\x18\x07\x80\x86\x15a\
\xf0EH\x1f\xe4\x80\xfd/17\x1f\xe9J\xd7\x16\xcd\
Y\xd4(\xa8J\xb7\x1e\x916#\xb2\xc3\x90\x0c\xb6\xbd\
\x10\xee1\xbd\xc0\xc8w\x07\x00-\x11\xd0\xc1\xd64\x86\
\xd9\xca\xcb\x1cq\x12c0\x9dMB\xa0L\xc8FR\
\xc5\x88\xc7\xd0\xf6\xe1\xaa\x0b@\xef\xb7\x10\x1f@\x09g\
L\x060l\x11\x9c\x80}\x00\x05\xda\x8cS\xfc\xf4\x08\
?o\xb9\x14\xe7\x19\x10\xe6#-\x1a\x93:\xb3\xeck\
*\xf3\xa2k\xf8\x05%\xd1{f\x02qJ\xf0\x10\xf5\
\x14\xcc\xb0\x9dUz\xe6\x1eh\x09\x1c\x82\x8e\x00\x8e\x9b\
\xbd(k&\xddY5\x03\xc3\xf6\xaemi\xe8\x9d\x8e\
M\x00\xcd\xa6!\xd6\xe0\xc1\x08\xbc\xb9\xa7\x97<x\xcf\
\x13r\xdd\xb8\x1b\xd0\x01\xc2\x88\xaf\xf2\xcf\xd3\x1e\x9b\xd5\
kW\xa1\x04\xf0\xb2\xc4B\xd8\x85bBAh\xff\xbb\
\x1f\x0e\xc0\x98\xd1W\xc9qH\xc0\xce]0G^\x7f\
\xeb\x05IM\xdb\xe7\xc8o\x05\xf8\xa2\xfb\xe0\xaaKd\
\xca5cT^\xd8n\x05\xab\x9a\x91\xf8\xe3,\xf6\x08\
\xb0$\xb3t\xcd\x06y\xf6\xb5\x0fd_Z\x86\xfe\x9a\
\xd4\xc0\xd7\x81\x16\xf8\xae\xa9\x0fh\xc9\xc6YW\xbe.\
\x8d\x1c\xe7\x179&\x16/\x9b//\x819r?h\
\xa4\xd5v\xda\xf8&SH\xd7\xf5\xdb\x08\xa9\xe2\xc1\xd1\
\xad\xe4\xde\xc10\xf4\xccl\x11\xd3\xe2\x92%\xad\xca;\
\xd6\x18S?\x95\x9a\xf6+v\xa7\xcb\x071P\xba\xc3\
\xc6f'#h[X\xeb\x1f\x06\xfe\x91N`4,\
@\x91\x11\x7f\xf3\xfb\xcb\x82q\xdd\x1f\xc4\xf8|\xbbf\
;X\x11M\x86\xc4\xb3\xa9\x9b<8\xedf\xb9\xf9\x86\
\x09\x10!\x03\x9b\xa8\xab\x87\x15\xdd\x13\xce\xbaq\xfb\x0e\
\xf9\xdb\xdf\xff#\x8bW\xacV\x87\xe2\xc1\xdbo\x94\xeb\
\xc6^\x0a&\xcc\x18\xf9\xf0\xdb\x99\xb2f\xf3v\xcc-\
d\xe3\x09\x92U\x8e)#P\xa5DS\xc5i\x01\xb0\
\xfeO\x8a\xdftt\x00\xb0\x05\xf0\xe7\xd2\x8a\xffE/\
\x18s\x82@@\x92\x02i\xba\xdd\xe9\xbd\xcdA\xc0\xc3\
n\x80\x09@\xab\xba\xa3\x97\xdf\x95C\xa7\x19\x1c\x80L\
\x80\xf8\xfe>{\x9d\xec\x84D0\x0f.\x8eh\x7f/\
\x99<\xb0\xb3\xd6B\xca4\xf1x=\xbdRrf/\
E9\x80\xc2\x19\x8as\xc0\x7f\xecI\xed\x08\x96\xadK\
:\x84I\x97\x96\x9e\xe2\x09\x15\xc32\xcf\xe7\xca\xc5\xd7\
\xeakL>\x80\xb5\xff\xe5h!\x22\xffv\x06\x009\
\xbc\xb1\x0b1^\xa1\xa8-\x8eB\x19\xc0\x1f%\x14;\
\x03`\x96s\xcd\x9b\x92r\x0d\x13\x9ea>6\xff\xad\
\xa0\xd4d\x99\xe90Z\x8d\x0c\xf0\xc5H\xfa\x92\x90\xe7\
\x8e[\xee\x91+!\xeeC\xba\xd5\xa2\x0f\xd2\x98\xd0\xf2\
\x1f\xb6#KE\xb7\xb7\x00\x02\x5c\xbb!F[\xb5|\
}\xfc\xe4\x9e;\x1e\x06#\xe0\x04\x89\xdd\x04F\xba\x8f\
^\x97\x15\xc0\x09\x18\xe2!\x94\x5c\x1a\x83\x9a\xb6o\x0f\
\xb9\xef\xe6\xeb$\x14r\xb5\x7f\x1c\xd53\x02\xaa\xd1\x00\
\xde\x85Of\xcc\x917\xa1\x0dp\x0a\x02;t\xfc\x22\
\xc2\xa2 \x01\xfc\xa0fh\x981*\xaf3H\xa3\xed\
\xdc\xb3_=Wo\xec\x19\x91\xff\xcc0\xbd\xf0\xda\xbf\
UgB\xe7\x9c\xd3d\xe5\xdce\x0bt[\xd8\xbd\x87\
\x01\x0c\x0c\xf1r\xb3\xcck\xedX+^_\x16\x90\xed\
?\xc5\xa5\xc8\xecm\x10\x84\xc3\xcf\xb4\xb1v\xda\x9f]\
G\x14\x22\xeb\x04\xe0\xb1\xbd\x0e\xd9\x99NV\xbc\xda\xb9\
\xe2\xeazz%\x9c\xb7\x18\x9aYj\x02\xccX\x17\xa7\
\x9dr\xa4G&\x1f\xcd\xad\x13\xc6\xca\xbd\xd3n\x93\xd0\
\xb0\xd0\xf2Uc1\xbf\x8f\x9d\xc8\x97\xe93\xe7\xca\xe3\
O?\x0b\x10\xe9a\x09n\xe9'\x8f\x83j|4R\
\xfc\x17^t1X&3e\xcd\xa6m*\x98\x15\xbb\
=^\xd23\x0f\xaa\xddr\x94JK\x12\x03\xa2\xf9\xda\
\x0d\x00`6\x80MFN\xa5\xf4\xc3>!k\xb2K\
Q\xe3\x88\x01\x1f\xc0)\xf2Z;\xbd\x91)\x906\xfe\
\x9e2\x09\xa5\x80\xde\xd6\xa4peA\xf2\x14G\x90\xfa\
\x7f~a\xac,\x01\x08\xc6>iS\x90'\xdc5\xa2\
\x97\xf0\xbbkf\x1d\xadb@\xcaP\xbb`%X\x99\
8ay}\x9c\x8c\xc4\x14\xf4\x89\x0c\x92Q\x00\x05\xb6\
\x06\x97\xb6;\xfaS\xcf\xf7I\xca\xa7v!\x1c9\x22\
q?\xdf\xb0Kfl\xde\xe3\xc0Kx\xc23\xe7\xe2\
\xec\x19\xde\xca\x80\xa2\xf0\xba\xba\x7f\xbf@\xc02\xf2O\
\x81\x13\xb7\x93\x19\xa6\x02P'\xd5\xe1\xfc\xfdZB\xed\
\xedOZ\x8f'\xf2_7{\xeb\xa6\x0a\xb2\x1b\x15w\
p\xe8,n\xdd\xbeY\x89\x80b\xc0\xdd\xce\x94\xbf\x9b\
\x9b\xbb:\x1cC\xfa\xf4\xd3\xfe\xed\x1f\xe7\xcd\x96\xdc#\
G\x1c\x0b\x8c)\xffGn\x9f$\xbd\xba\xb4w\xa0s\
\xed\x95\xe4l\x1f~K\x94\xd45lf\xf5\xe3\x18\xd9\
o\xdd\x99(\xff{\xf7SY\xb1v\x93\x1aR\xea\x02\
\xf4\xea\xdeW\x1e\xba\xf7O\x12\x1e\x1eU>\xe3j\xdd\
DY\xc0\xd8\xb2\xfe\xee\xeaXp~\xd20\xaf\xdf`\
$\xa4w\xc4o\xd3\xb7\x16\xd4q\x0d\xe8/\x18e\xbb\
\x87\x00\x0a\xec\x18\xe8mM\xee\x8a\xcfgW\xaf\xed\x9c\
\xd711\x81Ja\x0a\xda\xbeiS\x96$\xa4\xc9a\
\xe0\x8d,\x06c\xe5(\xa0\x98\xd1\x80\xd6\xa1\xe8\xf7\xf7\
A\xeb\x1f\xf17v\x16\xd9\xb0\x13\xd6n\xb7B\x85\xef\
\xbcRo\xe4\xb3\xa4\xa3:\x0f\xd2\xf5\xe4\xcc9\x01[\
\xc6\x1e\xfe[&\x8e\x93\xfb\xa6\xdd\x22ah\x05t\xd9\
\x06\xf3\xb1#\xc0\xd9\x9d\x92\x22\xff}\xfeu\xf9\xe0\xcb\
o1W~U\xa2\xb1\xa7\x1f\x9c*\x03zv\x07\xe9\
\x99\xbb\x5c\x84\xce\x90\x1c\xb4\x97\x1e:|X\x92\xd3\xc0\
\xd6\xbbf\xa3\xcc_\xbe\x06\xb4\xd9Iz/%t\x01\
\x00Y\x8d\x8d2.;_\x8e\x02tB\x02\x13\xfb\xc2\
JL\x13k\xb6\x0alE\xd8\xa8\xe7\x83\x0b\x80\x80;\
\xc3\xfcT0f\x5c\x94\xcd@Q9\xa2u\x10\x9c\x80\
\xd6Z\xc7*{Ur\xe2\xd4Wg\xe2S\x80K>\
^\xb3\x93\x97\xed0\xb0\xb7\x0f\xee.\xa1~\x1eN\xe9\
\xa5\x92\x9f\x91f\x13t\xa1\xa13\x00`\x8c\xf5{\xd0\
\x19\xc0\xd4\x88\x9e\x91mr\x17\xc9`\x88R\x5c\xd1)\
L\xc2\xc0\xaae:\x03\xce\xff\x83\xf7\xb6\x16\xc8\xdc\x97\
\x96l\x964\x94P8\x06D\x9c2\x83ry\xd7h\
q\xb7Y\xa8\xaa U^U\xa3U\xd4H\xf0\x1e\x88\
\x9c\xdd\x0aL\x03I~N\x02pd\xd7\x19/\xc4\xbd\
P\xeb\xfd\xa9'\xfe!=\xba\xf5\xc5\xef\xcb\x1f\xe9\x95\
v\xdd,m\xd1I\xe2*\x88\xdf\x15'\xaf\xc3\x01X\
\xbej1X\xe6Ni\x96aX\xd7\x0e\xe2\x07\x83\xb7\
(v;4(P\xff\xb4(\x81#C\x83\xe4\xce\xc9\
\xd7\xca\x95#\x07);!\xd7\x91\x9e\xa5<\x19\xb5\xaa\
\x1a\xd0\xdf\xe4y\xec\x22\x22\x1cCt^L\x9f\xbbD\
\xfe\xfd\xc6G\x90jF}\x15\xf7\xdb\xb4\xa9\x07\x88\x7f\
\xc6\xca\xfdh\x01\xa51\xa4\x93\xe0\x5c\x07-\xba\xc1\xd6\
\xee\x10\x99\xc8y7\xd8\x00\xdf~\xffU\x80\xbaf\x1a\
\xc9j{\xae\xe0\x86\xbc\xb1N\xa7\xa0\x85n,\xda\x97\
\x7f\x85=t%x\xaa\xc8=\xd9&\xbb\xa4\xcd\x88\xbf\
O\x80\xb6\xc6g\xeb\xe3\x95p\x8c\xfd\xe9\x05\xdc\x04F\
\xc9p8\xca\xb3m\xc8X\xc8\xf9\xeeL\xd4V\x91\x0b\
\xfa\x0d\xbd\x87\xc8\xfc\x0d\xd8wX\x22\xcfA\xf4\xce\x92\
\xe0\x94\xeb\xc6\xca\x03\xd3n\x97\xa822\x00\xb6\xab\xe7\
\xect.\x8bY'\xf7=\xf1\xb4\xc4\xedJ\xd4Q\x8a\
\x0a\x0b\x92\x7f\x82g\xa4k\xbb\xd6`\x1al(>\xc8\
\x88\x92\xaf\xe4p\xd6~\xc9\x03\x8d0\xdb\x00s\xf0}\
I\xcc\x06\xf9r\xe6\xfc\xa2\x0e\x80I\x90\xf2\x83\xf2P\
\xffO8tBN\xbb\xe8`\x1a\x00`=\xed\xc1\x9e\
\xbfu\xb7R\x02\xf3h\x84\x0e\x00\x02\x13\x8e\xa3wU\
[\xd1\xf0\x9a\x10\xb4\xaeLD[\xe0e\x90\x0bv\x15\
\x11\xca\x09\xb6\x14\x9e&\xcb\x00\xe6\x0a\x8d\x130\xa6k\
k\x88I\x98\xf6\xc2\xb2\x0e\xc7\xad\xe0\x07\xf2\x02\xac\x88\
\xdf\x87\xeb<\x00O\x0c5d\x06\xc18\x87\x1fR\xe2\
\xc3@\x963\x12\x9d\x01\x81\xcd\x1a\x19i\xca\xf3\xfc\xe0\
-\xa4c\xe3':\x97BA\x5c\xb0\xdc\xcc\x9a#\x0b\
0\xa4]\x88\xf4\x08o\xa98\x0aW\xc6\xb06\x86\x82\
\xcf\x99\x02\x1aq\xd0\x0fg\xda\xff\x10h0y\xf0\x1e\
\x1a\xc0\x83n\x0dr\x97\xa97\xdf#\x83\x11\xf9\xeb\xef\
\xab\xe9\x91q|\x92\x92\xf6(\xc0o\xe1R\xa0\xcc\x91\
\xb2\xe5\xc4\x09\xf7\xf5R\xa9\xe9\xdd\xe8\xef%`\x954\
\x9cAH\xc5]\x7f\xc5%r-\x90\xff\xee\x16\xf7|\
UE\x8b\xb5\xf1\x0c\xea\xf2g\xf2q'\xa5\xa6\xcb\x9b\
\x9f}'\xdf\xceY\xe4\xb8\xd4\x90\xa0P\x99v\xdb}\
2\xe6\xb2\xab\xadyQM\x13\xa3\x0a\x07\x87\x9d\x003\
~\xfcZq\x00\xec \xb1\xe73\x15\xf3\x86\x02\xa8|\
\x13h\xd5=5\xe3Y\x13\x87S\xc1L\x8d\xa7)\xbf\
mL9\xa8-\xd9\x9b\xc1\xb1bK\xdb\xf2j\x18T\
\x04\xa1\xcd\xb8\x1fd\x8c#\x01\x5c\xb4\xedI]\xb5+\
51\x82\xc5}\x06\x89\x80\x18\xc4\x10\x93F[5a\
\xecHy\xf0\xae\xa9\xd2\xbeu[m\x97t\xe9\xc0\x1b\
\xf3\xc1\xb5\xf3\xf5\x8cYr\xdf\x9f\x9e\x96c\xb0\x89\x1c\
\xe7vQ\xa1\xf2\xfc\x93\x0fKdh \x12\x04\x17J\
\x8b\x80V`\x03l\xac\xad\xc9\xc7\x8f\x1c\x95\xfc\xa3y\
\x08\x5cN*'Av.>\xbf\xb8\x12\x00\x9fu:\
\xc8\x7fR\x8f\xe4\xa3\x15\x10W\xc8\xff\xe1\xe4\xce\xe9\xa8\
\xa2\x17\xa9\x0e\x00\xbc\x1b\xf6c\x93x'\x89\x22\x158\
8!\x9aC\xc4b\x1f\xfeMP \x8f\x060\x96\xdd\
\x82}\xe4\x96~m\xa5\xb5\xaf\xa7\xa5c]tq\x16\
\xf5<\xce*\xad\xed=_.\x85B!\x22<\x9a^\
\xbc\xa4shK\x19\x0bD\xfb\xc5*&\xe1\xe2\x81\xf7\
\x11\xa8\x92\x06 \xc6\x92\x1d{\xd4p\xdb\x8e\x08\xcb\x14\
\xc1\x00)\x8ej\x1f&C\x22\xfd\x01\x0a\xbc\xd8\x91\xfd\
8\x9fSWtrV\x00\xa5\xfb!:\x02\xd2\xd1.\
\xc7\x83\x14\x91\x91\x10\x07\x1a\xdb\xb3\xad\xb8Q<\xc4*\
\x87\xb88\x8a\xd5\xfb2\xae\x0c+\x83\xc4\xecO<(\
\x9d)\xa6q \xefh\xc1\xb3\xc2\x04\x8f\x8ah-w\
\xdf\xf1\xa0*\xbd]\x8c\xb4\x7f\xf5\x1e\xf5$3s\xbf\
2\x01\xce\x9e\xff\x83\x82\xb6x\x89\xd4\xa6 \xbf\xc0\xf1\
\x93\x04#\x9e\x05\x10\xa7\x85\x5c}\xc9\x10%\xfd\xe1\xcf\
\xdaqb]XY\xeb\xa8z\xaf\xff\xb7yv\x96b\
\x16\xafZ//\xbd\xff\x85\xec\xda\x9b\xac\xb6\x8a\xb5\xfb\
\x9e\xdd\xfa\xa8\xfa_hHx\x85\xea\xff55Z\x04\
\xc4\xb1.\xce\x88\x7f\xf7\x9e\x04\x88M\xbd*s\x17\xce\
vd\x00\xd8\x9e\xdc\x0eZ*\xd3\x06v\x94h_\x0f\
u|k\xfa`Z\x9f\x1dX\xcb@.Fz\xdf\xdd\
\x00R\x13\xfcg\x0c\xb1\x09\xf4\x22\x01\xa6\xee\x0dz\xf6\
V\xe8\xf7wy#\xab\xe9\x1b\xa9\xa5\xcf\xb3w3\xda\
\x0bf/\xc9\x95\xc3n9v\xa4\x0d\xec\xd3I\xae\x1a\
=\x0a\xa2@#%$(\xc85\xa0*\xe6x.2\
]\xef\x7f\xfa\x95<\xfe\xd4\xbf,<\x9bH\xfb\xe8p\
y\xe9\xe9G$\x14\xaa\xa34J\xcd[\xf8\x8a\x9b'\
\x9c1|0\xc1\xf4\xbf\xc0\x118u\xe2\x84\x9c@\xc7\
\x09\xed\x97\x93\x03P\xb0\xe1\x12\xf4\xb7\x07\xe8\xff\xec|\
F\xc6.\xa25\xad\x12\xc0\xe6\xe4\x0cMod)\xdf\
\xb1H[0\xf6\xb5E*(\x01\xbd\xda\xdb\x95\x1c\x88\
0D\x80\xa3`4\x87\xb7\x09\x94\xa9\xfd\xdbC\xc2\xd2\
l>\x85\x0f'\xef\xd3\xfa\x03{'\x1f\xfcv\x85\xec\
\x86#`\x1bR2K\x11\x08\xd8\x0c^qy\x22?\
\xdd[\xf0\x7fIY\x87\xd1\xb2h:\x03l\x07\x87\xd1\
\x1c\xa3\xba+\xa1d8(\xcc_\x9a\x90.\xd8\x9e\xe9\
\xb54\x81*\xfb\xb1\xcc\xa0\xb0=\x87i;\xd6\xec\xb4\
^\x871 \xc3\xd8\xa0v\xa1\xd2\x0b\x0ac6\xf9S\
e?\xabJ\xdeo\xcd\x07\xd6\xb5\x121w\xd8\xc2\x99\
y\xe4\x98\x82\xeb\xf8\xec\x99\xf6\x8f\x8el+\x8f\xde\xf7\
W\xe9\xda\xb9\x9b\x5cP\xc9>\x7fW\xae\x99\x867/\
\xef00\x00/\xcbw?|\x09\xd2\x19\x10\x9d\xe0\xb8\
\x00\xad/\x9c\xad\xc4\xfd\xb5\xf2\xf3\xd1~\xff\xab/\x1d\
*>\xe0\xe2V \xa2\xb1\x91\xb5`\xb6]\xb9\xab\xf3\
\xff5\x07\xc1\x91\xfe\xc5\x0f\xf3\xe4\xa3\xeff\xc9\x11\x10\
\x01q^{y\xb5\x90\xf1W]\xaf\x00\xc0su\x1f\
\xea\xde=sNg\x1f\xca\x82|\xf4\xd7\xf2\xd1g\xef\
\xca\xe1\xdc\x1c+0:+\xad@\x9cs\xd7\xa0\xf6\xd2\
7\xdc\x1fe\xd6r\x04:\x15\xbc\xcd\xa2\xa6\x98\x9d]\
\x04\x10\xcf\xd8\x92$\x8b\xe2S\xc1/\x92\x8f\x12\xb1!\
#\xe2\xacn\x0c [\xfb _\xa8\xfa\x05\xa9=q\
\x96[\xaf\xe0%\x9cWosem;\xca*\xdcO\
1p\xdbR3u\x9f\xa4.@\x0bo\x0f0\xf6y\
\x83\xa8j\x0a\xda\x01\xc7\x88\x87;\x80\xd9\x16\x93i\x89\
\x03\x81\xf9r\x04\x18\xb6\x8f>\xffF\x1e~\xf2\x19G\
\x09\x86\xf6\xe7\xfe[&j\x00\xc2g\xd3\x04e0/\
?\x820-\xb7QA\x9aF\x8c\xea$\x1c\x01u\x00\
\x9c#[\xa6\xd7\xf3Q#O\xc8\x81\x02 \x18\xd6@\
\xb5o\x0c\x18\xdeTf*\x077\xb7\x12i\xf5\x15\xf1\
\xe8\x00@\xca\x9fG\xa7\xe0\x00\x19\xd4&\x14:\x01\x88\
\xb6q\xc3\x0a\xbc\xc3\x85\x11/\x10\x0a\xb0\xdd\xa4^\xad\
e0R[\xcc\x1e\x14\xdad\xad\x94\x93\xd9\xe8\x8d\x09\
\xa5\xf3\xf0\xda\xd2m\xf2\xed\xa6\xdd\xd6\xb8\xd4S\xe7a\
|\x9f\xf6\x12\x02\xbdlg\x95\xaf\x12\x07\xce\xcah\xd8\
\xe0\x04zEtLV!\xba\xdcO\x9em\xab\x87\xe5\
\x228\x01\xed[\xb5\x90k\xbaFJOp\x0d\x9c\xef\
x\x00>\xc6\xe3\x10HZ\x18\x9f\x22o\xaf\xda\xa1\xa0\
J\x1e\xf4\xd4#@\xce1\x16\xaa\x5ct\xa2\xca\x86{\
\xd6\xdc\xda\xa4~\xc3\xee\x03\x87d\x05\xd2\xfe\x94\xf6\xe5\
\xb3\xe2| \xc5e4\xb8\xf7o\xbf\xe9n0h\x8d\
\xd0\xdf\x9597\xab\xe0\xb2\xb9\x84N\x81\xee\xf7\x83O\
\xdf\x06\xc5\xef\x07r0;K7\xf5F\x00\x8cF\x85\
\xb4Re\xae\xde=\xbaH\xc7\xd6\x91\xe2\x0e\xeem]\
:\xe5\xf1J\xab\xe0\x1a\x7fo\xa7\xa0]\xda\xba3A\
\xde\xf8\xf4;Y\xb2z\x83\xb6\xfa\xb1-\xaek\xa7\x1e\
\xca\x03\xd1\xb9CW\x05k\xd6\xc4\xfc\xa8\xe8\xd8s^\
\xa9v\x04p%\xaf\xbc\xf1\x9c$\x02\x07`\xb7,\xfa\
\x82\x07`l\xe70\xb9\x16vHE]\xca\xc8\xc4V\
\xf4\x1aJz\x1f\xdb\xa5\x13\x10p\xcd\x02\xca\x9f\xf5~\
\xe5a\xb1\xa25\xda\xdb\xe6\xd8\xf0\xbb\x80V\xbdK\xa8\
?$\x88\x0b2puy\xbc\xabz\x8c\xca{>\xee\
\xb7\x19\xd8kf\x82\x15\x90e\x00\x96\xce9\x96\xd7\x8e\
\xbd\x5c\x1e\x85.@\xbb\xa8\x08\x97pB?\xc3\x09\x9b\
\xbbx\x99<\xf0\xa7\xbf\xcb\xbe\xd44\xbd\x8c\x86\x90\xbd\
\xef\xd5\xa9\x9d\xdc\x07'\xa03\x98G\xeb#P\xf2\xf4\
\xf2\x96&\xcd<\x9d\xd6\x80\xc5\xeaKl\x93]\x02p\
\xf6b(\x01\xbc\x17\x1d\x00\xe4\x1cv\x15\xadIcw\
\x1a)\xa1\x85Hm\xac\x85|/\xbb\x01x\xce\x1e@\
\x99\x8f\xe8\x10\xa9Ji\xab\x13\x92e-(yY7\
\xe2\x04i\x82\xb4Q\x9f0?e\x08$\xba\xd5\xd1'\
jm\xfe\x051\x93\xc9\x06\x10\x88\x15\x03\x8e\xe9\xbf\xfc\
\xb0Z7\x03\x1e\x5c\x14#\xc10\xc5\xcf\xe1\xa6]\xdc\
Qpov\xea\xac\xb0\x8f{\x1c\xed\x8aL\xc7\xac\xc3\
\xb5\x1dD\x94i\xff\x95\x9em\x0fp\x17\xd0\x09\xe8\x80\
\xee\x05\xda\xf2\xdaH\xbf\x95w\x82\x95\xec\xfc@(\x05\
\x99\x8e\xf7!\xcd\xb9r7\xbb)Li\xc7\xcb\xbd\xb1\
\x82v\xd8\x0aY7D\x82`\x101G\xf6f\x1d\xc2\
\x9cI\xd5r\x12\xe7\x13\xc7\x9e\xad~\xe1\xa1\x91r\xf3\
\xa4\xa92b\xd8\xa5h\xb3kR\xa4C\xc5~\xda\xe7\
f\x90\xaad\x1cq\xfa\xe9\xa8\xd1\xb2\xddo_2D\
~`\x0c9\xef\xc6\xc1\xe3\xbec\xd28\xf1G\xcf?\
\xa5]\x0b\x8ej\xba\x8e*\xb9\x99\xf3\xff$\xa7\x10h\
\xcc]\x16#\xaf}\xfc\xb5\xecMI\xd7\x1b\xf2\x80\xb1\
\xbb\xfa\xca\x09\xaa\xfeG\xd0S]?~\xc5\xdc\xde\x88\
\x16\xd2\xb7\xde\x7fE\xd6m\x5c\xab2\xd3\x9cW\xcd\xb0\
\xa1\x0eBpt#\x00\xd3>M\x1bi\xf3\x5cM%\
\xff\xf99,\x1b\xae\x07xx\xee\xce\x14\xd9\xbe\xff\x90\
\xb2\xd7\xd9\x99Zb\xa3H\xc7NV\xd16-}\xc5\
\x1d\xd7\xfa[\xd1\x16)\xef|1*{|\x97\xeb\xe1\
\x13[\xe4\x7f\x842`<d\xab\x0d\xb53\x94B!\
\xda\xf3\xb7\xc7\xef\x971#\x87I\x83BR\xe5\xc5_\
\xd1Y\x04\xcdI)i\xf2\xe2\xeb\xef\xca\xfb\x9f}\x85\
\xd2\x82\x09\xba=\xdc\xdddh\xbf\x9er\xef\x14\xb6\x1e\
\x83\xec\x07\xa5Rw\x0fO|\x11\x97\xc1@\xbb`\xff\
+\x82\x01\xc0\x0d\xe0\xc9\xef\x87\xfa_*\xbe\x5c\xeb\xff\
7\x06\x97\xa7=\x02\xba\xd9y[\x12\x94\xeb\x98\xbf%\
]eo\xb4\xd6\x0d\xc3\xe6\xc2\x1a=eZ\x97\xa0E\
p\x17n\x9a\x07Q\xb9\xfe\xcd\x1a\xcb\xd5\x9d\xc3\xe1\xe1\
B\xd9\xaf\xb4,\x83e\xd7\x8f\x80\xf6\xf0\x8e\xcf\x97*\
\xe1\x04\x07\x9d\x83\xdf)\xd8_.\xef\x12\x8d\xb6\x1fC\
\xf7\xeaR\xb6\xc2\x1aS\x9e\x96\xaf?\x86\xc9\xbd\x0e\xe8\
\xcc\x0d{\xd2\x1d\xd11\xcf\xd5\x14\xb5\xf1\x01\x90\xd8\x9c\
\xd0\x0d\xfc\xf9\xdeM\xb5wS\xd3)\xd6\x03W\x97\x80\
\xe5\x84\x9aZ\x99\xe5\x9d\x9dE\xb6\x22\xd6\x9c\x16\xefJ\
\x93\xd7\x97o\x03\xb3\x18Z<q\xeftt\xb8\xf9\x8f\
\x04/\x00'\xde\xb9\xde{\x0dob\x18On\xfa\xcb\
\xc1%\xc1\xd2\xcc)\xa0\xffy\xf0\xba\x82\x02C\xe4\xb6\
)w\xca%\xc3GC\xd5\xcf\xbdf#;\xce78\
 \xabb\x96\x82\xad\xedy\x88pl\xb4\xe6q}M\
\xb9\xdd\x8f^\xff\x96H\xc1\x19D\xf4y0!*1\
\x97\xea\xc2[\xb9\xf63\xb2\x0e\xca\xfb_\xfd(\x9f\xfd\
8\x17\xa0L#\xc6\x14\x1d\xd9Z\xee\xbc\xed\x01H5\
_iq\xff\xd7\x8dn\x9ebW\x11\xa6\xca\x1eD\xfc\
\x1fA\x01p6\x90\xff\xf9`\x924]:\x17H\x07\
\xd4\xfdo\xe9\xdbF\xeb\xffD\x8fW\xf4(\x1ewb\
\xae\xa6h\xfb\xa9\xb6\xaa\xe1\xa3\xb2\xc1\xac9\x17\xb5\xfe\
%\xb0\x15\x14\x13c\xbd\xdf\x9e\xd7\xa6D\xda\x5cz\x81\
L\xac\x15XE\x1b\xc2~\x9c\x8f\x04\xaa\x15\x1dO\xe7\
\xf7q\xa5g\xa0\x1d\x92\x02?\xed!q\xec\x85\x8c\x88\
+2\x13\x1cg\xb6\xcb3X\xa6p\x1e\xed\x85G\xb3\
\xa6r\xcf\xd4\x9b\xe4\xf6\x1b'J\x00\xb0C\x86\x93\xa5\
\xe4\x83\x7f%8z\x05\xc8\xaf\xfe\xef\xdf/\xc8\x9a\x0d\
\xb1f/\xc6\x1a \xe5\xef\xe0\xde\xdd\xe5\xe1\xa97H\
K\x04%|\xa8M\xf0;\x8f\xe6>\x0a\x0e\xb4\x9d\x80\
B%\x00N\x06\xda\xae\xdd\xa8\xff\x1fB\xff\xbfa\xdd\
w\xed\xe0t\x22\xbd\xa1\xdd\x01\xc0\x8b\xe3\xc62\xa0M\
\x88\xf6\x9b\x13\x19\xcd\x1e\xee\xed@\xdd\x93\x88\xe7\x90\x96\
\x02\x18\xc1\x1b\x80\xcb\x1d\x03\xdaKG|/\x0b\x8d\xce\
t\xc9S3\xd7\xca\xa2]\xa9\x8e\x8d\xde\x0f\x84\x13\x13\
\xfav\x14o\xf7Ff\xa10RwyS\xe6M\x1b\
\xdf\x8d\xda\x05\xd41`\x0b#\xb3\x02\xbc\x07\x1dL\xb4\
+R\xc8hB\xf7\x08\xf1\x03\xad\xa5:\x18|<N\
6\xbe<N\x87k#Z\xb5\xaf*p\x8c\xb0\xb9\x22\
\x9d\xfe\xd6\xf2\xed\xc8\xa6d\xe8\xbd\xb0f\x17\x00o~\
4\x9c\xa8`\x94R\x94\xa5\xb1\xa6S\xd7\xfa\x0cXG\
?\xab@\xd2\x18\xb4i&c\xf3g\xb6H\x99\xab\xb0\
\xf1r\xf3\x9f4\xfe&\xb9\xea\x8a\xf1\xaa\xeaV\xd3\xe9\
u\x8e\x15\xe56\x13\x13\xe3\xb5W{\xf1\xf2\x05\xd6%\
\xd4\x03\x0f@w%\xfb\xe9\x80\xf4\x7fi`\xd9\xaa}\
\xaa\xbf\xd3\xb3\xe9\xde\xc59Q_\xd6\xc4n\x93\x17\xdf\
\xfb\x5c\xd6m\x893`\xb4F\x8deP\xffa g\
zHBC\xc3\x1d\x86\xae.8d\x1a4\x18s\xe3\
8r\xc0\xf9?k\xcet\xf9\xe4\xcb\x0f@\xe9\x8a\xc0\
I\x19R\xeb\xa9r\xea\xc4\x1eQ2\xb2M\x90C\xcf\
\xbd*\x9fvqN\x81*\xad\xe2CR\xd01Db\
\x9f\xa5 \x10\xcb\x22\x10\x5c\x83\x1e\x93\xfd$v\xabM\
K\x1f\x8d\xfc}q\x8d\x04M\x17g+~\x0f`W\
\xedNBp\xc2H~\x1f\xb0d\xd1\x01>\xaaw\xd0\
\x08%\xcaz\xf5K\xd3\xce!\x1f\x80\xe0=\xb9\xa01\
ODy\xd3\xb0\x02\xb2\x1c;\x0a\x04>\x94\x07\xee\xd5\
\xb538\x5ct\xd0K<\xec\xe0\xf5`N\xae|\xf3\
\xe3\x1c\xd8\xa4w$5\x9ds\xc8\x94\xeb\x9b!\x130\
jP\x1f\xb9g\xcax\xf1k\xe1\x0d\x9cT}qs\
\xf7\x94f\xcd[\xc8\x05Vf\xec\x9c.\x80S\xa4\xdd\
\x05\xff\xffQ\xd4\xff]Oh\x98\xeb$\xa0\xce\xee\x00\
\xe0E\x10\x10B\xbaY\xa6\xe7\xf9o^0A\x0f1\
(\x05l\xde\x97i\xca\x04\xf8\xbd[\xc3\x8bdPd\
K\xb9\xbd\x7f;i\x0e\xe6\xb4\xa2\x90)\xe7\xc9\xc4\xd4\
\xd3\x8c-{\xe4\x95\xa5[\x1d\x91a\x03\xf4R^\x81\
N\x80N\xc1~\x86\x12\xb8\x22\xc1\x97\xb5\x01\xd1\x89a\
)\x80\x8e\x0a9\x0dx\xf0\x9c\xden\x0de(\x9c\x80\
1\x1dC\x15\x94s\xbe\xd6w9<\xe4\x14\x9f\xb7#\
E>B) O\xbdO\x22\xd9\x1bH\x1f\xc86\x0f\
G\xf7\x03\xb3\x1c\xce\x0eC\xc5\x06\xb4|\xe6\x8a\x8e\xe7\
i\xa0\xfd\xf7b\x0e\xad\x83\x13\xc6\xef,\x03\xe8\xc2`\
{\x11(w\xc7]y\x9d\x5cu\xf9\xb5\x00xy+\
`\x91G\xcd\xe5&\xcc'\xfd\xff\xf6\xae\x03 \xab\xf3\
j\x1f\xdc\x13\x05\x04\x91\x8d\x80\x0a\xb8W\x1cqk\x5c\
q\xc6\x0c\x13\xb3\x1a\xb3\xf7h\xb3\x9a4m\xd3\x95\xa6\
M\x934i\xab\xd9\xc3\x0cg\xd4D\xa3F\x8d{\x8b\
\x13d(\x08\x22*\x82\xa8\x0cq\xfd\xcfs\xde{?\
>\x10e}\x18\xd2\xfe\xd7\xd2(\xdf\xf7\xdd\xef\xbd\xef\
}\xef{\xcey\xces\x9eC\x073\xfb\xc4qy\xe3\
\xed?\xcbl\xa4\x02L\x0bNp]\xd0\xd5\xeb\xa1;\
n\x84\xea_\xcf\xab\xef<Ul\xaa\xff+\xde\xad\x10\
5:\x9f}\xf1\xcdb\xe4\xffgI\xd6\x89\x93:\xef\
\xbe-[\xc9M\x13o\xd3\xee\x7f\x8d\x1a5\xaa\xd1\xf7\
\xe2,t$\xd6\xad_\x89t\xd2\xbf\xd0\x5cj'\xe4\
\xc9)\xba\x86z\x7f\xec\x9b#Q\x9e{S\xb7p\xd3\
\xe2\xb7:\xef\x98\x0dVaB\xc9N\xdf\x05\x85\xba%\
{Se[\xea1\xc9\x82\xd0\x16;\x0c\xaaz\x05\xd6\
\xbd\x17\xf8\x08\x8cr;\x82\xf0\xd7\x02\x81\x10\x11\x5cM\
J\x5cf\xbf\xad\xe9AQ\xe5\xa7\xd5BO\xe0\xac\x9d\
\x02Q\xfe\xb351r\x18\xfa\x1f\xacv\x9bxM\xb4\
\xf6X)\x8bx\xca30\xb8\xf9~G\xa2lON\
\xd7\xf2J\xee\xcd\xa1A\x81\x901\xbfW&O\x04\x19\
\x10\x1d\xfc\x8c\x9d\xb9\x82\x13\x80\xfbC\x07\xed \x0c\xff\
\x873f\xc9\xb4\x8fgHV\xb6!\xb4\xf3yh\xe1\
\xd9\x5c\xd1\xc9{n\x1a/^\x18\x97\x1b:\xa46E\
\x8a\xcc\xc3\x1b\xd5I\xbc{\xce\x1c\x80ZpQO\x9c\
\x01\xe9\x03\x1d\x00\x99\xff\xaf\xc8\xc1/$\x99\x8e\xb0\x86\
\xdd\x95\x8d\x1d\xa0\x08\xffG\xc1cT\xf8\x08\x17\xc2\x8b\
&\x5c\xf2#\xde\xc7zH\x15X\xc1\xef\xfd\x10\xc5\xd3\
\xe3\xe5\xc2g\xea\xe0\xf2\xab\x0a\xac\xf0c9\xf2\xdb\x85\
\x9b$\xd5\xa9\xfb[\x87@_L~\x94Bg\x95;\
\xccM%\xcb<\x03\x04\x8d\x0d\x80fvC\xcb\x80\xf0\
3\xc7G'\xa0\xa5;t\xad-'\xc0\x0fb\x17\xa6\
t\xb0\x8c;T\xb9\xc1T\xeb\xa7H\x1e\x89\xcd\xc8\x82\
<\xf0n\xcd\xed\xf1\xde\x10\x05\x08\x06\x1b\x95\x84\xca\xe6\
 \x03\x9a\xbb\x7f5\xa0l\xf3\x1d\x14g\xe2\xba\xa0\xf1\
'1\x86\xa2?:\xb3\x98\xe0\x00\x88YL\x9a0Y\
\xc6\xa2\x9e\x9b\x1b\xbc\x1d\xf9\xff4Q\x06J\xb6\xb0Q\
\xbf\xf7\xc1\x9b\xf2\xd1\x8c\xf7\xa1\xfa\xc7J\x00(\xb4\xf9\
\xf9\xca=\x10\xf4\xb8\x01\xec\x7f\x92\x14\xaf:\x82R\xad\
+\xa6f\x9d\xdc\xc0\xd4n\x10?I\x92w>\x9d\xa9\
2\xa7d5\x93H\xd5>\xaa\xa3<p\xcfc2\x00\
\x0d\x80\x8a\xee\xc1\xd5X\xc7\x15\x9b#\x0a\xe4\xec\xd9\xb3\
U>\xfc\xe4_\xb2b\xed*\xf4\x910\xd0?\xdb\x94\
\xf7\x0b\xf3\x039\xba\xadv\xfb\xab\xde\xa3H\xb67\x1b\
\xe8\xe7\xaa\x84C \x09\xa7\x82'\x94\xa3\x84a[\x01\
\x96iAr\xb4\x98&l\xdd\xb2\x05\x84\xc3\xac\xa6i\
V\xee\x9b\xfb\xc7\xe5\x00\xc3\x9a7\xf3\xae\x9bQ\xde\xaf\
\x024\xca\xfbr\xdd\x0eI\x02jI4d(\xba\xcb\
\xf6\x86.\x8dVB\x94a\xb8\x89f\xef\x82\xa4\xf9\x8a\
\xdd\xe8d\xca\x946\x86\xd6\x00\x81\xd8\x98\x91C\x95\x0c\
\xd8\xb5}\x94\x5c$\xf7\xa9\x1ch\xecY\x04O\x07R\
\xd2\xe4\xd3\x99s\xe1\x04|\x81n\x92\xd9\xba\x9e\xc8\x81\
a\x0a`\xf2\xf8\x112\xf5\xe6qz\xae:\x08\x98}\
\x11P\xd5\xad\x8f\xca9\xdb\x01P\xfd\x7f\x0c(\xf5$\
\xeb\xff\xcf\x00\xfe\xaf\x80\xdf\x89/\xa21$\xc1o-\
\xa0[\xbb\xde?\xa2U\x0b%\x97\x91\xa1\x7f\x1e\xeal\
\xe60j\x81\xcc\xb73\x15\xa0\xccn\xfc\xb6!\x06\xd5\
5\xd8[\xee\xed\x1b\x8d\xea\x00\xf7\xcb;\x00x\xffi\
\x18\x87\xbf.\xd9*?\x82\xc8f\xb3\xf6\x1b\xa1\xc1\xcd\
\xac?\xf9\x01\x00\x00 \x00IDAT\x1d\xfd:\xa3\
\xdf=\xead+\x81\x00\xd8\x9d\xe6\x14\x86\xc6\xa4\xd3\x89\
\xa1\x9c\xf1\x1e \x01\x8c\x88\xe9\xbf\xd4\x01\xe4\xe8\x834\
\xc3uQAr\x13\x88\x81\xeexX\x8b:\x11^\xbd\
X\xd4\x15K\xf8\xe8\xc9<\x99\x8dj\x8a\xb9\x10\xf48\
cE\xda\xdc|\x06A\x09\xb1/R6\xbc\x9f\x86\xe8\
P\x89\xc9\xac\xd0\x00\xa1:\x09\xb4i/DEh\xfc\
\x0f#\x923\xb0\xbfe\xfc\xfd\x83\xe4F\x18\x7f\xc2\xfe\
l\xf2S\xb2\xd2\xe3\xaa;\x01\x18X] \x12\xf3\xe7\
\x7f\x0eE\xc0\xb7%\x09R\x9c\x5co^\xcd\x9b\xc9-\
\xe3F\xc8\x1d\x13G\xa3\xeb\x1cU\xe7*\x9f\xb3\xad\xd0\
\xf4\xfd\x8f\xbe\xb9\x00\xd5\x18\xb3!\xfaC\xf1\x9f\xf4#\
\x99z\x0f\xeaA\xfb|\xe8\xa0\x11\xf2\x14\xe4\xa0\xfd!\
\x80RSS1\x8c\xa63\xd2\x0e\xc8\x8c/\xdf\x97\x99\
\x0b\xe6H\xce\xa9SX\xef\x174\x1dJ\x9d\xff\xdb \
\x92\xd6\x03-~M\xa3.\x07\xe9\xde\xa5w\xda&\xad\
1\xd8b\x9f\x95\x05;\x93\xe5G@\xfe\xe9'r\xb5\
\xc4O\xdd\x7f\xf2\x83\x80\xa2\xf4\xea\xd5Uz\x80Q\xde\
\xa8 Oj\xe7\xe6\xc0Y?#\x99\xf8\x0cu\xed[\
\x80@l\x08\x80\x96NLuo\x17.\x9d\x85\xaa\x9f\
\x8c\xfb\xe4\xc2\xadqj\xcfx\xe9\xecx\xc8 \x8a\xa2\
H\x86\x14ye/\xe0\x04P\x16v\xcee\x8f\x9a\x02\
\xabs\x9f/\xf2\xff\xbfz\xec\x01\xf9\xc5\x94\x1b\xa5\x09\
\xe6\xdf\xa4\x9c\xaft(u\x1b\x08\xd2\x058\x01\x87\xe4\
\xfd\xcf\xbePR\xe0\x09(\xfe\xa9\xdd\xc2XH\x06|\
\xee\xa1\xbb\x81PvW\x0d\x1c\xbf\xa0\xd6R\x17\x9d2\
\x9d\x10\x00\x03\xd1\xc7\x02\xfe?\x81*\x80\xb2Hm\xc5\
.\xcd\xca\x85\xacA\x89\xd9\xe6\xa4Tm\x02\xc4\x05A\
H~\x08<\x22.\x12\x93W6\x0e\x00/(\x1d\xc4\
\x89\x15{\xf7k{\xc4\xf3\xf4\xe8\xf1\x0a\x8d\xeb\x04\xc8\
\x5cN\xc2\x0f\x1f\x86\xd2\x0e^\x10G\xba`\xd7~y\
\x17%\x81\x05V\x8e\x98\x83\xa7\xe1\x1a\x02\x08\xbb\x01\x9c\
\x09\xf3e\x15pbJ|\x19\x1d\x934\xd4\xcd\x13\x09\
\xd8\x97\x91\x09\xfe\x82\xe98g\x88\x8b\x8d577\xaa\
}\xb0x\xe3\xda\xae\x1e7\xb7\xea\x0b\xd6>\x03#\xec\
\x0d\x072\x94\x0c\xc8^\x01<l\x11$\xf2)\x9a\xa2\
\x9c\xc4\xb4N\xad\xbe'\x9a\xeb\x80\xce`,D~\xb6\
\xa1\xdds:\x8c\xbfi\xa2\xc3E[W\x82\xa1\xe46\
\x1eM}\xc6\xe2\xa7eKT(8=\x08\x95\xbf\xb3\
U\x9bC\xae\xbfzu\xeb\xcb\xc6u\xdf\xa3d\xebo\
\xb2i\xe7\x0e\x9d\xa2\x86\x98\xaf\x91\x83\xae\x95\xfbo\xbd\
\x01z\xdc\xff\xdf\xf4\xa7j\xb3\x5c\xf6\xa7\x93\x10\xedL\
\xffb\xae,X\xb6J\x1b\xff\xf0\x08\x80\xb3x\xe7m\
S\xd1\x05r\x0ar\x9c$:Um\x0f({\x14\x95\
x\x07\xd6\xcf\xc9\x93'd\xf1\xe29\xf2\xc9\x17\x1fJ\
R*\x84\x8bx\x1a\xfc\xbe\x15\xe4\xc7\xc7C\x86\xfc\xfa\
\xf6\xa1\x8a\x04\xd8\x87\xab\x9d\x5c\x03\x0f\x93@\x06\x81\xad\
#\xd9\xb246U6Cb\xfb\xf8\xe9|\x07\x07\x8b\
\xfa\x15\xee^-%\xb2\xfb\x10\xe9\xd6o\xb8xy\xfb\
\xc9Y\x8c\xfb\xe2\xd18I\xdf\xbbV\xb6\xedDk\xf6\
S\xb9\xa8 j(\x01\x9e\xcd\x94C\xc4j\x22\x06b\
5\xb5\xe3b%\xee\xd6%\x1fq\xd8=5\x90\xfc\xd7\
E4\xbfK\x95E\xdb\xf7\xe9\xbf\xd8\x97\xe6\x8e\x01]\
\xc1\x15\x83](\x83\x19\xc9\xbd\x84\xfb\xdd\x8e\x83\x875\
p>\x8a}\xd8\x0e|\x06\xf4\xb9\x06\x1a'\x0f\xc8\xa0\
k{i\x95\xd1\x95v\xe1\xa2\x91\x98\xea\xa9\xf8\xa4\xfd\
\xf2\xde'_\xcaW\xf3\x16\xa0T\x99m\xe0-\xe7\xb8\
_O\xf9\xf3\xf3O\x88\x8f\x8f\x8f\x0a\x04i\x13=\x22\
\x00\xba\x99\xc2[9UxA\xe2\xe0\x00\xa8\x07X\xc6\
\xbe_\xdc\x01\x80J\x14 $v\x00d9\x1das\
F\xcb\xbd\xc2\x03\xa1\x01\x10\xa2\x8dvJn\xd8g\x01\
\xf9\xb2\x04\x82\xedy\x8f\xa2\xf4\x8e\x07\xe1\xfbh?O\
y\x00-\x83\xdb\xfb\xb5p\xb4\xecu\xce%\x99\x09\x12\
I\x85\x03\xf1\xc2\xbc\xf5\x92\x9a\x8d\xda}kA\xb7\x00\
\xe9a\x22T\xed\x02\xb1 \xb9\x08\x1d%\xff\x95\xbc\xf3\
\x9cL\xb6m$\xb2\x11\x8f\xb1j\xf9\x22\xceE\xa4\x84\
N\xc0\xf0\xe8 \x19\x19\x15\x0c\xc7\x85^\x9a50.\
\x09\x06\xcf\xd5g7+y5\xc5?\xc69=\x88\xb9\
\xfb`\xdd^e\xfar\xc0\x1c2\xab\x1eFui'\
\x1d\x90\xe7\xab\xee#\x13|\x90\x9d\xe8sN\x94\x85\xdc\
\x10%\x80Z_\x1a\x1a\x1c&\x93\xc6\xdf\x22\xc3\x87^\
/~\xad`P\xad\x17*\xb2\xa5\xbbz\xe3\xd4\xa1\xe1\
\xde\xb2\xe5pZ\xca>yw\xda\x1b\xb2p\xe9\x22m\
G\xcc\x88\x9f\x0d\x7fH\xb8\xe9\xd5\xb5\xa3\x91\xbd\xae\xee\
\x09\xfc\x9f9\xbf=\x93F\xc4\x84p\xe7\x0fk7\xc9\
\xb4\x19seO|\x92\xc2\xfft\x18\x07\xf6\x1b\x0a\xdd\
\xffg$\x22\xac\xad\xd5\xc1\xaf\x22\xab\xa5\xfa'\x93c\
g\x89\xdf\xa6Mk\xc0\xfa\x9f.\x9b\xb6m\xd2\xb5\xc3\
Q\xb2;j\x7f\xf0\xa0nE\x1a\x94\x1c\xa3\xd27\x90\
\xb2\x11\xb9+\xady\xfb\xd3\xe4Q\x1d\x81\xf1^\x0b\x12\
\xf0\xea\x84t\xed\xb0\xea\x80\xfc\x191\xc2\xc1\xf5\x09\x8e\
\x94\xc8^#%\xbc\xf3@q\xf7\x0e\xc4^Z\x07\xda\
4@q\xf3\xb2$e\xc7rY\xff\xfd\x0c9|0\
N\x09\x8a$\x06\x92\xef\xc5\xce\xa2\xac\x0a\x08\x02\x0a\xcb\
4\x22\xf7@\xb37\x97\xafR\xaaZ\x9e\xd7j\xbc\xad\
f\xc7\x84f\xce\xe1,\xf9\xf8\xc7mj\xe3\x88\xda\x0c\
D5\xd5\x00(\x22\xd2\x06j\x9e\xddFGJ\x19\x0b\
\xd7\xc4q\xa0)L\x9dS>\x9f\xd5\x16\x9c7w\x88\
\x01M\x9e4V\x1e\x99z\xa7\xb4\x0d\x0b-w\x95\x05\
mO!\xd6T\xe2\x81\x148\x00\x0b\xe5\xb3\xaf\xe7\xca\
\xc1\xb4tS>\x1d\x12(\x1f\xbc\xfd\x9at\xed\x08\x84\
\x82A2G\xe7,\x05\x9cr\xea\x8c\xa4\x9dD\x875\
^\xd8\x95\x90\x0b\xebB\x8a\xde\xe2\xa6MPV\x02\xca\
\xd8w\x18m\x0e\xe1@pQ\xf4\x87\x00\x10\xa5!\xcd\
D\x944@\x22\xd9\xa8\x04X\x0f\xd8\x89\xcd\x11\x08C\
\x93l\xd2\x14\x06\x88d\xbb\x87\x07t\x84d\xb0-\x0e\
t\xe9\xcc1:e\x8b\xdb\xaf\xb7$\xa0\x5c\xd1\xa4\x11\
\xd8\xe6\x96\xa2C$\xb35`7?\x0bq\xa8\xf4\x1a\
\xe0d\x22\x1dp\x109i\xd6\xa3\xc7\x1e2\xfd\x0dx\
\x10\xa1\xf0\xf7\x80\x13\x10\x19,\x13P\xc6\xc8\xebU\xd4\
\x5cm\x84I(\xd4\xe4\x83\xa3\xcb\x83\xa3\xb6\x1c\xd5\x14\
o.\xdf\x01$\xc5tnd\xbe\x8fe\x95#;G\
\xa8C\xe6\xc8?\xb9\xd0\xab\xe1\xa2\xa7\xb0\xcf6te\
d\xde\xff$:\x89\xd9\x22?\x9c\xb6\x88\xd6m\xe5f\
Dq\xc3\x06\x8f\x00q\xc5\xbbLB\xcd\xe5\xe6\xd9\x1e\
{u@\xc1\x85\xd0i\xffb\xe6'P\xe2\xfa@2\
\x8e\x9a\xde\xf3a\xc1\x01\xf2 `\xbb\x09#\x06\x1a\x07\
\xa0\xa6{\x815y\x81\x16\x1b[qC~$\xf3\xb8\
|\x02\xd5\xbf\xaf\x16,\x05\x07\x83\xc1\xc3E\xf1o\x15\
\x80\xe8\xff^\xb9\xf5\xe6;kd\xfa\xc5\xae \xd9\x17\
\xbfW>\x86\x90\xd4R\xf4\x928y\x0a\x10-F_\
\x0f{I\x0fH\xa3\xdf\xd1+R\xda@\xea\x97DS\
W\xef\x1e\xca\x9b\xe0z\xc4\xff\xe2`\xb0\x16\xeeN\x96\
\x1dH\xbbe \x15hR\x80\xe6\x1b9\x9e\x90\xe8k\
\xa5\xc3\x80\x1b$\xa0]wi\xe4\xee\x85\x97\x9cxU\
p\xb6rO\x1c\x95\xa4\x98\x15\xb2{\xf5l9\x92\xbc\
W\xdb\xb5S-\xb0\x01t]\x98\x0e \x1a@(\x9c\
2\xe3Dc\xb59\x97P\xc4\xe8J\xb8\x9dqO~\
nN\x00-\x14\xd3\xa9\xef.\xd9\xa0\x81/w~o\
8p\xb7\xf5\xed\xa0\xe80\xdb\x1f_\x16M\xd7\xe90\
m\xea\xe3\x0ee*\x22~(\xeb\xa4\xde\x07\x06\x14\x91\
\x10\x04z\xe4\xbe\xbb\xe5\xa6q\xa3\xa4\x19\xfa\xb6\x94w\
?\xe1V\xcd\xce\x92\x872\xa0\xe1\xb0|\x95:\x01\xbb\
b\xe3\xa4]D\x98|\xf2\xef7\xa5\x8dv\x1d4\xf7\
\xc2\xe1\x00\x9c\xc5M\x8c\xcb*\xd0&@e\xad\xbe\x92\
~(\x97\x0e\xe5Z\x99\xcb8x\x9c\x0cD0Yq\
\xf1\xac\x00\xa01\xd1/*eE\xd3\x93\xdf\x0f\x08\x8a\
\xba\xc8\x87\x10\x8d\xda\x8b\xd4\xafyc\xb9\x1f\x12\xc1\xf4\
\x88u\xd1\xe2|\xc5'\xd1\xf0\x15\x12\x8e\xe6\x00\x05X\
\xa79,{\xc3\x0di\xe1\xa1\x1d\xee|@*4}\
\x15\xaa\xf6(\xf1Z\xd98\x81\xf5\xe8\xeb\xe2\x0f\xa2\xd2\
!\xab\x88\x9d\x8e\x07\x97\xe5:\xa3;\x84\xca\x08\xa4\x04\
\x18=\xdb\x0f\x91.f\xc7\xbf\xaa6\x86\xea\xda\xa7\xe9\
\xa8$\xc3\x10\xbf\xb9l\x87l\xa7s\x83\x8b\xe5\xc2\xf3\
\xc55\x8dE\x93\xa5@\xf4qp\xcc_\xd9\xc1G\xb9\
\x86\xc9\x88\xe7\x00\xca_\xc8|%\xd3?\x0fB.\xc6\
\xb7p\x83\x8aUCi\x07\x85\xbf\x89co\x86\xf1\x1f\
\x89\xbaXvy\xbc\xd2\xa6Q\xae\xaft\xdd\x9b\xac\xa2\
i\x1b\x91\xfaa\xc5\x12\x15o\xd9\xbdw\xa7>\xc8\xcc\
\xfdO\x990R\xee\xbf\xed\x06\xa4\x04\xaeV\xc3\x16\xd7\
]^M?\x931\xa2\xd0a\xd8\x1a#\xff\xfc\xf8k\
\xd9\x14\xb3G#\xfd\xba\xc8\xfd_\x8b^\x10\x0f\xdd\xf7\
\x84t\xaaq\xca\x7f\xf6\xfaE\x90\x94\x9e&_\xce\xfa\
T\xe6-\x9c\x05\xd9_\xa3\x85\xc2h<\xdc\xa79t\
F\xc25\xf0Q\x03X\x85]\xabX\x8bi\xdbi\xd7\
@\xf5\x22\xba\xcf\x15\xa0\x91\xcfQE\xfcv\xa4ej\
;Z\x9b\xe8\xc7\xda\xf0\xc6\xee\xde\x12\xdc\xbe\xafD\xf5\
\x1e+\xbe\xad\xdb#G\xdc\xc8\xda\xb8K\xec_8o\
A\xee\x09I\xdb\xb7E\xe26|+iq\x9b%\xef\
d\xa6c\xf90p\xf0vo,m\xc0\x01k\x8b\x1f\
\x1fh\xbd\xd4\x03B\xc3+3@i\x11\xa2S\xd5\xfd\
\xf9\xa7^\xb3\xbc\x12\xa6R\xde\xfd~\x83)mW$\
\xd5MFt\x81\x82,J%\xc9\x05\xa0!(\xeb\x9e\
\xf2\x1ck\xf7%\xab\x0e\x8dV\x9f\xe9~X_\xae\x1b\
\xd4_\x9ez\xe4>\xe9\xdd\xbd3]\xa8\x12\xc7\xe5\x11\
.\xbb\xea\x8e\xfd\x02bv\xed\x95\xb8\xf8D\x15)c\
\x99!\xd34\xf6a\xa5\x00P\x03\xcf|P\xd6\x19\x8d\
\xde\x8d\xb1-k\xc8\xe6\x14v>)&\xf90\x98\xfd\
\xc9\x0e8?\xd0\xab\xb9\x0c\x06\x01\x90\x0b\xe0\xb2,Q\
,\xa4\x1cD\x7f,\xbb[\x8b\xd2@[!\xb0\x01\x16\
\x10I0\x0f\xf6\xef \xfe\x84\xc3J=L\x94\xfd\xe6\
\xf2\x18x\xb3\x07\xd4\x8b\xe5zo\x04\x06\xf6\xd0\x0ea\
\xd2\xb5\xb5_\x15*\x02\xack\xb3\xbe\x97\x0b\x97\xe9\x00\
\x1a.\xa6\x03\x92 O\xeb(Q\x83\x13\x10H'\x00\
y\xbb!\xe8 \xe8\xd9\x98r\xba5=\xfew\x5c\x98\
6\xb0a\xcd\xef\x07\xeb\xf7\xe8B\xe6]g\xca\xa6/\
P\x14\xb6F.\xfe\xc0V\xfeq\xe3\x92\xcaE\xc9a\
\x1c8\x1f1H\x13\xb1\x11\x13ID\xb6\x7f\xd6\xb4q\
\x13\xe9\xd2\xb9;:\xb7\xdd }\xaf\xe9/\x1e\x9e^\
Z\x13]s\x0f7\xd9\xbdg\x87L\xff\xe8\x1dY\xb9\
\xfa\x07H\xb9\x16j]\xfau\xfdz\xc9\x93So\x95\
\x88\x90 }\x96\xca\xeb\xb5\xd7\xdc\xeb\xac9#\xe3\x5c\
\xe6\xa2\xeb\xd9\xc7s\x16\xcaG3\x17\xa0\xc7\xb9\xa9\x9f\
n\xe9\xe3+7\xa3\xf4\xef\xb6[\xee\x96\xa6MI \
\xae9\x87\x8d>\x1d9rX\xbe\xf9v\xb6\xaaH\xa6\
\xa6\xa5\xe8\xfe\xca\xebi\x85\xca\xa2Q\xedC\xf4\x87\xe5\
\x7f\xaerwm'\x95\xb2(\x14hc\xd4\xbf%\xe5\
\xa8lF\xca\x8d\xe9\xd33H\xc1\xdak\x93Jq>\
\xc1Q\x12\xd6e\x88\x84w\x19,\x9e\xad\x009\x17S\
\xb3,1\x9f\xea\xb0\x8b\x9c=\x93/\xc7\x90\x06H\xd8\
\xb6L\xf6o_.\xd9G\x92\x15\x0d\xe0E\xf0u\xee\
#~\x1e\xee\xd2\xda\xc7C\x9b\xc2\xb1\xd3j\x03U\xb8\
\xb3]\x01cc\x8a,M\xf9lN\xcd\xb9\xbb\xd6H\
0\xec\x0fWnS\xd9r{\xde\xc3\xd0\xe4\xee\xfa\xae\
\x91\x1a\x08\x97\xc5\x89\xb0\xaf:\x1d\xd1?;\xd4r\x8f\
\xb4\xab\xcfZ\x82\x10x\xf7\xad7\xa2\xdb\xe9\xad\x12\xd4\
\x0a\xc1\xb4\x0d3\xeb\xcc\x95\xc5r3\x8e\x16\xedo\x01\
JN\xeb\xe2>\x93\xc0\xec\xfc)\xe3\x00\xe0\x0d\xec\xfe\
\xc7\x14@E\x17\xa0z\x1a\xf8!c~-\x22dj\
\xcc\xf3\xe6\x13\x02\x1a\x14\x15&\x81\xc8\x09\x192Y\xe9\
\x07I\x10\x84=\x96\xeeJ\x84a\x05aAa \x01\
|\xd2Pn\xe9\xdeF\xc6\x81\x14C/\xd9,Vg\
\xcf\x91\xb9xQ\x18\xeb\xb5%\xdbT\xad\xea\x1c\x8aV\
\xb5\xc7\x00\x16\xdc\xc4\x9e\xd1\xc8K!\x0as\x19\x0c\xcb\
\x9e\xe3(\xb5\x80\x13@b`\x02R\x1d\xf6\x8dc:\
 \x08-\x8eY\xc28\x12\xc4\xc0\xa6\xf0\xb0\xf8ZI\
\x95\xad\x1a\xb7p1 B\xef\xfb\x80\xc20\x0d\x10\x87\
\xd2@\x8e\x9b%,\xbco7\xf5\xe6\x1cRj\xb7\xa2\
\xab\xe2\xd2+=\x85\xe8\x83\x8d\xa2\x98\xf3g\xa3(\x96\
\xfd\xf1\xe0\x99[xy\xc9\xc0\xbe\x03d\xd4\x88\x89\xd2\
>\xba\xb34\xa1\xc2\x1f\xefu\xcd\x04N\xac\x8bC\x1e\
\xf5H\x06R\x00\xef\xa1\x81\xcb\x97\x80s\x8d1j\x17\
\x16\x22\x0f\x83\x07p\xfd\xe0~\x0e\x0eKM\xbc\xef?\
\xc71\x91S\xb51f\xb7\xfc\xf3\x93\x99\xb2a\xebN\
]\xbbd8S\xf7\x7f\xea]\x0fJ\x9f^\x03\xca\xdc\
l\xaf\xe6u\x9brE\xe8Fdg\xc9w\xdf\xcf\x97\
\x99sg\xa8\xea\xdf9\xf4g\xe7\xc1*\xa2\x81m\x02\
\xe4\x06\x90\x9e\x83<\x9b\x18\xb4\xd3\x05\x8b\xde|\xaf\x89\
D\xe3\x81\xb2Q\xc3\x7f;\x22\x7f\xa2}9 h\xdb\
\x9dO\x1905h\xdcT\xa3\xfe6=F\x88_x\
Wh\xc6{\x01\xf1\xb7c\xcd+=\x80\x84ea\x5c\
\x80\xe2\x9e\xccJ\x97\xd4\xd8M\x12\xbfi\x91\xa4'n\
\x97BT\x0b\xd8\x97\xc1*\x03\x12\x8a}\xc0\x99b5\
X[p\xbb|\xd1\xc0\xcd\x80\x12?\x7f\x07YQ)\
\xa4\x9e\xe7m\xd9\xab\xc1\xa1A\xa2EI\x9c#;\xb7\
\xd5fxZ\x9a~\x85\xa9\xb4wW\x06\x0c{\xd9\x97\
\x06\xb6\xf40\xb9m\xf8\xc3\xf5\xd3\x06\x1c\x80G\xee\xbb\
]n\xbbq\x02\xaa\x02\xa0\x0d`\xf3\x8b,d\xa1\x5c\
kZy\x08\x96\xd3`q\xe6\xf89u\x00(\xf9\x9b\
\x90\x9d/\xec\x01P\xa1\xad\xde\xb2\x80\xf9\xa8\x19%\x8c\
O\x09`F\xe2\xf5\xb0\x80\xd8\x1c\x82\xac|/\xe4.\
\xcaZ\xd34\xac\xec\xf5\xbedG\x82\x9c\xc4\x02\xe5\xc1\
\xfc?Kb\x1e\x1a\xd8A\xa2\xe0M)9\xbc\x94I\
\xa4\xb4\xed?!\x0a\xc4.UTe\xe2E\xd6\x87\xec\
\xf0\x88Nm\xa5KH\xab\x8a\xb5\x09.\xc7Lr\xac\
\xf1\xf0\xd0\x88v\xb0\xa1\x83\xc9\xf7\x1bN@\x10je\
\xc7B(\x88e\x82TA\xfc\xb9\x1c\xc7Q\x8a2s\
K\xbc\xcc\x81\xc0R\x01J\xf2\xf8d7\xc4\xf8\x07\x80\
\xe08\xa0]\xeb2+B\xaex\x9d\xf0\x82rQ\xb2\
E\xe3\xbf\x19\xf0\xd6q\x90\x8f\xec\x0d\x88d:\x96k\
\x11\xee\x1f}\xdd\x18\x09k\xddF\xea\x02\xc1q\x1c\x0e\
\xf4\xb4&F\x06n\x90\x9e\xcd\xd7\x88\xee\xa3O\xa7I\
Z\xfaA\xdd\x10\xdd!\x90r+jn\x1f\xb9\xe3f\
\x85\xf0\xfe\xffp\xcd\x0cpS=u:W\xde\xff\xfa\
\x1b\xf9l\xcew\x92\x8d\xb6\xd0<\x9a6q\x97q\xa8\
\x12\xf9\xc5\x9d\x0f\x18\x8d\x88\x1aq\x14\xad\xd7\xbc\xfc\x5c\
Y\xba|\xb1|9\xf3S\x89\xdd\xb7\x07\xbd\xd8M3\
\x1d\xb6\xcf\xbd\x06}Fn\xec\x1a.Q\xc8\x95\x9b(\
\xb1\xaa\xeb\xdc|\x9e\x8eQ&Z\xaf\xc7\xa4f\xa2\xb6\
\x9f$\xbf,m\xe2c\xf7O\xe1{j\xd5\xa9'\xcd\
\xbd\x03$\xbc\xeb\x10\x89\x80\xf1\xf7\xf2\x0b\x93:\xf5\xb0\
^\x8b\x05L%7\x5c\x0b\xc2/\xb9\x11\xe3z\xce\xe4\
\x9d\x92#\x07vI\xfc\x96\xef%e\xf7\x1a9\x95}\
T\xce\xb3\xa7\x81\xb5m\xd3\xb9\xa1Qd`\xd1\x0e\xc1\
!\xa5\x84\xdd\xd1j]s\xe4\xea\xecW\xc8\xf2\xd4\x88\
\xbbl\x0f\xa2.\x8c\xf4*\xc0\xf7\xdfmC\x13'm\
&gtU\xa8\x96\xc8\xaa\xb4&lS^\xce\xaa\xe0\
\x1c\x04J\x0c\xa6\x99\x22\xcd\xb5\x1a\xea\x91\xc07d@\
Oy\xf6\xf1\xfb\xa4o\xcf^P\x08d\x95[y\x10\
\x80\xb2\xa7I\x1d\x80<\x18\xed8t\xff\xcb\xa7\xfa_\
\x05\xa2.z?\xec\xe2w\x04\x22\x06\xdf\xefLPV\
?\x0d0\x09q$\xffQ+\x9a\xf9\x86\xf2\xc0\xa0'\
P\x82B\x0e\x01\xab\x08\xce*t\x0a/\x0a\xe7\xa11\
\xbd\xa7w\x94\x92\x03y\xee\xd2\x8e\xb5I\xe9\xea\x04d\
 \xb247@\x94\x89:\x06\xea\x80\xad\x90B0\xe4\
\x97\x0a\x5c\xd8\x15\xe6\x8dga\x0d\xecz\xdc\xa4X\x5c\
/\xd9\xb3T4\xe4\xe0Hv\x0c\x02\x01\x86\xa8\x05\xf9\
\x0bL\x07\x94<\xaa\xfa\x88\x97}K+\xfe\x0eB\xf1\
\xdb\xe0\x80\xb1$\xf0\xe0q\x0aR\xc0\xf3\xc4|\xb5\x04\
\x8f\xe2\xa6\xde\x1d\xe0\xb17\xa9\x98c\xe8<\x04\x5c0\
k\x5cW\x01\xda:\x0c\xa4\x87\x9b\x10\xe7\x80dCv\
\xf4\x1b1l,j\xb7GJ@\x80\xc9\x7f\xfe\xdc\x8e\
\xb5\x1bV\xc9\xbf\xa6\xbf\xa5\xcd\x5c8|\xce\x1b\x1bq\
\xfc\xf2\xfe;$\x224\xc8b\xa3\xff\xdc\xae\xaa\xe6\x8d\
\x97{\xcd\xf6=q\xf26r\xffk6nw\xa0R\
m#\x22\xb5+\xe4p\xf4\x86\xb0\xe5M\x7f\xfa\xd1\x9b\
\xa7<+\xfb8:\xfc\xad\x90Ys\xbfP\x9e\x08\x8d\
?\xaf\xa3!\x89\xb6\x01-d\x22\xda\x8d\x93\xfc\xc7\x08\
\xb2\xaa\xe6\x8f\xfeC!P\xb5\x0c8\xd8\xf1GN\xc0\
\xf8\x1f\x93\xadx\xa6\x0fe\xe7:\x98\xf86\x22\xd1\xb8\
\xb9\x0fr\xfc\x1d%\xb4c\x7f\x09\xe9\xd0\x0f\xfd\xe2}\
\xcd\xb3g\xd5\xadWn\x8f\x82s\x004\xe0\xc4\xb1\x83\
\x92\xb2g\x1d~\xd6KF\xd2N\xc9=y\x1c{\xa3\
\xa5*\x8b\x13\xd3\xd1\xf1B\xa7\xcc\x08_\x0f\xa4\x06\xbc\
P5\xe0\x8e\xbd\xbd\x81\xdaGv\x9e\xfd9\xec\x00\x8e\
\xb8\xc4Zh\x94\xec\x8d\x05\x22\xfc\xf9\xea\x18\xbd\x076\
\xc4\xee\xef\xd1L&\xf4\x8c\xd4\xfd\xf3\xf2\xba \xc5g\
\x9b\xf7\x88|3v@eJ\xc18mn \xb9\xb6\
\x90\xa9S\xc6\xc9\xfdw\xdd&>-\x02,\xb7\xaa\xea\
+\xddm5\x1c\x80#\x903\xdc\x0f\xfd\x7f\xca>V\
t!\x12\x9e';~\x19\xea\xf2\xd3\xd0\xf2\x97\x87'\
$#\xfb\xb5\x0b\xd1\x08\x5ck\x18\xcb\xb1\xb13\xa7\xce\
\x14\xc0\x0fPEbE\x81\x9d#\xf3\xc6\xb9n\xee\x1e\
!\xe3:B\xb8\xc0\x01M\xf1[\x8a&\x8ei\x07:\
\x00\xecsoD,\x8c\x07F\x0eB\x0fxa\xc6\x09\
\xa9\xfad\xd9g\xc8\x83\xd1?\x84\x1cv*\xae7\x0d\
F\x8d\xa2A\xa7\xd0\xa4\x88\xf0\x0f\x9d\x00*x\x8dB\
:`XT \xa4\x8dYO_\xf4\xe5\x95{\xb8\x5c\
7\xf6\xd2\xce\xc4Ew\x14N\xcdg\x9b\xf6\xc97\x10\
\x06\xb2\x0f\xcew\x9f\xb6A2\x18dN\xbb\x92\xa3<\
\xf7\xd2\xf9;\xd8\xffa1\x90\x9d\x1dP\xbc\xa2\xd4\xa8\
}D@\x98b2t\xfd\x87\x0d\xbf\x01\xd2\xbe>\x16\
\xf9\xe9g\xc3\x9e\xd0\xcb [;%5Y\xde\x9d\xfe\
\x0f\x99\xff\xed\x1c\x07g!2<\x14\xb2\xc07\xc9\x08\
\xe8pWt\xbe\xaa\xf7N\xff<\xcf\xce\xb83\x17\x11\
\xed\xac\xef\x96\x81\xfd\xff\xad\x1cL\xcf\xd0\x0b\xa9\x0f%\
\xb31#\xc6\xcb\x03S\x1f\x83\x06@\xa0\xa3'zu\
_\xa5\xf6\x01\xd1/\xb9t\xb7\xd4\x1c0\xf6\x1ej\xfc\
/_\xb9Df\x7f\xf3\x95F\xfel#\xcd\xa3.\xe8\
\xf2\xd1@6'\xa0\xc5/\x11\x80\xc6@\xda*\xba\xe7\
:_\x1f\xd9\xf7g\xb1\xef\x1c\x86\x80\x0fe|\xf7 \
\xd7\xcf\x88?5\x0b\x0d|`\x90M\xd0d\xf6\x1fF\
\xf8-C \xb4\x06\xc3\x1f\x18y\x8d\xb4\x08\x00\xe2\xd6\
\xa0\xb1\xbe\xee\x9a\xfd\xd1\x18\x903\xf9\xa7%35^\
\x0e\xc2\x11H\x06\x1ap$e\x0f\xd0\x00\x83\xec\xf2u\
>\x13\xf5a\x17('L$\xa05\x9c\x01\x92\xb7)\
\xe9NRgM\xf7\x02J\xee\xe1t\xfa\x19\x14N[\
\xb6\x09v\x80=d\xcc\x1de\x05\xc4\xc8.m\xa4\x0b\
\x88\xf0u\xb4\xa2\xad|\xbb?m\xe1.\xa4J\xa9\x0d\
@\x85@\x1e\xcd\x81\xa4\x8f\x19\xdcC\x1e\x9ez\xa3t\
\xea\x0am\x80z\xcd\xad\xe5W\xda\xea\xb1\xd1\xa4\xb2\x9f\
\x04u\x00\xe2a\xfc\x8f\xe6B\xfa\xb1\x12F\x92\x9e\xe7\
\x9a\xb8\x14\xfd!|\xc1\xa3\x15\x88\x1f\x03a4\x98\xff\
0\xc1w\x19'\xb6\x1c\x8f\xd3 \x89mF4O\x22\
\x04u\xe1\xb5\x09\x0c\x1e\xa6\x10\xe4\xd7\x1f\x846\x00\x89\
\x81\xa51Hyv\x8a\xda\xbc\x06u@\xc2\xd9\xf6\x0d\
\xe0\xa2\x1a\x8er6\x12Q\x8a\x95\x22\x96\xef>\x5cv\
\xf6\xb4\xcc\x02\x8e\x06\x19\xec\x99\xf0\xb8\xd9\xb9.\x1eU\
\x10\xack?\x83qSP\x87\xe4\xc5Q\x1dBd\x02\
\xd0\x00\x92\x1am'\xa0\x8a_]\xf6\x1d\xad\xe4;\x88\
blC\x9e\xf0\xb5%\xdb\xe5\x98\xd5\xa8\x89\xde\xba\x8f\
{\x13\x19\xdf#R\xa1;\xddJ\x98Krl)\xce\
_V\xdao\x01\x93\xc3\xe8\x7f\x1b\x13\xaf5\xae\x14S\
\xb23\xffCzv\x97G\x1e|V\xa2:\xf7\xb9|\
\x94\x5c\x8d\x93\xe5\x8a\x12A\x1a\x82\x02\xe8\xd1\x7f\xf6\xd5\
\x87\xf2>$]O\x9c\xc8\xd6\x09\xf1\xf6\xf4\x90\x9b\xc7\
\x8e\x80\xfe\xf68@\xd4\xecm\xf1\xffGeg\x80\xcf\
\x1a\xf7\x98}\xfb\x93\xe5\xdf\x9f\xcd\x96\xa5k6J\xbe\
\xd5\xbf\x82\xf5\xfe\xf7\xdd\xfd\x88\x8cF\xd7\xbf\xf2B\xac\
\x95\x1d\x87\xf3\xe7\xe8\xf8){\xfe2\x90\xe4\xe9\xdcS\
\xb2x\xc9B\x995\xefK\xd9\x97\x10+\x05g\xb0/\
Z\xd7\xc12?\x96\x0d_\x1b\xd6Js\xe3\x15>\xac\
\xef$\xb9\x8f\x9c':\xee;\xd2\x8e+\x82\xb7\x17\xc6\
\x9f]\xfc\xd4\xf0[H(\xbc\x11uH\x9az\xfaJ\
H\xfbk%\x0c\x90\x7f\xcb\xd0\xf6\xd2\xb0\x09\x14S\x81\
<\x94\xd3&\x95s\x98V\x8a\x00\xd7z\x01\x9a\x01y\
'\xb3\xe4h\xf2nI\xda\xb6\x5c\x0e\xc6\xae\x97\x93\xc7\
\x0fCF\xdb\xaa2\xa3#\x80\xb36Dp\xd6\x12\xfc\
\x00r\xc6\xa2\xfd}\xc5\x03=W\xae\xa4\x04_\xce\x81\
\x5c\xe5\xb7\x19\x15\xbei\xcb6\x22x5\xba4\xbaW\
\xe2O{\xe8\xa9\x5c\x0f$\x9a\xbc0\xd3\xa1\x8e\x12\xc1\
Wv\xf9\xb8\xc3\x92\xb8I\xae\xd9\x16\xab1]K\xd8\
\x93~\x10\xd5\xeb\x0e{\xe6\x15\x12&\x91\xd1\xdd\xa4C\
T\x14\xaa\x8d\x10\xdcV\xe1j\xdd~x\xf2\x86\x8b\xbb\
\x8e\xe5J\x1e\xa1\x8b\x8a\x9c\xc9\xda\x9c\x09\x1f\xdb-\x80\
\x09\xdd\xf3\x08GN\x8b%\x80!\xde\xf0R\xcasX\
^*I!L'\xb0\xa1P<\xd4\xf7l\xf8\xa3!\
\xbc'z\xcb\xf7@&8\x04y\xf6\xd2\xa6\xef\x0c\x0c\
\xd8\xdf(\x0f\x8c\x9c\x97\xad#\xcf<6\xbb\x112\x17\
\xd3Xo@y\x06S\xce\xf7X\xd7\xcf\xa8?\x07\xd1\
\x7f\x12\xbcn*\xda\xb1\xb3\x13\x1d\x03.b_,l\
\xb69\xee\x1f\xd1J\xbc(\x8c\xc1\xc8\xc1\x95c(\xe7\
P\xcbz\x9b\xad[\xc0~\xdf\x9fn\x8c\x93y@\x01\
\xec\x8a\x0c\x12X\x98\xcaaO\x07\xa29%\x8f\xa2\xba\
\xddK\xad\xb5\xc2\x9d\xe8\xda\x97\x02\x07ssB\xb2\xec\
9\x90\xa6\x1d\x17\xf9\xce\xe1\xfd\x07\xc8\xa3p\x00\xdaF\
vFE\x05\xc4PJs\x12k\xb8\x03\xa0)04\
\xd7X\xbb\xfeGyg\xfa\x1b\xb2-f\xb3N\x0fK\
\x00\x07\xf7\xed\xa5d\xc0\x88`\xbf\xb2\x1d\xe0\xb2n\xd0\
\xff\xf0\xeb\xc6\xc8^\x94\xf9K\x7f\x94\xff\xcc\x98#\x09\
\xfb\x0f\xea\xfaa\xd7\xbf\xebG\x8eW\xf8?\x18]\x22\
\xcfS\xa4\xa6\x1a\x0e\x9b\xd5m\x9fZEm\x14\x01\xb8\
\xd4\x01\xe0{\xb3\xb2\x8e\xcb\x8a\xd5Ke\xe6\x9c\x19(\
\xbd\x8a\xd5\xea\x10\xbe\x97\x11o(\x9c\xe8\xeb\x11\x14\x0c\
l\xe3/\xcd\xd8\xe4\xe7\xcav\xe0\xd2g\x0d\xbfa\xb9\
\xf6i\xec/GO\xe5\xcb\x01(\x95n\x07\x09\x9a%\
}\x87\xa1\x22\xa7\x044\x0d4\x0d\xe1\x8b\xe2HM`\
\xf8\xbd\x03\xdbHPt_iMQ\x1fO?\xb3\x0f\
\x96\x15\x94\xb9b.\xf5\xfa`\xcc2Q\xf2\x0b\xdd\x80\
\x94=k\x81\x06\xc4j\xc9\xe0y\xcc\x0b\x0f\xf3\xdc\x93\
\x13Q\x0f\x15c\xde\x12\x15\xe0\xad:\x02\xee@NU\
O\xffgpp\xae\xc9\x01\xfbt\xf5v\xb5\x01t\x06\
\xcc\x81v\xf2\xb8\x0e\xa6Q\x83Q\x15W\x9bpM\x05\
\x98\xe1\xd4\x9fY\x8d\xc0z?\x90qVQt\xc6^\
r\x22/\x1fh}.\xe4\x99{\xca\xd4\xdbo\x95\x9e\
];U\xa9\xda\xcdm\xce\xc3\xe3.\xc6\xa3\xfe\xdf\xee\
\xaeV\x91\xf9\xa6\x5c\x05#\xe0o!\x83\xc8\xd2\x05\xdb\
\x9d\xec\x0c\xc8\x83%dd~Vp\x8dky]\x91\
6\x80I\x05\xd0\x986\x05\x91bxt\xb0L\xe9\xd9\
\x16*S\xc5\x1f\x1eS\x1f\x5cK\xb6B\xce\xf2\xad\x15\
;\xc0v=eu\xb4#\x17\xc0\x03l\xcc6\x10\xed\
q\xd7\x1bP\x1d6\x85\x0b\x80D\xc8\x83H\x09\xb0!\
R\x12\x9c\x17v\xdc\xe3\xd2\xf6F\x87\xa81\x9d@\x0c\
\x84N@+\xf7\x86\x98g\xe3\x01\x94\xdcX*2\xef\
\xd5\xf5^\x8e)\x01h\x06Q\x80xT\x06\x98}\x02\
\x1d\xa5P\xd3\xcbn\x8ba-Q\x9aw\x99;\xea\x98\
W\xfb\x86s\xad[\x0e@\x0e\x9c\xfe\xcd\xf1\xc9\xb2!\
6I\xb2\x11\xb1\xf0\x18\xdco\xa0<\xfe\xe0\xaf$2\
\x0a\x0e\x80\xc5\x8a.\xe9\x1b)zd\xad\xaa\x8an\x96\
e\xcd\x91\xab\xe6\x9f\x92\xa9,\xf1\x22\x02\xf0\xf5\xec\xcf\
5\xdac\xbe/\xbam\x04\xf4\x00&\xa1,\xb0\xbb\x1a\
\x8c\xff\xa6\xda\xe7\xb2\xe6\xd6\x95\xaf\x13^\xcd8\x96)\
\xef\xa2\xe9\xcf7KV\xca)\xa4\x028\x97a\xa1\xe1\
 \xfe=\xa8\xd1\x7f]K\xd5\xcc\x95\xdf[\xda\xb9\x9c\
\x9d\xd4\xd2\xa2\xff\xa3G\x8f\xc8\x92\x1f\xbeC\x97\xc8/\
\xc1\xf6OT1\x16\xbe\xaf\x1e\x02\x98\xb6 2\x8fF\
\x85P_4\xfaq\xde\xbf\xca\x12\xbe\xd1g\x02\xffW\
\x88@\xeb\x18xR\xc9H9\xee\x87\xe1\xe7\xf3\xc9\xa6\
h\xd4\xee\xb7S\x116\xcaX\x8b\x1d\xdf<Z\xaa\x9a\
\x9f?\xc4|\x02\xdb\xf4\x10\xaf\xc0\xb6h\x07\x8b H\
!\xf6\xab\x14\x85\xd8\x910\xbe\xaf\x10%\x83\xc7\xd3\xd0\
\xfa6n\x13\xf4\x036+a0\xef\x14\xaa\x8e,\x11\
7\xbe\x95s\xc1|9\x03H\xa6\x06(1L2\xb5\
\x06(Wk\xcc\x95XDz\x8f\x91.]\x08;H\
\xad\x18\xbbD\xdcN\xad\x0c\x88j\xade\xd5\xe4\xc6\x95\
W\x9d\x96\xe7Tr<\x90S\x96\xc93\xadNM\x1d\
\xa6\xc97\x03\x15\xf0\xf2\xf4\x94\x89cF\xc8\xc3\xf7\xdc\
.m\xc3[+\x07\xad2\x87\xdb\xb4_\x8c\xbe\x98\x99\
GX\xa6\xe2'\xe0\xc3\xb9\x1fJn\xdf\xefL\xd4\x0e\
n6\xdc\xdf;\x22H%\x80\xa9\x0aU\xd1\xb3\xf2\xc2\
\x19\xc1\xef\x02\x19p%\x98\xf69\xec\x92e\x9e\x01\xe4\
\xd3\x1b(|FN\x803\xacn;\x1e\x84\xdf\xa7\xaf\
\xdd+\x8b\xa1ru\x8a\xdd\xacp.F\xad}\xdb\x04\
\xab: \x89\x84.;\x9c<\x09{\xee\x195\xb32\
`\x07\x18\x9c{\xc1\x8b8\x0d\x18\x870:K\x1a\x87\
 \x97\xce\xf6\x9e^ \x06\xda\xe8\x9c\xcb\xc6\xe2\x92\x13\
\x99\xfc{.`\xfa\xd91\x892cS<\x90\x0c\x93\
\x86\xa1sE\x88\xee\xc6k\xd8\xe4\xc2\xb9\xa4\xa5h\x12\
\x9c\xec\xbe\xde\x8eS\x80i3\x00\x87e\x22\x9d\x90\x92\
i\xb8\x12'\xe1\xbd\xda$\xcdk\xba\xa3^\xfe\xe1\xe7\
\xa4k\x97\x9e*\xedj?\xdf\xb6\xc17\x84:\xf3\xe0\
_\xc0Sc7}r\xc9\xa5\xba\xf8$\x84[\x17.\
\x9a+\xff\x9c\xf6w\xd4x\xa3\x1a\x00\x13\xe0\xed\xe5)\
7\x8f\x19.\xf7\xa2C`#\x90\x9cj\xf2\x06\xe6\xe2\
\xe9p\xd9\xe9\x0c\xc2\xe2&\x8bV\xae\x93\x7f}:K\
\xf6$\xec\xd7g\xba\x01r\xff\x83\x07\x0e\x97{\xc0\xfc\
\x8fl\x1bm\x0c\x84K\xe1\xbd\xa2Kp6\xd0\xa5\xa5\
\x8d\x0c\xb1\xae\xb6\x9c\xcc\xc9V\x81\x1fV\x85\x1cHN\
\x82\xc16\x02W\x5c\x0b\xd1\xad<\x95\x18\xdc\xbb\xb5\xaf\
F\xfeeA\x91\xfc\x18\x83\x1e>\x0b\x14\xebI\x07\xc7\
(\x0er\xbd{\x812\xb2S\x1f\xd5\xfb\x18`\xd8M\
\xca\xec1\xf2\xbf\x0d\x00\xed\xfbGt\x95`D\xfc\xad\
\x22:K\xf3\x96\xc1R\xbf\x01\xa5\x85\xed\x1c\xb4\xcbn\
O\xf9OdG\xbd4j\xe0\x07\x1c?\x04{\x01n\
\x00Q\x01\x22\x02F\xef\x83\x11\x83!\x7f3wN\x02\
2K\x06\xa3\x02\xd8z\x18MklO\xa8\xfc\xdfz\
U\xdfI2\xfc\xfa\x84\x83\xe0;\xc5\x9b6\xf5D\xfb\
9h\x5c3\xd3\xa7c\xbbG\x225\x8e&a\x15p\
d\xb8\xb6\x98Vg\x1a\x80\xbc3vcd\xc9\xfcJ\
H\xeeS\xc7!(\xc0O\xee\x82F\xc0Cp\x02(\
B\xe6V\x09'\xc0\xed\xb5[G\x5c\xa4\x06{e\x1c\
\x00\xde\x13\x96\xfe\xb1\xb5/k\xbby\x90\xddM\xf8\x9f\
N@]%>\x5c\xf9(-\x22'\x11$\x17\x0b|\
5\x9a\x0bm\x85\x5cl\xbeE\x1e\xe3\xf7\xb1\x94\xe4\x89\
\xc1\x1d\xa5\x1f`i#*a\x0e\x13\xd1\x89lG\xe9\
\xcb\xbb\xabv\xca\xfec'\x0d;\x1f\x87'\x08\x14\xa3\
\xba\xb4\x05\xf3\xd4\xb3T\x18\xbb\xac1\x96\xebu\xcb\xb5\
c\xda\x22\x1dH\x806\x11\x0234\x0fc'R\xc2\
\x8a\x86q \xfe\xb0\xd1GK,\xe8\x9a\xd2-\xce6\
\xb8\xf65\x9e\xc3\x9c%c\xfco\xaf\xd8%;\x91[\
<\xcf\x87\x13o\x22\xafaB\x8fh\xf5BKC\xe6\
x\x1f\xa9\xe9\xc0\xf4\x07\x9bZ\xec\x87bb\x02\x90\x90\
c\xd8\xac\xec\xaa\x0e\xe7\xf5\x19\x85\x8d\xfb\xe9\xc7^\x90\
k\xfb\x0c\xd4\xee\x8b\xf6\xfe\xed\xec\x00h\xabh\xfc\xa1\
\x03p\xb9|k\xb9\xeeM5\xbe\xc9\xa0Oud\xc7\
\xce\xad\xe8\x0e\xf8\xa6\xac^\xb7R\xafG\x1d\xcf\x1e]\
T\x14\xa8C\xdbp\x9d\x9b\x9a\xbe\x89U\xe34U\xf2\
\xd4hO\x8ev\xcbo\xbc?C\xe6.^\x81\x96\xb9\
\x05\xbaL\xfcZ\xf9\xca\xed\x93\xef\x96\x1b\xc6M\x86f\
\x84\xe1\xa6\x94eT+9\x00\xc7\xc7\x8a\x1b\xff\x22w\
\x97\xf7\xff4\xba\xf9-Y\xfe\x9d|\xfa%\x9a\xfb\xec\
\x874\xb9U\xfe\xa6\xb0?:\x9b2h\xe9\x17\xee\xe7\
\xd0\x07)\x1aK\xd1y\xecu\xcf\xfd\x83\xa5\xd4'!\
\xd0u\x0chY\x22\x18\xe1d\xf4\xefB\xdb\xee,\xf2\
\x9bt\xc3,B\x11\xf9\xf7z\xf5\x1bI\xc3\xa6\xe8\xf1\
\xde2\x04F\xbf\x8b\xb4\xe96LZ\x00\xf6\xa7\x17A\
\xe7\x14E\x7ff~*\x11\xe4Uu\xde\x8a\xee\x8du\
\xadj\xe4kC+ \x17N\xc0Z\x89]\xbf@\x8e\
\x1e\x8c\x95\xd3(\x1b<W\x98o\xee$\xd3,\xb8\xd0\
\xfa\x88\xfe\xdb\x07\xb6\xd4=\xc7\x17\xea\xb0L\xe9\xd6D\
GZ\x9d@8\x00\x945\x9f\xbdq\xb7*\xf9\xd9<\
\x00^\x0f\xed\x14\xedO\x07\x18p\x96\xa8W\xe4\xe0\x9d\
fPy\x18N \xa5\x85\xc9\x93[\x86\x92\xfb\xc3\xd9\
\x86\x1c\xd8!\xaa\x9d\xbc\xf8\xcc#r\xfduC\xf4\xdc\
\xea\x08\x97\x03\xe6\xb6\xf7S\xb7Wo\xb9\xee\xa2\xedm\
j\xb6M\x0di\xf9 \x22nj$\xec\xd1\xd8\x91\x89\
\xcf\x83P\xc5\xb0\x8e\xe1\xd2\x09\x17[i\xa8\x09c\xa0\
OB>\x00\x9b$\xb0\xca\xc0\xce\xab0\xa2n\x8d\x87\
\xea\x17}\xa2\xa4\x17\xaa\x0clr\x9f=nF\xb0\x9f\
m\x8a\x93\xf9;\x0e\xa8\x97l/\xc0\xce!~@%\
\xd0\xbd\x0fpvY\xcaL\x15\xb9A\xc5\xdfk\xe6M\
U\x03\x01\xa5s^\x12\xb1(\x8c\x22\x1c`\x22.\x04\
\xd4\xd6\x13\x0a\x0c\x03?\xa2\xe6\xe5\xb8L\x7fp\xea)\
,\xda\x93,\xef\xaf\x8dUD\xc0\xc0s\xd0[G\x1a\
\x85\x02K-\xa1\xe8Ur\x89\xb0\x03$\xab!\x98\xaf\
J\x84\xe1\xa7\x13\xa0\x0e\x18\xdeX\xb7~Ci\xd0\xb0\
\xb1\x14\xe4\x9d\x96\xb3\x85\x86(\x1a\x1a\xdcZ\x1d\x80!\
h\xdfz\xb5\x15\xff\x5cA\x00,\xbe\x89\xbb\x09\xe1_\
\xf6\x06\xf8j\xf6gh\xc3izq\x07\xb4\xf2\x91\xbb\
&\x8d\x91;n\xb8^\x9bq\x98\xa3\x1cOg\xe5\x17\
\xe0\x7f\xc7'-k\xc89\x5c\xb3%F\xde\x84\x03\xb0\
}\xcf>C@\xc5\xef\xfa\xf7\xed!\x8f=\xf4\xb8\xf4\
\xe8>\x18\x88R-E\xb5i\xe8.\xe093H\x91\
3\x1ee\x80\xf1\x8a\x22\x91eM\xa4\xee7\xf8s<\
\x1b\x1a\xee`\xfb\xcf\xf8\xfa\x134`\x89W>\x0b\xbf\
\x8c\x9b~$\x22\xff\xf1\xd0\x05Q\xb6?\xc5\xc1JD\
h\xf63D\xa3\x9f\x0f\x88\x9f\x1c\x1c\x92\xfa\xd2O\xe4\
I\x12\x22}\x0at\xa5\x109C\x95\x96\x81\xc1\xad\x15\
\x84\xf3S\xba\xb7~\xc3&(\xe1C\x84\x1c\xd0VZ\
\xb6\x8e\x96\xa0\xb6=\xc5\x0b\xcc\xfe\xdah\xe6\xa3\x8d{\
lG\x01\x1f+\xdf\x8e^\xd6U\xbb\xe8u\xdb\xc6`\
|'\x8e\x1c\xb4\xf8\x01\xeb\xe4(\xaa\x05rO\x1cS\
R\xb0\xb9\xd7&\xf0`\x83!6'\xa3\xba\x1e\x839\
*n\xf20\xd7T\x1dw\xb7\x12\xd7\x89 \x85M\xed\
\xbe^\xbfK\xed\x96\xad\xb9\xc0\xeb`\xd4\xdf%\xd4\x0f\
\xc2x\xadM\x93\xa4\xb2\xe3\xe2b\x03\xa03\xa1N\x05\
\xd66\xd1\xf15\xd0\x1c`\xb9\xfcE|g\xe3F\x0d\
e\xe8\xc0k\xe5\xc5\xa7\x1e\x96\x8e\xd1\xed\x9cD\xf3.\
\x7f\x0d\xce\xeb\xd0\xed\x0fp\x00\xcai\xef\x8b\x9f\x91\x86\
\x02\xc6\x81\xdd\xfc\xb6\xa7\xa4\xab\x8c\xacn\xecP\xe1\xa3\
\x14ok\xe4p\xcc\x17U~\xe9\xd1\xc1H\x05|\xbc\
lO\x92\x1aT\xf5fq:\x0a/D\xfby\xc9=\
}\xa2\xa5C\x00\x94\xab\x9c\x97\x03\xfeA\xdd\x01\xf2z\
\x00\x00 \x00IDATE\xbb\xbf\xff\x10\x83^\x01\
'\x0c\x17\x00\xaf\xb3\xd6\x94\x8d\x82:b!1\x17S\
i\xe7\xa4\x1ck\x83\x97]\x80\xf9`\x04\xbc\x0a\xf5\x9c\
\x19\x96`\x10\xe7\xa2\x01\x94\xcb\xfa\x84\xf9ju@{\
\x7f\x08\x80Tt5\x94\xe3\xfb\xab\xfa\x16\xde7\x92\x8a\
\xde\xf9q\x97\xacN<dNg\xa1\x00\xd7\x22\x9d\xc2\
\x9cV=z\x9b\x0aS\xba)\xdc\xbf\x1dH\xd0>D\
)l\xe9K\xbd\x7fs\xe7\x11\x9d\xa0\xcc(0\xb2\x97\
4n\xda\x5cRb7JN&\xce\x87\x17\x03Q\xf7\
O\x07\xe0\xba!\xa3\xaa:\xdc\x0a\x7f\x9e\xe8\x8b\x96\x1b\
\xb9\xea \xb4\x89ga\xc5\xaa\xa52\xfd\xc3wP\xf6\
\xb5[\xa1\xbf\xba0\x02\xfdzv\x95_=p\x87\xb4\
i\x1d\xec\xd4\xa1\xceU_\xfc\xdf|\x1e\xc0\x9f\xd8P\
?\xf8z\xbe|\xfd\xedR9v\xdcTX4\x02\x02\
\xf8\xc0\xbdS\xe4\xb1\xc7\x9f\x94\x16>\xadapa\xf8\
\xf1s\x1e\x1a&\xe7\xb09\x16\x22mu\xb6\xf0<\xca\
\xce\xce\x1bg\xe0\x92-\xc8\x18\x0c%d\xeb_\xaf\x14\
\x19\x97n\x5cl\xd8?\x1bu\xfe\x8b\x96P\xe1\xef\x0b\
\xd9\x7f \xd1\x82\xfdM\xe5RG\xff\x162\x1e\x88_\
O\xd4\xf9+\x01\xd9:\xec\x0e\xb1D]\xb9\x7ffA\
\x0a\x9d\xcf\x1a\x95LS\xc0]J\x81Z\xdfa\xa0f\
\xfc=S\x8a<\x8a\xf6Q\xa3,\xd8\xa0\x09\x0ca\xab\
0\xf1\x0di/\xbea\xed\xc5;\x08:)- }\
^\x0f\x15'\x0c\x9ejx\xce\xdc1\x19&\xb2\xd0\xc8\
\x9fi\x81\xe4]k\xe1\x0c,\x97c\xa9\xfb\xf0;\xa2\
\x1d\xe6u^Ss\xc8$\x87\x03\xc1\xed\x10\xe0+\x81\
\x08\x9e\x98\x02.\xba\x89U23.y\x88\x08\x94R\
\xf0\xec\xeb\xf5\xbb\xd5V\x15\x89.\x19D\x83\xc4\xc6\xd1\
@\x01\xe8\xcc\x94\xd6\x1c\xaf\xacAp-\xd3\x11`P\
E\xe3\xbf\x1c\xe5\xf2\x0c\xba\xb4==4\xfeoA\xe7\
\xc0\x07\xef\xb9C\x82\xfdA:\x86\xf3g\x93+K\xda\
\xdfK\x9c\xd0?\xc1\x01\xa8\x143\x1d\xf7\xe6\x04\x089\
\x94\xf0%Q\xc1^\xac\x9d\x11\x95\xb3n\x9c\x91v\x95\
\xbdn.f\x5cx\xd2\xd1\xe3\xf2]L\x82\xb6\x8c\xb5\
\xdb\xac\xf2!\xeb\x1a\xe4\xa3J\x81\xc1(\x13\xd4h\xda\
F\x99\xf0\x97Y\xdb\x12\xe5\xab\xad\xf1\xc8A\xe7k\x84\
@/\x8cN\xc9\x10\x8c-\x00\x8c\xca\xea\x8e\xbem'\
 &\xf9\x10<\xb6\x14\xb07)\xb3l\xa2\x06\xe65\
;C\x08d\xca5\x91\xd2\x0eeAT\x0530]\
\x95g\xac\xacuT\xee\xd7i c\xc0.\xfe\xe3\xe2\
-Z\x16h\x9eE\x8ax4\x94\xf1\xdd\xa3$\x04\x0d\
L\xb8\x19\xf1z6&\xa5\xcaJ,H\x96\xae(\xf4\
\x85g\x96*\x7f\xec$\x16\x14\xd5[:\x0e\xbcIN\
e\x1d\x91M\x0b\xff#\xc7\xd2\xe2\xf5\x81\xf6\xf7\xf3\x97\
g\x1e\x7fA\xdb\xfd^\xed\xa3,\xe2U\xc5\xc7c2\
\xd0\x89\x90y}\xff\x93\x7f\x83\x0f0Oa`\xde\xef\
\x00\xdf\x96r\xf7Mcd\xca\xf8\x91*[[\x15\x87\
\xb8\xe2\xe3\xfay~\xc2\xd8l\x0a\xff\xec\x93w \xfc\
\xb3~\x1bEt\x10Y3\x92\xea\xd8N~\xfd\xe2\xb3\
r\xfd\xf8\x1b!Y\xcb\xca\x1asp\xd9\x11\x018\x07\
\xe3\x7f\x06\xeb\xb0\x00?g\xa0lz\xee\xccy\x83\x1e\
\xd2\xe03\xf2\xb4\x1c\x02\xda\x95\x0bP\x9eQ>\xbfS\
\x8cR\x9e\xb5\xc1\xf3\x9cB\x93\x95E\xdf\xcf\x93/\xd0\
\xdc\xe7@J\x12\xd8\xfe\x86s\xc4\x885\xdc\x072\xda\
\xdd\x22\xa4\xb7F\xfe\xa6K\xa8\x0d\xed\x13]\xe3sB\
\x16\x7f\x0a82I\x80\xf8\x19\xed\x1f=\x99\xaf\xe5{\
,\xed+\xb9\x0b\xd8\xfbF}4\xe7i\x09b\x9f_\
\xbb\x9ex\xae\xfa\xc2\xf0GJ}H\xc3\xf2\xe2\x1d~\
N\xa5\xa2\xb9\x9fx\x9dX{\xc6\x05\xcc\xcd\xc1\xd8\x0d\
\xb2\x07]\x06\xd9h(\xfft\xb6\x96\x0d\xda\xe8.5\
gh@\xbb\xa1\xaa\xab\xb5\x0f\x94\x04\xc1\xe9Rf}\
\x15\x82LW]9m\x0c%\x9e\xe7n\xde\xab\xf6\xb0\
\xa8\x12\xc0\xec\x9b\x84\xe7\x87\xa2\x92\xaak\xa8\xbfvM\
\xac\xccaM\x93\xea\xe4P4o\x1f\x88\xf7\xdco\x89\
\x88\x84\x06\x07\xc9\x03\xbf\x98\x22w\xdez\x934\x03*\
`\x823s8\xbb\xb1%\x11~\xb7\xaa8\x00\xacy\
\x5c\xb6;\xd1\x01s\xd3 \x5c\xdb.X\xfa\xe3G!\
\xaf\xca\x5ce\xc9\xcf\xe0\x02\xcf\xc1\xa3\x89I\xce\xd0h\
\xfa8\x0c\xba\xb3GL\xb1\x9d)=\xdb\xa9\x02\x9fm\
\xd4y\xf1LI\xfc\x03\x8d\x82\xd6\xed\xcf\xd0<<\xa7\
\x819\xb9k\xc2\xa1P\x08\x95\xc2\xe6\xa5\xa8\xf4\xb9b\
\xb8E%B\xe6oDFV\xc5\x1d\xc0\xf8\x0fcL\
\xce9\xbc\x8b\xd2\x06h\xc9M]\xb1(\xe0\xc80u\
b\x9a\x80V\x0d5q\xc55\xd8;*\x09{\x1f\xac\
\xdf+sb\x92\x94\x84b\xdf\xcfN\xc1\xbe\xea\xcd\xb2\
\xd9\x07\x8f\xb9[bA\xda<lJ\x07A\x88j\xd0\
\x98\xf9\xc8 U\x19\x8b\xec3V\x9a\xf9\x04J\xd2\xd6\
\xa5\xb2n\xee\xdbp\x00\x12t\xc3\xf2ke\x1c\x80\x11\
\xc3\xae\xbe\x03\xe0\xb29r:\x11\x1f\xf2|\x10V)\
\x08\xf4\xef\xf7\xdf\x92\xc3G\xd2\xf5\xd5\x060\x00\x03\xae\
\xe9&\xbf\x84\x96wh\x90\x7f\x8d\xd8\xac\xaa\xe3\xfa]\
uN]cX\x1f\x85\x85\x85\xf2\xf97\x8b\xe5\xd39\
\xe86\x97~D\xd7^S\xf4H\xbf\xff\xbe{\xe4\xd1\
G\x1f\x13\xff\xc0\xe0R\xf7}\x9b\x0cH\x07\xb6\x10\xc6\
\xbf\xe0\xf4\x19\xc9\xcb-\x94\xb3t\x06H\xceb\xeb\xda\
Z\x5c\xa7\xc8\xb5\x9f\x05+\xbb\x94M\xaa\xa4\x13`\xa3\
\x05\xfc=\x91\x85\xc3\x19\x87\x90\xf3\xa7\xbc\xef'\x92\x9e\
\x91\xa6\x9c\x0f\x9a`F\xa5L\xedQ\xde\xb7;\x9ei\
\xeeC\xa7\xb1\xf7\x9cB>\xff8\xea\xf3\x0f#\x80a\
#\x9e\x14\xfc\xa4!\x87K\xcd\x12\xbbt\xba\xc8n\x1b\
\xe8\x9b\x91\x1d\xbbc\xb2\xd3!\xe5\x84\xcf\xc39\xf0\xc0\
s4\xf0\xc6'\xa4uO<3@\x0e/\xf0{\xe9\
\xd4\xd8\xb0B\xa9hF\x0d\xd9O\xae\xb0@t\x84\xbc\
\x0e\xbe\x07\xa9\xb2\x9c#)\xb2g\xd5\x1cI\xd9\xbb^\
\x8e\xa7\x03Y\xc1\xf5\x17!v\x17a\xe0\x1a(!.\
\xca\x1f\x8a\x86\xe0\x06\x90wV\x9d\x88n\xb9\xd66\x89\
\xca\x80\x01\x96\xeeJ\xd0\xd6\xf1v@\xec\xbc\xa3\x93H\
=\x1a\x9dj\xbd\x90\xcb\xaf\xf4At\x19\xeb\x98\xd5f\
L\xbf\x1fG\xca\x88\xf3\xc7\x14c\xbb6a\xf2\xd4C\
Se\xe4\xd0A\xe2\x05\x15B:Le\x1dn\x7f\x9c\
|]\xe5\xec4>\x15\x8f\xfc\xf6\x0a\x10\x12\xa8\x88G\
\x0f\x88\x91\xec\xb0\x0e\xe1\xd2#,\x000\x87\xad\x96U\
\xd6\x10\xca~\x9d\x8b\x9c\x90\xfaV\xb0!y\xd1&\xb7\
o.\xae\x01<\xabQ\xc8\xa9\xdf\x02\x8f\xbb%P\x07\
}x\xf1\x87M(\xd6$\xa6\xcbG\x1bb%\x11m\
\x83\xed\x07\x8d9$\x96(F\x07\xfa\xe8x\xab\xcb{\
\xb4\x1f;>\xcc\xd9@J6'\xa5\xa9\xbe\xf3\xc9<\
\x8e\xdd\xa42\xb8Y\xb1\x9d\xf0p\xc8\x1d\x0fj\x1b\x80\
2\xc1\xc6\xd5\x8eL\x94=\xdbf\x5c\xcc\xcb\xf3\x1aX\
v\xf4\x06\xd2);\x0f\x1dw<\x84\xcco\x92\xe7A\
}\x05\xd6\xbfnK?)\xebR\xb2A\xd2\xca\x83\xc0\
\x88\x87\xf8Et\x83\xe8\x08X\xc8a\x9d\x11\xa1\x80\xf9\
\x0a\xc70a\xf3bY7\xef\x1d\xc9\x04\xd4\xc7\x1d\xae\
eK_y\x06)\x80Q\xc3\xc7\x96\x9bsR\x9e\xb1\
\xff\x94\xefa:\x87\xc2/\xd3>xG\x16/[\x08\
\xc3pN7\xf2\xf0\xe0@\xb9\x07\xd5\x00\xe3\x86\x0d\xd0\
\x07\xb5\xbc\x1c\x9b\x9f\xf2Z\xae\xe6w;\x9b(\xdd\xcc\
\xf0l$$\x1fT\xf2\xdf\x8f\x1b\xb6B\xf8\x87Pg\
-\xe9\xd2\xb5\xab\xbc\xf8\xe2\x8b2z\xf4h\xe4\xc0\xe1\
._\xb2\xc1]j\xec\x986<\x87\xfc\xfa\x99\xfcs\
ha[\x08\xf2\x19\xcas\xcf#\x888_\x08\xa7\xb6\
\xa8\x22\xe7\xb2\x91\xbf\xc9\x13\xe86A#\x94\x90\x08\xb5\
L\xb0\xfd\x17.\x9e'\xc7\xa1\xf6\xc7\xbd\x89?T\xcd\
d\xe4?\x0c\xe5\xbem\x81\xea\xd1\xf1'{\xff \x0c\
=\x8d=\x99\xfb4\xf8\x0cF\x9c\x09bE\xf3l\xf6\
3\x9646so.>\xde-%00\x14\xf2\xc6\
ue\x1d\xe4\xa6O\x80k\xd0\xd4\xc3Gz]\x7f\xaf\
t\x1a~\x0fR\x1eh\xbaV\x82\x8d[z\xc2\xe2j\
\xde\xc9\xaa\x7f\x97I\xaf\xd4\x92\xf3H\x01\xa4\xec\xdd \
\xf1\x1b\xbf\x93\x83\xf8\xef\xe9\x1cp\x03,\xb2\xb0\x12\x04\
\xb1\x07\x85\x00\x05\xe8\x88}\x9cig\x95\x13vI?\
\x85\xca]\x83mj\xb7`\x9f_\x04\xe5S\xed\xac\xea\
\xe4]r}5B00\x06m\xd6#!\x90W\x9a\
\xa6Jy\xbf\x99\xe9\x86,\xa0\xb2\x9b\xf0]$\xe1\x93\
\xa7\xa5k\x07\x08c\xbb\x88\xd6*\x17<\x0a\xa4\xc0\xc0\
V\x10\xcecS\xa8\xd2\xbc\x5c\xeb\xcb*\xe5\x00\xe8\xf9\
\xf0\x7fl\xf0\xf2#\xa2\xf2c\x94+\xc4\x052\x8a\x1d\
\xd1)\x02\xccM_5\xc2\xae8\x8a\x22j\xe6\xd5\xcf\
j\xdb`zX\xfc\xbb>\xee\xf8\xde&\xf5\xeb \x92\
\x8e\x90\x89`\xdb6eT\x0a\x97\x9dy\x8d<xJ\
_@\xdev!\xca\x02\xb3-\x95B>\xc9\xc1\xf0\xd2\
I\xc8\x08\x05\x8cM\xd4\xc0\xb5\x1br\xd1&\xe4<v\
V5\xd0\x09`\x0d'K;l\xaf\x97\xf3\xc6\xf1\x0f\
\x88\x08\x901\x1dB\x955\xec\x5c\xdd\xe0\x8a9\xac\xf8\
9\x8a\xb6\x92B<t\xdf\xef=(\xffA\x9f\x00\xbb\
\xb4\x92\xe7\xf3D%\xc3M\xbd;J\x10<pi\xd1\
F\xb6\xd5\x8e\x90\x1c,\xca\xe6\x88RZ\x00\x9al\xd0\
\x18\x1d\xbf\xc0\xf6%y\x90\xc7\xbe\x0d\x0be\xfd\xfc\x7f\
KVz\x92n\xa8-<\xbd\xe5\xa9G_\x90\xb1\xa3\
'\xd4\x98\x8a\x88\x8a\xcfS\xf1O\xf0~\xb3\xfc\x8b\x9d\
\xdf\xde\xfa\xd7\xeb\x1a)\xf2Z\x9b5m\x22#\x07\xf6\
\x95\xc7\xee\xbeE\xcb\x03]\xbb\xde\xaa:\xea\x9a\xf6y\
@\x9a\x98\xc7O\xe6-\x92\xf7\xbf\x9a\xa7\xb2\xbf\x5c\x8d\
\xec\x109\xe5\x8e\xdb\xe5\xb1G\x1f\x95\x88\x080\xdcy\
\x94\x11\xe0\x14s\x07\xf0\x8f\x0b\x80\xd7\xc9\x11\xc8'*\
\x80\x9fB8\x05\xe7\xb4\x8d\xb81:v\x94y\x09\x11\
\x1a\x9f-\x84\xc1\xdd\x13\xbbK>\xff\xeac\x15~:\
y\xea\xa4\xaa\xdd\xd9\x07k\xfb\xbb\x04zk\x8d\x7fF\
N\x9e\x1c\x82\xf1'\xd4O\xc8\x9f\xc1\x87\xbd\x1b\xda\xfb\
\xa2\xad\x0dA\xa7\x91\xa9\xa1Fh\x87\xed\xe5\xe1\x05n\
L\x90\xb4\x8f\xec(\x1d;tA\x99W\x88\xc4'%\
\xc8\xab\xaf\xbd$\x19XKu!0\xd5\xba\xd3@\x19\
\xf5\xe0\xdf\xb5\xf4\x90G\xcd\x8f\xef+\xb3\xbeL\xaaF\
\xc9oP\x0f\x8c]?\x1f\x9d\x06\xbf\xd7v\xc3\xca\x0d\
\xa0\x9e(^\xe7\xde\xcd\xb2J\xa6\x9d;\x00\x95d\xe3\
9\xa6`\xcaZ\x17\x95\x19Qy?\x93\x8c\xee\x8b_\
\xae\xc3^\x09^\xd4\xa5\xa4O(\x03\x06\xf8\xc8\xb0N\
(\x07\xc7X+\xbd\x0fpn\xe0\xd8\x1eB*`\xcd\
>SmV\x88\x14\x94\xf2\xe3\xe8\x18\x05\x06\xc8\xc4\xeb\
G\xc8\xc4\xb1#%\x04\xfdH\xdc!\xc6F\xc12\x96\
U\x97<*\xe9\x00\x18B\x02\xbb\x16\xb1\xf6\xf1\x04<\
[~y \xd4\x8e\x86\xc3\x01\xa0\x88C\xe9^ny\
\xa7\xf1\xd2\xf7\xd99h*~\xcd\xdf\x1a'\xbb\xa1\x95\
\x5c\xe0 \x9b\xa1\x01\x11\x94\xa4\x1e\xea\xdf\x01\xaa{(\
\xb7\xa1<\x22\x06\xc41%\x82\x088m\xcdn-\xa5\
)\xd0\xfe\xf3&\x07\xdf%\xc4_\xfa\xb4\x09\xac\xe6\xaa\
\x80\x12\xd7\x81\xf9ge\xc0\x86\xc4T\x94\xf4\xe4\xeb\xe6\
c\x1f\xe4(t\x03l\xc8\x06!Q \xbbpaW\
_\xb5BY\xf7\xc1\xf2\x1aYF\x84\x89\xcfF\xfd\xfe\
_\xa1\xb2\xb8n\xff\x11Gc\x11\xcem\xcf\x88`\x19\
\xde\xad\x93\xf8\x85u\x91\x83a\x13\xe4,\xf4\xa9/^\
@\x84\xc3\x9c\xabrw\x8a\x04\x90\xf7\xac\x9e+\x9b\xbe\
\x9d.\xd9\x19\xc9\xfa\xe5\x1e\xcd=\xe4\xa9\xc7\x9e\x97\x09\
cn\xbc\xea\x0e@y\xf2\xbce\xcd\xd0\xe5^'\xf7\
!>!N\xfe\xf5\xde?T\x14\x86\x5c\x00\x1a\x97(\
\x88u\xb0$p\x08\x1a\x059\xe7\x07+\xfb=\xff\x8d\
\x9f\xe3z\xa9\xe7VG2\x90C}\xf9\x9f\xd3\xe4\x87\
M[\x94U\xcf\xf9\x8b\x84\xec\xe93O?-\xe3\xc7\
O\xd4T@q\xee\xac\xbd\xb1]\xea\x11\xd8N\xb8\xb1\
\x96\x84\xdd\x8cqa\xa5NnN\xbe\xe4\xa2\x05:\x9d\
\x02\x12\x09/\xc2A\xa0\x13\xe08\x1b\x09j\x80\xdes\
rNh\xb3\xa7\xff\xbc\xff6\x0cr\x9cC\xe0\xc7\xf6\
B\xf8,4\x01\x9a\xc8Or\x8fq\xe8|8\xac\xb3\
\xf9\x0b\xd7]\x1dD\xf8\xf5\xf0\xc3>\x06\x8d\x91\xbf\xd7\
h\xbf\x85\x8f\x84C\xd6\xb8K\xa7\xee\x12\x1d\x89\xe6[\
>(\xb5E:\xe1\xf4\xe9S\xdaL\xe8w\x7f|\x01\
$\xc8L\xdd\x0fZ\x04\xa0/\xca\x13\xff\x96f\xde\xfe\
\xfa|q\x9f\xb5\x99\xe6%\x0d\xce\xcff\x8d\xd8\xc9\xed\
\x92\x96\x9b\x8e\x19e\x97q\xc3\x12\xb6,\x95\xdd?\xce\
B\xa5\xc0^\xdc3\xa0\x91@\xd7\x0cRi:\x97F\
\xa3\x5c\xb0k\x88/R\x02M\xb5\xdaJ\xd3\xa9e#\
\xe0.\x99\x22{?\xe1\xd7e#E\xfd\xc1JH\xd2\
;R\xd5E_\xc1\xd7\x1b`\xac\xd4\x04 \x0a\xa0\x9a\
*\x95<8/u\xa1\x86y\xfcB]Y\xbew\xbf\
\xec\xde\x03\x85\xc5\xbc\x5cGJ\xab\x01R\xf0]:D\
\xcb\xa4q\xa3\xa4g\x8fn\xe2\x07.Rs\xf4^h\
\x04g\xa0\x0eQHk\x95\xc3\x01\x18\x8e\xd5Y\xb1h\
\x9d\x93\xce\x1c\xc7\x8a=\x07\x00A\x1cR6\x22\x1f\x82\
v~>2\x04\x15\x00\x01\x90\xeb=\xef\xd8\xfc+y\
\x85\x97\xf9\x18\xbf;\x0b\x93\xcb\xa6A,\x0fd\xcf\x00\
\xfb`\x0a\xe0\xce^\xed\xa4\x7f8\xa5\x7f\xeb\xaa\x98\x06\
\xd7\xd6J4\x09b\xa3\x1bJg\xb2*\x80\x83e\x1e\
\xa97\xb8\x00lXD\xc1\xa2\xea<\xd4\xeb\xc7\xe6\xa3\
\xc4#D\xd4\xbb\x0fe\x0a\xa1\xa2T\xc0\xebd\xcc+\
\xc2\x88\xd7\xe8\x04\x04{5\x95\xeb\xc0\xa1`\xe9P\x80\
\x9d\xdfr\x0c\xce\x94\xe9U\xdas\xac\xf4E^\x94]\
\x18\xf3\x1f\x16m\xd1<\xa6=\x86\xe6\xee\xee2b\xc2\
T\x89\xec2HN7\x09\x90s e\xe9s\xe7\xbc\
;\xf3\xd2/\x9e\x97\x9d+\xbe\x92-\x8b>\x90\x9cc\
\xa9\xc6\x01@\xb4\xf3\xf4\xa3\xcf\xc9\xf81\x93\x1c\xd1L\
\xa5\x87W\xa3>\x88\xaa\x08D\x87\x0b\x17\xcf\xd5\x8a\x80\
\x0c\xa8\x04r\xcdz\xa0\x07\xfa\x0d#\x07\xcb3\xf7\xde\
~\xd5\x94\xeb~\xaai\xb9$\x82\xb6\x06b\x10;\x1a\
b\xb5\xc6j\x14\x1d\x07\x0d3\x1e\xcdz\xe7j\xc9\x97\
\xf3\xbe\x97wf\xce\x96\xe4\x0c\xd3\xf4\x87\xb0\xf8\xa4\x1b\
o\x90\xa7\x9f~F:v\xea\xa4\xd0we\xf7v\xe3\
\x94\x16\x19\x07\xe6\xef\x0b!\x84V\x90wV\x11\x81\xb3\
\xe0\xbaPu\x8fh\x01\xab\x90\x92\x0f&\xc9\xf7K\xbe\
\x95\xb9\x0b\xbe\x96\xf4\xc3\x87TrX\x11\xd0\xa22\x02\
G\xfa\x99\xa8c\x11\xfb\xda<\xa7\x94\xe3\xa544\xf3\
\xf9D1\xbc\x80|\xd1\xc0\xb7j\xe5\x07\x09c ~\
! %\xfb\xa1i\x98g\x0b\xc0\xda\xf55\x8f\xac\xb2\
\xc6\x8a:\x14\x0a\xbbM\xbe\xf2\x87\xe7\xe4h\xe6Q\xbd\
fw/?\x19\xf5\xc0\xeb\xda\xcc\xe7\xfcy\xc3m\xfa\
o>\x8co\xc0\xb2\xc0Zr,%N\xf6m^$\
\x89\xdb~\x90\x9c\xa3\xa9H\xed\x98\x92b\xde\x10B\xea\
\xc1\xe8\x00K4\x80do\x06\x81W[k\xc5\x0d\xf7\
\xbf\x10\x8e\xc9\xc7\xab\xb6K\x8aV\x02\x14\xb7\xabv\xda\
\x97$\xc6\xfe(I\xf7\x84J\xac\xae\x97J\xdc\xc2\x86\
h\x83\x1d\xde\xe5\x1ai\xd3{\x80\xecK\xcd\x90w\xdf\
}G6l\xd8 '\xa1\x9ba;\x82<5\x0d~\
\xbb\x880\xb9\xa6[g\xe9\x89\x8a\xa4\xf6P(\x0d\xf4\
\xf3\x13\x8fft\xa2\xf1\x1c\xfd\xf1\x96\x11\xe6\xc9\xab\xc8\
\x81\xeb\x22\xc9\x8e-\x80\xd9\xe4\x85F\x98JH\xbc0\
v\x01\xf4\x02<li;U\xe4\xace\xbe\x97\x93e\
\xc3t\xec\xbe\xb4\x14\x8aH\xfb@\x86\xd0H\x1acR\
\xa6\xbfw3\xb9\xabw$\x1a\x07At\xc1\xca\x132\
\xe2\xfaz[\x82v\xba;\x82\x5c\x9c\xed5Sm\x8a\
\xa2E\xf4\xc6*S\x9aQ\xe6\x80K{\x83\xe5\xb5\xb3\
f\x9e\xb2\x91*\x16d\xa9\x16\xda)M6\x8e\xe8\x0c\
8q\x04\xf2\x89\x1dQ-@\xb6k\xa5VI\xa5\x06\
X\xca\x874\xca\x10\xf9\x1cN\xd4\xc7\x1b\xe2\x94\x84\xc2\
\xa5\xcdZ\xe4\xf0\xaeCe\xf0\xed/)\xe3_\x0d\xbf\
c1\x9b\x9d^s\xa4\x17\xceI\xcc\xd2\xcfe\xeb\x92\
\x8f\x01\xe9\x19r\x9c7r\x9cO\x03\x01\x18\x03=\xf7\
b\x0e\x83\xab\xc6\xfc\x13\x9d\x87\x1b\x16\xd7\xe8\x8e]\xdb\
\xe4\xdf\x10\x06Z\xb7q\xb5\xfe\x9b\xd1[\xc7v\x11\xf2\
\xebG\xef\x91n\x1d\xa3,a '\x81#\x87A\xf9\
\x89\x06^\xee\xaf\xad*\xe8\xec\xf0\x00J|#6q\
4J9\x9c|D\xfe0\xfd#Y\xb6y\x0b\x9e\x0b\
\xe4\xb9\xf1.?\xe8)<\xff\xc2\x0br\xdb\x94;\xc4\
\x1dN\xa7\xc3\xe2\x96{\xcc\x97\xbe\xd1\xd9I\xe1\xc6M\
'\xfd<\xd4\xd5H\x14\xa43p\xe6\xf4Y\xd9\x17\x9f\
 o\xbc\xf5\x17D\xe1+Q\x92Hm\x07\x83j\xf1\
pF\x91l\x87\xdc<\xbf \x1b#\xbao\x02H\xbf\
Y\xb3\xe6(\xd1\xf2\x03$\x1b*AA\xa1\xe8X\x08\
9p_\x7fi\xe1\xe5\x0dg\xa0\x09\xca\xf6\xc0b\xc7\
&\xac\xe7\xb5\x9e\x15s\x0a\xf3\x10\x9dCp\xb0i\xcb\
zy\xe9\xd5_\xc1\xf9H\xd7\xefl\xd4\xac\x85\x0c\xbc\
\xe5\x97\x12\xdd\x7f\x92\xd1\xd3\xb77\x8d*\xccE\xcd\xfd\
\xa8\x99\x07B\xfe\xe6\x1e\xc1)\xca?\x89r\xc15\xa8\
\x14\x98#\x87\x93v\xe0\xdf\xa7\xd5i\xe2;\xf9\xe3\x09\
\x82\x1d5h\xf8\xc3\xbf_m\x14\x95\xce\xe5\x9c\xcd{\
$\xe6\xc0a\x87\x10\x9d\x99_\xb3\xeey\x0f}\x10\xa8\
\xdaH\xb9\x11\xcb\xab\x88\x07`\xde\xdb\x02\xe9\xa1\xae#\
&Hx\xb7^\xfa\xf1\xcd\x9b6\xc9\x07\x1f| \xcb\
\x96\xfd \xc7\x8f\xa3\x05\xb3\x06\x9dE\xa1=\xf9\x01>\
>PV\x04Qpp\xffke\xc8\xb5\xbd%$,\
\x14\x0e@\x05I\x80\x9a/\xc3F\xcfz\xefE\xdb\xe3\
\xe5\x00\x14\xdf\xe8\xe8\xb0\xc7u_D\xae$\x00R\xad\
\xaf\xba\x0e\xdb\x09 }\xef\x22\x0c\xf8\x7f\xbe]#\xa9\
\xe8\xc4\xa7b;\xd6\xc3\x13\xed\xe7!O\x0e\xee*!\
\x88\xa6\x15\xee\xc0\xf8\x8e\x03r\x7fo\xdd^\xadk'\
\x89\xd0z\x8e5]1(*Ly\x01\xca\xa9\xb1\x1e\
\xa8\x8a\xdc\x92\xb2\xae\xb5$@Ib\x12\xbdS\xc2\x90\
KA\xa2\xdc\x85V\xb9DQ\x0c\x9b\xd8\xc8\x80r|\
\xec\x925\x11\xb5\xc4\x03\x22\xfc\xc5\x03u\xb0\xf5\xe0\xd0\
\xa8\x94\xa4\x09\xc1\xcb\xfa\xda*\xbc~\xe9&\xcf\xfb\x9e\
\x0bb\xcbK\xf3\xd7\x83\x10\x98i`l\x8c\xa1\x16\x22\
\x9c\xeb\xee~U\x22z\x8c@\xbbQJ\xdeZ\xcb\x1d\
\x7fQ\xe3\x8f\x7f^\xc0F\xb5u\xf1\x87\x12\xf3\xc3\xe7\
P\xfc:\xa2o\xf0G\xd4c\xca\x00GWa\x9c5\
\xf7\xa3\xc72\x8f\xa07\xc0\x0c\xf9d\xc6\xfb\xc2\xeep\
\x8a\x024s\x97\x9bF\x0f\x95\xa7\xee\xbdM\xcb$\xed\
mA\xfb\xa0W\x0c\x84s\xc9\x85;\xdf\xe5\xcbE\xed\
N{W\xf9\xbeS\x03\x1a\xc7\x22pl|\xfc\xb0\x1a\
O\x13>[\xe7\xb2\x8d\xa9q\x9a\x1a\x9c\xab-s\x16\
\xfe o\x7f=K\x92\xd2\xd3\xf5\xfd$MN\x9a4\
N\x9e}\xf6yD\xff]\x9d&\xaaj\xeb\xbf\xd4\xeb\
ub\xd1\x17\x22\x87\xfb\xf8\xe3O\xc8\xc7\x1f\x7f\xa4\x90\
\xbf\xa6\x06\xb8\xf7\xe1\xb9\xe5Om\xe4\xe0\x8d\x80\x1a\xa2\
|\xb0\x16\xeb\xc1\xe8\xd7\x87\xe0\x95{\xb3f\x12\x1c\xd4\
Z:w\xec&]\x01\xe9\x87\xb5n\x83\xfb\xee\xa9\xd7\
\xc1\xf30\xa5a7.2iJ\xeb:L\xa8k\x0c\
\x9d\xf5+\xee\x07l0\xf5\xd2\xef\x7f%)\x07\x0f\xe8\
{\xc9\xad\xe9<d\x8a\x5c{\xd3SH[P\xc2\xbd\
j\xf3P\xbe\x9bz\xf5\xdfU\xdcA3\xd9\x1b\xae\x1d\
]\x13u\xea\xa1\x97\xc0N\xd9\xba\xe8CIF\xcb\xe1\
\xfc\x5c\x96\x0b\xa2\xb2\xc3Zc$w\xb3\x05/m\x91\
\x97\x12\xab\x9d\xe6\xb9\x9a/\xa5\x0el#\xc5\xeb~\x80\
v\x8dJ\x02\xabIQ\xc6\x87qT\xf0w\x12\xa7)\
M\xdf\x1b\x15i\xee\xacF\xb3o\xb8\xde\xca\xb27\x02\
\x22\x0bn\x08\xb8\x1a\x85FI\xdb\xce\xdde\xe8\xd0!\
\x08\xc6jKZj\x9a\xbc\xff\xfe{2s\xe6L9\
v\x14)ot*=\x83u\xcc\xf5f\xaf5{^\
\x83\x02\xfdd\xea\x94\xc9\x95s\x00hT\x19\xf9/\x01\
\x02p\x18\xa5\x80<9\x15\x8e\x06F\x87J\x07\xe4b\
\xc8\xd0\xacn\x98\xfa< \xbaf\xb8\xb9\x89\x99\xc7e\
\xd6\xaa\x1dr\x04\x11\xb5\x83\xc4\x83i\xec\x0e\x01\x0e\x22\
\x01ma\xe0i89\xb7[\xd12\xf3\xb3\x8d\xfbT\
V\xb3\x90\xdd\x0fq\xd0\xa0v\x08n)\xd7\xb6\x0d\xd6\
F\x14\xd5\xad\x0f`\xd6\x9f\x81\xf2\xb9\x91\x14b\x91\xec\
@\x13\xa3\x18T\x08P0\x88\xb5\xc0\xaau\xa0\x06\x14\
\xd2\xca\xf0\x10\xc9\x0d\x18\xd2.P\xda\xfbyj\x1d>\
\x1bO\xd8~@5\xaf\xe7\xa2\xd3[N\xc7\xd2\xd8\x14\
\xf9\xd7\xaa\xddZ\xd9\x80[\xa0\xe3d^r\xd8=\x7f\
\xd2\x1ae\x1a\xb6bK\x18\x9f;Wx\x06\xf9\xff\xff\
 \x0d\xf0\xb5v\x02\xe3\x11\x16\x1a!O\xc3\x01\x18\xdc\
\x7f\x98>\x18?\xef\xc3\xa4w\xcc\xad\xb5\xee\x1d\xa2\x96\
u\x1bW\xca_\xdf\xfc\xb3\xc4\xc6\xee\xd5yb\xbdn\
\x17\xa8u\xbd\xfa\xcc\x83\x12\x11\x12T\x8eG\xfd*\xce\
\x0a\x8d\x8f\x1a$C\x8aUxP\xf3\xaf\xd6\xe6\xa9\xce\
\x9c\x15U\xa8!'\x11\xcb2Zz\xf14\x5c4\x8e\
p\x0aa\x1c\xddH:\xa2\xfa\xa1\xa5A\xaf*}4\
~\xe8\x0b\x7f\x11\xd0\xb5\xf2D\x1c\x07\x89\x7f\xb5\xd0,\
&K\xfe\xfc\xde\xc7\xb2x\xfd\x069\x95\x97\xa7\xe3\x08\
\x0c\x0a\x92\xdf\xff\xfewp\x02&\x01Fg\x8a\xc9\xf5\
z\x19\xb6Kb\xef\xbf\x94\xbfNLH\x90\x89\x13o\
\x90\xfdI$\xad\xc2\xc0#wK\xb2^}\xb4\xf0m\
\xd2\xb8\xa94Eu\x8b;\x02\x1dw\xa0u>\x08D\
\x02B\xdbHpx{\x09\x0ci#>\x88\xfa\x1bA\
\xf9\x92\xe3\xe7\xe6k\x97\xebq\x91\x94\xbe/\x16w\xb8\
mt\xe1\x22\x9c\x8e]\xbbc\xe47\x7fzA\xe2\xf6\
\xedQF7U\xfe\xc2:\x0f\x91\xd1\x0f\xben\xda\xf9\
\xfe\xd7\x1f\xc5\x1dFM\xe0\xe83VK\xd3\x89\xbbW\
\xcd\x96\x84m\xcb\xf0\xf7\x83\xd0| \xf1\xce\xac+\x22\
\xba\x11\xadZH\xcf0\x7f\xa4\x06<\x8cM\xe2\x0b\x0e\
\x7f\xa9\xaaH\xd6\xa5\x13O\xe3J\xe3\xbe#\xe5\xa8\xcc\
\xdd\xb4\xdb*?\xe7Xj\xa3{e=\xadf!Z\
\xcd\xfb\xcb\xbe\x00\xa3\xd0\xa4.\xc4\xdb\xa3\xfc(\x05\x86\
\xcc\x94q\x1a\xcaHc`\xcb2\x80T\x8d\x185Z\
^\xfc\xf5\x8bp:\xb1\x9f\xe0\xf5|\xf0\xb5\xb6\xc7l\
\x93o\xbf\xfdN6\x01\x158\x80\xf5KD \x0f%\
\xca\xb6}\xd4 \x1a\xcf2+W*\x85\x00\xf0\x83\x84\
\xaf\x7f\x04\x04O\xd2\x03\x0f\x1aO\xb6\x8ce\xad\xa3a\
\xd6W\xff\xcaT\xb8\x15\xf9eN\xf8J\x10!\xc8\x0d\
02\x92jc\xa1\xb8\xd7Jn\xbf\xa6\x9dD\x80\xed\
\xcf1S\xe7~i\x5c\xaa|\xb5%A%6\xd5\x93\
\xc2\x9b\xa9Y\xd0\xad\xb5\x1f\x16K\x00\x22mn2\xae\
\x1e\xbc5\xa0R\xa7\x84\x10\xb9\x809\x9c\xab\xbc\x80}\
\xe9\xc7T\x12\xd4\xe4\x8f\xcc\xf8\xf8io\x18\xfe\xee\xc1\
\xde2\x08\x8e@$\x9c\x1a\xf6\x16\xb07\x13\xd7/e\
\xdb\x96\x19\xa4A\xb7w\xee\xf9H\x15\x9d\xc4\x22fY\
\xe0j\xb4].T\x89c\x13\xe9w\x1b~\xa7\xf4\x18\
}\xafB\x94\x06\xd2\xb7\xe4KpqgP\x1e\xb8q\
\xfe\xbb\xb2\x1b\xb0]\x01\xc4=x\xb4\x8f\xea\x842\xc0\
\xe7\xa5O\xaf\xfe*\xa0\xf1s>h\xd8\xeb\xb1\xa4\xd4\
\xd2^\xaf\x83\xd2\xd4F\xee`\x83\x1fM\x93\xb7\xdfy\
S\xa6O\x9b\xeeX\x97\x01\xd0\xb1\x7f\xe0\xb6\x1bd\xd2\
(x\xedN\x15(WZ!U\x9b\x9b\xd2\x22\x0ac\
\x88h@\xdc\xe0\xb0\xd5F\x8e\xbd\x16~\xea\xa0\xe6\x9c\
\x06\x86]\xe3X~V\xbb6\xd6\x98\xb2\xaa\xad\xfb\x89\
g\x8dF\xe9\xa2J\xee2\x17n;\xd1x\x9d\xd7\xc2\
s\xe1\xc7\x0d\xcf\x1a;\xd2i\x0e\xd6z\x96(M\xcb\
\x1a\xfa\xb3g\xf2\xa4 'K\x0aN\x1e\x87b\x1f\xe4\
\xc3ux\x17\xa4\x99[C\xf9|\xcew\xf2\xd6W\xb3\
\xe4\xc0a\xc3\x9b D~\xcb\xe4\xc9\xf2\xcbg\x9e\x01\
\x090\xd2\xb0\x06\x5c\xfal^\xfa\xe4(\xfb\x1c\xdf\x94\
\x99\x99)\xbf\xfb\xed\xefd#\xf2\xaa\x8d\x1a7F$\
\xdfZ\xfc\x03\xfc\xc5\xdf?@|a\xe0\x9b5j.\
\x8dP\xe5R\x17sX\xafn\x03\xa9\xd7\xb8\x19\xe6\xd0\
4?\xb3\xd1\x02\xb57\x15\x18/\xdfK\xa66\xa7\xed\
\xdc9S\x8a\xcb\xb2\xc3W_{Y6m]oJ\
\xba\xf0\x9d\xadZw\x94\x89OMC\x89m3%\xc8\
\xfdO\x1e\x96\xa3}\x16]\x06\xf7\xefX\xa9\x8e@z\
\xc2vm6d\xef\x9b\x0c\xee\xfc\xc1G\xe3\xbe\xde\x0e\
v\x89ex\xba\xe0\x1c\xdb\xbb\xeb\xf6y;\xb2\xa6\xed\
c\xc3\x9e\x8f@\x04d\x9a\x9c\xb7\x9f=\x0d\x22\xd0\x05\
2\x1d\x0a\xb5'\xb0\xcfS\x14\x8a\xd5\x0a\xbd\xc2\x83\xa4\
/\x9a\xc4\x91\x8fVV\x16\x80w9\x1f}V\xf6\x01\
}ew\xc0C\x08\x16k\xc3!\x1d\x8c\xe8\xff\x0f\xaf\
\xfeA:\x81\x1bcW\x98p,y\xb9yr`\xff\
~\xd9\xb6y\x83\xfc\xb8|\xa9l\x84\xa4vz\xc6\x11\
\xa0\x91\x14u+Z3\x95r\x00\x98\x02X\x14\x13\x8f\
\x92\xb64\xad\xcf\xe7\x11\xea\xed\xa9\x0a\x80\xf4h4\x15\
\xec\xba\xb9\xbdd}\xebck\xc1u\x0a3\xe3\x17,\
\x0f\x5c\x8d\x92D\xe6\xd3\xed\x1c?\xe1\x98\xa1\x91\xfer\
G/tb\x02\x9c\xceq\x93\x04\xc8Nw\x0bv\xed\
G\xb3\x0d8\x0c\xd6B\xf2\x04\xc4>\x00\xfa\x00\x14\xb9\
\xa1\xf7X\x91\x07\xb7*\x0f =Z\x85\xb5\xf0\xc3\x92\
;\x96V\xb2R\x80,R\xc2\xec\xce\xd5\x14\x84\xb2\xd8\
M\x90m\x91M{\xe1\xc6\xaawP]d\x17\xdbS\
t\xdecX\xa3\xbd\x1d\x15\x15/-\xd8\x00G\xc5(\
\xff\xd1H4\x039i\xf0\x94_K`T/\xa9\x03\
(\xd4\xb1\xa2\xb1\x89\x15\x9c\xca\x91\xf5\xf3\xde\x96X\x94\
\x02\x16\xe4\xe6\xe8t\xf5\xeey-\xba\x01>+\x9d;\
uSX\xf4j\xcdwU\xeeU\xc9\xcf\xd25\x22\x92\
\xdf\xdc\x13\xd0\xafW\x135|\x5c\x9b&\x0av\xd3^\
\xf0s\xe7\xcd\x93\xa7\x9ex\x12e\x5c\x86\xd0\xe6\x8e\xbc\
\xe4Hhw?s\xdf\x14t\xf0b\xa9d\xf5<(\
\xe6\xb4\xe6A\xd7\xa8\x89\x06\x9f\x06\x1a\x86\xbd\x0e\x05f\
 \xd1L\x99f2\x89\x99\xbaa\xb4\xee\x1cQ\x9aQ\
\x99\xcf\xeb\x18\x9d6\x0d\xfb\xde\x16\xe9\xcf\xd9\xa0\xbfq\
\x08\xae\xc4FW\xddq8\xb7y\xd0|\xcfJKB\
\xd4V \xf5a\xd4\xb2S\xb3\xe4\x91\xd7\xde\x90\xb5;\
w\xaa\xf0\x17\xd74\xcb\xfd\x9e\x7f\xfey\x197n\xac\
4u\xe9\x5c\x95b\xf8\xf59\xd4\x8dE\xc7\xcf\xeb\xa7\
\xb0S\xf6\x89\x13R\x17\x8eH\x13\xce\x136\x5cn\xba\
\xfa\xbc\xe1\xbd\xe7 ?\x5c\x00\x85O\x96\x14\xe6\xe7\x9e\
\xc1\xb50M`\xe5\xf3\xcdD8\xe6\xefJs\xe2<\
\xcfu\xeb\x9c\x07\x9f\x0a\x02bg\x0c\x8a\x9a\x9e\x9e&\
\xffx\xe7/2\x1f\xdd&\xb9\xa6xJ\x0f\xdfPu\
\x00\xd8\xfc\x07;\x84u\x9f\xaag\x1d\xb9\xf2y\xa9\xc8\
\xb9\xec\xc0\xa2\xf8g\xec\xfbVt\xff40\xc1\xa4d\
\x1c\xd8-\x9bQe\x94\x82\x94\xc0\xd93$*\x9b\xb5\
\xc8Ya\xc92\x9b\xd3\xb1M\xbd\x96X[hWE\
\xc6s\xa5\xf7:\x8f\x95Xs.D\xac\xa6\xfd\xb0\x19\
\xe5\xf1h\x90g9\x00\xd7\x0f\xeb)\x07AZ\xdf\x83\
\xca\xb9<\x94\x813\xbe\xa3\x90\xda\x18\x08\xaa\xb1\xe3a\
\x1d \xbd\xc5*VJ|!\xd3\x09\xbb\xd3\x8e\xc8\x1a\
4\xc8\xe3y\xe9\x0c\x06\x05\x07\xcbC\x0f>(\x8f?\
\xf1\xb8\xaeK\xfb\xe0|P\x992\xeb\xd81I\xd8\xb3\
C<\x9a\xd4C\xc3\xaa|\x991s\x81|\xb7t\xb9\
\x12J\xcf\xc0\xf9\xa6\x13\xef\xf6\xa7[\x87\xe3\xfd\xe5\xf7\
\x22\xf5\xc1\xc0`\xe6m\xda\xab-o\xcf\xe1\xb3\x1c:\
\xeb\x1bi@\x09m\xfc\x14\x07\xafa)\xda\x12S\x18\
\xc1\xe4\xf8\xad\xbe\x010\xe6l\xc5I\x8d\x00_\x1aL\
\xfc\x9b|\x80OAf[\x16\x97\xa6\x11\xad}\xfd~\
hv3 *D\x22\xe1-\xd6q*\xd1\xa8\xae\x08\
\xdb\xf9\x86\xd9\x8b\x88\x9b\x0b\xa5\x1e7\xa0\xbcr?\x9a\
\x81\xb0\x09\x84\xd6\x11[\xd7\xc3\x8d\x87\xe5#Qh4\
2\x02\x8e@W\x90\x05\xd9&\x99Q(\xf7VG\xfe\
\xb5h9\x14\xa5\x95\x5cdl\xa80\xf5\xd6\x8a\x1dp\
\xa2\x0e\xe8Z\xe0\xc1q\xb7\xeb=FzM|L\x99\
\xca\x8e\x1e\x07x\x10Oc\xb3_7\xe7-\x94\xf2,\
\x81\x87~J7\xc6a\x83G\xc8\xa3\x0f<#m\xdb\
Di\xa9\x5cu\x19\xc2\xaa\xaeE\x07\xb2\xeft\x22\x13\
\xa9!\x97W\xef\xa2\xb8{\x00\x06\xa6\x14u\xbd\x12\xad\
\xaf\xf5\x91\xba(\xbbw\xef\x06\x84\xfd\xaa\xcc\x9d3W\
\x1f8\xd6\xe9\x92\x0c\xf8\xdcCwIW\xa4\x03\x9c\xb7\
4\xe7\xb1^\xb2\x01\x96 \x09\xea\x9a\xb5\xd1\x19\xdeu\
E\x83M\x84\xa8\x118#xD\xf24\xeeu\x90\x9f\
\xe6\x0f\x9b2\xd5a\x84\xcf\xcd\xc2\x82\x8f\x95Z\xa5V\
\xab\xb8rGu\xdd\x0f\xf3\xacq\xa1\xd6\x92S\x99\x87\
%\xe7p\xb2\xb8A\x06\xf7\x1f\xef\x7f!\x9f|\xb7X\
2Qr\xc7\xeff\xf4\x7f\xf3-7\xcb\x93O>%\
\xd1\xd1\xd1*\xfcs\xb5\x0f\xcd\xf93\x0d\x82?\xce\xf0\
\xa9=\x0e\x1b\x9d\xe3\xf5\x10\xda%y0\xffT\x01\x9c\
\x5c\xd3\x8f@\x91\x00\xec\xf4\x86\x0bs\xe5=\xd6\xba\x9d\
\xd6=4x\x10\x9f\xe5\xac\xec,\xf9\xe8\xb3i\xf2\x9f\
\x0f\xde\xd6g\x8cgq\x87\xee\xff\xa8\xfb^\x17\xff\xb6\
\xdd\xac}\xa1\xe6v\xcb\xbcZ\xf7\x8ci\xa7\x9cci\
\x12\xb3\xecs\x89\x87\xe8\xd8\xe9\xec\x0c NF\x9e\x99\
G\x13\xa4nX\xf1E^\x80g\x13\x8a\x06a\xbf\xe4\
\xb2\xb7\xb5\xa1\xab0\xd0b|\x12+0\xfd\xf8\xc7m\
\x92\x84\xfd\xfb<P3\xae\xa1\xc9\x13\x07@\x03\xa4\x99\
\xcc\x9a\xbfF\x0e\xa1G\x0c+F\xf89\x96/\x0e\xa2\
\xddd\x835K\xd1\xb1\xf8\xf9 #M$\x08d\xf1\
\x15\xe0\x16\xa4\x1d\xcfQ\x84\xd5\xcb\xcb\x0b\xe8\xd8-\xf2\
\xec\xaf\x9e\x95V`\xf5+\xdej\xa1\xb1\x05p\x5cc\
bv\xc8\xeb\xaf\xffU\x96-Y*\xa3\xaf\xbb^^\
~\xf6\x0f8\x7f}E\x94\x16/[ \xab\xd7\xafT\
\x15\xcb\x0a#\x00\xdc\xf8\x98\xf7\xff\x06\xf2\xaf\xc9(u\
\xe0\x97\x12\xce\xa0\xc4n\x9f\xb6\x81\x0agT\xd7\xe6Q\
\xd6=:\x83\xf2\x9d\x1f\xa1\x91\xbc\x95\xeaH\x80K\xb4\
)\x06>D\x839\xba}\x88\xdc\xd0%\x5c\xfc\x80\x04\
p/a\x7f\xed\xcf\x80\x04lF\xfe]\x8d\x98\xf5|\
\x92\x14\xc8\xa6AT\x97R>\x80#qd?\xc0\xd5\
\xeb\x0e(\x1a\x80\x85\xc0>\xe0\x89 7\x12\x11H\x81\
^8\x1b\x87\x184\xc0\x98$\x0a\xecP+\xa0\x03\x9a\
\x22\x0dh\xe3/]P-@t\xc0\xd4\xcdZ\xef\xd1\
m\xc4|\xc2\xd9~T\xed\x0a\xb8)\xa2\x0b\x1a\xa4M\
_\x9a\xbfAb\xd1\xfd\xcf\xb4\xfbe/r\x0f\x19p\
\xf3/\xa5M\xcf\x9106\x90\xbb\xd4}\xec\x82d\xa3\
dg\xed\xec7\xe5\xc0\x8e\x15PbCn\x17\xbf\x9e\
0r\xac<t\xdfS\x12\x8c\xdci\x8dO\x018&\
\xcc\xfc\x85\xceV\xe3&\xb5a\xf8\xebC\xf9\x10\xba\xdb\
 %\x95z\xe0~\x9d@\x04\xf9\xd9g\x9f\xc9+\xaf\
\xbc\x229'r\xf4\xa1\xf7\xf5\xf6\x92\xa97\x8f\x97{\
'\x8f\xd7\x92\xb3\x22E7\x9e\xffRCa\x05\xa6\xe6\
+\xd4v\x9a\xfcz-F\xa30\xf4\xfc\xa9\x03\x07\x84\
\x06\xbe.\x1a\xc2\xd0\x19\xa9\x851\xd5\xc6\xba70|\
\x91\xf1t\x9d>gYO\xe3\xe5_\xb7|#M}\
\xe5fe\xc8\xdaEK\xe5\xd9\xbf\xbe!{\x92\xf6;\
\x10\xaf\xf0\xf0py\xf97\xbf\x91\xb1c\xc7J\x13\x08\
)\x15\x1d\xd5\x97,\xa9\xca\x15Y\x892\xbd\xbfT\x1e\
,\x84\xfc\xef\x19\xbb\xbc\x10\xa8$\x7f\xc7\xd2B\x83\x0f\
\xd8\xb7\xd2\xbe\x1b%\xdc@\xdbG\xc2\xcd\xceGm\xf7\
\xbc\x853\xe5w\x7fyI?\xc4g\xbbI3\xa4\x02\
o}A\xda\xf5\x1a\xe5\x98\xaf\xaa=\xd3\x95\xbf\xf2\x9a\
\xf2Ic4kI\xfe\xc9,\x88\x06}\xab\xe9\xc6\xcc\
T\xb6f6]jy0\xe2n\xe7\xd7Bm\x15S\
\x03\xd5a\xa74u\x85\xe7\x92m\x81\xb7C\xfe\x9d\xad\
\x9d\xe9\x5c\x8f\x1a\x82\x0e\x96\xf7\x8f\x97\xb7\xa7\xcf\x93\x15\
\xabw*\x9c\xcf\xf7\x920\xdf\x1f\xf6\x86\xce\x89-\xad\
\xee\x180\x1d\x14\xfc#%3[~\xdc\x9b\xac\xcd\xe5\
h\x02\xe8\x1c\xf7\xe9\xdbG\x9e{\xee9\x194h\x90\
A\xef\x1c\xc6\xbf@6n\xdc\x08\xe3\xff\xba,[\xba\
T+R\x86\x0e\x1c)\xcf?\xf9;%\xaa2\x00\xe1\
~\x9b\x9e~\x10%\xa6\xab\xcb\xe7\x00\xd8\x1e\x89m\x9c\
vB\x84g\x19 \xf4\xa3T\x00\xc4\x10I\xb0 \xfc\
Oi\xd8\x86\x9ag\xf9i\x0e\x8e\x8f\x86\x7f\xc9\x8eD\
\xd5Jf\xb9\x9a\xee\x99|CT;$\x00\x00\x06\xab\
IDATh0\xaeq\x9dB\x15\x0d`>\x9d3\
\xb9\x1e\xc26\x9fnDm)<5\xbb\x89\x0d\xb9\x02\
\xecAmH\x81@3~\x12d\x8dw\x9e\x9b\xf6\x05\
\x5c\xcfY\xd9\x89*\x01\xea-\xb0\xc5.\xbb\x88\xd9^\
\xad\x89D\x05\x8e\x00D\x1f\x02P6\x08D\x80e\x83\
\xac\xc80\xa9\xae\x22Fq\xc9;r\xc5&he\xdc\
>~?\x91\x94\x05h\xb9<}\xdd\x1eUY\xbc`\
I\xa6\xfa\x04\xb5\x93\xe1S\xff\x84F%\xed\xf4\x81\xe4\
{3\xd1\x00h\xed\xac7 \xed\xb9N\x09\x81\xb5\xf0\
\xbb\xdb&\xde,S\x7f\xf1\x98\xb4\x0a\x08u\xb0T5\
\x0a\xad\xa1;\x99\x81\xc1Q\x93^\x0f\xe9\x0e\xef\x86\xd2\
\xb49\x0c-\xf2\xe6\x97l\x22Nb3t@\xcf\x02\
\x0e\x5c\xb3z\x8d\xbc\xf4\x1b\xe4q7l\xd4\xa8\xb0!\
\x1e\xfa\x01\xbd\xba\xc9\xeb/<\x01r\x10u\xc1\x8da\
\xa8\x85\x9c\xbb\x89\xd6\x19\xa5\xc3\xa9\xd0\x88\x0fwQ;\
\x81\x99\x0a\x91zx\xad\x0e\x9c\xabz0\xf6\xcc\xd7\x13\
\xd67\x84=s\xd3\xe8\x9c\xd9\x06\xd6E\x80O\xb5=\
\xcc\x5c\xcbY\xd99\x9ak\xffb\xd6l\xfc\x1d\x01\x05\
\xfe\xd0iy\xf0\xa1\x87\x14\xda\x0c\x0d\x0du<\xc3\xd5\
6\x10W\x9dX'\xde\xba\x11\xeaq\x1b\xf5A\xa2\x03\
\x85h\xe9\x9b\x0f)b\x95#\x86\xf0\xd0E\x0a\x0fY\
w\xde\xad\x96Y\xf4%\x91X\xae-\xa6\x91V\xae\xfa\
A\x9e~\xe1a\xed\x8f\xc0{\xdd\xb0\x89\xa7\xf4\x1a{\
\xbft\xb9\xeeN8\xf6Xe\xea\xe0\xd5D\xc7\xc8U\
\x13[\xf6y\x1c\x88\x196\x90\xf3\xd8c\xc8\x0b\xd8\x82\
\xca\xa3\x8c\x03\xbb,\xc5Fs?Xv\x17\x8a45\
\xcb\xd5\xd9P\xc8\xd1G\xa1\xec\xaf\xb8\xec;\x9c#v\
\xdb\x01X\x8e\xea.V\x030p\xe3w\xf4\xe8\x1c!\
\xaf\xff\xe5Q\xc9\x00y\xef\x95?\x7f,\xb1H\xf3\xda\
N\x0b\x15i\xd9A7\x08BzZ\xe5e\xddJ\xfe\
'\x13\xea\xaa\xec\x81C\x928\x9f\x17\xbe\xe8\xe7\xdfJ\
\xee\xbb\xef>T\xa9<\x0e\xe7\x98\xad\xd9\xcd\x9a#\xd9\
t\xd7\xae]\x8a\x0a\xacZ\xb5J\xc9\xe4\xc1\x81!\xf2\
\xf8C\xcfI\xff>C\xf8d\xa9\xfb\xc9\xb3\xd4\x02\x9f\
K\xf7\x96WQ\x06X^p\xcd\x8eDH\xb8c\x9e\
\xda\xc8\x1d\xd2\x005\x90\xeb:F(\x9b\xfe\xaa\xd5\xd3\
[\x86\xdd\xf9\xa1\xb1\xd1\x9c\x1c\xe4\xe5f\x83\x85\x99\x8c\
\xc8Y{\x00X\xf0y3\xc0@l\x1cD\xed}\x1a\
M\xee\xd5\xf3`\xc4fmM\x90Cpfl\xf6=\
\xc9\x22$\x8e\xf4A\xeb[\xe3\x95\x15Ee\xd5m\x9f\
\x14v\xd4\xda`+\x17\x89\x9bK\x8d\x056^Z\x87\
\xb4\x00\xbd@\xca\x0a\x93HbwF\xe4\x821\xf7\xa1\
\xbe\xf4\x05\xf1\x91hG\x04\xf4\xc8\xeb[\xd5\x02.\xf5\
b\xac\x09`\x8e\x8d\xe9\x93\xbf/C\xc3\xa5\x03\x19Z\
\xf2b?\x84\x9d\x07O\x96\x9ec\x1e\x90\xa6\x9e\xbe\x0a\
S\x1fN\x8cQ\x07 -~\x8b*xQ\xa9k\xea\
\x9d\x0f\xc8\xed\x93\xa7B\x10\xa8E\x0d\xad\x02(~\xa7\
ym\x0d\x1b\xd7\x13O\x9f&\xd2\xb0)\x0c\xaf\x12]\
\xb8\xa98=\xad\xa5l\x11$\xcd%&&\xca?\xfe\
\xf1\x86|\xf8\xc1G\xba\x89\xf3\x08\xf4k)/?6\
U\x86\x0f\xec#\x17\xa0~\xd7\x18:\xef\x8d<[J\
=\x08wP_\xe1\x8a\xd1\x89Z\x0e\x93\xfb-\xb6\xfe\
\x1d\x16\xbff\x1b\x03\xe3\xa0p#\xaa\x0d\x91\x9d\xef\xe5\
\xf9\x97^\x91\xd8\xbdqxVY\xd6\x06\x82ht{\
y\xf3\xcd7e\xc0\x80\x01\xa6&\xb6\xa6\x1d\xe5\xdc\x04\
\xect\x9cE\x875\x9b46e:\x00\x05\xe0\x0c\xd0\
\x19(\xa0\x1c1u\xe3\xe9\xe4q\x9f)\xdaj\xf4\xfd\
\xbc\xbf,\x05|\xe2\xd9\xfb\x1d\xf5\xdd\xf5\x1b\xb9K\x97\
\xa1\xb7K\xef\xf1\x8f\xa8A \x22Ta-\x97\x9a6\
\xa7U\x1c\x8f\xe5B9\xe6\x8f)\x01v\x14\xdc\xb4p\
\x9a\xa4\xc6\xaeW\xc2\xa9\xcd\x0b\xe0\x1a\xf3\x85\x10N?\
\x94\xadG#\xff\xce*1W\xad3\xee\xc3\xac\x04`\
{\xf4\x05P\xac=\x8d\x80\x94\xdc\x8d\x88P?\xf9\xdb\
\x9f\x1e\x94~=\xa2\xe4\xf7\xaf\xa3<\xf8\xaber\x0c\
=tx\xbfYF\xda\x17\x01g\x1f(\xabR\x94\xce\
\xd6\x84 \x07\x8c\x08\xb06\xc1\x83\xee\x0d\x1fo6\x87\
\x1a;n\x1c\xd2\x8a\xbf\x976m\x22\x0c\xc2\x8b\x17\xd8\
,\x8a\xb0\xff\xcb/\xbf,\xdf/^l\x82^\x08O\
M\x1c3\x19\xc8\xc3/\x81\x10\xa2:\xcb\xde\xab\x1cQ\
-\x5c\x80\xf2\xe9\x00X9)*\x1d\xe1\x8b\x16l\x8f\
\xd3\xdau\x96\xd2q\x81\xd2s\x19\x8e\xe60\xad!a\
[b\xfdV\xf1\xb6V\xe2\xe3j@\xddP\xa6V \
\xdfmO\x90x\xb0\xea\xcfXj\x81\x9c@/\xa4(\
&\xf7h+C\xe1\x04x\xc0\x09(\x80w>{{\
\xa2\xcc\xdd\x0eR\xa0S\xa7Av\x0b\xa4R`\x0f\x94\
\x91\xb0\xa3\xdb\xd5\xbc0\xdd\xc7\xe9\xb7X{\x9f\xc9E\
\xba\xc1\xc8\x9eWG%\x0e\xed\x91\xf7\xa1\x0c3\x8b\x8c\
R\x963REM\xcd\x81\xc9M\xb7\x04\xe9\x85\xa5\x83\
\xac\x82 W\xc0\x03\xd7\xcc}\x94(\x07\x17hQd\
X\xb5\xcd\x95\x8bl\xc3\xfe\xc3\xf2\xfa\xb2m:w&\
E\xc1\x08\xa5\xb9\xf4\x9b\xf4\x94D\xf4\x1c\xa1u\xcb\xa9\
 \xe6\xacA\x0a\xe0\xc8\xfe\x9dj\xecYF\xf5\xc8\xfd\
O\xc9\xa4\x09\x93\xa5Q#\xf4\x12PC\xa6\xdb]\xb5\
\xc0r\x15[E%\x0c?nB\x9d\xba\xb5\xa4\x89G\
\x03i\xd6\x02\xe2-\x0d,&\xb1}R{\xc1;\xa6\
\xb2\xc8q\xb3\xa3\xba\xec\xac,\x99=k\x96\xfc\x16\x91\
\xee\x91#\xe8l\x87\x8b\xa5:\xdc\xb0~\xbd\xe4\xcd?\
\xfdF|\x82\x22\xa4AS\x08\xdc\xe8vn\xe6\xa1d\
4X\xf2\x1a\xd4\xb8\x18P\xa2\x14\x90\xear\x0e@9\
-W\xc5&\xac\xc2\xef\xe6\xbd\xe6\xda\xce\xc1\xa6\xf6\xf8\
\x93O\xca7\xf3\x17\xaa\x82\x19\xd7\x13\x85~\x9e\x03\xf1\
\xef\xae\xbb\xee\x12o\x1f\xef\x1a\xb0\x1eJ\xbb\xbc\xe2\xf3\
X\xf4/\xcb\x13\xbf\xe4\xb1\xb2n\x94\xe3T\x86\x9f\xc4\
y\xa0\xda [\x16k\xb3\x224\x0a;\x83\x9f\xb3p\
\x08\xec\x16\xc6\xbc\xb9\xfb\xe2\xf7\x02\x01xD\xf6\x1f@\
I\x22\x9e\xf5\xba\xf5\x1bK\xc7\xfe\x13d\xc0-\xcf\x19\
.\x07x\x1f\xc6\xc9\xf8\xdf>\x8a\xe7\xce\xcd\x83y\xf4\
`,\xf4Gf@=p\x19*\x90N\x18\xc7\x13?\
L\xef\xb2\xa4\xba\x1b\xda\xf3v\x81qn\x0a[P5\
\xf1:\xcb\x05\xc1\x7f\xc8\x91J>\x96%\xb3\x90\x06 \
\x99[\xed\x0eR\x0e\x7f\xfb\xed}2vD/\xd9\x85\
\xf6\xf0\xaf\xfc\xf9SY\x07\x1e]\x81\xa6\x02@T\x04\
\x09\xfd:\xf4\x08\x88\x06\x97\xce\xa4\x9eM\xaa\x9d\xcd\xef\
\xec\xf6\xc2\x0c\x0c\xbbu\xef\x0eQ\xac\xe755f_\
/\xf5\x22\x92\x12\x93\xe4o\x7f\xfb\x9b\xbc7}\xbaI\
\xcb#\x0d\xd1>\xb2\xb3\xbc\xfa\xca\x1b\x12\xe4\x1f\xa2\x01\
\xa3qH\xed\xfd\x89\xb3SK\xfe\x0f\xe1\x02\x05\xb64\
\xa7\xd2D\x00\x00\x00\x00IEND\xaeB`\x82\
"

qt_resource_name = b"\
\x00\x04\
\x00\x06\xfa^\
\x00i\
\x00c\x00o\x00n\
\x00\x08\
\x0aaZ\xa7\
\x00i\
\x00c\x00o\x00n\x00.\x00p\x00n\x00g\
"

qt_resource_struct = b"\
\x00\x00\x00\x00\x00\x02\x00\x00\x00\x01\x00\x00\x00\x01\
\x00\x00\x00\x00\x00\x00\x00\x00\
\x00\x00\x00\x00\x00\x02\x00\x00\x00\x01\x00\x00\x00\x02\
\x00\x00\x00\x00\x00\x00\x00\x00\
\x00\x00\x00\x0e\x00\x00\x00\x00\x00\x01\x00\x00\x00\x00\
\x00\x00\x01\x9a\x1a\xfe\xae\xe4\
"

def qInitResources():
    QtCore.qRegisterResourceData(0x03, qt_resource_struct, qt_resource_name, qt_resource_data)

def qCleanupResources():
    QtCore.qUnregisterResourceData(0x03, qt_resource_struct, qt_resource_name, qt_resource_data)

qInitResources()
